 Descriptor,Time,Date,Day of Week,Police Report,Lighting Conditions,Municipality,Collision Type Descriptor,County Name,Road Descriptor,Weather Conditions,Traffic Control Device,Road Surface Conditions,Pedestrian Bicyclist Action,Event Descriptor,Number of Vehicles Involved
 Damage Accident,13:40,06/01/2014,Sunday,N,Unknown,KINGS,OVERTAKING,KINGS,Unknown,Unknown,Unknown,Unknown,Not Applicable,"Other Motor Vehicle, Collision With",2
 Accident,14:56,02/14/2014,Friday,Y,Daylight,BRONX,OTHER,BRONX,Straight and Level,Clear,Traffic Signal,Slush,Unknown,"Pedestrian, Collision With",1
 Damage Accident,16:01,10/24/2014,Friday,Y,Daylight,BRISTOL,OTHER,ONTARIO,Straight and Level,Clear,None,Dry,Not Applicable,Deer,1
 Accident,0:20,12/06/2014,Saturday,Y,Dark-Road Lighted,BUFFALO,REAR END,ERIE,Straight and Level,Rain,None,Wet,Not Applicable,"Other Motor Vehicle, Collision With",2
 Damage Accident,10:40,08/14/2014,Thursday,Y,Daylight,HEMPSTEAD,OVERTAKING,NASSAU,Straight and Level,Clear,None,Dry,Not Applicable,"Other Motor Vehicle, Collision With",2
 Damage Accident,13:09,04/03/2014,Thursday,N,Unknown,OLD WESTBURY,REAR END,NASSAU,Unknown,Unknown,Unknown,Unknown,Not Applicable,"Other Motor Vehicle, Collision With",2
 Accident,10:50,05/15/2014,Thursday,Y,Daylight,BRONX,OVERTAKING,BRONX,Straight and Level,Cloudy,None,Dry,Not Applicable,"Other Motor Vehicle, Collision With",2
 Damage & Injury Accident,15:49,07/23/2014,Wednesday,Y,Daylight,BUFFALO,OTHER,ERIE,Straight and Level,Clear,None,Dry,Not Applicable,"Other Motor Vehicle, Collision With",3
 Damage Accident,13:30,03/15/2014,Saturday,Y,Daylight,ISLIP,Unknown,SUFFOLK,Straight and Level,Clear,None,Dry,Not Applicable,"Other Motor Vehicle, Collision With",2
 Damage Accident,6:40,09/02/2014,Tuesday,Y,Daylight,EDMESTON,OTHER,OTSEGO,Curve and Grade,Cloudy,None,Dry,Not Applicable,Deer,1
 Accident,13:45,11/03/2014,Monday,Y,Daylight,NEW YORK,OTHER,NEW YORK,Straight and Level,Clear,Traffic Signal,Dry,"Crossing, With Signal","Pedestrian, Collision With",1
 Damage Accident,16:00,08/16/2014,Saturday,Y,Daylight,GREAT NECK PLAZA,REAR END,NASSAU,Straight and Level,Clear,None,Dry,Not Applicable,"Other Motor Vehicle, Collision With",2
 Accident,14:30,03/05/2014,Wednesday,Y,Daylight,BUFFALO,OTHER,ERIE,Straight and Grade,Clear,Traffic Signal,Wet,Not Applicable,"Other Motor Vehicle, Collision With",3
 Damage Accident,8:57,01/29/2014,Wednesday,Y,Daylight,NEWFIELD,LEFT TURN (3),TOMPKINS,Straight and Grade,Clear,None,Dry,Not Applicable,"Other Motor Vehicle, Collision With",2
 Damage Accident,9:15,08/04/2014,Monday,Y,Daylight,HEMPSTEAD,OTHER,NASSAU,Straight and Level,Clear,None,Dry,Not Applicable,"Fence, Collision With Fixed Object",1
 Damage Accident,0:00,11/28/2014,Friday,N,Unknown,BUFFALO,Unknown,ERIE,Unknown,Unknown,Unknown,Snow/Ice,Not Applicable,"Other Motor Vehicle, Collision With",2
 Damage Accident,0:00,07/15/2014,Tuesday,N,Unknown,CANISTEO,REAR END,STEUBEN,Unknown,Unknown,Unknown,Unknown,Not Applicable,"Other Motor Vehicle, Collision With",2
 Damage & Injury Accident,7:52,11/17/2014,Monday,Y,Daylight,OYSTER BAY,OTHER,NASSAU,Straight and Level,Rain,None,Wet,Not Applicable,"Other Motor Vehicle, Collision With",2
 Accident,13:10,01/22/2014,Wednesday,Y,Daylight,ONONDAGA,RIGHT ANGLE,ONONDAGA,Straight and Level,Clear,Stop Sign,Dry,Not Applicable,"Other Motor Vehicle, Collision With",2
 Damage Accident,7:00,07/31/2014,Thursday,Y,Daylight,KINGS,RIGHT ANGLE,KINGS,Straight and Grade,Clear,Traffic Signal,Dry,Not Applicable,"Other Motor Vehicle, Collision With",2
 Damage Accident,16:55,12/08/2014,Monday,N,Dusk,BRONX,OTHER,BRONX,Straight and Level,Clear,Traffic Signal,Dry,Not Applicable,"Other Motor Vehicle, Collision With",3
 Accident,22:56,11/28/2014,Friday,Y,Dark-Road Lighted,BRONX,OTHER,BRONX,Straight and Level,Clear,Traffic Signal,Dry,"Crossing, With Signal","Pedestrian, Collision With",1
 Damage Accident,11:15,05/13/2014,Tuesday,Y,Daylight,CORTLANDT,REAR END,WESTCHESTER,Straight at Hill Crest,Clear,None,Dry,Not Applicable,"Other Motor Vehicle, Collision With",2
 Damage Accident,13:30,01/03/2014,Friday,N,Unknown,CLARKSTOWN,OTHER,ROCKLAND,Unknown,Unknown,Unknown,Unknown,Not Applicable,"Other*, Non-Collision",1
 Accident,13:55,02/27/2014,Thursday,Y,Daylight,QUEENS,OTHER,QUEENS,Straight and Level,Clear,None,Dry,Not in Roadway (Indicate),"Pedestrian, Collision With",1
 Damage Accident,10:35,08/13/2014,Wednesday,Y,Daylight,ISLIP,Unknown,SUFFOLK,Straight at Hill Crest,Rain,None,Wet,Not Applicable,"Other Motor Vehicle, Collision With",2
 Damage Accident,21:00,12/27/2014,Saturday,N,Unknown,,Unknown,LEWIS,Unknown,Unknown,Unknown,Unknown,Not Applicable,"Other Motor Vehicle, Collision With",2
 Damage Accident,15:38,12/21/2014,Sunday,Y,Daylight,MINA,LEFT TURN (0),CHAUTAUQUA,Straight and Level,Cloudy,Stop Sign,Dry,Not Applicable,"Other Motor Vehicle, Collision With",2
 Accident,19:47,06/02/2014,Monday,Y,Daylight,ISLIP,Unknown,SUFFOLK,Straight and Level,Clear,None,Dry,Not Applicable,"Other Motor Vehicle, Collision With",2
 Damage Accident,17:30,02/14/2014,Friday,Y,Dark-Road Lighted,CORNING,REAR END,STEUBEN,Straight and Level,Cloudy,None,Wet,Not Applicable,"Other Motor Vehicle, Collision With",2
 Damage Accident,18:29,01/13/2014,Monday,Y,Dark-Road Unlighted,NEW WINDSOR,OTHER,ORANGE,Straight and Level,Clear,None,Dry,Not Applicable,Deer,1
 Damage Accident,15:00,05/23/2014,Friday,Y,Daylight,FARMINGDALE,LEFT TURN (0),NASSAU,Curve and Grade,Cloudy,Stop Sign,Dry,Not Applicable,"Other Motor Vehicle, Collision With",2
 Accident,8:30,10/29/2014,Wednesday,Y,Daylight,SYRACUSE,OTHER,ONONDAGA,Straight and Level,Cloudy,Traffic Signal,Dry,"Crossing, With Signal","Pedestrian, Collision With",1
 Accident,9:35,06/21/2014,Saturday,Y,Daylight,BRONX,OTHER,BRONX,Straight and Level,Clear,Unknown,Dry,Not Applicable,"Other Motor Vehicle, Collision With",6
 Damage Accident,11:35,09/19/2014,Friday,Y,Daylight,BRONX,REAR END,BRONX,Curve and Level,Clear,Traffic Signal,Dry,Not Applicable,"Other Motor Vehicle, Collision With",2
 Damage Accident,17:20,02/26/2014,Wednesday,Y,Daylight,JOHNSON CITY,REAR END,BROOME,Curve and Level,Clear,None,Dry,Not Applicable,"Other Motor Vehicle, Collision With",2
 Damage Accident,11:30,03/19/2014,Wednesday,Y,Daylight,UNION,REAR END,BROOME,Straight and Grade,Cloudy,Traffic Signal,Dry,Not Applicable,"Other Motor Vehicle, Collision With",2
 Damage Accident,17:47,12/01/2014,Monday,Y,Dark-Road Unlighted,NEWBURGH,OTHER,ORANGE,Straight and Grade,Rain,None,Wet,Not Applicable,"Animal, Collision With",1
 Damage Accident,20:07,12/11/2014,Thursday,Y,Dark-Road Unlighted,VESTAL,OTHER,BROOME,Straight and Level,Cloudy,None,Wet,Not Applicable,Deer,1
 Damage Accident,15:02,03/18/2014,Tuesday,N,Unknown,QUEENS,RIGHT ANGLE,QUEENS,Unknown,Unknown,Unknown,Unknown,Not Applicable,"Other Motor Vehicle, Collision With",2
 Damage Accident,7:50,04/01/2014,Tuesday,N,Unknown,BRONX,RIGHT ANGLE,BRONX,Unknown,Unknown,Unknown,Unknown,Not Applicable,"Other Motor Vehicle, Collision With",2
 Damage Accident,11:05,01/30/2014,Thursday,Y,Daylight,LIBERTY,HEAD ON,SULLIVAN,Curve and Grade,Clear,None,Dry,Not Applicable,"Other Motor Vehicle, Collision With",2
 Accident,16:05,08/26/2014,Tuesday,Y,Daylight,QUEENS,OTHER,QUEENS,Straight and Grade,Clear,Traffic Signal,Dry,"Crossing, With Signal","Pedestrian, Collision With",1
 Damage Accident,0:00,02/17/2014,Monday,N,Daylight,ELMSFORD,Unknown,WESTCHESTER,Straight and Level,Clear,None,Dry,Not Applicable,"Other Motor Vehicle, Collision With",2
 Damage Accident,6:15,01/08/2014,Wednesday,Y,Dusk,HUNTINGTON,REAR END,SUFFOLK,Straight and Grade,Clear,Other,Dry,Not Applicable,"Other Motor Vehicle, Collision With",2
 Damage Accident,17:00,10/28/2014,Tuesday,Y,Daylight,NORTH HEMPSTEAD,RIGHT ANGLE,NASSAU,Straight and Level,Clear,None,Dry,Not Applicable,"Other Motor Vehicle, Collision With",2
 Damage Accident,13:42,10/11/2014,Saturday,Y,Daylight,WESTBURY,OTHER,NASSAU,Curve and Level,Rain,None,Wet,Not Applicable,"Other Motor Vehicle, Collision With",3
 Accident,17:56,05/14/2014,Wednesday,Y,Daylight,KINGS,RIGHT ANGLE,KINGS,Straight and Level,Cloudy,Traffic Signal,Dry,Not Applicable,"Other Motor Vehicle, Collision With",2
 Accident,19:30,04/19/2014,Saturday,Y,Dusk,BREWSTER,OTHER,PUTNAM,Straight and Level,Clear,Other,Dry,"Crossing, No Signal or Crosswalk","Pedestrian, Collision With",1
 Damage Accident,17:40,11/07/2014,Friday,Y,Dark-Road Unlighted,PAMELIA,OTHER,JEFFERSON,Curve and Level,Cloudy,None,Wet,Not Applicable,"Fence, Collision With Fixed Object",1
 Damage Accident,16:00,01/08/2014,Wednesday,Y,Daylight,ARDSLEY,Unknown,WESTCHESTER,Straight and Grade,Clear,Stop Sign,Dry,Not Applicable,"Other Motor Vehicle, Collision With",2
 Accident,9:06,09/11/2014,Thursday,Y,Daylight,KINGS,OTHER,KINGS,Straight and Level,Clear,None,Dry,"Crossing, No Signal or Crosswalk","Pedestrian, Collision With",1
 Damage Accident,11:15,05/09/2014,Friday,Y,Daylight,CEDARHURST,OVERTAKING,NASSAU,Straight and Level,Cloudy,None,Dry,Not Applicable,"Other Motor Vehicle, Collision With",2
 Damage Accident,6:56,12/17/2014,Wednesday,Y,Dawn,MIDDLEBURG,OTHER,SCHOHARIE,Straight and Level,Cloudy,None,Dry,Not Applicable,"Animal, Collision With",1
 Damage Accident,11:15,11/03/2014,Monday,Y,Dark-Road Lighted,HEMPSTEAD,Unknown,NASSAU,Straight and Level,Clear,None,Dry,Not Applicable,"Other Motor Vehicle, Collision With",2
 Accident,9:38,10/07/2014,Tuesday,Y,Daylight,HEMPSTEAD,REAR END,NASSAU,Straight and Level,Clear,Traffic Signal,Dry,Not Applicable,"Other Motor Vehicle, Collision With",2
 Damage Accident,21:30,10/30/2014,Thursday,Y,Dark-Road Unlighted,ROCKLAND,OTHER,SULLIVAN,Straight and Level,Clear,None,Dry,Not Applicable,Deer,1
 Accident,14:00,08/31/2014,Sunday,Y,Daylight,QUEENS,REAR END,QUEENS,Straight and Level,Clear,None,Dry,Not Applicable,"Other Motor Vehicle, Collision With",2
 Accident,0:55,02/14/2014,Friday,Y,Dark-Road Lighted,KINGS,OTHER,KINGS,Straight and Level,Snow,Traffic Signal,Slush,"Crossing, With Signal","Pedestrian, Collision With",1
 Accident,12:25,08/04/2014,Monday,Y,Daylight,NEW YORK,OTHER,NEW YORK,Straight and Level,Cloudy,None,Dry,"Crossing, No Signal or Crosswalk","Pedestrian, Collision With",1
 Damage Accident,0:00,02/03/2014,Monday,N,Unknown,OSSINING,OTHER,WESTCHESTER,Unknown,Unknown,Unknown,Unknown,Not Applicable,"Other*, Non-Collision",1
 Accident,7:04,09/29/2014,Monday,Y,Daylight,HEMPSTEAD,Unknown,NASSAU,Straight and Level,Cloudy,Traffic Signal,Dry,Not Applicable,"Other Motor Vehicle, Collision With",2
 Damage Accident,23:25,10/27/2014,Monday,Y,Dark-Road Unlighted,ROCKLAND,OTHER,SULLIVAN,Straight and Level,Cloudy,None,Wet,Not Applicable,Deer,1
 Accident,22:30,07/20/2014,Sunday,Y,Dark-Road Lighted,KINGS,Unknown,KINGS,Straight and Level,Clear,None,Dry,Not Applicable,"Other Motor Vehicle, Collision With",2
 Damage Accident,18:21,08/25/2014,Monday,Y,Daylight,ORCHARD PARK,OTHER,ERIE,Straight and Level,Clear,None,Dry,Not Applicable,"Animal, Collision With",1
 Damage Accident,23:05,07/11/2014,Friday,Y,Dark-Road Unlighted,AMHERST,REAR END,ERIE,Straight and Level,Clear,None,Dry,Not Applicable,"Other Motor Vehicle, Collision With",2
 Damage Accident,18:00,06/03/2014,Tuesday,Y,Daylight,OYSTER BAY,OVERTAKING,NASSAU,Straight and Level,Clear,None,Dry,Not Applicable,"Other Motor Vehicle, Collision With",2
 Damage Accident,11:58,12/08/2014,Monday,Y,Daylight,ITHACA,RIGHT ANGLE,TOMPKINS,Straight and Level,Clear,Stop Sign,Dry,Not Applicable,"Other Motor Vehicle, Collision With",2
 Damage Accident,18:00,08/01/2014,Friday,Y,Daylight,CLAY,RIGHT ANGLE,ONONDAGA,Straight and Level,Clear,None,Dry,Not Applicable,"Other Motor Vehicle, Collision With",2
 Damage Accident,13:18,04/02/2014,Wednesday,Y,Daylight,NEW WINDSOR,OTHER,ORANGE,Straight and Level,Clear,None,Dry,Not Applicable,Deer,1
 Damage Accident,14:30,11/27/2014,Thursday,Y,Daylight,HEMPSTEAD,SIDESWIPE,NASSAU,Curve and Level,Cloudy,None,Dry,Not Applicable,"Other Motor Vehicle, Collision With",2
 Damage Accident,22:50,11/22/2014,Saturday,Y,Dark-Road Unlighted,FRANKFORT,OTHER,HERKIMER,Straight and Grade,Rain,None,Wet,Not Applicable,Deer,1
 Damage Accident,7:30,09/20/2014,Saturday,N,Unknown,GUILDERLAND,OTHER,ALBANY,Unknown,Unknown,Unknown,Unknown,Not Applicable,Deer,1
 Damage Accident,14:50,12/17/2014,Wednesday,Y,Daylight,RICHMOND,OVERTAKING,RICHMOND,Straight and Level,Cloudy,None,Dry,Not Applicable,"Other Motor Vehicle, Collision With",2
 Accident,6:05,05/29/2014,Thursday,Y,Daylight,KINGS,REAR END,KINGS,Straight and Level,Clear,Traffic Signal,Dry,Not Applicable,"Other Motor Vehicle, Collision With",2
 Accident,20:20,11/18/2014,Tuesday,Y,Dark-Road Lighted,BRONX,RIGHT ANGLE,BRONX,Straight and Level,Clear,Traffic Signal,Dry,Not Applicable,"Other Motor Vehicle, Collision With",2
 Damage Accident,20:00,11/02/2014,Sunday,N,Dusk,RICHMOND,Unknown,RICHMOND,Unknown,Clear,Unknown,Dry,Not Applicable,"Other Motor Vehicle, Collision With",2
 Damage Accident,1:30,10/24/2014,Friday,N,Dark-Road Unlighted,VICTOR,OTHER,ONTARIO,Straight and Grade,Clear,Other,Dry,Not Applicable,Deer,1
 Accident,23:26,06/24/2014,Tuesday,N,Unknown,QUEENS,REAR END,QUEENS,Unknown,Unknown,Unknown,Unknown,Not Applicable,"Other Motor Vehicle, Collision With",2
 Damage Accident,1:15,12/08/2014,Monday,Y,Dark-Road Lighted,KIANTONE,OTHER,CHAUTAUQUA,Straight and Level,Clear,Unknown,Dry,Not Applicable,Deer,1
 Damage Accident,13:42,10/11/2014,Saturday,Y,Daylight,TUXEDO,OVERTAKING,ORANGE,Straight and Level,Cloudy,None,Dry,Not Applicable,"Other Motor Vehicle, Collision With",2
 Accident,19:40,12/14/2014,Sunday,N,Unknown,NEW YORK,REAR END,NEW YORK,Unknown,Unknown,Unknown,Unknown,Not Applicable,"Other Motor Vehicle, Collision With",2
 Damage Accident,15:55,10/31/2014,Friday,Y,Daylight,WHITESBORO,OTHER,ONEIDA,Straight and Level,Cloudy,Traffic Signal,Dry,Not Applicable,"Other Motor Vehicle, Collision With",3
 Damage Accident,6:41,05/08/2014,Thursday,Y,Daylight,EAST BLOOMFIELD,OTHER,ONTARIO,Curve at Hill Crest,Cloudy,No Passing Zone,Dry,Not Applicable,Deer,1
 Accident,19:22,08/20/2014,Wednesday,Y,Daylight,NEW YORK,REAR END,NEW YORK,Straight and Level,Clear,Traffic Signal,Dry,Not Applicable,"Other Motor Vehicle, Collision With",2
 Damage Accident,17:39,01/25/2014,Saturday,Y,Dark-Road Lighted,,REAR END,UNKNOWN,Straight and Level,Snow,None,Snow/Ice,Not Applicable,"Other Motor Vehicle, Collision With",2
 Accident,22:40,02/01/2014,Saturday,Y,Dark-Road Lighted,BROOKHAVEN,Unknown,SUFFOLK,Straight and Level,Clear,None,Unknown,Not Applicable,"Other Motor Vehicle, Collision With",2
 Damage Accident,17:00,07/04/2014,Friday,Y,Daylight,CALEDONIA,REAR END,LIVINGSTON,Straight and Level,Clear,None,Dry,Not Applicable,"Other Motor Vehicle, Collision With",2
 Damage Accident,6:45,02/12/2014,Wednesday,N,Dark-Road Unlighted,EAST FISHKILL,OTHER,DUTCHESS,Curve and Grade,Clear,None,Dry,Not Applicable,Deer,1
 Damage & Injury Accident,11:44,12/29/2014,Monday,Y,Daylight,OSWEGO,RIGHT ANGLE,OSWEGO,Straight and Grade,Clear,None,Dry,Not Applicable,"Other Motor Vehicle, Collision With",2
 Accident,14:35,07/18/2014,Friday,Y,Daylight,ISLIP,Unknown,SUFFOLK,Straight and Level,Clear,None,Dry,Not Applicable,"Other Motor Vehicle, Collision With",2
 Damage Accident,7:10,10/22/2014,Wednesday,Y,Dawn,POMPEY,OTHER,ONONDAGA,Straight and Grade,Fog/Smog/Smoke,No Passing Zone,Wet,Not Applicable,Deer,1
 Accident,3:10,07/18/2014,Friday,Y,Dark-Road Lighted,QUEENS,RIGHT ANGLE,QUEENS,Unknown,Clear,Traffic Signal,Dry,Not Applicable,"Other Motor Vehicle, Collision With",2
 Damage Accident,14:05,09/13/2014,Saturday,Y,Daylight,QUEENS,RIGHT ANGLE,QUEENS,Straight and Level,Clear,None,Dry,Not Applicable,"Other Motor Vehicle, Collision With",2
 Damage Accident,0:00,10/09/2014,Thursday,N,Unknown,BROOKHAVEN,REAR END,SUFFOLK,Unknown,Unknown,Unknown,Unknown,Not Applicable,"Other Motor Vehicle, Collision With",2
 Damage Accident,19:30,12/10/2014,Wednesday,Y,Dark-Road Lighted,QUEENS,OTHER,QUEENS,Straight and Level,Rain,None,Wet,Not Applicable,"Ran Off Roadway Only, Non-Collision",1
 Accident,7:28,05/21/2014,Wednesday,Y,Daylight,KINGS,OTHER,KINGS,Straight and Level,Clear,Traffic Signal,Dry,"Crossing, Against Signal","Pedestrian, Collision With",1
 Damage Accident,10:10,12/04/2014,Thursday,Y,Daylight,KINGS,OTHER,KINGS,Straight and Level,Clear,None,Dry,Not Applicable,"Other Motor Vehicle, Collision With",3
 Accident,8:32,02/18/2014,Tuesday,Y,Daylight,PARMA,OTHER,MONROE,Straight and Level,Snow,None,Snow/Ice,Not Applicable,"Snow Embankment, Collision With Fixed Object",1
 Damage Accident,15:40,12/13/2014,Saturday,Y,Daylight,MILL NECK,LEFT TURN (3),NASSAU,Straight and Level,Cloudy,None,Dry,Not Applicable,"Other Motor Vehicle, Collision With",2
 Damage Accident,7:08,09/22/2014,Monday,Y,Daylight,BRIDGEWATER,OTHER,ONEIDA,Curve and Grade,Rain,None,Wet,Not Applicable,"Tree, Collision With Fixed Object",1
 Accident,9:30,05/08/2014,Thursday,Y,Daylight,HEMPSTEAD,REAR END,NASSAU,Straight and Level,Rain,None,Wet,Not Applicable,"Other Motor Vehicle, Collision With",2
 Accident,12:35,05/03/2014,Saturday,Y,Daylight,KINGS,OTHER,KINGS,Straight and Level,Clear,None,Dry,Other Actions in Roadway,"Pedestrian, Collision With",1
 Damage Accident,3:15,10/22/2014,Wednesday,Y,Dark-Road Lighted,KINGS,Unknown,KINGS,Straight and Level,Rain,None,Wet,Not Applicable,"Other Motor Vehicle, Collision With",2
 Damage Accident,15:00,02/17/2014,Monday,Y,Daylight,CLAY,RIGHT ANGLE,ONONDAGA,Straight and Level,Clear,Stop Sign,Dry,Not Applicable,"Other Motor Vehicle, Collision With",2
 Accident,14:30,08/27/2014,Wednesday,Y,Daylight,QUEENS,REAR END,QUEENS,Straight and Level,Clear,None,Dry,Not Applicable,"Other Motor Vehicle, Collision With",2
 Accident,7:08,05/06/2014,Tuesday,Y,Daylight,NEW YORK,RIGHT ANGLE,NEW YORK,Straight and Level,Clear,Traffic Signal,Dry,Not Applicable,"Other Motor Vehicle, Collision With",2
 Damage Accident,7:30,01/30/2014,Thursday,Y,Daylight,CLARKSTOWN,REAR END,ROCKLAND,Straight and Grade,Clear,None,Dry,Not Applicable,"Other Motor Vehicle, Collision With",2
 Damage Accident,9:35,01/21/2014,Tuesday,Y,Daylight,BRONX,OTHER,BRONX,Straight and Grade,Snow,None,Snow/Ice,Not Applicable,"Other Motor Vehicle, Collision With",5
 Accident,12:55,04/13/2014,Sunday,Y,Daylight,QUEENS,Unknown,QUEENS,Straight and Level,Clear,None,Dry,Not Applicable,"Other Motor Vehicle, Collision With",2
 Accident,15:13,08/17/2014,Sunday,Y,Daylight,LEYDEN,OTHER,LEWIS,Straight and Level,Clear,None,Dry,Other Actions in Roadway,"Pedestrian, Collision With",1
 Accident,16:29,12/15/2014,Monday,Y,Dark-Road Lighted,SCHENECTADY,SIDESWIPE,SCHENECTADY,Straight and Level,Clear,None,Dry,Not Applicable,"Other Motor Vehicle, Collision With",2
 Damage Accident,19:00,07/16/2014,Wednesday,Y,Daylight,IRONDEQUOIT,Unknown,MONROE,Straight and Level,Clear,None,Dry,Not Applicable,"Other Motor Vehicle, Collision With",2
 Damage Accident,17:20,04/12/2014,Saturday,Y,Daylight,BROOKHAVEN,Unknown,SUFFOLK,Straight and Level,Clear,None,Dry,Not Applicable,"Other Motor Vehicle, Collision With",2
 Damage Accident,8:40,04/24/2014,Thursday,Y,Daylight,HEMPSTEAD,REAR END,NASSAU,Straight and Level,Clear,None,Dry,Not Applicable,"Other Motor Vehicle, Collision With",2
 Accident,21:10,02/16/2014,Sunday,Y,Daylight,NEW YORK,OTHER,NEW YORK,Straight and Level,Clear,Traffic Signal,Dry,"Crossing, With Signal","Pedestrian, Collision With",1
 Damage Accident,19:02,08/27/2014,Wednesday,Y,Dusk,BROOKHAVEN,Unknown,SUFFOLK,Straight and Level,Clear,None,Dry,Not Applicable,"Other Motor Vehicle, Collision With",2
 Damage & Injury Accident,8:13,03/25/2014,Tuesday,Y,Daylight,COLONIE,OTHER,ALBANY,Straight and Level,Clear,None,Dry,Not Applicable,"Other Motor Vehicle, Collision With",3
 Accident,11:42,02/19/2014,Wednesday,Y,Daylight,TARRYTOWN,OTHER,WESTCHESTER,Curve and Grade,Rain,None,Snow/Ice,Not Applicable,"Sign Post, Collision With Fixed Object",1
 Accident,15:30,09/25/2014,Thursday,Y,Daylight,BRONX,OTHER,BRONX,Straight and Level,Rain,Traffic Signal,Wet,Not Applicable,"Other Motor Vehicle, Collision With",4
 Accident,18:33,10/21/2014,Tuesday,Y,Dusk,RICHMOND,OTHER,RICHMOND,Straight and Level,Clear,None,Dry,"Crossing, No Signal, Marked Crosswalk","Pedestrian, Collision With",1
 Damage Accident,15:30,10/18/2014,Saturday,N,Unknown,KINGS,Unknown,KINGS,Unknown,Unknown,Unknown,Unknown,Not Applicable,"Other Motor Vehicle, Collision With",2
 Damage Accident,9:00,05/12/2014,Monday,N,Unknown,BABYLON,Unknown,SUFFOLK,Unknown,Unknown,Unknown,Unknown,Not Applicable,"Other Motor Vehicle, Collision With",2
 Damage Accident,14:30,08/31/2014,Sunday,Y,Daylight,ALBANY,OVERTAKING,ALBANY,Straight and Level,Cloudy,None,Dry,Not Applicable,"Other Motor Vehicle, Collision With",2
 Damage Accident,16:51,12/28/2014,Sunday,Y,Dark-Road Unlighted,,OTHER,SUFFOLK,Straight and Level,Clear,None,Dry,Not Applicable,Deer,1
 Accident,16:10,01/22/2014,Wednesday,Y,Daylight,CHEEKTOWAGA,RIGHT ANGLE,ERIE,Straight and Grade,Clear,None,Dry,Not Applicable,"Other Motor Vehicle, Collision With",2
 Damage Accident,6:15,04/02/2014,Wednesday,Y,Dark-Road Unlighted,FRIENDSHIP,OTHER,ALLEGANY,Straight and Level,Clear,None,Wet,Not Applicable,Deer,1
 Damage Accident,19:15,09/05/2014,Friday,Y,Dusk,CLARKSTOWN,OTHER,ROCKLAND,Straight and Level,Clear,No Passing Zone,Dry,Not Applicable,Deer,1
 Damage Accident,12:10,05/15/2014,Thursday,N,Daylight,SYRACUSE,Unknown,ONONDAGA,Straight and Level,Clear,Stop Sign,Dry,Not Applicable,"Other Motor Vehicle, Collision With",2
 Accident,7:57,05/30/2014,Friday,Y,Daylight,BROOKHAVEN,HEAD ON,SUFFOLK,Straight and Level,Clear,Stop Sign,Dry,Not Applicable,"Other Motor Vehicle, Collision With",2
 Damage Accident,16:52,10/10/2014,Friday,Y,Daylight,ROCHESTER,OTHER,MONROE,Straight and Level,Clear,Traffic Signal,Dry,Not Applicable,"Other Motor Vehicle, Collision With",3
 Damage Accident,13:20,08/09/2014,Saturday,Y,Daylight,QUEENS,Unknown,QUEENS,Straight and Level,Clear,Traffic Signal,Dry,Not Applicable,"Other Motor Vehicle, Collision With",2
 Accident,19:40,03/30/2014,Sunday,Y,Dark-Road Lighted,KINGS,RIGHT ANGLE,KINGS,Straight and Level,Rain,Traffic Signal,Wet,Not Applicable,"Other Motor Vehicle, Collision With",2
 Damage Accident,6:45,09/25/2014,Thursday,Y,Dark-Road Unlighted,BEACON,OTHER,DUTCHESS,Straight and Level,Cloudy,None,Dry,Not Applicable,"Other Motor Vehicle, Collision With",3
 Accident,3:39,09/20/2014,Saturday,Y,Dark-Road Lighted,KINGS,OTHER,KINGS,Straight and Level,Clear,None,Dry,"Crossing, No Signal, Marked Crosswalk","Bicyclist, Collision With",1
 Damage Accident,0:38,06/26/2014,Thursday,Y,Dark-Road Lighted,KINGS,REAR END,KINGS,Straight and Level,Rain,Other,Wet,Not Applicable,"Other Motor Vehicle, Collision With",2
 Damage Accident,7:18,04/03/2014,Thursday,Y,Daylight,GERRY,OTHER,CHAUTAUQUA,Straight and Level,Cloudy,None,Dry,Not Applicable,Deer,1
 Accident,0:00,01/21/2014,Tuesday,N,Dark-Road Lighted,HEMPSTEAD,REAR END,NASSAU,Straight and Level,Snow,Unknown,Snow/Ice,Not Applicable,"Other Motor Vehicle, Collision With",2
 Damage Accident,15:30,02/27/2014,Thursday,Y,Daylight,WEST SENECA,SIDESWIPE,ERIE,Curve and Level,Clear,None,Snow/Ice,Not Applicable,"Other Motor Vehicle, Collision With",2
 Damage Accident,23:45,09/27/2014,Saturday,N,Dark-Road Unlighted,RIDGEWAY,OTHER,ORLEANS,Straight and Level,Clear,None,Dry,Not Applicable,Deer,1
 Accident,11:16,05/19/2014,Monday,Y,Daylight,ROCHESTER,REAR END,MONROE,Straight and Level,Cloudy,Traffic Signal,Dry,Not Applicable,"Other Motor Vehicle, Collision With",2
 Damage Accident,5:00,12/05/2014,Friday,N,Unknown,ROCHESTER,RIGHT TURN (6),MONROE,Unknown,Unknown,Unknown,Unknown,Not Applicable,"Other Motor Vehicle, Collision With",2
 Damage Accident,20:30,06/16/2014,Monday,Y,Dusk,DEWITT,REAR END,ONONDAGA,Straight and Level,Cloudy,Stop Sign,Wet,Not Applicable,"Other Motor Vehicle, Collision With",2
 Damage Accident,19:28,03/16/2014,Sunday,Y,Dark-Road Unlighted,CINCINNATUS,OTHER,CORTLAND,Straight and Level,Clear,None,Dry,Not Applicable,Deer,1