 Descriptor,Time,Date,Day of Week,Police Report,Lighting Conditions,Municipality,Collision Type Descriptor,County Name,Road Descriptor,Weather Conditions,Traffic Control Device,Road Surface Conditions,Pedestrian Bicyclist Action,Event Descriptor,Number of Vehicles Involved
 Damage Accident,7:50,09/14/2014,Sunday,Y,Daylight,LONG BEACH,Unknown,NASSAU,Straight and Level,Clear,Unknown,Dry,Not Applicable,"Other Motor Vehicle, Collision With",2
 Damage Accident,16:15,06/18/2014,Wednesday,N,Daylight,PELHAM,Unknown,WESTCHESTER,Straight and Level,Clear,Stop Sign,Dry,Not Applicable,"Other Motor Vehicle, Collision With",2
 Damage Accident,17:20,05/28/2014,Wednesday,Y,Daylight,PORT JERVIS,OVERTAKING,ORANGE,Straight and Level,Clear,None,Dry,Not Applicable,"Other Motor Vehicle, Collision With",2
 Damage Accident,0:00,10/22/2014,Wednesday,N,Unknown,TICONDEROGA,Unknown,ESSEX,Unknown,Unknown,Unknown,Unknown,Not Applicable,"Other Motor Vehicle, Collision With",2
 Damage Accident,10:05,02/28/2014,Friday,Y,Daylight,WATERTOWN,HEAD ON,JEFFERSON,Straight and Level,Clear,None,Snow/Ice,Not Applicable,"Other Motor Vehicle, Collision With",2
 Accident,14:43,03/21/2014,Friday,Y,Daylight,BUFFALO,OTHER,ERIE,Straight and Level,Clear,None,Dry,Not Applicable,"Other Motor Vehicle, Collision With",4
 Damage Accident,13:30,01/06/2014,Monday,Y,Daylight,THOMASTON,REAR END,NASSAU,Straight and Grade,Rain,None,Wet,Not Applicable,"Other Motor Vehicle, Collision With",2
 Damage Accident,15:00,05/30/2014,Friday,Y,Daylight,HUNTINGTON,REAR END,SUFFOLK,Straight and Level,Clear,None,Dry,Not Applicable,"Other Motor Vehicle, Collision With",2
 Damage Accident,4:20,10/17/2014,Friday,Y,Dark-Road Lighted,QUEENS,OVERTAKING,QUEENS,Straight and Level,Clear,None,Dry,Not Applicable,"Other Motor Vehicle, Collision With",2
 Damage Accident,14:44,02/16/2014,Sunday,Y,Daylight,VICTOR,OTHER,ONTARIO,Curve and Level,Cloudy,None,Wet,Not Applicable,"Overturned, Non-Collision",1
 Damage Accident,13:10,08/08/2014,Friday,Y,Daylight,BRONX,REAR END,BRONX,Straight and Level,Clear,None,Dry,Not Applicable,"Other Motor Vehicle, Collision With",2
 Accident,20:05,08/17/2014,Sunday,Y,Dark-Road Lighted,NORTH HEMPSTEAD,OTHER,NASSAU,Straight and Level,Clear,None,Dry,Not Applicable,"Fire Hydrant, Collision With Fixed Object",1
 Damage Accident,13:00,09/15/2014,Monday,N,Unknown,SOUTHAMPTON,Unknown,SUFFOLK,Unknown,Unknown,Unknown,Unknown,Not Applicable,"Other Motor Vehicle, Collision With",2
 Damage Accident,8:02,01/15/2014,Wednesday,Y,Daylight,CLIFTON PARK,REAR END,SARATOGA,Curve and Grade,Clear,None,Wet,Not Applicable,"Other Motor Vehicle, Collision With",2
 Damage Accident,18:00,10/07/2014,Tuesday,N,Daylight,QUEENS,Unknown,QUEENS,Straight and Level,Cloudy,None,Dry,Not Applicable,"Other Motor Vehicle, Collision With",2
 Accident,17:43,03/13/2014,Thursday,Y,Daylight,BRONX,OTHER,BRONX,Straight and Level,Clear,Traffic Signal,Dry,Not Applicable,"Other Motor Vehicle, Collision With",3
 Accident,9:45,07/02/2014,Wednesday,Y,Daylight,RICHMOND,OTHER,RICHMOND,Straight and Grade,Clear,None,Dry,Not Applicable,"Other Motor Vehicle, Collision With",2
 Damage Accident,12:30,06/06/2014,Friday,N,Unknown,HARDENBURGH,LEFT TURN (3),ULSTER,Curve at Hill Crest,Clear,None,Dry,Not Applicable,"Other Motor Vehicle, Collision With",2
 Accident,9:30,02/08/2014,Saturday,Y,Daylight,BRONX,OVERTAKING,BRONX,Straight and Level,Clear,None,Snow/Ice,Not Applicable,"Other Motor Vehicle, Collision With",2
 Damage Accident,5:50,07/21/2014,Monday,Y,Dawn,OYSTER BAY,OVERTAKING,NASSAU,Straight and Level,Cloudy,None,Dry,Not Applicable,"Other Motor Vehicle, Collision With",2
 Damage Accident,22:45,11/18/2014,Tuesday,Y,Dark-Road Unlighted,VERNON,OTHER,ONEIDA,Straight and Grade,Cloudy,No Passing Zone,Dry,Not Applicable,Deer,1
 Accident,21:00,02/23/2014,Sunday,Y,Dark-Road Lighted,KINGS,RIGHT ANGLE,KINGS,Straight and Level,Clear,Traffic Signal,Dry,Not Applicable,"Other Motor Vehicle, Collision With",2
 Damage Accident,19:35,03/05/2014,Wednesday,Y,Dark-Road Unlighted,MANCHESTER,OTHER,ONTARIO,Straight and Level,Clear,None,Dry,Not Applicable,Deer,1
 Damage Accident,0:00,01/20/2014,Monday,Y,Dark-Road Unlighted,BLOOMING GROVE,OTHER,ORANGE,Curve and Level,Clear,None,Dry,Not Applicable,"Tree, Collision With Fixed Object",1
 Damage & Injury Accident,12:15,11/02/2014,Sunday,Y,Daylight,ELMA,LEFT TURN (3),ERIE,Curve and Level,Clear,None,Dry,Not Applicable,"Other Motor Vehicle, Collision With",2
 Damage Accident,5:00,06/03/2014,Tuesday,Y,Dawn,PLATTSBURG,OTHER,CLINTON,Straight and Level,Cloudy,None,Dry,Not Applicable,Deer,1
 Damage Accident,10:05,09/27/2014,Saturday,Y,Daylight,BRIGHTON,OTHER,MONROE,Straight and Grade,Clear,None,Dry,Not Applicable,Deer,1
 Accident,11:50,05/16/2014,Friday,Y,Daylight,BRONX,OTHER,BRONX,Curve and Grade,Cloudy,Unknown,Dry,Not Applicable,"Overturned, Non-Collision",1
 Accident,8:30,07/07/2014,Monday,Y,Daylight,BRONX,OVERTAKING,BRONX,Straight and Level,Clear,None,Dry,Not Applicable,"Other Motor Vehicle, Collision With",2
 Damage Accident,7:00,07/13/2014,Sunday,N,Unknown,BLOOMING GROVE,OTHER,ORANGE,Unknown,Unknown,Unknown,Unknown,Not Applicable,Deer,1
 Damage Accident,11:59,11/27/2014,Thursday,Y,Daylight,WILNA,OTHER,JEFFERSON,Straight and Level,Cloudy,None,Wet,Not Applicable,Deer,1
 Damage & Injury Accident,15:55,07/05/2014,Saturday,Y,Daylight,HUNTINGTON,Unknown,SUFFOLK,Straight and Level,Clear,None,Dry,Not Applicable,"Other Motor Vehicle, Collision With",2
 Damage Accident,6:13,04/24/2014,Thursday,Y,Dawn,SOUTHAMPTON,OTHER,SUFFOLK,Curve and Level,Clear,None,Dry,Not Applicable,Deer,1
 Accident,9:00,03/25/2014,Tuesday,Y,Daylight,MAMARONECK,RIGHT ANGLE,WESTCHESTER,Straight and Grade,Cloudy,Stop Sign,Dry,Not Applicable,"Other Motor Vehicle, Collision With",2
 Accident,15:30,09/08/2014,Monday,N,Unknown,KINGS,REAR END,KINGS,Unknown,Unknown,Unknown,Unknown,Not Applicable,"Other Motor Vehicle, Collision With",2
 Accident,14:15,11/19/2014,Wednesday,Y,Daylight,KINGS,Unknown,KINGS,Straight and Level,Clear,Stop Sign,Dry,Not Applicable,"Other Motor Vehicle, Collision With",2
 Damage Accident,14:39,07/08/2014,Tuesday,Y,Daylight,SOUTHAMPTON,RIGHT ANGLE,SUFFOLK,Straight and Level,Clear,Unknown,Dry,Not Applicable,"Other Motor Vehicle, Collision With",2
 Damage & Injury Accident,13:05,12/20/2014,Saturday,Y,Unknown,QUEENS,OTHER,QUEENS,Unknown,Unknown,Unknown,Unknown,Not Applicable,Unknown,1
 Damage Accident,19:40,12/22/2014,Monday,Y,Dark-Road Lighted,,SIDESWIPE,UNKNOWN,Straight and Level,Cloudy,None,Wet,Not Applicable,"Other Motor Vehicle, Collision With",2
 Damage Accident,22:25,11/25/2014,Tuesday,Y,Dark-Road Lighted,EVANS,OTHER,ERIE,Straight and Level,Cloudy,None,Dry,Not Applicable,Deer,1
 Damage Accident,11:05,02/22/2014,Saturday,Y,Daylight,SMITHTOWN,REAR END,SUFFOLK,Straight and Level,Clear,None,Dry,Not Applicable,"Other Motor Vehicle, Collision With",2
 Damage Accident,19:00,11/14/2014,Friday,N,Dark-Road Unlighted,ELMIRA,OTHER,CHEMUNG,Straight and Level,Clear,Unknown,Dry,Not Applicable,Deer,1
 Accident,14:30,08/19/2014,Tuesday,Y,Daylight,KINGS,OTHER,KINGS,Straight and Grade,Clear,None,Dry,Unknown,"Bicyclist, Collision With",1
 Damage Accident,0:00,03/18/2014,Tuesday,N,Dusk,CLERMONT,OTHER,COLUMBIA,Straight and Level,Clear,None,Dry,Not Applicable,Deer,1
 Damage Accident,7:59,10/15/2014,Wednesday,Y,Daylight,MIDDLEFIELD,OTHER,OTSEGO,Straight and Level,Cloudy,None,Dry,Not Applicable,Deer,1
 Damage Accident,0:00,05/19/2014,Monday,N,Daylight,NUNDA,OTHER,LIVINGSTON,Curve and Grade,Clear,None,Dry,Not Applicable,Deer,1
 Damage Accident,18:33,04/18/2014,Friday,Y,Daylight,CORNWALL,OTHER,ORANGE,Straight and Level,Clear,None,Dry,Not Applicable,Deer,1
 Damage Accident,0:00,01/29/2014,Wednesday,N,Unknown,QUEENS,REAR END,QUEENS,Unknown,Unknown,Unknown,Unknown,Not Applicable,"Other Motor Vehicle, Collision With",2
 Damage Accident,21:08,06/01/2014,Sunday,Y,Dark-Road Unlighted,SENECA,OTHER,ONTARIO,Straight and Level,Cloudy,None,Dry,Not Applicable,Deer,1
 Damage Accident,12:15,03/23/2014,Sunday,Y,Daylight,SMITHTOWN,OTHER,SUFFOLK,Straight and Level,Cloudy,None,Dry,Not Applicable,Deer,1
 Damage Accident,7:30,03/11/2014,Tuesday,N,Dawn,CHEEKTOWAGA,OTHER,ERIE,Straight and Grade,Cloudy,Other,Wet,Not Applicable,Deer,1
 Damage Accident,6:05,07/29/2014,Tuesday,Y,Dawn,ARGYLE,OTHER,WASHINGTON,Curve and Level,Clear,None,Wet,Not Applicable,Deer,1
 Damage Accident,4:52,12/24/2014,Wednesday,Y,Dark-Road Unlighted,COLONIE,OVERTAKING,ALBANY,Curve and Grade,Rain,None,Wet,Not Applicable,"Other Motor Vehicle, Collision With",2
 Damage Accident,23:20,08/29/2014,Friday,Y,Dark-Road Unlighted,SARDINIA,OTHER,ERIE,Straight and Grade,Clear,None,Dry,Not Applicable,Deer,1
 Damage Accident,14:36,01/17/2014,Friday,Y,Daylight,WILLSBORO,OTHER,ESSEX,Straight and Level,Cloudy,None,Dry,Not Applicable,Deer,1
 Damage & Injury Accident,10:20,02/24/2014,Monday,N,Unknown,KINGS,REAR END,KINGS,Unknown,Unknown,Unknown,Unknown,Not Applicable,"Other Motor Vehicle, Collision With",2
 Damage Accident,3:00,05/17/2014,Saturday,N,Dark-Road Unlighted,CAMDEN,OTHER,ONEIDA,Straight and Level,Clear,None,Dry,Not Applicable,Deer,1
 Accident,15:50,09/17/2014,Wednesday,N,Unknown,KINGS,REAR END,KINGS,Unknown,Unknown,Unknown,Unknown,Not Applicable,"Other Motor Vehicle, Collision With",2
 Damage Accident,17:30,01/05/2014,Sunday,N,Unknown,LOWVILLE,OTHER,LEWIS,Unknown,Unknown,Unknown,Unknown,Not Applicable,Deer,1
 Accident,6:25,12/26/2014,Friday,N,Unknown,RICHMOND,OTHER,RICHMOND,Unknown,Unknown,Unknown,Unknown,Unknown,"Pedestrian, Collision With",1
 Damage Accident,22:15,10/28/2014,Tuesday,Y,Unknown,BRONX,OVERTAKING,BRONX,Straight and Level,Unknown,None,Unknown,Not Applicable,"Other Motor Vehicle, Collision With",2
 Damage Accident,6:38,11/01/2014,Saturday,Y,Dark-Road Unlighted,PARMA,OTHER,MONROE,Straight and Level,Rain,None,Wet,Not Applicable,Deer,1
 Damage Accident,11:27,07/23/2014,Wednesday,Y,Daylight,BRONX,LEFT TURN (0),BRONX,Straight and Level,Clear,None,Dry,Not Applicable,"Other Motor Vehicle, Collision With",2
 Damage Accident,12:16,09/16/2014,Tuesday,Y,Daylight,SOUTHOLD,OTHER,SUFFOLK,Straight and Level,Rain,None,Wet,Not Applicable,Deer,1
 Damage Accident,20:30,03/28/2014,Friday,Y,Dark-Road Unlighted,AVON,OTHER,LIVINGSTON,Straight and Grade,Cloudy,None,Wet,Not Applicable,Deer,1
 Damage Accident,8:15,08/24/2014,Sunday,Y,Daylight,RAMAPO,OVERTAKING,ROCKLAND,Straight and Level,Clear,None,Dry,Not Applicable,"Other Motor Vehicle, Collision With",2
 Accident,2:00,10/12/2014,Sunday,N,Unknown,QUEENS,Unknown,QUEENS,Unknown,Unknown,Unknown,Unknown,Not Applicable,"Other Motor Vehicle, Collision With",2
 Accident,1:09,01/29/2014,Wednesday,Y,Dark-Road Lighted,KINGS,OTHER,KINGS,Straight and Level,Snow,Stop Sign,Wet,"Crossing, With Signal","Pedestrian, Collision With",1
 Damage Accident,8:00,06/22/2014,Sunday,Y,Daylight,SPAFFORD,OTHER,ONONDAGA,Straight at Hill Crest,Clear,None,Dry,Not Applicable,Deer,1
 Damage Accident,1:35,09/07/2014,Sunday,Y,Dark-Road Lighted,,OTHER,SUFFOLK,Straight and Grade,Cloudy,None,Dry,Not Applicable,Deer,1
 Damage Accident,20:50,05/09/2014,Friday,Y,Dark-Road Lighted,ALBANY,REAR END,ALBANY,Straight and Level,Clear,Yield Sign,Dry,Not Applicable,"Other Motor Vehicle, Collision With",2
 Damage Accident,8:40,06/07/2014,Saturday,Y,Daylight,MENDON,OTHER,MONROE,Straight and Level,Clear,None,Dry,Not Applicable,Deer,1
 Damage Accident,19:45,08/19/2014,Tuesday,Y,Dusk,OWEGO,OTHER,TIOGA,Straight and Level,Cloudy,None,Dry,Not Applicable,Deer,1
 Damage Accident,7:06,10/31/2014,Friday,Y,Dawn,CHILI,OTHER,MONROE,Curve and Level,Cloudy,None,Dry,Not Applicable,Deer,1
 Damage Accident,11:00,09/23/2014,Tuesday,N,Daylight,CEDARHURST,REAR END,NASSAU,Straight and Level,Clear,None,Dry,Not Applicable,"Other Motor Vehicle, Collision With",2
 Damage Accident,12:32,03/17/2014,Monday,N,Unknown,,Unknown,UNKNOWN,Unknown,Unknown,Unknown,Unknown,Not Applicable,"Other Motor Vehicle, Collision With",2
 Accident,20:20,01/18/2014,Saturday,Y,Dark-Road Lighted,ISLIP,REAR END,SUFFOLK,Straight and Level,Clear,Traffic Signal,Dry,Not Applicable,"Other Motor Vehicle, Collision With",2
 Damage Accident,10:46,05/27/2014,Tuesday,Y,Daylight,EAST HAMPTON,OTHER,SUFFOLK,Straight and Level,Clear,None,Dry,Not Applicable,Deer,1
 Accident,19:00,11/20/2014,Thursday,N,Unknown,NEW YORK,Unknown,NEW YORK,Unknown,Unknown,Unknown,Unknown,Not Applicable,"Other Motor Vehicle, Collision With",2
 Accident,16:45,05/19/2014,Monday,Y,Daylight,ROCKVILLE CENTRE,Unknown,NASSAU,Straight and Level,Clear,Traffic Signal,Dry,Not Applicable,"Other Motor Vehicle, Collision With",2
 Damage & Injury Accident,7:38,11/12/2014,Wednesday,Y,Daylight,TAGHKANIC,OTHER,COLUMBIA,Curve and Grade,Cloudy,None,Wet,Not Applicable,"Tree, Collision With Fixed Object",1
 Damage Accident,6:00,08/24/2014,Sunday,N,Unknown,MEDINA,OTHER,ORLEANS,Unknown,Unknown,Unknown,Unknown,Not Applicable,Deer,1
 Damage Accident,13:10,05/31/2014,Saturday,Y,Daylight,NEWBURGH,OTHER,ORANGE,Straight and Level,Clear,None,Dry,Not Applicable,Deer,1
 Damage Accident,7:55,10/20/2014,Monday,Y,Daylight,BINGHAMTON,OTHER,BROOME,Straight and Level,Clear,Unknown,Dry,Not Applicable,"Other Motor Vehicle, Collision With",3
 Accident,13:00,05/29/2014,Thursday,Y,Daylight,QUEENS,REAR END,QUEENS,Straight and Level,Clear,Traffic Signal,Dry,Not Applicable,"Other Motor Vehicle, Collision With",2
 Damage Accident,3:00,02/02/2014,Sunday,N,Unknown,ALTONA,OTHER,CLINTON,Unknown,Unknown,Unknown,Unknown,Not Applicable,"Other*, Non-Collision",1
 Damage Accident,12:25,01/17/2014,Friday,Y,Daylight,HORNELL,Unknown,STEUBEN,Unknown,Clear,None,Dry,Not Applicable,"Other Motor Vehicle, Collision With",2
 Accident,18:10,12/15/2014,Monday,Y,Dark-Road Lighted,QUEENS,Unknown,QUEENS,Straight and Level,Rain,None,Wet,Not Applicable,"Other Motor Vehicle, Collision With",2
 Damage Accident,0:00,02/16/2014,Sunday,N,Unknown,BRIGHTWATERS,OVERTAKING,SUFFOLK,Unknown,Unknown,Unknown,Unknown,Not Applicable,"Other Motor Vehicle, Collision With",2
 Damage Accident,8:30,03/17/2014,Monday,Y,Daylight,THOMPSON,OTHER,SULLIVAN,Straight and Level,Cloudy,None,Dry,Not Applicable,Deer,1
 Damage Accident,15:42,11/18/2014,Tuesday,Y,Daylight,BETHLEHEM,REAR END,ALBANY,Straight and Level,Clear,None,Dry,Not Applicable,"Other Motor Vehicle, Collision With",2
 Damage Accident,17:30,03/03/2014,Monday,N,Dusk,MENDON,OTHER,MONROE,Straight and Grade,Clear,None,Dry,Not Applicable,Deer,1
 Damage Accident,16:09,06/22/2014,Sunday,Y,Daylight,CAPE VINCENT,OTHER,JEFFERSON,Straight and Level,Clear,None,Dry,Not Applicable,Deer,1
 Damage Accident,5:05,11/07/2014,Friday,Y,Dark-Road Unlighted,ARCADIA,OTHER,WAYNE,Straight and Level,Rain,None,Wet,Not Applicable,Deer,1
 Damage Accident,0:00,11/13/2014,Thursday,N,Unknown,WHEATLAND,OTHER,MONROE,Unknown,Unknown,Unknown,Unknown,Not Applicable,Deer,1
 Accident,15:31,01/13/2014,Monday,Y,Daylight,GREECE,OTHER,MONROE,Straight and Grade,Cloudy,None,Wet,"Crossing, No Signal or Crosswalk","Bicyclist, Collision With",1
 Accident,18:40,05/18/2014,Sunday,Y,Daylight,QUEENS,OVERTAKING,QUEENS,Straight and Level,Clear,None,Dry,Not Applicable,"Other Motor Vehicle, Collision With",2
 Damage Accident,19:23,12/26/2014,Friday,Y,Dark-Road Unlighted,MACEDON,OTHER,WAYNE,Straight and Grade,Clear,None,Dry,Not Applicable,Deer,1
 Damage Accident,14:26,02/13/2014,Thursday,Y,Daylight,PLATTSBURG,OVERTAKING,CLINTON,Straight and Level,Cloudy,None,Dry,Not Applicable,"Other Motor Vehicle, Collision With",2
 Damage Accident,14:00,05/17/2014,Saturday,N,Unknown,BRONX,OVERTAKING,BRONX,Unknown,Unknown,Unknown,Unknown,Not Applicable,"Other Motor Vehicle, Collision With",2
 Damage Accident,0:00,03/06/2014,Thursday,N,Unknown,WALLKILL,OTHER,ORANGE,Unknown,Unknown,Unknown,Unknown,Not Applicable,Deer,1
 Accident,18:10,12/11/2014,Thursday,N,Unknown,KINGS,OTHER,KINGS,Unknown,Unknown,Unknown,Unknown,Not Applicable,"Other Motor Vehicle, Collision With",3
 Accident,13:55,05/10/2014,Saturday,Y,Unknown,QUEENS,OTHER,QUEENS,Unknown,Unknown,Unknown,Unknown,Unknown,"Pedestrian, Collision With",1
 Damage Accident,8:05,11/25/2014,Tuesday,Y,Daylight,FOWLER,OTHER,ST. LAWRENCE,Straight and Grade,Cloudy,None,Wet,Not Applicable,Deer,1
 Damage Accident,22:22,11/06/2014,Thursday,Y,Dark-Road Unlighted,PITTSFORD,OTHER,MONROE,Straight and Level,Rain,None,Wet,Not Applicable,Deer,1
 Damage Accident,20:16,06/18/2014,Wednesday,Y,Dusk,CHESTER,OTHER,ORANGE,Straight and Level,Clear,None,Dry,Not Applicable,"Animal, Collision With",1
 Damage Accident,5:30,01/02/2014,Thursday,Y,Dark-Road Unlighted,ALBANY,OTHER,ALBANY,Straight and Level,Snow,None,Snow/Ice,Not Applicable,"Guide Rail - Not At End, Collision With Fixed Object",1
 Damage Accident,19:40,08/10/2014,Sunday,Y,Daylight,HEMPSTEAD,Unknown,NASSAU,Straight and Level,Clear,Traffic Signal,Dry,Not Applicable,"Other Motor Vehicle, Collision With",2
 Damage Accident,14:30,07/10/2014,Thursday,N,Daylight,QUEENS,RIGHT ANGLE,QUEENS,Straight and Level,Clear,Stop Sign,Dry,Not Applicable,"Other Motor Vehicle, Collision With",2
 Damage Accident,8:00,03/31/2014,Monday,Y,Daylight,GATES,REAR END,MONROE,Straight and Level,Clear,None,Wet,Not Applicable,"Other Motor Vehicle, Collision With",2
 Damage Accident,19:00,07/25/2014,Friday,N,Daylight,QUEENS,OTHER,QUEENS,Straight and Level,Clear,None,Other,Not Applicable,"Other Fixed Object*, Collision With Fixed Object",1
 Accident,14:40,08/19/2014,Tuesday,Y,Daylight,MASSAPEQUA PARK,REAR END,NASSAU,Straight and Level,Clear,Traffic Signal,Dry,Not Applicable,"Other Motor Vehicle, Collision With",2
 Damage & Injury Accident,4:55,06/30/2014,Monday,Y,Daylight,NIAGARA FALLS,RIGHT ANGLE,NIAGARA,Straight and Level,Clear,Stop Sign,Dry,Not Applicable,"Other Motor Vehicle, Collision With",2
 Damage & Injury Accident,11:27,05/11/2014,Sunday,Y,Daylight,EAST FISHKILL,REAR END,DUTCHESS,Straight and Level,Clear,None,Dry,Not Applicable,"Other Motor Vehicle, Collision With",2
 Damage Accident,15:50,02/04/2014,Tuesday,Y,Daylight,RYE BROOKE,RIGHT ANGLE,WESTCHESTER,Straight and Level,Clear,None,Wet,Not Applicable,"Other Motor Vehicle, Collision With",2
 Damage & Injury Accident,12:20,05/06/2014,Tuesday,Y,Daylight,CLARENCE,REAR END,ERIE,Straight and Level,Clear,Traffic Signal,Dry,Not Applicable,"Other Motor Vehicle, Collision With",2
 Damage & Injury Accident,14:32,11/04/2014,Tuesday,Y,Daylight,LEWISTON,OTHER,NIAGARA,Straight and Level,Clear,None,Dry,Not Applicable,"Guide Rail - Not At End, Collision With Fixed Object",1
 Damage Accident,18:03,04/20/2014,Sunday,Y,Daylight,UNION,RIGHT ANGLE,BROOME,Straight and Level,Clear,None,Dry,Not Applicable,"Other Motor Vehicle, Collision With",2
 Damage & Injury Accident,17:26,01/25/2014,Saturday,Y,Dark-Road Unlighted,LAURENS,OTHER,OTSEGO,Curve and Grade,Snow,No Passing Zone,Snow/Ice,Not Applicable,"Other Fixed Object*, Collision With Fixed Object",1
 Accident,20:30,08/25/2014,Monday,Y,Dark-Road Lighted,QUEENS,OTHER,QUEENS,Straight and Level,Clear,Traffic Signal,Dry,"Crossing, With Signal","Pedestrian, Collision With",1
 Accident,5:30,10/14/2014,Tuesday,Y,Dark-Road Lighted,KINGS,OTHER,KINGS,Straight and Level,Cloudy,Traffic Signal,Wet,Not Applicable,"Other Motor Vehicle, Collision With",3
 Damage Accident,19:23,11/20/2014,Thursday,Y,Dark-Road Unlighted,SOUTHPORT,OTHER,CHEMUNG,Straight and Level,Cloudy,None,Dry,Not Applicable,Deer,1
 Damage Accident,23:01,11/21/2014,Friday,Y,Dark-Road Unlighted,LONG LAKE,OTHER,HAMILTON,Straight and Level,Cloudy,Other,Dry,Not Applicable,"Guide Rail - Not At End, Collision With Fixed Object",1
 Damage Accident,21:00,12/31/2014,Wednesday,N,Unknown,,OTHER,UNKNOWN,Unknown,Unknown,Unknown,Unknown,Not Applicable,"Guide Rail - Not At End, Collision With Fixed Object",1
 Damage & Injury Accident,14:26,07/27/2014,Sunday,Y,Daylight,LEWISTON,REAR END,NIAGARA,Straight and Level,Clear,None,Dry,Not Applicable,"Other Motor Vehicle, Collision With",2
 Damage Accident,16:29,02/10/2014,Monday,Y,Dark-Road Lighted,GREECE,REAR END,MONROE,Straight and Level,Cloudy,Traffic Signal,Wet,Not Applicable,"Other Motor Vehicle, Collision With",2
 Damage Accident,17:06,06/17/2014,Tuesday,Y,Daylight,CANANDAIGUA,OTHER,ONTARIO,Straight and Level,Cloudy,None,Dry,Not Applicable,"Other Motor Vehicle, Collision With",3
 Damage Accident,10:15,01/05/2014,Sunday,Y,Daylight,BROOKHAVEN,OTHER,SUFFOLK,Straight and Level,Rain,None,Snow/Ice,Not Applicable,"Median - Not At End, Collision With Fixed Object",1
 Damage & Injury Accident,0:20,09/06/2014,Saturday,Y,Dark-Road Unlighted,OYSTER BAY,REAR END,NASSAU,Straight and Grade,Clear,None,Dry,Not Applicable,"Other Motor Vehicle, Collision With",2
 Accident,22:10,04/15/2014,Tuesday,Y,Dark-Road Lighted,NEW YORK,OTHER,NEW YORK,Straight and Level,Rain,Traffic Signal,Wet,"Crossing, Against Signal","Pedestrian, Collision With",1
 Accident,5:15,12/25/2014,Thursday,Y,Dark-Road Lighted,KINGS,OTHER,KINGS,Straight and Level,Rain,None,Wet,"Crossing, No Signal, Marked Crosswalk","Pedestrian, Collision With",1
 Damage Accident,10:45,05/12/2014,Monday,N,Daylight,BRONX,OVERTAKING,BRONX,Straight and Level,Clear,None,Dry,Not Applicable,"Other Motor Vehicle, Collision With",2
 Damage Accident,22:03,04/15/2014,Tuesday,Y,Dark-Road Lighted,ROCHESTER,OTHER,MONROE,Straight and Level,Sleet/Hail/Freezing Rain,None,Snow/Ice,Not Applicable,"Guide Rail - Not At End, Collision With Fixed Object",1
 Accident,16:50,04/23/2014,Wednesday,Y,Daylight,NEW YORK,OTHER,NEW YORK,Straight and Level,Clear,Stop Sign,Dry,"Crossing, No Signal or Crosswalk","Bicyclist, Collision With",1
 Damage Accident,1:00,03/09/2014,Sunday,Y,Dark-Road Unlighted,MONTEZUMA,RIGHT ANGLE,CAYUGA,Curve and Level,Cloudy,None,Dry,Not Applicable,"Other Motor Vehicle, Collision With",2
 Damage Accident,14:26,01/31/2014,Friday,Y,Daylight,JAMESTOWN,RIGHT ANGLE,CHAUTAUQUA,Straight and Grade,Cloudy,None,Snow/Ice,Not Applicable,"Other Motor Vehicle, Collision With",2
 Damage Accident,4:24,07/13/2014,Sunday,Y,Dark-Road Unlighted,MOHAWK,OTHER,MONTGOMERY,Straight and Grade,Clear,None,Dry,Not Applicable,"Earth Embankment/Rock Cut/Ditch, Collision With Fixed Object",1
 Accident,20:10,08/21/2014,Thursday,Y,Dark-Road Lighted,QUEENS,OTHER,QUEENS,Straight and Level,Clear,Traffic Signal,Dry,Other Actions in Roadway,"Bicyclist, Collision With",1
 Damage Accident,15:30,01/06/2014,Monday,Y,Daylight,NEW HARTFORD,LEFT TURN (3),ONEIDA,Straight and Level,Cloudy,None,Dry,Not Applicable,"Other Motor Vehicle, Collision With",2
 Damage Accident,12:14,11/07/2014,Friday,Y,Daylight,ORCHARD PARK,OTHER,ERIE,Straight and Level,Cloudy,None,Wet,Not Applicable,Deer,1
 Damage Accident,17:40,11/25/2014,Tuesday,Y,Dark-Road Lighted,QUEENS,OTHER,QUEENS,Straight and Level,Clear,None,Dry,Not Applicable,"Other Motor Vehicle, Collision With",3
 Damage & Injury Accident,19:36,06/03/2014,Tuesday,Y,Daylight,BROOKHAVEN,RIGHT ANGLE,SUFFOLK,Straight and Level,Clear,Stop Sign,Dry,Not Applicable,"Other Motor Vehicle, Collision With",2
 Accident,15:03,05/20/2014,Tuesday,Y,Daylight,BRONX,OTHER,BRONX,Straight and Level,Clear,Traffic Signal,Dry,"Crossing, With Signal","Pedestrian, Collision With",1
 Accident,17:17,06/04/2014,Wednesday,Y,Daylight,PORT JERVIS,OTHER,ORANGE,Straight and Level,Clear,None,Dry,Riding/Walking/Skating Along Highway Against Traffic,"Pedestrian, Collision With",1
 Damage & Injury Accident,1:17,08/05/2014,Tuesday,Y,Dark-Road Lighted,WESTBURY,OTHER,NASSAU,Straight and Level,Clear,None,Dry,Not Applicable,"Overturned, Non-Collision",1
 Accident,10:30,01/10/2014,Friday,Y,Daylight,BRONX,OTHER,BRONX,Straight at Hill Crest,Snow,None,Snow/Ice,"Crossing, No Signal, Marked Crosswalk","Pedestrian, Collision With",1
 Damage Accident,18:20,12/01/2014,Monday,Y,Dark-Road Unlighted,GREECE,OTHER,MONROE,Straight and Level,Cloudy,None,Dry,Not Applicable,Deer,1
 Damage Accident,7:18,03/17/2014,Monday,Y,Daylight,VICTOR,OVERTAKING,ONTARIO,Straight and Grade,Cloudy,None,Dry,Not Applicable,"Other Motor Vehicle, Collision With",2