 Descriptor,Time,Date,Day of Week,Police Report,Lighting Conditions,Municipality,Collision Type Descriptor,County Name,Road Descriptor,Weather Conditions,Traffic Control Device,Road Surface Conditions,Pedestrian Bicyclist Action,Event Descriptor,Number of Vehicles Involved
 Damage & Injury Accident,9:45,03/06/2014,Thursday,Y,Daylight,KINGS,OTHER,KINGS,Straight and Level,Clear,None,Dry,Not Applicable,"Other Motor Vehicle, Collision With",4
 Damage & Injury Accident,21:10,04/05/2014,Saturday,Y,Dark-Road Unlighted,ROME,RIGHT ANGLE,ONEIDA,Curve and Level,Cloudy,Flashing Light,Dry,Not Applicable,"Other Motor Vehicle, Collision With",2
 Accident,17:50,12/20/2014,Saturday,Y,Dark-Road Lighted,QUEENS,OTHER,QUEENS,Straight and Level,Clear,Stop Sign,Dry,"Crossing, No Signal, Marked Crosswalk","Bicyclist, Collision With",1
 Damage & Injury Accident,13:31,02/07/2014,Friday,Y,Daylight,NORTH SALEM,RIGHT ANGLE,WESTCHESTER,Straight and Level,Clear,Stop Sign,Dry,Not Applicable,"Other Motor Vehicle, Collision With",2
 Accident,7:52,11/03/2014,Monday,Y,Daylight,KINGS,RIGHT ANGLE,KINGS,Straight and Level,Clear,Traffic Signal,Dry,Not Applicable,"Other Motor Vehicle, Collision With",2
 Damage Accident,9:26,04/17/2014,Thursday,Y,Daylight,ROCHESTER,RIGHT ANGLE,MONROE,Straight and Level,Clear,Traffic Signal,Dry,Not Applicable,"Other Motor Vehicle, Collision With",2
 Damage & Injury Accident,17:30,12/12/2014,Friday,N,Dark-Road Lighted,KINGS,OTHER,KINGS,Straight and Level,Clear,Traffic Signal,Dry,Not Applicable,"Other Motor Vehicle, Collision With",3
 Damage Accident,11:54,11/06/2014,Thursday,Y,Daylight,AUBURN,Unknown,CAYUGA,Straight and Level,Rain,None,Wet,Not Applicable,"Other Motor Vehicle, Collision With",2
 Accident,19:02,07/31/2014,Thursday,Y,Daylight,QUEENS,RIGHT ANGLE,QUEENS,Straight and Level,Clear,None,Dry,Not Applicable,"Other Motor Vehicle, Collision With",2
 Damage Accident,13:44,09/10/2014,Wednesday,Y,Daylight,PERINTON,REAR END,MONROE,Straight and Grade,Cloudy,None,Dry,Not Applicable,"Other Motor Vehicle, Collision With",2
 Damage Accident,8:20,09/19/2014,Friday,Y,Daylight,HYDE PARK,OTHER,DUTCHESS,Straight and Level,Clear,No Passing Zone,Dry,Not Applicable,Deer,1
 Damage & Injury Accident,0:00,04/11/2014,Friday,N,Unknown,KINGS,LEFT TURN (0),KINGS,Unknown,Unknown,Unknown,Unknown,Not Applicable,"Other Motor Vehicle, Collision With",2
 Accident,19:45,12/15/2014,Monday,Y,Dark-Road Lighted,KINGS,OTHER,KINGS,Straight and Level,Clear,None,Dry,Riding/Walking/Skating Along Highway With Traffic,"Bicyclist, Collision With",1
 Damage Accident,18:35,02/22/2014,Saturday,Y,Dark-Road Lighted,WATERTOWN,RIGHT ANGLE,JEFFERSON,Straight and Level,Clear,Stop Sign,Wet,Not Applicable,"Other Motor Vehicle, Collision With",2
 Damage Accident,19:55,05/19/2014,Monday,Y,Daylight,ELLERY,OTHER,CHAUTAUQUA,Straight and Level,Clear,None,Dry,Not Applicable,"Animal, Collision With",1
 Damage Accident,23:00,12/31/2014,Wednesday,Y,Dark-Road Unlighted,BROOKHAVEN,OTHER,SUFFOLK,Straight and Level,Clear,None,Dry,Not Applicable,Deer,1
 Damage Accident,23:30,08/21/2014,Thursday,N,Dark-Road Lighted,SARATOGA SPRINGS,Unknown,SARATOGA,Straight and Level,Cloudy,None,Wet,Not Applicable,"Other Motor Vehicle, Collision With",2
 Damage Accident,18:00,11/22/2014,Saturday,N,Dark-Road Lighted,BABYLON,Unknown,SUFFOLK,Straight and Level,Clear,Traffic Signal,Dry,Not Applicable,"Other Motor Vehicle, Collision With",2
 Accident,22:40,11/11/2014,Tuesday,Y,Dark-Road Lighted,QUEENS,RIGHT ANGLE,QUEENS,Straight and Level,Clear,Traffic Signal,Dry,Not Applicable,"Other Motor Vehicle, Collision With",2
 Damage & Injury Accident,9:58,12/06/2014,Saturday,Y,Daylight,SPRINGWATER,OTHER,LIVINGSTON,Straight and Grade,Cloudy,None,Wet,Not Applicable,"Tree, Collision With Fixed Object",1
 Damage & Injury Accident,12:33,12/14/2014,Sunday,Y,Daylight,ISLANDIA,RIGHT ANGLE,SUFFOLK,Straight and Level,Cloudy,Traffic Signal,Dry,Not Applicable,"Other Motor Vehicle, Collision With",2
 Damage Accident,0:30,08/06/2014,Wednesday,N,Dark-Road Unlighted,WAWARSING,OTHER,ULSTER,Straight and Level,Clear,Unknown,Dry,Not Applicable,Deer,1
 Damage Accident,11:09,09/04/2014,Thursday,Y,Daylight,MADISON,OTHER,MADISON,Straight and Level,Cloudy,None,Dry,Not Applicable,"Building/Wall, Collision With Fixed Object",1
 Damage Accident,1:35,10/28/2014,Tuesday,Y,Dark-Road Unlighted,FORT ANN,OTHER,WASHINGTON,Straight and Level,Clear,No Passing Zone,Dry,Not Applicable,Deer,1
 Damage Accident,0:40,12/14/2014,Sunday,Y,Dark-Road Lighted,CHESTNUT RIDGE,OTHER,ROCKLAND,Straight and Level,Clear,None,Dry,Not Applicable,Deer,1
 Damage & Injury Accident,17:55,01/17/2014,Friday,Y,Dark-Road Lighted,OYSTER BAY,REAR END,NASSAU,Straight and Level,Cloudy,None,Dry,Not Applicable,"Other Motor Vehicle, Collision With",2
 Accident,5:00,07/04/2014,Friday,Y,Dark-Road Lighted,HEMPSTEAD,OTHER,NASSAU,Curve and Level,Cloudy,None,Dry,Not Applicable,"Light Support/Utility Pole, Collision With Fixed Object",1
 Damage Accident,23:20,01/07/2014,Tuesday,Y,Dark-Road Lighted,GATES,REAR END,MONROE,Straight at Hill Crest,Snow,None,Snow/Ice,Not Applicable,"Other Motor Vehicle, Collision With",2
 Damage Accident,23:20,02/13/2014,Thursday,N,Dark-Road Lighted,QUEENS,Unknown,QUEENS,Straight and Level,Snow,Traffic Signal,Wet,Not Applicable,"Other Motor Vehicle, Collision With",2
 Accident,19:35,07/15/2014,Tuesday,Y,Dusk,LYNBROOK,LEFT TURN (0),NASSAU,Straight and Level,Rain,Traffic Signal,Wet,Not Applicable,"Other Motor Vehicle, Collision With",2
 Accident,19:50,02/02/2014,Sunday,Y,Dark-Road Lighted,KINGS,OTHER,KINGS,Curve and Level,Clear,Traffic Signal,Dry,"Crossing, With Signal","Pedestrian, Collision With",1
 Damage Accident,16:25,07/10/2014,Thursday,Y,Daylight,EAST HILLS,REAR END,NASSAU,Straight and Level,Clear,None,Dry,Not Applicable,"Other Motor Vehicle, Collision With",2
 Damage Accident,8:07,08/01/2014,Friday,Y,Daylight,SCHENECTADY,REAR END,SCHENECTADY,Straight and Level,Clear,Traffic Signal,Dry,Not Applicable,"Other Motor Vehicle, Collision With",2
 Damage Accident,7:00,09/26/2014,Friday,Y,Daylight,PERINTON,OTHER,MONROE,Straight and Level,Clear,None,Dry,Not Applicable,Deer,1
 Damage & Injury Accident,18:00,02/08/2014,Saturday,Y,Dark-Road Lighted,KINGS,HEAD ON,KINGS,Straight and Level,Clear,None,Wet,Not Applicable,"Other Motor Vehicle, Collision With",2
 Damage Accident,14:40,03/07/2014,Friday,Y,Daylight,WESTHAMPTON BEACH,REAR END,SUFFOLK,Straight and Level,Clear,Traffic Signal,Dry,Not Applicable,"Other Motor Vehicle, Collision With",2
 Damage Accident,15:30,10/27/2014,Monday,Y,Daylight,ORLEANS,OTHER,JEFFERSON,Curve and Grade,Cloudy,No Passing Zone,Dry,Not Applicable,"Guide Rail - Not At End, Collision With Fixed Object",1
 Accident,15:00,11/30/2014,Sunday,Y,Daylight,RICHMOND,REAR END,RICHMOND,Straight and Level,Cloudy,Traffic Signal,Dry,Not Applicable,"Other Motor Vehicle, Collision With",2
 Damage & Injury Accident,17:00,09/05/2014,Friday,Y,Daylight,KORTRIGHT,RIGHT ANGLE,DELAWARE,Straight and Level,Clear,None,Dry,Not Applicable,"Other Motor Vehicle, Collision With",2
 Damage Accident,11:03,05/16/2014,Friday,Y,Daylight,HEMPSTEAD,LEFT TURN (0),NASSAU,Straight and Level,Cloudy,None,Dry,Not Applicable,"Other Motor Vehicle, Collision With",2
 Damage Accident,17:55,01/23/2014,Thursday,Y,Dark-Road Unlighted,HOPKINTON,OTHER,ST. LAWRENCE,Straight and Level,Clear,None,Dry,Not Applicable,Deer,1
 Damage Accident,10:50,11/10/2014,Monday,Y,Daylight,HEMPSTEAD,RIGHT ANGLE,NASSAU,Straight and Level,Clear,Stop Sign,Dry,Not Applicable,"Other Motor Vehicle, Collision With",2
 Damage Accident,5:30,03/28/2014,Friday,Y,Dawn,QUEENS,OTHER,QUEENS,Straight and Level,Clear,Traffic Signal,Wet,Not Applicable,"Fire Hydrant, Collision With Fixed Object",1
 Damage Accident,9:40,01/29/2014,Wednesday,Y,Daylight,NORTH HEMPSTEAD,RIGHT ANGLE,NASSAU,Straight and Level,Clear,None,Snow/Ice,Not Applicable,"Other Motor Vehicle, Collision With",2
 Accident,20:10,08/28/2014,Thursday,Y,Dark-Road Lighted,LAWRENCE,OTHER,NASSAU,Straight and Level,Clear,None,Dry,"Crossing, No Signal or Crosswalk","Bicyclist, Collision With",1
 Accident,7:50,06/01/2014,Sunday,Y,Daylight,KINGS,OTHER,KINGS,Straight and Level,Clear,None,Dry,Unknown,"Pedestrian, Collision With",1
 Damage Accident,0:30,11/13/2014,Thursday,Y,Dark-Road Unlighted,POTSDAM,OTHER,ST. LAWRENCE,Straight and Level,Clear,None,Dry,Not Applicable,Deer,1
 Damage Accident,18:04,02/09/2014,Sunday,Y,Dark-Road Unlighted,GREENVILLE,OTHER,GREENE,Curve and Grade,Snow,No Passing Zone,Wet,Not Applicable,Deer,1
 Damage Accident,6:13,12/19/2014,Friday,Y,Dawn,ISLIP,RIGHT ANGLE,SUFFOLK,Straight and Level,Clear,None,Dry,Not Applicable,"Other Motor Vehicle, Collision With",2
 Damage Accident,7:00,07/21/2014,Monday,N,Daylight,ANGELICA,OTHER,ALLEGANY,Unknown,Clear,None,Dry,Not Applicable,"Overturned, Non-Collision",1
 Damage Accident,14:00,10/29/2014,Wednesday,Y,Daylight,SCHENECTADY,OTHER,SCHENECTADY,Curve and Grade,Rain,None,Wet,Not Applicable,"Light Support/Utility Pole, Collision With Fixed Object",1
 Damage Accident,12:52,10/23/2014,Thursday,Y,Daylight,ITHACA,OTHER,TOMPKINS,Curve and Grade,Cloudy,Traffic Signal,Dry,Not Applicable,"Other Motor Vehicle, Collision With",3
 Damage Accident,18:50,12/18/2014,Thursday,Y,Dark-Road Lighted,QUEENS,OTHER,QUEENS,Straight and Grade,Cloudy,Other,Dry,Not Applicable,"Other Motor Vehicle, Collision With",3
 Damage Accident,13:42,09/22/2014,Monday,Y,Daylight,HEMPSTEAD,REAR END,NASSAU,Curve and Level,Cloudy,Stop Sign,Dry,Not Applicable,"Other Motor Vehicle, Collision With",2
 Damage & Injury Accident,2:00,07/06/2014,Sunday,N,Unknown,IRONDEQUOIT,REAR END,MONROE,Unknown,Unknown,Unknown,Unknown,Not Applicable,"Other Motor Vehicle, Collision With",2
 Accident,13:00,10/31/2014,Friday,Y,Daylight,NEW YORK,REAR END,NEW YORK,Straight and Level,Clear,None,Dry,Not Applicable,"Other Motor Vehicle, Collision With",2
 Accident,1:50,10/07/2014,Tuesday,Y,Dark-Road Lighted,KINGS,RIGHT ANGLE,KINGS,Straight and Level,Clear,Stop Sign,Dry,Not Applicable,"Other Motor Vehicle, Collision With",2
 Damage Accident,9:00,03/31/2014,Monday,Y,Daylight,OYSTER BAY,OVERTAKING,NASSAU,Straight and Grade,Snow,None,Snow/Ice,Not Applicable,"Other Motor Vehicle, Collision With",2
 Damage & Injury Accident,14:06,09/30/2014,Tuesday,Y,Daylight,NIAGARA FALLS,LEFT TURN (0),NIAGARA,Straight and Level,Cloudy,Stop Sign,Dry,Not Applicable,"Other Motor Vehicle, Collision With",2
 Damage Accident,17:58,08/28/2014,Thursday,Y,Daylight,GREECE,OTHER,MONROE,Straight and Level,Clear,None,Dry,Not Applicable,"Other Motor Vehicle, Collision With",2
 Damage Accident,15:50,10/14/2014,Tuesday,Y,Daylight,BALLSTON SPA,REAR END,SARATOGA,Straight and Level,Clear,None,Dry,Not Applicable,"Other Motor Vehicle, Collision With",2
 Damage Accident,20:00,10/19/2014,Sunday,Y,Dark-Road Lighted,BEACON,REAR END,DUTCHESS,Straight and Grade,Clear,No Passing Zone,Dry,Not Applicable,"Other Motor Vehicle, Collision With",2
 Damage Accident,15:13,12/08/2014,Monday,Y,Daylight,PITTSFORD,OVERTAKING,MONROE,Straight and Level,Cloudy,None,Dry,Not Applicable,"Other Motor Vehicle, Collision With",2
 Damage Accident,18:00,08/08/2014,Friday,Y,Daylight,LE RAY,REAR END,JEFFERSON,Straight and Level,Clear,None,Dry,Not Applicable,"Other Motor Vehicle, Collision With",2
 Accident,6:40,11/04/2014,Tuesday,Y,Daylight,KINGS,OVERTAKING,KINGS,Straight and Grade,Clear,None,Dry,Not Applicable,"Other Motor Vehicle, Collision With",2
 Accident,1:26,12/06/2014,Saturday,Y,Dark-Road Unlighted,ROYALTON,OTHER,NIAGARA,Straight and Level,Cloudy,None,Dry,Not Applicable,"Overturned, Non-Collision",1
 Damage Accident,17:00,11/10/2014,Monday,N,Unknown,COLONIE,OTHER,ALBANY,Unknown,Unknown,Traffic Signal,Unknown,Not Applicable,"Other Fixed Object*, Collision With Fixed Object",1
 Damage Accident,22:35,08/21/2014,Thursday,N,Dark-Road Lighted,NEW YORK,OVERTAKING,NEW YORK,Straight and Level,Cloudy,Traffic Signal,Dry,Not Applicable,"Other Motor Vehicle, Collision With",2
 Damage Accident,8:45,09/28/2014,Sunday,Y,Daylight,NEWBURGH,HEAD ON,ORANGE,Curve and Grade,Clear,None,Dry,Not Applicable,"Light Support/Utility Pole, Collision With Fixed Object",2
 Damage Accident,18:26,12/31/2014,Wednesday,Y,Dark-Road Unlighted,BETHANY,OTHER,GENESEE,Straight and Grade,Cloudy,None,Dry,Not Applicable,Deer,1
 Damage Accident,21:10,03/13/2014,Thursday,Y,Dark-Road Lighted,ROCHESTER,HEAD ON,MONROE,Curve and Level,Clear,Traffic Signal,Snow/Ice,Not Applicable,"Other Motor Vehicle, Collision With",2
 Damage Accident,19:05,11/03/2014,Monday,Y,Dark-Road Unlighted,ALDEN,OTHER,ERIE,Straight and Grade,Clear,None,Dry,Not Applicable,Deer,1
 Damage Accident,10:00,09/21/2014,Sunday,Y,Daylight,RICHMOND,OTHER,RICHMOND,Straight and Level,Clear,None,Wet,Not Applicable,"Other Motor Vehicle, Collision With",3
 Damage Accident,19:47,06/04/2014,Wednesday,Y,Daylight,ALABAMA,OTHER,GENESEE,Straight and Level,Cloudy,None,Dry,Not Applicable,Deer,1
 Damage Accident,8:06,04/12/2014,Saturday,Y,Daylight,LARCHMONT,OTHER,WESTCHESTER,Straight and Level,Clear,None,Dry,Not Applicable,"Other Motor Vehicle, Collision With",3
 Damage Accident,12:11,01/28/2014,Tuesday,Y,Daylight,CORTLANDT,REAR END,WESTCHESTER,Straight and Level,Clear,None,Dry,Not Applicable,"Other Motor Vehicle, Collision With",2
 Damage Accident,14:27,01/03/2014,Friday,Y,Daylight,SAND LAKE,OVERTAKING,RENSSELAER,Straight and Level,Clear,None,Snow/Ice,Not Applicable,"Other Motor Vehicle, Collision With",2
 Damage Accident,5:55,03/09/2014,Sunday,Y,Dark-Road Lighted,OYSTER BAY,OTHER,NASSAU,Straight and Level,Cloudy,None,Dry,Not Applicable,"Tree, Collision With Fixed Object",1
 Accident,14:15,09/29/2014,Monday,Y,Daylight,LYNBROOK,OTHER,NASSAU,Straight and Level,Cloudy,Stop Sign,Dry,"Crossing, No Signal or Crosswalk","Bicyclist, Collision With",1
 Damage Accident,0:00,01/01/2014,Wednesday,N,Dark-Road Unlighted,WEST SENECA,OTHER,ERIE,Unknown,Snow,Unknown,Unknown,Not Applicable,"Median - Not At End, Collision With Fixed Object",1
 Damage Accident,22:10,08/12/2014,Tuesday,Y,Dark-Road Lighted,ISLAND PARK,REAR END,NASSAU,Straight and Level,Rain,None,Wet,Not Applicable,"Other Motor Vehicle, Collision With",2
 Damage Accident,15:12,08/04/2014,Monday,Y,Daylight,,RIGHT ANGLE,ORANGE,Straight and Grade,Clear,None,Dry,Not Applicable,"Other Motor Vehicle, Collision With",2
 Damage & Injury Accident,5:57,11/21/2014,Friday,Y,Dark-Road Lighted,ROCKVILLE CENTRE,REAR END,NASSAU,Straight and Level,Clear,None,Dry,Not Applicable,"Other Motor Vehicle, Collision With",2
 Damage & Injury Accident,22:24,02/01/2014,Saturday,Y,Dark-Road Unlighted,AURORA,OTHER,ERIE,Straight and Grade,Rain,None,Snow/Ice,Not Applicable,"Earth Embankment/Rock Cut/Ditch, Collision With Fixed Object",1
 Damage & Injury Accident,16:16,01/26/2014,Sunday,Y,Daylight,RAMAPO,RIGHT ANGLE,ROCKLAND,Straight and Grade,Cloudy,Yield Sign,Wet,Not Applicable,"Other Motor Vehicle, Collision With",2
 Damage & Injury Accident,16:10,06/29/2014,Sunday,Y,Daylight,MOREAU,REAR END,SARATOGA,Straight and Grade,Clear,Traffic Signal,Dry,Not Applicable,"Other Motor Vehicle, Collision With",2
 Accident,19:13,01/10/2014,Friday,Y,Dark-Road Lighted,QUEENS,OTHER,QUEENS,Straight and Level,Rain,None,Wet,Riding/Walking/Skating Along Highway Against Traffic,"Bicyclist, Collision With",1
 Damage Accident,7:50,02/27/2014,Thursday,Y,Daylight,ORCHARD PARK,REAR END,ERIE,Straight and Level,Snow,None,Snow/Ice,Not Applicable,"Guide Rail - Not At End, Collision With Fixed Object",2
 Damage Accident,14:35,11/12/2014,Wednesday,Y,Daylight,JOHNSTOWN,RIGHT TURN (6),FULTON,Straight and Level,Clear,None,Dry,Not Applicable,"Other Motor Vehicle, Collision With",2
 Damage Accident,7:00,11/20/2014,Thursday,N,Unknown,KINGS,Unknown,KINGS,Unknown,Unknown,Unknown,Unknown,Not Applicable,"Other Motor Vehicle, Collision With",2
 Damage Accident,17:50,12/05/2014,Friday,Y,Dark-Road Lighted,ROCHESTER,OVERTAKING,MONROE,Straight and Grade,Clear,None,Dry,Not Applicable,"Other Motor Vehicle, Collision With",2
 Damage & Injury Accident,13:03,09/19/2014,Friday,Y,Daylight,RIVERHEAD,OTHER,SUFFOLK,Straight and Level,Clear,Traffic Signal,Dry,Not Applicable,"Other Motor Vehicle, Collision With",3
 Damage & Injury Accident,13:30,06/18/2014,Wednesday,Y,Daylight,HUNTINGTON,OVERTAKING,SUFFOLK,Straight at Hill Crest,Clear,None,Dry,Not Applicable,"Other Motor Vehicle, Collision With",2
 Damage Accident,8:14,01/30/2014,Thursday,Y,Daylight,WORCESTER,OTHER,OTSEGO,Straight and Level,Clear,None,Dry,Not Applicable,"Guide Rail - Not At End, Collision With Fixed Object",1
 Damage Accident,16:00,11/08/2014,Saturday,Y,Daylight,WARWICK,SIDESWIPE,ORANGE,Straight and Level,Clear,None,Dry,Not Applicable,"Other Motor Vehicle, Collision With",2
 Damage Accident,5:43,10/23/2014,Thursday,Y,Dark-Road Unlighted,HAMLIN,OTHER,MONROE,Straight and Level,Clear,None,Dry,Not Applicable,Deer,1
 Damage Accident,16:00,03/24/2014,Monday,Y,Daylight,SMITHTOWN,Unknown,SUFFOLK,Straight and Level,Cloudy,None,Dry,Not Applicable,"Other Motor Vehicle, Collision With",2
 Damage Accident,11:42,02/03/2014,Monday,Y,Daylight,ISLIP,HEAD ON,SUFFOLK,Curve and Grade,Snow,None,Snow/Ice,Not Applicable,"Other Motor Vehicle, Collision With",2
 Damage & Injury Accident,16:15,08/17/2014,Sunday,Y,Daylight,ROYALTON,OTHER,NIAGARA,Curve and Level,Clear,None,Dry,Not Applicable,"Ran Off Roadway Only, Non-Collision",1
 Accident,14:40,03/19/2014,Wednesday,Y,Daylight,NEW YORK,OTHER,NEW YORK,Straight and Level,Cloudy,Traffic Signal,Dry,"Crossing, No Signal or Crosswalk","Pedestrian, Collision With",1
 Damage Accident,11:09,06/03/2014,Tuesday,Y,Daylight,KENMORE,OTHER,ERIE,Straight and Level,Cloudy,Traffic Signal,Dry,Not Applicable,"Building/Wall, Collision With Fixed Object",1
 Damage Accident,0:00,11/12/2014,Wednesday,N,Daylight,GHENT,OTHER,COLUMBIA,Straight and Level,Clear,None,Dry,Not Applicable,Deer,1
 Accident,14:30,05/26/2014,Monday,Y,Daylight,EAST HILLS,OTHER,NASSAU,Straight and Level,Clear,Traffic Signal,Dry,Not Applicable,"Other Motor Vehicle, Collision With",3
 Damage Accident,20:55,02/13/2014,Thursday,Y,Dark-Road Unlighted,,OTHER,ORANGE,Straight and Level,Sleet/Hail/Freezing Rain,None,Snow/Ice,Not Applicable,"Guide Rail - Not At End, Collision With Fixed Object",1
 Accident,23:35,03/26/2014,Wednesday,Y,Dark-Road Lighted,KINGS,OVERTAKING,KINGS,Straight and Level,Clear,Traffic Signal,Dry,Not Applicable,"Other Motor Vehicle, Collision With",2
 Damage & Injury Accident,9:42,12/10/2014,Wednesday,Y,Daylight,ROCHESTER,REAR END,MONROE,Straight and Level,Snow,None,Snow/Ice,Not Applicable,"Other Motor Vehicle, Collision With",2
 Damage Accident,14:00,03/27/2014,Thursday,Y,Daylight,OYSTER BAY,RIGHT ANGLE,NASSAU,Straight and Level,Clear,None,Dry,Not Applicable,"Other Motor Vehicle, Collision With",2
 Damage Accident,17:15,12/16/2014,Tuesday,Y,Dark-Road Unlighted,MENDON,OTHER,MONROE,Straight and Level,Clear,None,Dry,Not Applicable,Deer,1
 Damage Accident,15:00,12/05/2014,Friday,N,Daylight,LYNBROOK,RIGHT TURN (5),NASSAU,Curve and Level,Clear,Stop Sign,Dry,Not Applicable,"Other Motor Vehicle, Collision With",2
 Accident,15:40,11/16/2014,Sunday,Y,Daylight,ISLIP,RIGHT ANGLE,SUFFOLK,Straight and Level,Clear,Stop Sign,Dry,Not Applicable,"Other Motor Vehicle, Collision With",2
 Damage Accident,11:50,11/10/2014,Monday,Y,Daylight,NORTH HEMPSTEAD,OVERTAKING,NASSAU,Straight and Grade,Clear,Stop Sign,Dry,Not Applicable,"Other Motor Vehicle, Collision With",2
 Damage Accident,7:00,03/05/2014,Wednesday,N,Daylight,NEW YORK,Unknown,NEW YORK,Straight and Level,Clear,Unknown,Dry,Not Applicable,"Other Motor Vehicle, Collision With",2
 Damage Accident,6:41,04/18/2014,Friday,Y,Daylight,AMHERST,REAR END,ERIE,Straight and Level,Clear,Traffic Signal,Dry,Not Applicable,"Other Motor Vehicle, Collision With",2
 Damage Accident,12:00,04/22/2014,Tuesday,N,Daylight,AMHERST,OTHER,ERIE,Straight and Level,Rain,None,Wet,Not Applicable,"Other Fixed Object*, Collision With Fixed Object",1
 Damage Accident,14:25,02/13/2014,Thursday,Y,Daylight,SMITHTOWN,REAR END,SUFFOLK,Straight and Level,Sleet/Hail/Freezing Rain,None,Snow/Ice,Not Applicable,"Other Motor Vehicle, Collision With",2
 Damage & Injury Accident,21:39,12/16/2014,Tuesday,Y,Dark-Road Lighted,BROOKHAVEN,HEAD ON,SUFFOLK,Straight and Level,Rain,Traffic Signal,Wet,Not Applicable,"Other Motor Vehicle, Collision With",2
 Damage Accident,17:35,03/04/2014,Tuesday,Y,Dusk,SYRACUSE,RIGHT ANGLE,ONONDAGA,Straight and Grade,Cloudy,Traffic Signal,Wet,Not Applicable,"Other Motor Vehicle, Collision With",2
 Damage Accident,6:03,01/26/2014,Sunday,Y,Dark-Road Unlighted,MIDDLETOWN,OTHER,ORANGE,Straight and Level,Clear,None,Dry,Not Applicable,"Light Support/Utility Pole, Collision With Fixed Object",1
 Accident,10:00,09/20/2014,Saturday,N,Daylight,BRONX,REAR END,BRONX,Straight and Level,Clear,Traffic Signal,Dry,Not Applicable,"Other Motor Vehicle, Collision With",2
 Damage & Injury Accident,16:28,05/28/2014,Wednesday,Y,Daylight,GRANDVIEW ON HUDSON,REAR END,ROCKLAND,Straight and Level,Cloudy,None,Dry,Not Applicable,"Other Motor Vehicle, Collision With",2
 Accident,6:53,05/29/2014,Thursday,Y,Daylight,KINGS,REAR END,KINGS,Straight and Level,Clear,Traffic Signal,Dry,Not Applicable,"Other Motor Vehicle, Collision With",2
 Damage Accident,15:00,10/13/2014,Monday,N,Unknown,IRONDEQUOIT,OTHER,MONROE,Unknown,Unknown,Unknown,Unknown,Not Applicable,"Other*, Non-Collision",1
 Damage Accident,19:08,02/06/2014,Thursday,N,Unknown,RICHMOND,Unknown,RICHMOND,Unknown,Unknown,Unknown,Unknown,Not Applicable,"Other Motor Vehicle, Collision With",2
 Damage Accident,13:22,03/23/2014,Sunday,Y,Daylight,CAMILLUS,RIGHT ANGLE,ONONDAGA,Straight and Level,Cloudy,None,Dry,Not Applicable,"Other Motor Vehicle, Collision With",2
 Damage Accident,8:26,08/21/2014,Thursday,Y,Daylight,TONAWANDA,RIGHT ANGLE,ERIE,Straight and Level,Clear,None,Dry,Not Applicable,"Other Motor Vehicle, Collision With",2
 Damage Accident,14:00,05/22/2014,Thursday,N,Daylight,QUEENS,Unknown,QUEENS,Straight and Grade,Cloudy,None,Dry,Not Applicable,"Other Motor Vehicle, Collision With",2
 Damage Accident,23:00,06/07/2014,Saturday,N,Unknown,DEPOSIT,OTHER,DELAWARE,Unknown,Unknown,Unknown,Unknown,Not Applicable,Deer,1
 Damage & Injury Accident,19:34,12/09/2014,Tuesday,Y,Dark-Road Unlighted,NORTHUMBERLAND,OTHER,SARATOGA,Curve and Grade,Snow,None,Snow/Ice,Not Applicable,"Other Motor Vehicle, Collision With",3
 Damage Accident,17:00,08/08/2014,Friday,N,Daylight,MIDDLEBURG,Unknown,SCHOHARIE,Straight and Level,Cloudy,None,Unknown,Not Applicable,"Other Motor Vehicle, Collision With",2
 Damage Accident,21:12,04/11/2014,Friday,Y,Dark-Road Unlighted,WAPPINGER,LEFT TURN (3),DUTCHESS,Straight and Level,Rain,Traffic Signal,Wet,Not Applicable,"Other Motor Vehicle, Collision With",2
 Damage Accident,3:45,04/07/2014,Monday,Y,Dark-Road Lighted,SCHENECTADY,RIGHT TURN (6),SCHENECTADY,Straight and Level,Cloudy,Stop Sign,Dry,Not Applicable,"Other Motor Vehicle, Collision With",2
 Damage Accident,7:45,01/11/2014,Saturday,Y,Daylight,RICHMONDVILLE,OTHER,SCHOHARIE,Curve and Grade,Rain,None,Snow/Ice,Not Applicable,"Earth Embankment/Rock Cut/Ditch, Collision With Fixed Object",1
 Accident,8:00,03/25/2014,Tuesday,Y,Daylight,KINGS,REAR END,KINGS,Straight and Level,Clear,Traffic Signal,Dry,Not Applicable,"Other Motor Vehicle, Collision With",2
 Damage & Injury Accident,8:11,12/07/2014,Sunday,N,Daylight,,OTHER,ESSEX,Straight and Level,Clear,None,Dry,Not Applicable,"Light Support/Utility Pole, Collision With Fixed Object",1
 Accident,2:17,08/17/2014,Sunday,Y,Dark-Road Lighted,KINGS,OTHER,KINGS,Straight and Level,Clear,None,Dry,Not Applicable,"Other Motor Vehicle, Collision With",3
 Damage Accident,15:52,04/28/2014,Monday,Y,Daylight,BATAVIA,RIGHT ANGLE,GENESEE,Straight and Level,Cloudy,Traffic Signal,Dry,Not Applicable,"Other Motor Vehicle, Collision With",2
 Accident,15:00,06/26/2014,Thursday,Y,Daylight,KINGS,REAR END,KINGS,Straight and Level,Clear,None,Dry,Not Applicable,"Other Motor Vehicle, Collision With",2