 Descriptor,Time,Date,Day of Week,Police Report,Lighting Conditions,Municipality,Collision Type Descriptor,County Name,Road Descriptor,Weather Conditions,Traffic Control Device,Road Surface Conditions,Pedestrian Bicyclist Action,Event Descriptor,Number of Vehicles Involved
 Accident,14:40,10/24/2014,Friday,Y,Daylight,KINGS,OVERTAKING,KINGS,Straight and Level,Cloudy,None,Dry,Not Applicable,"Other Motor Vehicle, Collision With",2
 Damage Accident,17:15,08/19/2014,Tuesday,N,Unknown,QUEENS,REAR END,QUEENS,Unknown,Unknown,Unknown,Unknown,Not Applicable,"Other Motor Vehicle, Collision With",2
 Damage & Injury Accident,17:15,09/10/2014,Wednesday,Y,Daylight,HEMPSTEAD,LEFT TURN (3),NASSAU,Straight and Level,Cloudy,Stop Sign,Dry,Not Applicable,"Other Motor Vehicle, Collision With",2
 Accident,7:00,02/01/2014,Saturday,Y,Daylight,KINGS,OTHER,KINGS,Straight at Hill Crest,Clear,None,Dry,Riding/Walking/Skating Along Highway With Traffic,"Bicyclist, Collision With",1
 Damage Accident,14:40,02/19/2014,Wednesday,Y,Daylight,WALLKILL,HEAD ON,ORANGE,Curve and Grade,Cloudy,None,Snow/Ice,Not Applicable,"Other Motor Vehicle, Collision With",2
 Damage Accident,17:25,05/31/2014,Saturday,Y,Daylight,TONAWANDA,OTHER,ERIE,Curve and Grade,Clear,None,Dry,Not Applicable,"Crash Cushion, Collision With Fixed Object",1
 Damage Accident,18:01,07/09/2014,Wednesday,Y,Daylight,ROTTERDAM,RIGHT ANGLE,SCHENECTADY,Straight and Level,Rain,None,Wet,Not Applicable,"Other Motor Vehicle, Collision With",2
 Accident,8:14,01/23/2014,Thursday,Y,Daylight,PAINTED POST,OVERTAKING,STEUBEN,Curve and Level,Cloudy,None,Snow/Ice,Not Applicable,"Other Motor Vehicle, Collision With",2
 Damage Accident,16:05,01/19/2014,Sunday,Y,Daylight,GOSHEN,OTHER,ORANGE,Straight and Grade,Clear,None,Dry,Not Applicable,"Building/Wall, Collision With Fixed Object",1
 Damage Accident,6:35,01/11/2014,Saturday,Y,Dark-Road Unlighted,NEW PALTZ,OTHER,ULSTER,Straight and Level,Rain,None,Snow/Ice,Not Applicable,"Sign Post, Collision With Fixed Object",1
 Damage Accident,16:34,08/25/2014,Monday,N,Daylight,BOMBAY,RIGHT ANGLE,FRANKLIN,Straight and Level,Clear,None,Dry,Not Applicable,"Other Motor Vehicle, Collision With",2
 Damage Accident,0:00,08/03/2014,Sunday,N,Unknown,EAST ROCKAWAY,Unknown,NASSAU,Unknown,Unknown,Unknown,Unknown,Not Applicable,"Other Motor Vehicle, Collision With",2
 Damage & Injury Accident,21:55,09/30/2014,Tuesday,Y,Dark-Road Unlighted,KINGS,OTHER,KINGS,Straight and Grade,Cloudy,Construction Work Area,Dry,Not Applicable,"Barrier, Collision With Fixed Object",1
 Damage Accident,18:10,12/03/2014,Wednesday,Y,Dark-Road Lighted,BRIGHTON,OTHER,MONROE,Straight and Level,Cloudy,None,Dry,Not Applicable,"Other Motor Vehicle, Collision With",3
 Accident,13:15,10/18/2014,Saturday,Y,Daylight,NEW YORK,OTHER,NEW YORK,Straight and Level,Clear,None,Dry,Not in Roadway (Indicate),"Other Object (Not Fixed)*, Collision With",1
 Damage & Injury Accident,13:05,04/30/2014,Wednesday,Y,Daylight,PAWLING,OTHER,DUTCHESS,Straight and Level,Rain,No Passing Zone,Wet,Not Applicable,"Tree, Collision With Fixed Object",1
 Accident,20:30,07/07/2014,Monday,Y,Dark-Road Lighted,HEMPSTEAD,OTHER,NASSAU,Straight and Grade,Clear,None,Dry,Riding/Walking/Skating Along Highway With Traffic,"Bicyclist, Collision With",1
 Accident,12:00,02/18/2014,Tuesday,Y,Daylight,LITTLE FALLS,REAR END,HERKIMER,Straight and Level,Snow,No Passing Zone,Snow/Ice,Not Applicable,"Other Motor Vehicle, Collision With",2
 Damage Accident,14:30,10/17/2014,Friday,N,Unknown,AMHERST,LEFT TURN (3),ERIE,Unknown,Unknown,Unknown,Unknown,Not Applicable,"Other Motor Vehicle, Collision With",2
 Damage Accident,16:23,04/12/2014,Saturday,Y,Daylight,BROOKHAVEN,OTHER,SUFFOLK,Straight and Level,Clear,None,Dry,Not Applicable,"Other Motor Vehicle, Collision With",3
 Damage Accident,7:00,10/20/2014,Monday,Y,Dawn,ELLICOTT,OTHER,CHAUTAUQUA,Straight and Grade,Cloudy,None,Dry,Not Applicable,"Animal, Collision With",1
 Damage Accident,11:53,05/27/2014,Tuesday,Y,Daylight,PERINTON,RIGHT ANGLE,MONROE,Straight and Level,Clear,None,Dry,Not Applicable,"Other Motor Vehicle, Collision With",2
 Damage Accident,16:30,10/26/2014,Sunday,Y,Dark-Road Lighted,BUFFALO,OTHER,ERIE,Straight and Level,Clear,None,Dry,Not Applicable,"Other Object (Not Fixed)*, Collision With",1
 Damage & Injury Accident,0:00,10/17/2014,Friday,N,Daylight,RICHMOND,RIGHT ANGLE,RICHMOND,Straight and Level,Clear,Stop Sign,Dry,Not Applicable,"Other Motor Vehicle, Collision With",2
 Damage & Injury Accident,8:08,04/03/2014,Thursday,Y,Daylight,SALINA,OTHER,ONONDAGA,Straight and Level,Clear,Traffic Signal,Dry,Not Applicable,"Other Motor Vehicle, Collision With",3
 Damage Accident,8:14,05/25/2014,Sunday,Y,Daylight,ELBA,RIGHT ANGLE,GENESEE,Straight and Level,Clear,Stop Sign,Dry,Not Applicable,"Other Motor Vehicle, Collision With",2
 Damage Accident,17:20,08/18/2014,Monday,Y,Daylight,HUNTINGTON,REAR END,SUFFOLK,Straight at Hill Crest,Clear,None,Dry,Not Applicable,"Other Motor Vehicle, Collision With",2
 Damage & Injury Accident,14:03,12/21/2014,Sunday,Y,Daylight,SOUTHAMPTON,OTHER,SUFFOLK,Curve and Level,Rain,Not Applicable,Wet,Not Applicable,"Tree, Collision With Fixed Object",1
 Damage Accident,11:30,04/25/2014,Friday,N,Unknown,QUEENS,Unknown,QUEENS,Unknown,Unknown,Unknown,Unknown,Not Applicable,"Other Motor Vehicle, Collision With",2
 Accident,18:40,12/10/2014,Wednesday,Y,Dark-Road Lighted,NEW YORK,OTHER,NEW YORK,Straight and Level,Rain,Traffic Signal,Wet,"Crossing, Against Signal","Pedestrian, Collision With",1
 Damage & Injury Accident,7:00,10/04/2014,Saturday,Y,Dawn,FREMONT,OTHER,SULLIVAN,Curve and Level,Rain,No Passing Zone,Wet,Not Applicable,Deer,1
 Accident,17:16,11/20/2014,Thursday,Y,Dusk,BABYLON,OTHER,SUFFOLK,Straight and Level,Clear,Stop Sign,Dry,Not Applicable,"Other Motor Vehicle, Collision With",3
 Accident,14:04,02/21/2014,Friday,Y,Daylight,HEMPSTEAD,Unknown,NASSAU,Straight and Level,Cloudy,Traffic Signal,Wet,Not Applicable,"Other Motor Vehicle, Collision With",2
 Damage Accident,19:42,09/10/2014,Wednesday,Y,Dark-Road Unlighted,MAINE,OTHER,BROOME,Straight and Grade,Clear,None,Dry,Not Applicable,Deer,1
 Damage Accident,23:00,10/12/2014,Sunday,N,Unknown,,OTHER,MONROE,Unknown,Unknown,Unknown,Unknown,Not Applicable,Deer,1
 Damage Accident,17:07,04/29/2014,Tuesday,Y,Daylight,AUGUSTA,OTHER,ONEIDA,Straight and Grade,Rain,No Passing Zone,Wet,Not Applicable,"Other Motor Vehicle, Collision With",2
 Damage & Injury Accident,21:10,03/10/2014,Monday,Y,Dark-Road Lighted,SOUTHAMPTON,OTHER,SUFFOLK,Straight and Level,Clear,Stop Sign,Dry,Not Applicable,"Light Support/Utility Pole, Collision With Fixed Object",1
 Damage & Injury Accident,20:22,12/14/2014,Sunday,Y,Dark-Road Lighted,NORTH HEMPSTEAD,OVERTAKING,NASSAU,Straight and Grade,Cloudy,Traffic Signal,Dry,Not Applicable,"Other Motor Vehicle, Collision With",2
 Damage Accident,17:47,12/10/2014,Wednesday,Y,Dark-Road Lighted,SCHENECTADY,OVERTAKING,SCHENECTADY,Straight and Level,Snow,None,Snow/Ice,Not Applicable,"Other Motor Vehicle, Collision With",2
 Damage Accident,17:57,09/15/2014,Monday,Y,Daylight,OYSTER BAY,OVERTAKING,NASSAU,Straight and Level,Clear,None,Dry,Not Applicable,"Other Motor Vehicle, Collision With",2
 Damage Accident,6:15,02/05/2014,Wednesday,N,Dark-Road Unlighted,,OTHER,CHAUTAUQUA,Straight and Level,Snow,None,Snow/Ice,Not Applicable,Deer,1
 Damage Accident,3:10,05/01/2014,Thursday,N,Dark-Road Lighted,BROOKHAVEN,Unknown,SUFFOLK,Straight and Level,Rain,Traffic Signal,Wet,Not Applicable,"Other Motor Vehicle, Collision With",2
 Damage Accident,22:38,09/12/2014,Friday,Y,Dark-Road Lighted,EAST SYRACUSE,Unknown,ONONDAGA,Straight and Level,Cloudy,Stop Sign,Dry,Not Applicable,"Other Motor Vehicle, Collision With",2
 Damage Accident,8:15,04/10/2014,Thursday,Y,Daylight,ELLICOTT,REAR END,CHAUTAUQUA,Straight and Grade,Clear,Stop Sign,Dry,Not Applicable,"Other Motor Vehicle, Collision With",2
 Damage Accident,9:25,01/18/2014,Saturday,Y,Daylight,BRIGHTON,OTHER,MONROE,Straight and Level,Snow,None,Snow/Ice,Not Applicable,"Guide Rail - Not At End, Collision With Fixed Object",1
 Damage Accident,11:28,10/18/2014,Saturday,Y,Daylight,OLD WESTBURY,RIGHT TURN (6),NASSAU,Straight and Level,Cloudy,Traffic Signal,Dry,Not Applicable,"Other Motor Vehicle, Collision With",2
 Damage Accident,12:30,10/01/2014,Wednesday,N,Daylight,NEW YORK,Unknown,NEW YORK,Straight and Level,Rain,Traffic Signal,Wet,Not Applicable,"Other Motor Vehicle, Collision With",2
 Damage Accident,3:23,07/08/2014,Tuesday,Y,Dark-Road Unlighted,SARATOGA SPRINGS,OTHER,SARATOGA,Straight and Level,Rain,None,Wet,Not Applicable,"Guide Rail - Not At End, Collision With Fixed Object",1
 Damage Accident,11:35,02/06/2014,Thursday,Y,Daylight,NEW SCOTLAND,OTHER,ALBANY,Curve and Grade,Clear,None,Dry,Not Applicable,"Earth Embankment/Rock Cut/Ditch, Collision With Fixed Object",1
 Accident,0:15,12/21/2014,Sunday,Y,Dark-Road Lighted,KINGS,OTHER,KINGS,Straight and Level,Clear,None,Dry,Not Applicable,"Other Motor Vehicle, Collision With",3
 Damage Accident,16:20,01/14/2014,Tuesday,Y,Daylight,HUNTINGTON,OVERTAKING,SUFFOLK,Straight and Level,Rain,None,Wet,Not Applicable,"Other Motor Vehicle, Collision With",2
 Damage Accident,22:29,06/20/2014,Friday,Y,Dark-Road Lighted,GREECE,OTHER,MONROE,Straight and Level,Clear,None,Dry,Not Applicable,"Other*, Non-Collision",1
 Damage Accident,8:46,09/15/2014,Monday,Y,Daylight,ELMIRA,OTHER,CHEMUNG,Straight and Level,Clear,Construction Work Area,Dry,Not Applicable,"Other Motor Vehicle, Collision With",3
 Damage Accident,12:50,08/19/2014,Tuesday,Y,Daylight,NIAGARA FALLS,RIGHT TURN (5),NIAGARA,Straight and Level,Clear,None,Dry,Not Applicable,"Other Motor Vehicle, Collision With",2
 Damage & Injury Accident,18:12,07/08/2014,Tuesday,Y,Daylight,RYE BROOKE,RIGHT ANGLE,WESTCHESTER,Straight and Level,Cloudy,Stop Sign,Dry,Not Applicable,"Other Motor Vehicle, Collision With",2
 Damage Accident,20:40,01/15/2014,Wednesday,N,Dark-Road Lighted,KINGS,RIGHT ANGLE,KINGS,Straight and Level,Fog/Smog/Smoke,Traffic Signal,Dry,Not Applicable,"Other Motor Vehicle, Collision With",2
 Damage Accident,16:30,10/22/2014,Wednesday,Y,Daylight,NORTHPORT,OTHER,SUFFOLK,Curve at Hill Crest,Rain,None,Wet,Not Applicable,"Tree, Collision With Fixed Object",1
 Accident,15:24,04/29/2014,Tuesday,Y,Daylight,NEW YORK,OTHER,NEW YORK,Straight and Level,Rain,Traffic Signal,Wet,Working in Roadway,"Pedestrian, Collision With",1
 Accident,22:03,01/30/2014,Thursday,Y,Dark-Road Unlighted,VOLNEY,RIGHT ANGLE,OSWEGO,Straight and Level,Cloudy,Stop Sign,Dry,Not Applicable,"Other Motor Vehicle, Collision With",2
 Accident,18:10,12/01/2014,Monday,Y,Dark-Road Lighted,NEW YORK,OTHER,NEW YORK,Straight and Level,Rain,None,Wet,Getting On/Off Vehicle Other than School Bus,"Pedestrian, Collision With",1
 Damage Accident,13:00,11/30/2014,Sunday,N,Unknown,,REAR END,BROOME,Unknown,Unknown,Unknown,Unknown,Not Applicable,"Other Motor Vehicle, Collision With",2
 Damage Accident,4:56,05/08/2014,Thursday,Y,Dark-Road Lighted,BROOKHAVEN,OTHER,SUFFOLK,Straight and Level,Rain,None,Wet,Not Applicable,"Curbing, Collision With Fixed Object",1
 Damage Accident,20:20,05/29/2014,Thursday,N,Dusk,LIMA,OTHER,LIVINGSTON,Straight and Level,Clear,None,Dry,Not Applicable,Deer,1
 Damage Accident,12:56,07/30/2014,Wednesday,Y,Daylight,LANCASTER,RIGHT ANGLE,ERIE,Straight at Hill Crest,Cloudy,Stop Sign,Dry,Not Applicable,"Other Motor Vehicle, Collision With",2
 Damage & Injury Accident,20:50,12/17/2014,Wednesday,Y,Dark-Road Lighted,CHEEKTOWAGA,OVERTAKING,ERIE,Straight and Level,Snow,Traffic Signal,Wet,Not Applicable,"Other Motor Vehicle, Collision With",2
 Damage & Injury Accident,11:19,05/10/2014,Saturday,Y,Daylight,NEWBURGH,OTHER,ORANGE,Straight and Grade,Cloudy,None,Dry,Not Applicable,"Other Motor Vehicle, Collision With",3
 Damage & Injury Accident,12:19,09/20/2014,Saturday,Y,Daylight,LLOYD,HEAD ON,ULSTER,Straight and Level,Clear,None,Dry,Not Applicable,"Other Motor Vehicle, Collision With",2
 Damage & Injury Accident,18:50,02/09/2014,Sunday,Y,Dark-Road Unlighted,AVON,REAR END,LIVINGSTON,Straight and Level,Snow,None,Snow/Ice,Not Applicable,"Other Motor Vehicle, Collision With",2
 Accident,15:30,06/05/2014,Thursday,Y,Daylight,KINGS,REAR END,KINGS,Straight and Level,Clear,Traffic Signal,Dry,Not Applicable,"Other Motor Vehicle, Collision With",2
 Damage Accident,17:21,01/15/2014,Wednesday,Y,Dark-Road Lighted,BROOKHAVEN,REAR END,SUFFOLK,Straight and Level,Cloudy,Traffic Signal,Wet,Not Applicable,"Other Motor Vehicle, Collision With",2
 Damage & Injury Accident,7:53,09/08/2014,Monday,Y,Daylight,WHITE PLAINS,REAR END,WESTCHESTER,Straight and Grade,Clear,Traffic Signal,Dry,Not Applicable,"Other Motor Vehicle, Collision With",2
 Damage Accident,13:30,07/06/2014,Sunday,N,Daylight,ULSTER,REAR END,ULSTER,Straight and Level,Clear,None,Dry,Not Applicable,"Other Motor Vehicle, Collision With",2
 Damage Accident,20:40,08/16/2014,Saturday,Y,Dusk,LIBERTY,REAR END,SULLIVAN,Straight and Grade,Cloudy,None,Dry,Not Applicable,"Other Motor Vehicle, Collision With",2
 Damage & Injury Accident,17:45,12/24/2014,Wednesday,Y,Dark-Road Lighted,NORTH SYRACUSE,REAR END,ONONDAGA,Straight and Level,Cloudy,None,Wet,Not Applicable,"Other Motor Vehicle, Collision With",2
 Damage Accident,22:30,03/04/2014,Tuesday,N,Unknown,ITHACA,OTHER,TOMPKINS,Unknown,Unknown,Unknown,Unknown,Not Applicable,Deer,1
 Damage Accident,8:50,02/21/2014,Friday,Y,Daylight,QUEENSBURY,RIGHT TURN (6),WARREN,Straight and Level,Rain,Traffic Signal,Wet,Not Applicable,"Other Motor Vehicle, Collision With",2
 Damage Accident,18:00,08/08/2014,Friday,Y,Daylight,GREECE,OTHER,MONROE,Straight and Level,Clear,None,Dry,Not Applicable,"Other Motor Vehicle, Collision With",4
 Damage & Injury Accident,16:02,11/14/2014,Friday,Y,Daylight,POMFRET,OTHER,CHAUTAUQUA,Curve and Grade,Snow,None,Snow/Ice,Not Applicable,"Ran Off Roadway Only, Non-Collision",1
 Damage Accident,10:40,08/29/2014,Friday,N,Daylight,BRONX,SIDESWIPE,BRONX,Straight and Level,Clear,None,Dry,Not Applicable,"Other Motor Vehicle, Collision With",2
 Damage Accident,8:05,01/11/2014,Saturday,N,Unknown,QUEENS,REAR END,QUEENS,Unknown,Unknown,Unknown,Unknown,Not Applicable,"Other Motor Vehicle, Collision With",2
 Damage Accident,13:45,05/20/2014,Tuesday,Y,Daylight,NEWBURGH,LEFT TURN (3),ORANGE,Straight and Level,Clear,Traffic Signal,Dry,Not Applicable,"Other Motor Vehicle, Collision With",2
 Damage & Injury Accident,9:43,04/22/2014,Tuesday,Y,Daylight,VIRGIL,OTHER,CORTLAND,Curve and Grade,Rain,None,Wet,Not Applicable,"Earth Embankment/Rock Cut/Ditch, Collision With Fixed Object",1
 Damage Accident,13:35,05/14/2014,Wednesday,Y,Daylight,HORSEHEADS,LEFT TURN (0),CHEMUNG,Straight and Level,Clear,Stop Sign,Dry,Not Applicable,"Other Motor Vehicle, Collision With",2
 Damage & Injury Accident,17:51,06/24/2014,Tuesday,Y,Daylight,PENFIELD,REAR END,MONROE,Straight and Level,Cloudy,None,Dry,Not Applicable,"Other Motor Vehicle, Collision With",2
 Damage Accident,12:22,03/08/2014,Saturday,Y,Daylight,NEW YORK MILLS,REAR END,ONEIDA,Straight and Level,Clear,Traffic Signal,Dry,Not Applicable,"Other Motor Vehicle, Collision With",2
 Damage Accident,15:00,08/26/2014,Tuesday,N,Unknown,BRONX,OVERTAKING,BRONX,Unknown,Unknown,Unknown,Unknown,Not Applicable,"Other Motor Vehicle, Collision With",2
 Accident,20:30,08/04/2014,Monday,Y,Dark-Road Lighted,RICHMOND,OTHER,RICHMOND,Straight and Level,Clear,None,Dry,Emerging from in Front of/Behind Parked Vehicle,"Pedestrian, Collision With",1
 Damage Accident,11:45,12/20/2014,Saturday,Y,Daylight,SMITHTOWN,OVERTAKING,SUFFOLK,Straight and Level,Cloudy,Traffic Signal,Dry,Not Applicable,"Other Motor Vehicle, Collision With",2
 Damage Accident,21:00,10/23/2014,Thursday,Y,Dark-Road Lighted,KINGS,OVERTAKING,KINGS,Straight and Level,Rain,None,Wet,Not Applicable,"Other Motor Vehicle, Collision With",2
 Damage & Injury Accident,13:31,02/21/2014,Friday,Y,Daylight,LA GRANGE,REAR END,DUTCHESS,Curve and Grade,Cloudy,No Passing Zone,Wet,Not Applicable,"Other Motor Vehicle, Collision With",2
 Damage Accident,6:06,12/06/2014,Saturday,Y,Dark-Road Lighted,MOUNT KISCO,OTHER,WESTCHESTER,Straight and Level,Rain,None,Wet,Not Applicable,"Tree, Collision With Fixed Object",1
 Damage Accident,7:29,03/26/2014,Wednesday,Y,Daylight,SCHENECTADY,SIDESWIPE,SCHENECTADY,Straight and Level,Cloudy,None,Dry,Not Applicable,"Other Motor Vehicle, Collision With",2
 Damage Accident,22:20,11/10/2014,Monday,Y,Dark-Road Unlighted,JAVA,OTHER,WYOMING,Straight and Grade,Cloudy,None,Dry,Not Applicable,Deer,1
 Accident,0:42,02/01/2014,Saturday,Y,Dark-Road Lighted,QUEENS,OTHER,QUEENS,Straight and Level,Clear,None,Dry,"Crossing, No Signal or Crosswalk","Pedestrian, Collision With",1
 Accident,10:45,09/14/2014,Sunday,Y,Daylight,KINGS,OTHER,KINGS,Straight and Level,Clear,Traffic Signal,Dry,"Crossing, With Signal","Pedestrian, Collision With",1
 Damage Accident,9:04,11/28/2014,Friday,Y,Daylight,BUTLER,OTHER,WAYNE,Straight and Grade,Snow,None,Snow/Ice,Not Applicable,"Light Support/Utility Pole, Collision With Fixed Object",1
 Accident,0:00,03/24/2014,Monday,N,Unknown,ISLIP,REAR END,SUFFOLK,Unknown,Unknown,Unknown,Unknown,Not Applicable,"Other Motor Vehicle, Collision With",2
 Damage Accident,8:55,09/28/2014,Sunday,N,Daylight,NEW YORK,LEFT TURN (0),NEW YORK,Straight and Level,Clear,Traffic Signal,Dry,Not Applicable,"Other Motor Vehicle, Collision With",2
 Damage Accident,12:49,10/12/2014,Sunday,Y,Daylight,ALBANY,RIGHT ANGLE,ALBANY,Straight and Level,Clear,Stop Sign,Dry,Not Applicable,"Other Motor Vehicle, Collision With",2
 Damage & Injury Accident,8:21,06/02/2014,Monday,Y,Daylight,ELMIRA,RIGHT ANGLE,CHEMUNG,Straight and Grade,Clear,Stop Sign,Dry,Not Applicable,"Other Motor Vehicle, Collision With",2
 Damage Accident,15:21,06/09/2014,Monday,Y,Daylight,WAPPINGER,RIGHT ANGLE,DUTCHESS,Curve and Grade,Clear,None,Dry,Not Applicable,"Other Motor Vehicle, Collision With",2
 Damage Accident,1:09,11/21/2014,Friday,Y,Dark-Road Unlighted,CORTLANDVILLE,OTHER,CORTLAND,Straight and Level,Cloudy,None,Snow/Ice,Not Applicable,Deer,1
 Accident,14:45,06/08/2014,Sunday,N,Unknown,BOONVILLE,OTHER,ONEIDA,Unknown,Unknown,Unknown,Unknown,Not Applicable,Deer,1
 Accident,14:52,07/15/2014,Tuesday,Y,Daylight,PLATTSBURG,OTHER,CLINTON,Straight and Level,Cloudy,Stop Sign,Dry,Riding/Walking/Skating Along Highway Against Traffic,"Bicyclist, Collision With",1
 Damage Accident,0:00,10/22/2014,Wednesday,N,Unknown,BRONX,OTHER,BRONX,Unknown,Unknown,Unknown,Unknown,Not Applicable,"Other*, Non-Collision",1
 Damage Accident,11:31,06/25/2014,Wednesday,Y,Daylight,MIDDLETOWN,OVERTAKING,ORANGE,Straight and Grade,Clear,None,Dry,Not Applicable,"Other Motor Vehicle, Collision With",2
 Damage Accident,15:00,01/04/2014,Saturday,N,Daylight,BUFFALO,Unknown,ERIE,Straight and Level,Clear,None,Snow/Ice,Not Applicable,"Other Motor Vehicle, Collision With",2
 Accident,7:55,07/24/2014,Thursday,Y,Daylight,QUEENS,REAR END,QUEENS,Straight and Level,Clear,None,Dry,Not Applicable,"Other Motor Vehicle, Collision With",2
 Damage Accident,13:10,02/06/2014,Thursday,Y,Dusk,HUNTINGTON,RIGHT ANGLE,SUFFOLK,Straight and Level,Clear,None,Dry,Not Applicable,"Other Motor Vehicle, Collision With",2
 Damage Accident,12:04,10/09/2014,Thursday,Y,Daylight,GATES,REAR END,MONROE,Straight and Level,Clear,None,Dry,Not Applicable,"Other Motor Vehicle, Collision With",2
 Damage Accident,17:15,07/30/2014,Wednesday,Y,Daylight,ITALY,OTHER,YATES,Curve and Level,Rain,None,Wet,Not Applicable,"Guide Rail - Not At End, Collision With Fixed Object",1
 Damage Accident,11:42,08/17/2014,Sunday,Y,Daylight,WILTON,OTHER,SARATOGA,Straight and Level,Clear,None,Dry,Not Applicable,"Earth Embankment/Rock Cut/Ditch, Collision With Fixed Object",1
 Damage Accident,21:07,03/17/2014,Monday,Y,Dark-Road Unlighted,SAUGERTIES,OTHER,ULSTER,Curve and Level,Clear,None,Dry,Not Applicable,"Light Support/Utility Pole, Collision With Fixed Object",1
 Damage & Injury Accident,14:20,01/06/2014,Monday,Y,Daylight,ATHENS,OTHER,GREENE,Straight and Level,Cloudy,Unknown,Dry,Not Applicable,"Other Motor Vehicle, Collision With",3
 Damage Accident,18:00,09/25/2014,Thursday,Y,Dark-Road Lighted,KINGS,OVERTAKING,KINGS,Straight and Level,Rain,None,Wet,Not Applicable,"Other Motor Vehicle, Collision With",2
 Damage Accident,19:48,04/07/2014,Monday,Y,Dark-Road Lighted,BRIGHTON,OVERTAKING,MONROE,Straight and Grade,Rain,None,Wet,Not Applicable,"Other Motor Vehicle, Collision With",2
 Damage Accident,17:23,10/02/2014,Thursday,Y,Dusk,BRONX,OTHER,BRONX,Straight and Level,Clear,Traffic Signal,Dry,Not Applicable,"Other Motor Vehicle, Collision With",4
 Damage Accident,20:15,08/20/2014,Wednesday,Y,Dark-Road Unlighted,NUNDA,OTHER,LIVINGSTON,Straight and Grade,Cloudy,None,Dry,Not Applicable,Deer,1
 Accident,14:30,02/01/2014,Saturday,Y,Daylight,KINGS,OTHER,KINGS,Straight and Level,Clear,None,Dry,Other Actions in Roadway,"Bicyclist, Collision With",1
 Damage Accident,18:10,01/11/2014,Saturday,Y,Dark-Road Lighted,LOCKPORT,OTHER,NIAGARA,Curve and Level,Rain,None,Flooded Water,Not Applicable,"Light Support/Utility Pole, Collision With Fixed Object",1
 Damage & Injury Accident,9:32,11/17/2014,Monday,Y,Daylight,STOCKTON,SIDESWIPE,CHAUTAUQUA,Curve and Grade,Snow,None,Snow/Ice,Not Applicable,"Other Motor Vehicle, Collision With",2
 Damage Accident,8:11,02/18/2014,Tuesday,Y,Daylight,BAINBRIDGE,OTHER,CHENANGO,Curve and Level,Snow,No Passing Zone,Snow/Ice,Not Applicable,"Guide Rail - Not At End, Collision With Fixed Object",1
 Damage & Injury Accident,14:59,07/23/2014,Wednesday,Y,Daylight,MALONE,REAR END,FRANKLIN,Straight and Grade,Rain,None,Wet,Not Applicable,"Other Motor Vehicle, Collision With",2
 Accident,13:45,09/10/2014,Wednesday,Y,Daylight,QUEENS,OTHER,QUEENS,Straight and Level,Clear,Traffic Signal,Dry,Not Applicable,"Other Motor Vehicle, Collision With",3
 Damage Accident,16:56,01/29/2014,Wednesday,Y,Daylight,ERWIN,REAR END,STEUBEN,Straight and Level,Clear,Traffic Signal,Dry,Not Applicable,"Other Motor Vehicle, Collision With",2
 Accident,16:30,07/18/2014,Friday,N,Unknown,BRONX,Unknown,BRONX,Unknown,Unknown,Unknown,Unknown,Not Applicable,"Other Motor Vehicle, Collision With",2
 Accident,13:55,09/09/2014,Tuesday,Y,Daylight,CRAWFORD,OTHER,ORANGE,Straight and Level,Cloudy,None,Dry,Not Applicable,"Tree, Collision With Fixed Object",1
 Damage Accident,12:46,10/06/2014,Monday,Y,Daylight,OSWEGO,REAR END,OSWEGO,Straight and Grade,Clear,None,Dry,Not Applicable,"Other Motor Vehicle, Collision With",2
 Accident,7:38,06/30/2014,Monday,Y,Daylight,HEMPSTEAD,OTHER,NASSAU,Straight and Level,Clear,Traffic Signal,Dry,Riding/Walking/Skating Along Highway Against Traffic,"Bicyclist, Collision With",1
 Damage & Injury Accident,14:45,01/22/2014,Wednesday,Y,Daylight,QUEENS,REAR END,QUEENS,Straight and Level,Clear,Traffic Signal,Wet,Not Applicable,"Other Motor Vehicle, Collision With",2
 Damage Accident,20:11,07/03/2014,Thursday,Y,Daylight,MASSENA,OTHER,ST. LAWRENCE,Straight and Level,Clear,None,Dry,Not Applicable,"Other Motor Vehicle, Collision With",2
 Damage Accident,7:55,01/29/2014,Wednesday,Y,Daylight,BROOKHAVEN,REAR END,SUFFOLK,Straight and Grade,Snow,Stop Sign,Snow/Ice,Not Applicable,"Other Motor Vehicle, Collision With",2
 Accident,18:00,04/26/2014,Saturday,Y,Daylight,QUEENS,REAR END,QUEENS,Straight and Level,Rain,None,Wet,Not Applicable,"Other Motor Vehicle, Collision With",2
 Damage Accident,11:33,07/03/2014,Thursday,Y,Daylight,SYRACUSE,OTHER,ONONDAGA,Straight and Level,Cloudy,None,Dry,Not Applicable,"Fence, Collision With Fixed Object",1
 Damage Accident,12:21,02/21/2014,Friday,Y,Daylight,LEYDEN,OTHER,LEWIS,Straight and Grade,Rain,None,Wet,Not Applicable,"Overturned, Non-Collision",1
 Damage Accident,16:04,02/28/2014,Friday,Y,Daylight,UTICA,REAR END,ONEIDA,Straight and Level,Clear,None,Dry,Not Applicable,"Other Motor Vehicle, Collision With",2