 Descriptor,Time,Date,Day of Week,Police Report,Lighting Conditions,Municipality,Collision Type Descriptor,County Name,Road Descriptor,Weather Conditions,Traffic Control Device,Road Surface Conditions,Pedestrian Bicyclist Action,Event Descriptor,Number of Vehicles Involved
 Damage Accident,11:05,12/05/2014,Friday,Y,Daylight,OLD WESTBURY,Unknown,NASSAU,Curve and Level,Cloudy,Construction Work Area,Dry,Not Applicable,"Other Motor Vehicle, Collision With",2
 Accident,6:55,03/05/2014,Wednesday,Y,Daylight,OYSTER BAY,REAR END,NASSAU,Curve and Level,Cloudy,Yield Sign,Dry,Not Applicable,"Other Motor Vehicle, Collision With",2
 Accident,23:00,12/04/2014,Thursday,Y,Dark-Road Lighted,NEW YORK,REAR END,NEW YORK,Straight and Level,Clear,None,Dry,Not Applicable,"Other Motor Vehicle, Collision With",2
 Accident,18:57,10/17/2014,Friday,Y,Dusk,QUEENS,OTHER,QUEENS,Straight and Level,Clear,Traffic Signal,Dry,Not in Roadway (Indicate),"Other Motor Vehicle, Collision With",2
 Damage Accident,14:50,11/07/2014,Friday,N,Daylight,KINGS,Unknown,KINGS,Straight and Level,Clear,School Zone,Dry,Not Applicable,"Other Motor Vehicle, Collision With",2
 Damage & Injury Accident,14:51,09/30/2014,Tuesday,Y,Daylight,POUGHKEEPSIE,REAR END,DUTCHESS,Straight and Level,Cloudy,None,Dry,Not Applicable,"Other Motor Vehicle, Collision With",2
 Damage Accident,23:09,01/16/2014,Thursday,Y,Dark-Road Lighted,WESTBURY,OTHER,NASSAU,Straight and Level,Cloudy,Stop Sign,Dry,Not Applicable,"Other Fixed Object*, Collision With Fixed Object",1
 Damage & Injury Accident,15:00,07/25/2014,Friday,N,Unknown,HEMPSTEAD,REAR END,NASSAU,Unknown,Unknown,Unknown,Unknown,Not Applicable,"Other Motor Vehicle, Collision With",2
 Damage Accident,19:00,11/27/2014,Thursday,Y,Dark-Road Lighted,WESTBURY,SIDESWIPE,NASSAU,Straight and Level,Cloudy,None,Dry,Not Applicable,"Other Motor Vehicle, Collision With",2
 Damage Accident,13:05,06/23/2014,Monday,Y,Daylight,ELMSFORD,RIGHT TURN (6),WESTCHESTER,Straight and Grade,Clear,Traffic Signal,Dry,Not Applicable,"Other Motor Vehicle, Collision With",2
 Damage Accident,8:20,08/14/2014,Thursday,N,Daylight,VICTOR,Unknown,ONTARIO,Straight and Level,Clear,Unknown,Dry,Not Applicable,"Other Motor Vehicle, Collision With",2
 Damage & Injury Accident,5:08,10/30/2014,Thursday,Y,Dark-Road Lighted,UTICA,SIDESWIPE,ONEIDA,Straight and Level,Rain,None,Wet,Not Applicable,"Other Motor Vehicle, Collision With",2
 Damage & Injury Accident,9:20,10/06/2014,Monday,Y,Daylight,OGDEN,REAR END,MONROE,Curve and Level,Rain,Construction Work Area,Wet,Not Applicable,"Other Motor Vehicle, Collision With",2
 Accident,16:54,03/14/2014,Friday,Y,Daylight,BRIGHTON,REAR END,MONROE,Straight and Grade,Clear,Traffic Signal,Dry,Not Applicable,"Other Motor Vehicle, Collision With",2
 Accident,17:48,01/13/2014,Monday,Y,Dark-Road Lighted,BABYLON,REAR END,SUFFOLK,Straight and Level,Clear,None,Dry,Not Applicable,"Other Motor Vehicle, Collision With",2
 Accident,18:44,12/22/2014,Monday,Y,Dark-Road Lighted,PORT JERVIS,OTHER,ORANGE,Straight and Level,Rain,Traffic Signal,Wet,"Crossing, No Signal or Crosswalk","Pedestrian, Collision With",1
 Accident,14:00,06/15/2014,Sunday,Y,Daylight,BRONX,OTHER,BRONX,Straight at Hill Crest,Clear,Traffic Signal,Dry,Unknown,"Bicyclist, Collision With",1
 Damage Accident,21:25,05/10/2014,Saturday,Y,Dark-Road Lighted,HEMPSTEAD,OTHER,NASSAU,Straight and Level,Cloudy,Traffic Signal,Dry,Not Applicable,"Light Support/Utility Pole, Collision With Fixed Object",1
 Damage & Injury Accident,2:39,02/08/2014,Saturday,Y,Dark-Road Unlighted,CLARENDON,OTHER,ORLEANS,Curve and Level,Clear,None,Dry,Not Applicable,"Earth Embankment/Rock Cut/Ditch, Collision With Fixed Object",1
 Damage Accident,17:55,12/08/2014,Monday,Y,Dusk,SARATOGA SPRINGS,REAR END,SARATOGA,Straight and Level,Cloudy,Stop Sign,Dry,Not Applicable,"Other Motor Vehicle, Collision With",2
 Damage Accident,7:41,03/21/2014,Friday,Y,Daylight,CLARKSTOWN,REAR END,ROCKLAND,Straight and Level,Clear,None,Dry,Not Applicable,"Other Motor Vehicle, Collision With",2
 Damage Accident,2:49,04/16/2014,Wednesday,Y,Dark-Road Unlighted,ISLIP,OTHER,SUFFOLK,Straight and Level,Snow,None,Snow/Ice,Not Applicable,"Guide Rail - Not At End, Collision With Fixed Object",1
 Accident,14:30,09/13/2014,Saturday,Y,Daylight,BRONX,REAR END,BRONX,Straight and Level,Cloudy,Traffic Signal,Dry,Not Applicable,"Other Motor Vehicle, Collision With",2
 Damage Accident,18:31,09/04/2014,Thursday,Y,Daylight,BRIGHTON,LEFT TURN (3),MONROE,Straight and Level,Cloudy,Traffic Signal,Dry,Not Applicable,"Other Motor Vehicle, Collision With",2
 Damage & Injury Accident,17:40,02/14/2014,Friday,Y,Dusk,RAMAPO,LEFT TURN (0),ROCKLAND,Straight and Level,Clear,Stop Sign,Wet,Not Applicable,"Other Motor Vehicle, Collision With",2
 Accident,0:05,07/05/2014,Saturday,Y,Dark-Road Lighted,KINGS,OTHER,KINGS,Straight and Level,Clear,None,Dry,Not Applicable,"Other*, Non-Collision",1
 Damage Accident,2:37,04/08/2014,Tuesday,Y,Dark-Road Unlighted,SUMMERHILL,OTHER,CAYUGA,Straight and Grade,Rain,None,Wet,Not Applicable,Deer,1
 Damage & Injury Accident,15:35,05/24/2014,Saturday,Y,Daylight,OYSTER BAY,REAR END,NASSAU,Straight and Level,Cloudy,Traffic Signal,Dry,Not Applicable,"Other Motor Vehicle, Collision With",2
 Damage Accident,16:34,03/08/2014,Saturday,Y,Daylight,ISLIP,REAR END,SUFFOLK,Straight and Level,Clear,None,Dry,Not Applicable,"Other Motor Vehicle, Collision With",2
 Accident,17:10,01/29/2014,Wednesday,Y,Daylight,BRONX,REAR END,BRONX,Straight and Level,Clear,None,Dry,Not Applicable,"Other Motor Vehicle, Collision With",2
 Damage Accident,23:30,02/09/2014,Sunday,Y,Dark-Road Lighted,HEMPSTEAD,OVERTAKING,NASSAU,Straight and Level,Clear,None,Snow/Ice,Not Applicable,"Other Motor Vehicle, Collision With",2
 Damage Accident,8:50,07/17/2014,Thursday,Y,Daylight,BALLSTON SPA,REAR END,SARATOGA,Straight and Level,Clear,Other,Dry,Not Applicable,"Other Motor Vehicle, Collision With",2
 Damage Accident,17:19,09/11/2014,Thursday,Y,Daylight,ROSLYN,LEFT TURN (3),NASSAU,Straight and Grade,Cloudy,None,Dry,Not Applicable,"Other Motor Vehicle, Collision With",2
 Damage & Injury Accident,7:00,11/05/2014,Wednesday,Y,Daylight,BEDFORD,OTHER,WESTCHESTER,Straight and Level,Cloudy,None,Dry,Not Applicable,Deer,1
 Accident,17:03,08/06/2014,Wednesday,Y,Daylight,ITHACA,OTHER,TOMPKINS,Straight and Level,Clear,None,Dry,Not Applicable,"Other Motor Vehicle, Collision With",2
 Accident,14:57,02/18/2014,Tuesday,Y,Daylight,RICHMOND,REAR END,RICHMOND,Curve and Level,Clear,Yield Sign,Wet,Not Applicable,"Other Motor Vehicle, Collision With",2
 Damage Accident,13:30,12/01/2014,Monday,Y,Daylight,HEMPSTEAD,SIDESWIPE,NASSAU,Straight and Level,Cloudy,Traffic Signal,Dry,Not Applicable,"Other Motor Vehicle, Collision With",2
 Damage Accident,13:29,11/01/2014,Saturday,Y,Daylight,ORCHARD PARK,REAR END,ERIE,Straight and Level,Rain,None,Wet,Not Applicable,"Other Motor Vehicle, Collision With",2
 Damage Accident,11:58,11/20/2014,Thursday,Y,Daylight,COLUMBUS,OTHER,CHENANGO,Straight and Level,Clear,None,Dry,Not Applicable,Deer,1
 Accident,11:46,12/29/2014,Monday,Y,Daylight,NEW HARTFORD,REAR END,ONEIDA,Curve and Grade,Cloudy,Yield Sign,Dry,Not Applicable,"Other Motor Vehicle, Collision With",2
 Damage Accident,15:56,04/14/2014,Monday,Y,Daylight,ISLIP,OVERTAKING,SUFFOLK,Straight and Grade,Cloudy,None,Dry,Not Applicable,"Other Motor Vehicle, Collision With",2
 Accident,20:15,12/05/2014,Friday,Y,Dark-Road Lighted,QUEENS,REAR END,QUEENS,Straight and Level,Rain,None,Wet,Not Applicable,"Other Motor Vehicle, Collision With",2
 Accident,20:40,12/10/2014,Wednesday,Y,Dark-Road Lighted,KINGS,OTHER,KINGS,Straight and Level,Snow,Traffic Signal,Wet,"Crossing, With Signal","Pedestrian, Collision With",1
 Damage & Injury Accident,5:53,10/18/2014,Saturday,Y,Dark-Road Lighted,BRONX,Unknown,BRONX,Curve and Level,Clear,None,Dry,Not Applicable,"Other Motor Vehicle, Collision With",2
 Damage Accident,0:00,06/02/2014,Monday,N,Unknown,BABYLON,SIDESWIPE,SUFFOLK,Unknown,Unknown,Unknown,Unknown,Not Applicable,"Other Motor Vehicle, Collision With",2
 Damage Accident,16:14,01/10/2014,Friday,Y,Daylight,MAMAKATING,OTHER,SULLIVAN,Straight and Level,Cloudy,No Passing Zone,Wet,Not Applicable,"Tree, Collision With Fixed Object",1
 Damage Accident,17:00,05/29/2014,Thursday,Y,Daylight,POUND RIDGE,HEAD ON,WESTCHESTER,Straight and Grade,Clear,Stop Sign,Dry,Not Applicable,"Other Motor Vehicle, Collision With",2
 Damage Accident,3:40,02/24/2014,Monday,Y,Dark-Road Lighted,ISLIP,Unknown,SUFFOLK,Straight and Level,Cloudy,None,Wet,Not Applicable,"Other Fixed Object*, Collision With Fixed Object",2
 Accident,12:35,06/17/2014,Tuesday,Y,Daylight,KINGS,REAR END,KINGS,Straight and Level,Clear,Traffic Signal,Dry,Not Applicable,"Other Motor Vehicle, Collision With",2
 Accident,12:00,05/17/2014,Saturday,Y,Daylight,QUEENS,RIGHT ANGLE,QUEENS,Straight and Level,Clear,Stop Sign,Dry,Not Applicable,"Other Motor Vehicle, Collision With",2
 Damage & Injury Accident,17:00,10/30/2014,Thursday,Y,Daylight,CLARENCE,REAR END,ERIE,Straight and Grade,Cloudy,None,Dry,Not Applicable,"Other Motor Vehicle, Collision With",2
 Damage Accident,14:45,11/03/2014,Monday,Y,Daylight,WARWICK,RIGHT ANGLE,ORANGE,Straight and Level,Clear,None,Dry,Not Applicable,"Other Motor Vehicle, Collision With",2
 Damage Accident,16:06,04/05/2014,Saturday,N,Daylight,AMHERST,Unknown,ERIE,Straight and Level,Clear,None,Dry,Not Applicable,"Other Motor Vehicle, Collision With",2
 Damage Accident,8:44,10/01/2014,Wednesday,Y,Daylight,ISLANDIA,REAR END,SUFFOLK,Straight and Level,Cloudy,None,Wet,Not Applicable,"Other Motor Vehicle, Collision With",2
 Damage Accident,12:30,09/08/2014,Monday,Y,Daylight,DAVENPORT,OTHER,DELAWARE,Straight and Grade,Clear,None,Dry,Not Applicable,Deer,1
 Accident,5:00,02/22/2014,Saturday,Y,Dark-Road Lighted,BRONX,OTHER,BRONX,Curve and Level,Clear,None,Snow/Ice,Not Applicable,"Other Object (Not Fixed)*, Collision With",1
 Damage Accident,17:10,08/09/2014,Saturday,N,Daylight,QUEENS,Unknown,QUEENS,Straight and Grade,Clear,Unknown,Dry,Not Applicable,"Other Motor Vehicle, Collision With",2
 Damage & Injury Accident,5:30,10/12/2014,Sunday,Y,Dark-Road Unlighted,GLEN,OTHER,MONTGOMERY,Straight and Grade,Clear,No Passing Zone,Dry,Not Applicable,"Earth Embankment/Rock Cut/Ditch, Collision With Fixed Object",1
 Accident,23:10,11/04/2014,Tuesday,Y,Dark-Road Lighted,QUEENS,OTHER,QUEENS,Straight and Level,Clear,Traffic Signal,Dry,"Crossing, With Signal","Pedestrian, Collision With",1
 Damage Accident,20:07,02/04/2014,Tuesday,Y,Dark-Road Lighted,PENFIELD,OTHER,MONROE,Straight and Grade,Cloudy,None,Dry,Not Applicable,Deer,1
 Damage & Injury Accident,2:20,03/01/2014,Saturday,Y,Dark-Road Lighted,SYRACUSE,RIGHT ANGLE,ONONDAGA,Straight and Level,Snow,Traffic Signal,Snow/Ice,Not Applicable,"Other Motor Vehicle, Collision With",2
 Damage Accident,16:50,06/19/2014,Thursday,Y,Daylight,SIDNEY,LEFT TURN (0),DELAWARE,Straight and Level,Clear,Traffic Signal,Dry,Not Applicable,"Other Motor Vehicle, Collision With",2
 Damage Accident,11:20,12/28/2014,Sunday,Y,Daylight,SALINA,OTHER,ONONDAGA,Straight and Level,Cloudy,None,Dry,Not Applicable,"Light Support/Utility Pole, Collision With Fixed Object",1
 Damage Accident,22:00,08/12/2014,Tuesday,Y,Dark-Road Lighted,GEDDES,OVERTAKING,ONONDAGA,Straight and Level,Rain,None,Wet,Not Applicable,"Other Motor Vehicle, Collision With",2
 Damage Accident,12:59,01/28/2014,Tuesday,Y,Daylight,SCHENECTADY,RIGHT ANGLE,SCHENECTADY,Straight and Level,Clear,Stop Sign,Dry,Not Applicable,"Other Motor Vehicle, Collision With",2
 Damage Accident,14:20,10/24/2014,Friday,Y,Daylight,EAST BLOOMFIELD,OTHER,ONTARIO,Straight and Level,Clear,None,Dry,Not Applicable,Deer,1
 Accident,23:22,11/18/2014,Tuesday,Y,Dark-Road Lighted,BRONX,OTHER,BRONX,Straight and Level,Clear,None,Dry,Not Applicable,"Other Motor Vehicle, Collision With",3
 Damage Accident,6:45,07/20/2014,Sunday,Y,Daylight,GLENVILLE,OTHER,SCHENECTADY,Curve and Level,Clear,None,Dry,Not Applicable,"Earth Embankment/Rock Cut/Ditch, Collision With Fixed Object",1
 Damage Accident,13:00,07/24/2014,Thursday,N,Daylight,ISLIP,OVERTAKING,SUFFOLK,Straight and Level,Clear,None,Dry,Not Applicable,"Other Motor Vehicle, Collision With",2
 Damage & Injury Accident,11:35,11/06/2014,Thursday,Y,Daylight,HECTOR,OTHER,SCHUYLER,Straight and Level,Rain,None,Wet,Not Applicable,"Guide Rail - Not At End, Collision With Fixed Object",1
 Accident,15:50,02/14/2014,Friday,Y,Daylight,SMITHTOWN,REAR END,SUFFOLK,Straight and Grade,Clear,None,Wet,Not Applicable,"Other Motor Vehicle, Collision With",2
 Accident,19:07,05/24/2014,Saturday,Y,Daylight,BUFFALO,OTHER,ERIE,Straight and Level,Clear,None,Dry,Emerging from in Front of/Behind Parked Vehicle,"Bicyclist, Collision With",1
 Damage Accident,8:55,01/17/2014,Friday,Y,Daylight,HEMPSTEAD,REAR END,NASSAU,Straight and Level,Clear,Traffic Signal,Dry,Not Applicable,"Other Motor Vehicle, Collision With",2
 Accident,14:30,02/07/2014,Friday,Y,Dark-Road Lighted,KINGS,REAR END,KINGS,Straight and Level,Clear,Traffic Signal,Dry,Not Applicable,"Other Motor Vehicle, Collision With",2
 Damage Accident,12:40,07/22/2014,Tuesday,Y,Daylight,QUEENS,RIGHT ANGLE,QUEENS,Straight and Level,Clear,Stop Sign,Dry,Not Applicable,"Other Motor Vehicle, Collision With",2
 Damage Accident,16:00,03/29/2014,Saturday,Y,Daylight,KINGS,REAR END,KINGS,Straight and Level,Rain,None,Wet,Not Applicable,"Other Motor Vehicle, Collision With",2
 Damage Accident,3:54,01/11/2014,Saturday,Y,Dark-Road Unlighted,QUEENSBURY,OTHER,WARREN,Curve and Grade,Rain,None,Snow/Ice,Not Applicable,"Other Fixed Object*, Collision With Fixed Object",1
 Damage Accident,16:04,09/15/2014,Monday,Y,Daylight,SANDS POINT,RIGHT ANGLE,NASSAU,Curve and Grade,Clear,None,Dry,Not Applicable,"Other Motor Vehicle, Collision With",2
 Damage Accident,14:15,06/06/2014,Friday,N,Daylight,BRONX,Unknown,BRONX,Straight and Level,Clear,Traffic Signal,Dry,Not Applicable,"Other Motor Vehicle, Collision With",2
 Damage Accident,0:29,02/05/2014,Wednesday,Y,Dark-Road Lighted,BABYLON,Unknown,SUFFOLK,Straight and Level,Clear,None,Dry,Not Applicable,"Other Motor Vehicle, Collision With",2
 Accident,3:29,04/07/2014,Monday,Y,Dark-Road Unlighted,COLCHESTER,OTHER,DELAWARE,Straight and Grade,Cloudy,None,Dry,Not Applicable,"Other*, Non-Collision",1
 Accident,13:57,06/02/2014,Monday,Y,Daylight,HEMPSTEAD,LEFT TURN (0),NASSAU,Straight and Level,Clear,Traffic Signal,Dry,Not Applicable,"Other Motor Vehicle, Collision With",2
 Damage Accident,12:50,06/17/2014,Tuesday,Y,Daylight,,REAR END,UNKNOWN,Straight and Level,Clear,None,Dry,Not Applicable,"Other Motor Vehicle, Collision With",2
 Damage & Injury Accident,21:24,09/02/2014,Tuesday,Y,Dark-Road Unlighted,NIAGARA,REAR END,NIAGARA,Curve and Level,Clear,Construction Work Area,Dry,Not Applicable,"Other Motor Vehicle, Collision With",2
 Damage Accident,8:15,08/04/2014,Monday,Y,Daylight,CONCORD,OTHER,ERIE,Straight and Level,Clear,None,Dry,Not Applicable,"Other Fixed Object*, Collision With Fixed Object",1
 Damage Accident,18:05,04/26/2014,Saturday,N,Daylight,ISLIP,Unknown,SUFFOLK,Straight and Level,Clear,None,Dry,Not Applicable,"Other Motor Vehicle, Collision With",2
 Damage Accident,16:20,04/26/2014,Saturday,Y,Daylight,ALEXANDRIA,OTHER,JEFFERSON,Straight and Level,Cloudy,None,Dry,Not Applicable,"Guide Rail - Not At End, Collision With Fixed Object",1
 Damage Accident,17:30,04/24/2014,Thursday,Y,Daylight,ONEONTA,OVERTAKING,OTSEGO,Straight and Grade,Clear,Stop Sign,Dry,Not Applicable,"Other Motor Vehicle, Collision With",2
 Damage Accident,0:00,02/14/2014,Friday,N,Unknown,BEEKMANTOWN,OTHER,CLINTON,Unknown,Unknown,Unknown,Unknown,Not Applicable,"Fence, Collision With Fixed Object",1
 Damage Accident,7:55,03/01/2014,Saturday,Y,Daylight,MAMARONECK,Unknown,WESTCHESTER,Straight and Level,Clear,None,Dry,Not Applicable,"Other Motor Vehicle, Collision With",2
 Damage Accident,1:30,11/08/2014,Saturday,Y,Dark-Road Unlighted,PHELPS,OTHER,ONTARIO,Straight and Level,Cloudy,None,Dry,Not Applicable,Deer,1
 Damage & Injury Accident,18:38,04/21/2014,Monday,Y,Daylight,CLIFTON PARK,REAR END,SARATOGA,Straight and Grade,Clear,None,Dry,Not Applicable,"Other Motor Vehicle, Collision With",2
 Accident,6:41,10/16/2014,Thursday,Y,Dawn,GUILDERLAND,RIGHT TURN (6),ALBANY,Straight and Level,Cloudy,Traffic Signal,Wet,Not Applicable,"Other Motor Vehicle, Collision With",2
 Accident,12:52,10/29/2014,Wednesday,Y,Daylight,KINGS,RIGHT ANGLE,KINGS,Straight and Level,Clear,None,Dry,Not Applicable,"Other Motor Vehicle, Collision With",2
 Damage Accident,16:40,05/28/2014,Wednesday,Y,Daylight,BUFFALO,RIGHT ANGLE,ERIE,Straight and Level,Clear,None,Dry,Not Applicable,"Other Motor Vehicle, Collision With",2
 Accident,18:51,10/03/2014,Friday,Y,Dark-Road Lighted,FISHKILL,OTHER,DUTCHESS,Straight and Level,Cloudy,Unknown,Dry,Not Applicable,"Other Object (Not Fixed)*, Collision With",1
 Damage Accident,4:25,11/12/2014,Wednesday,Y,Dark-Road Lighted,VESTAL,OTHER,BROOME,Straight and Level,Clear,None,Dry,Not Applicable,Deer,1
 Damage Accident,21:30,11/23/2014,Sunday,Y,Dark-Road Unlighted,ROME,OTHER,ONEIDA,Straight and Level,Cloudy,No Passing Zone,Dry,Not Applicable,Deer,1
 Accident,12:58,11/10/2014,Monday,Y,Daylight,BRONX,Unknown,BRONX,Straight and Level,Clear,Traffic Signal,Dry,Not Applicable,"Other Motor Vehicle, Collision With",2
 Damage Accident,14:40,04/26/2014,Saturday,Y,Daylight,WHEATLAND,OTHER,MONROE,Straight and Level,Cloudy,None,Dry,Not Applicable,Deer,1
 Damage Accident,8:50,03/02/2014,Sunday,N,Daylight,BROOKHAVEN,Unknown,SUFFOLK,Straight and Level,Clear,Traffic Signal,Dry,Not Applicable,"Other Motor Vehicle, Collision With",2
 Damage Accident,21:15,11/21/2014,Friday,N,Dark-Road Unlighted,GREENE,OTHER,CHENANGO,Straight and Level,Clear,None,Dry,Not Applicable,Deer,1
 Damage Accident,22:29,07/03/2014,Thursday,Y,Dark-Road Unlighted,UTICA,OTHER,ONEIDA,Straight and Level,Cloudy,None,Wet,Not Applicable,Deer,1
 Damage & Injury Accident,12:12,04/12/2014,Saturday,Y,Daylight,SMITHTOWN,REAR END,SUFFOLK,Curve and Level,Clear,Yield Sign,Dry,Not Applicable,"Other Motor Vehicle, Collision With",2
 Accident,16:30,03/23/2014,Sunday,Y,Daylight,KINGS,OTHER,KINGS,Straight and Level,Clear,Traffic Signal,Dry,"Crossing, Against Signal","Pedestrian, Collision With",1
 Damage Accident,7:35,11/25/2014,Tuesday,Y,Daylight,PITCAIRN,OTHER,ST. LAWRENCE,Straight at Hill Crest,Cloudy,No Passing Zone,Dry,Not Applicable,Deer,1
 Accident,21:11,11/21/2014,Friday,N,Dark-Road Lighted,KINGS,OVERTAKING,KINGS,Straight and Level,Clear,Traffic Signal,Dry,Not Applicable,"Other Motor Vehicle, Collision With",2
 Damage Accident,17:20,09/10/2014,Wednesday,Y,Daylight,OYSTER BAY,REAR END,NASSAU,Straight and Level,Cloudy,None,Dry,Not Applicable,"Other Motor Vehicle, Collision With",2
 Accident,6:45,09/29/2014,Monday,Y,Dawn,HEMPSTEAD,HEAD ON,NASSAU,Straight and Level,Clear,Traffic Signal,Dry,Not Applicable,"Other Motor Vehicle, Collision With",2
 Damage Accident,18:22,11/14/2014,Friday,Y,Dark-Road Lighted,SOUTHAMPTON,OTHER,SUFFOLK,Straight and Level,Clear,None,Dry,Not Applicable,Deer,1
 Damage Accident,15:24,01/26/2014,Sunday,Y,Daylight,NEWARK,RIGHT ANGLE,WAYNE,Straight and Level,Snow,Stop Sign,Snow/Ice,Not Applicable,"Other Motor Vehicle, Collision With",2
 Accident,17:11,10/24/2014,Friday,Y,Daylight,FRANKLIN,OTHER,DELAWARE,Straight and Level,Clear,No Passing Zone,Dry,Not Applicable,Deer,1
 Damage & Injury Accident,14:32,12/17/2014,Wednesday,Y,Daylight,HUNTINGTON,OTHER,SUFFOLK,Straight and Level,Cloudy,None,Dry,Not Applicable,"Tree, Collision With Fixed Object",1
 Damage Accident,19:25,09/27/2014,Saturday,Y,Dark-Road Unlighted,WEBSTER,OTHER,MONROE,Straight and Level,Clear,None,Dry,Not Applicable,"Fire/Explosion, Non-Collision",1
 Accident,11:05,03/11/2014,Tuesday,Y,Daylight,YONKERS,REAR END,WESTCHESTER,Curve and Level,Clear,Traffic Signal,Dry,Not Applicable,"Other Motor Vehicle, Collision With",2
 Damage & Injury Accident,0:54,01/15/2014,Wednesday,Y,Dark-Road Lighted,BROOKHAVEN,REAR END,SUFFOLK,Straight and Level,Clear,None,Wet,Not Applicable,"Other Motor Vehicle, Collision With",2
 Damage Accident,0:19,02/16/2014,Sunday,Y,Dark-Road Unlighted,BYRON,OTHER,GENESEE,Straight and Level,Snow,None,Snow/Ice,Not Applicable,"Light Support/Utility Pole, Collision With Fixed Object",1
 Damage Accident,12:59,02/11/2014,Tuesday,Y,Daylight,SODUS,OTHER,WAYNE,Curve and Level,Snow,No Passing Zone,Snow/Ice,Not Applicable,"Guide Rail - Not At End, Collision With Fixed Object",1
 Damage Accident,8:41,02/28/2014,Friday,Y,Daylight,CHEEKTOWAGA,OVERTAKING,ERIE,Straight and Level,Clear,None,Wet,Not Applicable,"Guide Rail - Not At End, Collision With Fixed Object",2
 Damage Accident,9:50,12/12/2014,Friday,Y,Daylight,ROCKLAND,SIDESWIPE,SULLIVAN,Straight and Level,Clear,None,Dry,Not Applicable,"Other Motor Vehicle, Collision With",2
 Damage Accident,0:00,12/06/2014,Saturday,N,Unknown,CORNING,Unknown,STEUBEN,Unknown,Unknown,Unknown,Unknown,Not Applicable,"Other Motor Vehicle, Collision With",2
 Damage Accident,16:40,07/29/2014,Tuesday,Y,Daylight,BROOKHAVEN,OVERTAKING,SUFFOLK,Straight and Level,Cloudy,None,Dry,Not Applicable,"Other Motor Vehicle, Collision With",2
 Damage & Injury Accident,7:25,06/08/2014,Sunday,Y,Daylight,LAURENS,OTHER,OTSEGO,Curve and Level,Clear,None,Dry,Not Applicable,"Building/Wall, Collision With Fixed Object",1
 Damage Accident,7:28,05/18/2014,Sunday,Y,Daylight,BROOKHAVEN,OTHER,SUFFOLK,Straight and Level,Clear,None,Dry,Not Applicable,"Tree, Collision With Fixed Object",1
 Damage Accident,0:00,09/20/2014,Saturday,N,Unknown,LOCKPORT,Unknown,NIAGARA,Unknown,Unknown,Unknown,Unknown,Not Applicable,"Other Motor Vehicle, Collision With",2
 Damage Accident,22:45,12/06/2014,Saturday,Y,Dark-Road Lighted,HEMPSTEAD,RIGHT ANGLE,NASSAU,Straight and Grade,Rain,Traffic Signal,Wet,Not Applicable,"Other Motor Vehicle, Collision With",2
 Damage Accident,6:55,11/17/2014,Monday,Y,Daylight,WILTON,RIGHT TURN (5),SARATOGA,Straight and Level,Sleet/Hail/Freezing Rain,Stop Sign,Snow/Ice,Not Applicable,"Other Motor Vehicle, Collision With",2
 Damage & Injury Accident,9:27,11/12/2014,Wednesday,Y,Daylight,CARMEL,OTHER,PUTNAM,Straight and Level,Cloudy,No Passing Zone,Wet,Not Applicable,"Guide Rail - Not At End, Collision With Fixed Object",1
 Damage & Injury Accident,21:06,03/23/2014,Sunday,Y,Dark-Road Lighted,ROCHESTER,RIGHT ANGLE,MONROE,Straight and Level,Clear,Traffic Signal,Dry,Not Applicable,"Other Motor Vehicle, Collision With",2
 Damage Accident,17:15,07/11/2014,Friday,Y,Daylight,KINGS,OTHER,KINGS,Straight and Level,Clear,None,Dry,Not Applicable,"Other Motor Vehicle, Collision With",4
 Damage Accident,5:53,04/09/2014,Wednesday,Y,Dusk,CAMILLUS,OTHER,ONONDAGA,Curve and Grade,Clear,None,Dry,Not Applicable,"Guide Rail - Not At End, Collision With Fixed Object",1
 Damage Accident,15:50,10/04/2014,Saturday,Y,Daylight,WATERTOWN,REAR END,JEFFERSON,Straight and Level,Rain,Traffic Signal,Wet,Not Applicable,"Other Motor Vehicle, Collision With",2
 Damage Accident,0:00,02/13/2014,Thursday,N,Dark-Road Unlighted,BATH,OTHER,STEUBEN,Curve and Level,Snow,Unknown,Snow/Ice,Not Applicable,"Guide Rail - Not At End, Collision With Fixed Object",1
 Damage Accident,20:40,10/21/2014,Tuesday,Y,Dark-Road Lighted,MINEOLA,OVERTAKING,NASSAU,Straight and Level,Cloudy,None,Dry,Not Applicable,"Other Motor Vehicle, Collision With",2
 Damage Accident,17:00,07/04/2014,Friday,Y,Daylight,PORT CHESTER,Unknown,WESTCHESTER,Curve and Level,Rain,None,Wet,Not Applicable,"Other Motor Vehicle, Collision With",2
 Damage & Injury Accident,11:58,08/22/2014,Friday,Y,Daylight,OYSTER BAY,OTHER,NASSAU,Straight and Level,Clear,Traffic Signal,Dry,Not Applicable,"Other Motor Vehicle, Collision With",3
 Damage Accident,11:30,10/02/2014,Thursday,Y,Daylight,NEW YORK,OVERTAKING,NEW YORK,Straight and Level,Cloudy,None,Dry,Not Applicable,"Other Motor Vehicle, Collision With",2
 Damage Accident,14:38,07/26/2014,Saturday,Y,Daylight,RIVERHEAD,REAR END,SUFFOLK,Straight and Level,Clear,No Passing Zone,Dry,Not Applicable,"Other Motor Vehicle, Collision With",2