 Descriptor,Time,Date,Day of Week,Police Report,Lighting Conditions,Municipality,Collision Type Descriptor,County Name,Road Descriptor,Weather Conditions,Traffic Control Device,Road Surface Conditions,Pedestrian Bicyclist Action,Event Descriptor,Number of Vehicles Involved
 Damage Accident,8:30,04/02/2014,Wednesday,Y,Daylight,MANLIUS,REAR END,ONONDAGA,Straight and Level,Clear,Stop Sign,Dry,Not Applicable,"Other Motor Vehicle, Collision With",2
 Damage Accident,21:56,04/18/2014,Friday,Y,Dark-Road Unlighted,CHEMUNG,OTHER,CHEMUNG,Straight and Level,Cloudy,None,Dry,Not Applicable,"Ran Off Roadway Only, Non-Collision",1
 Damage Accident,21:02,06/02/2014,Monday,Y,Dark-Road Lighted,HEMPSTEAD,RIGHT ANGLE,NASSAU,Straight and Level,Clear,Traffic Signal,Dry,Not Applicable,"Other Motor Vehicle, Collision With",2
 Accident,12:28,09/11/2014,Thursday,Y,Daylight,ULSTER,RIGHT ANGLE,ULSTER,Straight and Level,Clear,Traffic Signal,Dry,Not Applicable,"Other Motor Vehicle, Collision With",2
 Damage & Injury Accident,18:40,05/06/2014,Tuesday,N,Daylight,OYSTER BAY,REAR END,NASSAU,Straight and Level,Clear,None,Dry,Not Applicable,"Other Motor Vehicle, Collision With",2
 Damage Accident,20:52,11/08/2014,Saturday,Y,Dark-Road Unlighted,BARKER,OTHER,BROOME,Straight and Grade,Cloudy,None,Dry,Not Applicable,Deer,1
 Damage Accident,14:00,08/21/2014,Thursday,Y,Daylight,WAWAYANDA,RIGHT TURN (6),ORANGE,Straight and Level,Cloudy,Stop Sign,Dry,Not Applicable,"Other Motor Vehicle, Collision With",2
 Damage & Injury Accident,18:05,03/07/2014,Friday,Y,Dark-Road Lighted,NORTH HILLS,OTHER,NASSAU,Straight and Level,Cloudy,None,Dry,Not Applicable,"Other Motor Vehicle, Collision With",3
 Damage & Injury Accident,13:05,10/02/2014,Thursday,Y,Daylight,HEMPSTEAD,OTHER,NASSAU,Straight and Level,Cloudy,None,Dry,Not Applicable,"Other Motor Vehicle, Collision With",3
 Accident,10:55,04/24/2014,Thursday,Y,Daylight,KINGS,OTHER,KINGS,Straight and Level,Clear,Traffic Signal,Dry,Not Applicable,"Other Motor Vehicle, Collision With",3
 Damage Accident,18:52,11/04/2014,Tuesday,Y,Dark-Road Lighted,WHITE PLAINS,LEFT TURN (3),WESTCHESTER,Straight and Level,Clear,None,Dry,Not Applicable,"Other Motor Vehicle, Collision With",2
 Damage Accident,11:41,08/23/2014,Saturday,Y,Daylight,ALBANY,REAR END,ALBANY,Straight and Level,Clear,Traffic Signal,Dry,Not Applicable,"Other Motor Vehicle, Collision With",2
 Damage Accident,16:41,01/20/2014,Monday,Y,Daylight,STOCKHOLM,OTHER,ST. LAWRENCE,Straight and Grade,Clear,No Passing Zone,Snow/Ice,Not Applicable,"Overturned, Non-Collision",1
 Accident,14:00,10/04/2014,Saturday,Y,Daylight,BROOKHAVEN,OTHER,SUFFOLK,Straight and Level,Rain,Traffic Signal,Wet,Not Applicable,"Other Motor Vehicle, Collision With",3
 Damage Accident,10:20,01/20/2014,Monday,Y,Daylight,SOUTHAMPTON,OVERTAKING,SUFFOLK,Straight and Level,Cloudy,None,Dry,Not Applicable,"Other Motor Vehicle, Collision With",2
 Damage Accident,22:12,08/15/2014,Friday,Y,Dark-Road Lighted,HEMPSTEAD,OTHER,NASSAU,Curve and Level,Clear,None,Dry,Not Applicable,"Building/Wall, Collision With Fixed Object",1
 Damage Accident,8:55,02/12/2014,Wednesday,Y,Daylight,RAMAPO,REAR END,ROCKLAND,Straight and Level,Clear,None,Dry,Not Applicable,"Other Motor Vehicle, Collision With",2
 Damage Accident,23:05,09/17/2014,Wednesday,Y,Dark-Road Lighted,SYRACUSE,REAR END,ONONDAGA,Straight and Grade,Clear,None,Dry,Not Applicable,"Other Motor Vehicle, Collision With",2
 Damage & Injury Accident,22:15,11/07/2014,Friday,Y,Dark-Road Unlighted,HARTLAND,OTHER,NIAGARA,Curve and Level,Clear,None,Dry,Not Applicable,"Fire Hydrant, Collision With Fixed Object",1
 Damage & Injury Accident,19:20,07/09/2014,Wednesday,Y,Daylight,PELHAM MANOR,OTHER,WESTCHESTER,Straight and Level,Cloudy,Flashing Light,Dry,Not Applicable,"Other Motor Vehicle, Collision With",3
 Damage Accident,16:23,02/02/2014,Sunday,Y,Daylight,ELMIRA,OTHER,CHEMUNG,Straight and Level,Snow,None,Wet,Not Applicable,"Earth Embankment/Rock Cut/Ditch, Collision With Fixed Object",1
 Accident,14:30,08/02/2014,Saturday,Y,Daylight,QUEENS,OVERTAKING,QUEENS,Straight and Level,Cloudy,None,Dry,Not Applicable,"Other Motor Vehicle, Collision With",2
 Damage Accident,9:00,09/24/2014,Wednesday,Y,Daylight,POUGHKEEPSIE,RIGHT ANGLE,DUTCHESS,Straight and Grade,Clear,Stop Sign,Dry,Not Applicable,"Other Motor Vehicle, Collision With",2
 Accident,13:08,10/01/2014,Wednesday,Y,Daylight,WEST SENECA,REAR END,ERIE,Straight and Level,Clear,Stop Sign,Dry,Not Applicable,"Other Motor Vehicle, Collision With",2
 Damage Accident,17:00,10/27/2014,Monday,Y,Daylight,ONEIDA,OTHER,MADISON,Straight and Level,Clear,None,Dry,Not Applicable,Deer,1
 Damage Accident,16:30,06/06/2014,Friday,Y,Daylight,NEWBURGH,OVERTAKING,ORANGE,Straight and Level,Clear,None,Dry,Not Applicable,"Other Motor Vehicle, Collision With",2
 Damage Accident,8:41,01/10/2014,Friday,Y,Daylight,ROCHESTER,OTHER,ULSTER,Straight and Level,Snow,None,Snow/Ice,Not Applicable,"Tree, Collision With Fixed Object",1
 Accident,20:31,02/28/2014,Friday,N,Dark-Road Lighted,NEW YORK,RIGHT ANGLE,NEW YORK,Straight and Level,Clear,Traffic Signal,Dry,Not Applicable,"Other Motor Vehicle, Collision With",2
 Accident,19:40,11/26/2014,Wednesday,Y,Dark-Road Lighted,FREEPORT,OTHER,NASSAU,Straight and Level,Rain,Traffic Signal,Wet,"Crossing, Against Signal","Pedestrian, Collision With",1
 Damage Accident,9:38,12/14/2014,Sunday,Y,Daylight,PEEKSKILL,OTHER,WESTCHESTER,Straight and Level,Clear,None,Dry,Not Applicable,"Other Object (Not Fixed)*, Collision With",1
 Damage Accident,9:30,01/27/2014,Monday,Y,Daylight,FLOYD,OTHER,ONEIDA,Straight and Grade,Snow,Stop Sign,Snow/Ice,Not Applicable,"Guide Rail - End, Collision With Fixed Object",1
 Damage Accident,17:29,02/05/2014,Wednesday,Y,Daylight,WEST SENECA,OTHER,ERIE,Curve and Level,Snow,None,Snow/Ice,Not Applicable,"Guide Rail - Not At End, Collision With Fixed Object",1
 Damage & Injury Accident,17:20,09/02/2014,Tuesday,Y,Daylight,KINGS,OTHER,KINGS,Straight and Level,Clear,Traffic Signal,Dry,Not Applicable,"Other Motor Vehicle, Collision With",4
 Damage Accident,22:14,01/18/2014,Saturday,Y,Dark-Road Lighted,UTICA,RIGHT ANGLE,ONEIDA,Straight and Level,Clear,Stop Sign,Snow/Ice,Not Applicable,"Other Motor Vehicle, Collision With",2
 Damage Accident,9:07,02/09/2014,Sunday,Y,Daylight,GLENS FALLS,RIGHT ANGLE,WARREN,Straight and Level,Clear,Traffic Signal,Dry,Not Applicable,"Other Motor Vehicle, Collision With",2
 Damage Accident,7:45,11/05/2014,Wednesday,Y,Daylight,WAYNE,OTHER,STEUBEN,Curve and Grade,Cloudy,None,Dry,Not Applicable,"Earth Embankment/Rock Cut/Ditch, Collision With Fixed Object",1
 Damage & Injury Accident,11:53,09/15/2014,Monday,Y,Daylight,NORTHPORT,RIGHT ANGLE,SUFFOLK,Straight and Level,Clear,Stop Sign,Dry,Not Applicable,"Other Motor Vehicle, Collision With",2
 Damage Accident,20:15,02/21/2014,Friday,Y,Dark-Road Lighted,LAKE GEORGE,OTHER,WARREN,Straight and Grade,Sleet/Hail/Freezing Rain,None,Snow/Ice,Not Applicable,"Snow Embankment, Collision With Fixed Object",1
 Damage Accident,17:50,10/12/2014,Sunday,Y,Daylight,COLONIE,RIGHT ANGLE,ALBANY,Straight and Level,Clear,None,Dry,Not Applicable,"Other Motor Vehicle, Collision With",2
 Damage Accident,13:00,09/30/2014,Tuesday,Y,Daylight,HEMPSTEAD,REAR END,NASSAU,Straight and Level,Rain,None,Wet,Not Applicable,"Other Motor Vehicle, Collision With",2
 Damage Accident,16:20,06/02/2014,Monday,Y,Daylight,HUNTINGTON,REAR END,SUFFOLK,Straight and Level,Clear,None,Dry,Not Applicable,"Other Motor Vehicle, Collision With",2
 Damage Accident,9:19,01/28/2014,Tuesday,Y,Daylight,,SIDESWIPE,UNKNOWN,Straight and Level,Clear,None,Dry,Not Applicable,"Other Motor Vehicle, Collision With",2
 Damage Accident,17:20,09/19/2014,Friday,Y,Daylight,SMITHTOWN,REAR END,SUFFOLK,Straight and Level,Clear,Traffic Signal,Dry,Not Applicable,"Other Motor Vehicle, Collision With",2
 Damage Accident,14:05,11/07/2014,Friday,N,Unknown,KINGS,OVERTAKING,KINGS,Unknown,Unknown,Unknown,Unknown,Not Applicable,"Other Motor Vehicle, Collision With",2
 Damage Accident,16:40,05/02/2014,Friday,Y,Daylight,HEMPSTEAD,OTHER,NASSAU,Straight and Level,Cloudy,None,Dry,Not Applicable,"Curbing, Collision With Fixed Object",1
 Damage Accident,17:00,06/02/2014,Monday,N,Unknown,CHEEKTOWAGA,Unknown,ERIE,Unknown,Unknown,Unknown,Unknown,Not Applicable,"Other Motor Vehicle, Collision With",2
 Accident,9:24,05/11/2014,Sunday,Y,Daylight,WILNA,OTHER,JEFFERSON,Straight and Level,Clear,None,Dry,Not Applicable,"Other*, Non-Collision",1
 Damage Accident,15:50,07/15/2014,Tuesday,Y,Daylight,BUFFALO,REAR END,ERIE,Straight and Level,Clear,None,Dry,Not Applicable,"Other Motor Vehicle, Collision With",2
 Damage Accident,9:05,10/06/2014,Monday,Y,Daylight,OYSTER BAY,REAR END,NASSAU,Straight and Level,Clear,None,Dry,Not Applicable,"Other Motor Vehicle, Collision With",2
 Damage Accident,12:08,11/22/2014,Saturday,Y,Daylight,MANORHAVEN,RIGHT ANGLE,NASSAU,Straight and Level,Clear,None,Dry,Not Applicable,"Other Motor Vehicle, Collision With",2
 Damage Accident,6:37,08/02/2014,Saturday,Y,Daylight,TROY,OTHER,RENSSELAER,Straight and Level,Cloudy,None,Dry,Not Applicable,"Curbing, Collision With Fixed Object",1
 Accident,14:08,03/12/2014,Wednesday,Y,Daylight,FREEPORT,OTHER,NASSAU,Straight and Level,Clear,None,Dry,Not in Roadway (Indicate),"Pedestrian, Collision With",1
 Damage Accident,10:00,01/02/2014,Thursday,N,Unknown,CAMPBELL,OTHER,STEUBEN,Unknown,Unknown,Unknown,Unknown,Not Applicable,"Other*, Non-Collision",1
 Damage Accident,8:00,08/31/2014,Sunday,Y,Daylight,BUCHANAN,Unknown,WESTCHESTER,Straight and Level,Clear,None,Dry,Not Applicable,"Other Motor Vehicle, Collision With",2
 Damage Accident,15:10,03/16/2014,Sunday,Y,Daylight,FARMINGDALE,OTHER,NASSAU,Straight and Level,Clear,None,Dry,Not Applicable,"Other Motor Vehicle, Collision With",3
 Damage Accident,0:22,02/02/2014,Sunday,Y,Dark-Road Lighted,BROOKHAVEN,OTHER,SUFFOLK,Curve and Grade,Clear,Stop Sign,Dry,Not Applicable,"Tree, Collision With Fixed Object",1
 Accident,17:37,03/26/2014,Wednesday,Y,Daylight,PORT CHESTER,OTHER,WESTCHESTER,Straight and Level,Clear,None,Dry,Not Applicable,"Other Motor Vehicle, Collision With",3
 Damage Accident,17:15,11/12/2014,Wednesday,N,Dark-Road Lighted,AMHERST,OTHER,ERIE,Straight and Level,Clear,None,Dry,Not Applicable,Deer,1
 Damage Accident,19:28,07/31/2014,Thursday,Y,Daylight,SIDNEY,OTHER,DELAWARE,Straight and Level,Cloudy,No Passing Zone,Dry,Not Applicable,"Sign Post, Collision With Fixed Object",1
 Damage Accident,15:25,01/18/2014,Saturday,Y,Daylight,ONEONTA,OTHER,OTSEGO,Curve and Grade,Snow,None,Snow/Ice,Not Applicable,"Tree, Collision With Fixed Object",1
 Accident,15:50,09/14/2014,Sunday,Y,Daylight,CHESTER,OTHER,ORANGE,Straight and Level,Rain,No Passing Zone,Wet,Not Applicable,Deer,1
 Damage Accident,12:29,01/09/2014,Thursday,Y,Daylight,CONSTANTIA,OTHER,OSWEGO,Straight and Level,Cloudy,None,Snow/Ice,Not Applicable,"Tree, Collision With Fixed Object",1
 Damage & Injury Accident,8:45,12/19/2014,Friday,Y,Daylight,BINGHAMTON,OTHER,BROOME,Straight and Grade,Snow,No Passing Zone,Snow/Ice,Not Applicable,"Guide Rail - Not At End, Collision With Fixed Object",1
 Damage Accident,17:23,08/13/2014,Wednesday,Y,Daylight,MARATHON,REAR END,CORTLAND,Straight and Grade,Clear,Construction Work Area,Dry,Not Applicable,"Other Motor Vehicle, Collision With",2
 Damage Accident,16:40,11/22/2014,Saturday,Y,Dark-Road Unlighted,FALLSBURGH,OTHER,SULLIVAN,Straight and Level,Sleet/Hail/Freezing Rain,No Passing Zone,Snow/Ice,Not Applicable,"Earth Embankment/Rock Cut/Ditch, Collision With Fixed Object",1
 Damage Accident,19:30,01/17/2014,Friday,Y,Dark-Road Lighted,QUEENS,Unknown,QUEENS,Straight and Level,Clear,None,Dry,Not Applicable,"Other Motor Vehicle, Collision With",2
 Accident,11:34,03/12/2014,Wednesday,Y,Daylight,WESTMORELAND,OTHER,ONEIDA,Straight and Level,Snow,None,Snow/Ice,Not Applicable,"Earth Embankment/Rock Cut/Ditch, Collision With Fixed Object",1
 Damage Accident,0:00,09/08/2014,Monday,N,Dark-Road Lighted,RAMAPO,Unknown,ROCKLAND,Straight and Level,Clear,Construction Work Area,Dry,Not Applicable,"Other Motor Vehicle, Collision With",2
 Damage Accident,23:28,05/12/2014,Monday,Y,Dark-Road Unlighted,MANCHESTER,OTHER,ONTARIO,Straight and Level,Clear,None,Dry,Not Applicable,Deer,1
 Damage Accident,7:40,05/16/2014,Friday,Y,Daylight,BRONX,OTHER,BRONX,Straight and Level,Cloudy,None,Wet,Not Applicable,"Guide Rail - Not At End, Collision With Fixed Object",1
 Damage & Injury Accident,8:51,01/27/2014,Monday,Y,Daylight,CHEEKTOWAGA,RIGHT ANGLE,ERIE,Curve and Level,Cloudy,None,Snow/Ice,Not Applicable,"Other Motor Vehicle, Collision With",2
 Damage Accident,7:42,06/06/2014,Friday,Y,Daylight,ELMIRA,REAR END,CHEMUNG,Straight at Hill Crest,Clear,None,Dry,Not Applicable,"Other Motor Vehicle, Collision With",2
 Damage & Injury Accident,22:59,01/03/2014,Friday,Y,Dark-Road Unlighted,CLARKSTOWN,OVERTAKING,ROCKLAND,Curve and Grade,Clear,None,Wet,Not Applicable,"Other Motor Vehicle, Collision With",2
 Accident,8:01,06/23/2014,Monday,Y,Daylight,BRIGHTON,REAR END,MONROE,Straight and Level,Clear,Traffic Signal,Dry,Not Applicable,"Other Motor Vehicle, Collision With",2
 Damage Accident,21:00,01/23/2014,Thursday,N,Unknown,BETHEL,OTHER,SULLIVAN,Unknown,Unknown,Unknown,Unknown,Not Applicable,"Other Fixed Object*, Collision With Fixed Object",1
 Accident,12:20,05/29/2014,Thursday,Y,Daylight,RICHMOND,OVERTAKING,RICHMOND,Straight and Level,Clear,None,Dry,Not Applicable,"Other Motor Vehicle, Collision With",2
 Damage Accident,12:40,08/28/2014,Thursday,Y,Daylight,SYRACUSE,OVERTAKING,ONONDAGA,Straight and Level,Clear,Traffic Signal,Dry,Not Applicable,"Other Motor Vehicle, Collision With",2
 Accident,15:15,09/15/2014,Monday,Y,Daylight,BUFFALO,Unknown,ERIE,Straight and Level,Cloudy,Traffic Signal,Dry,Not Applicable,"Other Motor Vehicle, Collision With",2
 Accident,17:09,07/11/2014,Friday,Y,Daylight,CARMEL,OTHER,PUTNAM,Straight and Grade,Clear,None,Dry,Not Applicable,"Other*, Non-Collision",1
 Damage Accident,12:32,11/16/2014,Sunday,Y,Daylight,SCHAGHTICOKE,REAR END,RENSSELAER,Straight and Level,Cloudy,No Passing Zone,Dry,Not Applicable,"Other Motor Vehicle, Collision With",2
 Damage Accident,16:40,04/18/2014,Friday,Y,Daylight,HEMPSTEAD,OTHER,NASSAU,Straight and Level,Cloudy,None,Dry,Not Applicable,"Light Support/Utility Pole, Collision With Fixed Object",1
 Damage Accident,9:27,02/21/2014,Friday,Y,Daylight,CLARENCE,OTHER,ERIE,Straight and Level,Sleet/Hail/Freezing Rain,None,Wet,Not Applicable,"Earth Embankment/Rock Cut/Ditch, Collision With Fixed Object",1
 Damage Accident,19:33,02/17/2014,Monday,Y,Dark-Road Unlighted,ALEXANDER,OTHER,GENESEE,Straight and Grade,Clear,None,Dry,Not Applicable,Deer,1
 Accident,7:35,12/01/2014,Monday,Y,Daylight,MONTGOMERY,REAR END,ORANGE,Curve and Level,Cloudy,None,Dry,Not Applicable,"Other Motor Vehicle, Collision With",2
 Damage Accident,14:58,09/01/2014,Monday,Y,Daylight,BABYLON,REAR END,SUFFOLK,Straight and Level,Clear,Traffic Signal,Dry,Not Applicable,"Other Motor Vehicle, Collision With",2
 Damage Accident,6:03,11/25/2014,Tuesday,Y,Dark-Road Lighted,BABYLON,LEFT TURN (0),SUFFOLK,Straight and Level,Rain,None,Wet,Not Applicable,"Other Motor Vehicle, Collision With",2
 Damage Accident,11:50,12/23/2014,Tuesday,Y,Daylight,NORTH HEMPSTEAD,LEFT TURN (3),NASSAU,Curve and Level,Rain,None,Wet,Not Applicable,"Other Motor Vehicle, Collision With",2
 Damage Accident,15:46,03/18/2014,Tuesday,Y,Daylight,SKANEATELES,RIGHT ANGLE,ONONDAGA,Straight at Hill Crest,Clear,Stop Sign,Dry,Not Applicable,"Other Motor Vehicle, Collision With",2
 Accident,14:15,04/29/2014,Tuesday,Y,Daylight,QUEENS,OTHER,QUEENS,Straight and Level,Cloudy,Traffic Signal,Dry,"Crossing, With Signal","Pedestrian, Collision With",1
 Damage Accident,14:30,02/01/2014,Saturday,N,Unknown,FREEPORT,Unknown,NASSAU,Unknown,Unknown,Unknown,Unknown,Not Applicable,"Other Motor Vehicle, Collision With",2
 Accident,16:50,03/18/2014,Tuesday,Y,Daylight,NEW YORK,REAR END,NEW YORK,Straight and Level,Clear,Traffic Signal,Dry,Not Applicable,"Other Motor Vehicle, Collision With",2
 Damage Accident,6:50,09/19/2014,Friday,Y,Dawn,AUBURN,OTHER,CAYUGA,Straight and Grade,Cloudy,Stop Sign,Dry,Not Applicable,"Light Support/Utility Pole, Collision With Fixed Object",1
 Damage & Injury Accident,17:45,05/20/2014,Tuesday,Y,Daylight,KINGS,RIGHT ANGLE,KINGS,Straight and Level,Clear,Stop Sign,Dry,Not Applicable,"Other Motor Vehicle, Collision With",2
 Damage Accident,21:56,01/17/2014,Friday,Y,Dark-Road Lighted,UTICA,OVERTAKING,ONEIDA,Straight and Level,Clear,None,Dry,Not Applicable,"Other Motor Vehicle, Collision With",2
 Damage & Injury Accident,17:43,02/15/2014,Saturday,Y,Dark-Road Unlighted,PELHAM,REAR END,WESTCHESTER,Straight at Hill Crest,Snow,Stop Sign,Snow/Ice,Not Applicable,"Other Motor Vehicle, Collision With",2
 Damage Accident,5:00,01/02/2014,Thursday,N,Dusk,BABYLON,Unknown,SUFFOLK,Straight and Grade,Snow,None,Snow/Ice,Not Applicable,"Other Motor Vehicle, Collision With",2
 Damage & Injury Accident,10:40,03/13/2014,Thursday,Y,Daylight,GREAT VALLEY,OTHER,CATTARAUGUS,Curve and Level,Clear,None,Snow/Ice,Not Applicable,"Other Object (Not Fixed)*, Collision With",1
 Accident,16:00,10/05/2014,Sunday,Y,Daylight,QUEENS,REAR END,QUEENS,Straight and Level,Clear,None,Dry,Not Applicable,"Other Motor Vehicle, Collision With",2
 Damage Accident,14:50,08/07/2014,Thursday,Y,Daylight,PHILLIPSTOWN,REAR END,PUTNAM,Straight and Level,Clear,Traffic Signal,Dry,Not Applicable,"Other Motor Vehicle, Collision With",2
 Damage Accident,17:15,09/15/2014,Monday,Y,Daylight,COLONIE,OTHER,ALBANY,Straight and Level,Clear,None,Dry,Not Applicable,"Other Motor Vehicle, Collision With",3
 Damage & Injury Accident,9:13,01/02/2014,Thursday,Y,Daylight,BUSTI,RIGHT ANGLE,CHAUTAUQUA,Straight and Level,Snow,Stop Sign,Snow/Ice,Not Applicable,"Other Motor Vehicle, Collision With",2
 Damage & Injury Accident,8:15,01/25/2014,Saturday,Y,Daylight,GARDEN CITY,RIGHT ANGLE,NASSAU,Straight and Level,Cloudy,Traffic Signal,Dry,Not Applicable,"Other Motor Vehicle, Collision With",2
 Damage Accident,14:31,11/26/2014,Wednesday,Y,Daylight,SCHODACK,RIGHT ANGLE,RENSSELAER,Curve and Grade,Snow,None,Snow/Ice,Not Applicable,"Other Motor Vehicle, Collision With",2
 Damage Accident,13:09,09/25/2014,Thursday,Y,Daylight,MAYFIELD,OTHER,FULTON,Straight and Level,Clear,None,Dry,Not Applicable,"Animal, Collision With",1
 Damage Accident,6:50,07/09/2014,Wednesday,N,Daylight,BRONX,LEFT TURN (0),BRONX,Curve and Level,Cloudy,None,Dry,Not Applicable,"Other Motor Vehicle, Collision With",2
 Accident,13:49,09/30/2014,Tuesday,Y,Daylight,UTICA,REAR END,ONEIDA,Straight and Level,Cloudy,Traffic Signal,Dry,Not Applicable,"Other Motor Vehicle, Collision With",2
 Accident,4:00,02/28/2014,Friday,Y,Dark-Road Lighted,UTICA,OTHER,ONEIDA,Curve and Level,Snow,None,Snow/Ice,Not Applicable,"Fence, Collision With Fixed Object",1
 Damage Accident,7:25,10/22/2014,Wednesday,Y,Dark-Road Unlighted,CANISTEO,OTHER,STEUBEN,Straight and Level,Cloudy,None,Wet,Not Applicable,Deer,1
 Damage Accident,11:03,03/18/2014,Tuesday,Y,Daylight,BABYLON,REAR END,SUFFOLK,Straight and Level,Clear,Traffic Signal,Dry,Not Applicable,"Other Motor Vehicle, Collision With",2
 Damage & Injury Accident,14:08,08/16/2014,Saturday,Y,Daylight,GREECE,REAR END,MONROE,Straight and Level,Cloudy,None,Dry,Not Applicable,"Other Motor Vehicle, Collision With",2
 Damage & Injury Accident,14:11,04/24/2014,Thursday,Y,Daylight,ORCHARD PARK,LEFT TURN (3),ERIE,Straight and Level,Clear,None,Dry,Not Applicable,"Other Motor Vehicle, Collision With",2
 Damage Accident,22:54,09/07/2014,Sunday,Y,Dark-Road Lighted,ISLIP,OVERTAKING,SUFFOLK,Straight and Level,Clear,None,Dry,Not Applicable,"Other Motor Vehicle, Collision With",2
 Damage Accident,14:12,08/05/2014,Tuesday,Y,Daylight,ONEONTA,OVERTAKING,OTSEGO,Straight and Level,Cloudy,None,Dry,Not Applicable,"Other Motor Vehicle, Collision With",2
 Damage Accident,12:30,01/04/2014,Saturday,Y,Daylight,CHEEKTOWAGA,RIGHT ANGLE,ERIE,Straight and Level,Clear,Stop Sign,Snow/Ice,Not Applicable,"Other Motor Vehicle, Collision With",2
 Damage & Injury Accident,16:05,07/24/2014,Thursday,Y,Daylight,HUNTINGTON,RIGHT ANGLE,SUFFOLK,Straight and Level,Clear,Stop Sign,Dry,Not Applicable,"Other Motor Vehicle, Collision With",2
 Damage & Injury Accident,17:00,03/10/2014,Monday,N,Unknown,NEW YORK,OVERTAKING,NEW YORK,Unknown,Unknown,Unknown,Unknown,Not Applicable,"Other Motor Vehicle, Collision With",2
 Damage Accident,16:00,03/08/2014,Saturday,N,Unknown,CAZENOVIA,OTHER,MADISON,Unknown,Unknown,Unknown,Unknown,Not Applicable,"Tree, Collision With Fixed Object",1
 Damage Accident,14:30,02/18/2014,Tuesday,N,Unknown,DANSVILLE,OTHER,LIVINGSTON,Unknown,Snow,Unknown,Snow/Ice,Not Applicable,"Tree, Collision With Fixed Object",1
 Accident,6:00,09/12/2014,Friday,N,Dark-Road Unlighted,ALBANY,OTHER,ALBANY,Straight and Level,Clear,Utility Work Area,Dry,Unknown,"Pedestrian, Collision With",1
 Damage Accident,22:18,12/19/2014,Friday,Y,Dark-Road Unlighted,RAMAPO,OTHER,ROCKLAND,Curve and Level,Cloudy,None,Dry,Not Applicable,"Light Support/Utility Pole, Collision With Fixed Object",1
 Damage Accident,9:00,09/29/2014,Monday,Y,Daylight,NORTH SALEM,OTHER,WESTCHESTER,Straight and Level,Cloudy,None,Dry,Not Applicable,"Other Motor Vehicle, Collision With",3
 Damage Accident,16:18,01/31/2014,Friday,Y,Daylight,HEMPSTEAD,RIGHT ANGLE,NASSAU,Straight and Level,Clear,None,Dry,Not Applicable,"Other Motor Vehicle, Collision With",2
 Damage Accident,9:15,08/16/2014,Saturday,Y,Daylight,JUNIUS,RIGHT ANGLE,SENECA,Straight at Hill Crest,Clear,No Passing Zone,Dry,Not Applicable,"Other Motor Vehicle, Collision With",2
 Damage Accident,18:35,06/02/2014,Monday,Y,Daylight,NEW HYDE PARK,REAR END,NASSAU,Straight and Level,Clear,None,Dry,Not Applicable,"Other Motor Vehicle, Collision With",2
 Damage & Injury Accident,13:30,06/06/2014,Friday,Y,Daylight,BABYLON,LEFT TURN (3),SUFFOLK,Straight and Level,Clear,Traffic Signal,Dry,Not Applicable,"Other Motor Vehicle, Collision With",2
 Damage Accident,10:35,11/26/2014,Wednesday,Y,Daylight,MIDDLETOWN,OTHER,ORANGE,Straight at Hill Crest,Snow,None,Snow/Ice,Not Applicable,"Other Motor Vehicle, Collision With",3
 Damage Accident,19:15,07/10/2014,Thursday,Y,Daylight,FARMINGDALE,OVERTAKING,NASSAU,Straight and Level,Clear,None,Dry,Not Applicable,"Other Motor Vehicle, Collision With",2
 Accident,18:30,06/26/2014,Thursday,Y,Daylight,KINGS,RIGHT ANGLE,KINGS,Straight and Level,Clear,None,Dry,Not Applicable,"Other Motor Vehicle, Collision With",2
 Damage & Injury Accident,17:47,08/01/2014,Friday,Y,Daylight,CICERO,RIGHT ANGLE,ONONDAGA,Straight and Level,Clear,Stop Sign,Dry,Not Applicable,"Other Motor Vehicle, Collision With",2
 Accident,2:00,10/11/2014,Saturday,Y,Dark-Road Lighted,NEW YORK,OTHER,NEW YORK,Straight and Level,Rain,Traffic Signal,Wet,"Crossing, With Signal","Pedestrian, Collision With",1
 Damage Accident,9:30,05/09/2014,Friday,Y,Daylight,THERESA,OTHER,JEFFERSON,Straight and Level,Clear,None,Dry,Not Applicable,Deer,1
 Damage Accident,17:50,08/11/2014,Monday,Y,Daylight,GENESEO,LEFT TURN (3),LIVINGSTON,Straight and Level,Cloudy,None,Dry,Not Applicable,"Other Motor Vehicle, Collision With",2
 Damage & Injury Accident,13:40,06/25/2014,Wednesday,Y,Daylight,RICHMOND,Unknown,RICHMOND,Curve and Level,Clear,Construction Work Area,Dry,Not Applicable,"Other Motor Vehicle, Collision With",2
 Accident,16:30,06/30/2014,Monday,Y,Daylight,KINGS,OVERTAKING,KINGS,Straight and Level,Clear,Traffic Signal,Dry,Not Applicable,"Other Motor Vehicle, Collision With",2
 Damage Accident,16:35,02/14/2014,Friday,Y,Daylight,KINGSTON,OVERTAKING,ULSTER,Straight and Level,Clear,None,Wet,Not Applicable,"Other Motor Vehicle, Collision With",2
 Damage Accident,23:00,01/31/2014,Friday,Y,Dark-Road Unlighted,ISLIP,OTHER,SUFFOLK,Straight and Level,Cloudy,None,Dry,Not Applicable,"Tree, Collision With Fixed Object",1