 Descriptor,Time,Date,Day of Week,Police Report,Lighting Conditions,Municipality,Collision Type Descriptor,County Name,Road Descriptor,Weather Conditions,Traffic Control Device,Road Surface Conditions,Pedestrian Bicyclist Action,Event Descriptor,Number of Vehicles Involved
 Damage Accident,13:12,01/10/2014,Friday,Y,Daylight,CORNING,SIDESWIPE,STEUBEN,Curve and Grade,Clear,None,Wet,Not Applicable,"Other Motor Vehicle, Collision With",2
 Damage Accident,10:00,12/10/2014,Wednesday,Y,Daylight,ROME,SIDESWIPE,ONEIDA,Straight and Level,Snow,None,Snow/Ice,Not Applicable,"Other Motor Vehicle, Collision With",2
 Damage Accident,8:10,03/02/2014,Sunday,Y,Daylight,NORTH HUDSON,OTHER,ESSEX,Straight and Grade,Snow,None,Snow/Ice,Not Applicable,"Other Object (Not Fixed)*, Collision With",1
 Accident,16:34,01/24/2014,Friday,Y,Daylight,NEW YORK,OTHER,NEW YORK,Straight and Level,Clear,Traffic Signal,Snow/Ice,"Crossing, With Signal","Pedestrian, Collision With",1
 Damage Accident,20:36,11/27/2014,Thursday,Y,Dark-Road Unlighted,SCIPIO,OTHER,CAYUGA,Straight and Level,Clear,None,Snow/Ice,Not Applicable,"Earth Embankment/Rock Cut/Ditch, Collision With Fixed Object",1
 Damage Accident,11:11,07/26/2014,Saturday,Y,Daylight,COLONIE,OTHER,ALBANY,Straight and Level,Clear,Traffic Signal,Dry,Not Applicable,"Other Motor Vehicle, Collision With",3
 Damage & Injury Accident,17:30,08/28/2014,Thursday,Y,Daylight,SMITHTOWN,OTHER,SUFFOLK,Curve and Level,Clear,Traffic Signal,Dry,Not Applicable,"Other Motor Vehicle, Collision With",3
 Accident,22:40,06/17/2014,Tuesday,Y,Dark-Road Lighted,KINGS,OVERTAKING,KINGS,Curve and Grade,Clear,None,Dry,Not Applicable,"Other Motor Vehicle, Collision With",2
 Damage Accident,20:58,11/07/2014,Friday,Y,Dark-Road Lighted,WHITE PLAINS,RIGHT TURN (6),WESTCHESTER,Straight and Level,Clear,Traffic Signal,Dry,Not Applicable,"Other Motor Vehicle, Collision With",2
 Accident,4:15,06/05/2014,Thursday,Y,Dark-Road Lighted,QUEENS,OTHER,QUEENS,Straight and Level,Rain,None,Wet,Riding/Walking/Skating Along Highway With Traffic,"Bicyclist, Collision With",1
 Damage Accident,14:50,01/22/2014,Wednesday,Y,Daylight,PLEASANT VALLEY,REAR END,DUTCHESS,Curve and Level,Clear,No Passing Zone,Dry,Not Applicable,"Other Motor Vehicle, Collision With",2
 Accident,18:40,09/11/2014,Thursday,Y,Daylight,CLARKSTOWN,REAR END,ROCKLAND,Straight and Level,Clear,None,Dry,Not Applicable,"Other Motor Vehicle, Collision With",2
 Damage Accident,12:00,12/11/2014,Thursday,Y,Daylight,OYSTER BAY,OVERTAKING,NASSAU,Straight and Level,Clear,None,Dry,Not Applicable,"Other Motor Vehicle, Collision With",2
 Accident,17:10,08/25/2014,Monday,Y,Daylight,BRONX,OTHER,BRONX,Straight and Level,Clear,None,Dry,"Crossing, No Signal or Crosswalk","Bicyclist, Collision With",1
 Accident,11:50,12/20/2014,Saturday,Y,Daylight,KINGS,OTHER,KINGS,Straight and Level,Clear,None,Dry,"Crossing, With Signal","Pedestrian, Collision With",1
 Accident,3:05,08/01/2014,Friday,Y,Dark-Road Lighted,NEW YORK,RIGHT TURN (5),NEW YORK,Straight and Level,Clear,Traffic Signal,Dry,Not Applicable,"Other Motor Vehicle, Collision With",2
 Damage Accident,16:52,04/20/2014,Sunday,Y,Daylight,MALONE,OTHER,FRANKLIN,Straight and Level,Clear,Other,Dry,Not Applicable,"Earth Embankment/Rock Cut/Ditch, Collision With Fixed Object",1
 Damage Accident,17:05,09/03/2014,Wednesday,Y,Daylight,RICHMONDVILLE,HEAD ON,SCHOHARIE,Straight and Level,Clear,None,Dry,Not Applicable,"Other Motor Vehicle, Collision With",2
 Accident,12:00,04/24/2014,Thursday,Y,Daylight,BRONX,Unknown,BRONX,Straight and Level,Clear,Traffic Signal,Dry,Not Applicable,"Other Motor Vehicle, Collision With",2
 Damage & Injury Accident,6:30,06/26/2014,Thursday,Y,Daylight,ISLIP,REAR END,SUFFOLK,Straight and Level,Clear,None,Dry,Not Applicable,"Other Motor Vehicle, Collision With",2
 Damage Accident,12:55,02/20/2014,Thursday,Y,Daylight,FALLSBURGH,LEFT TURN (3),SULLIVAN,Straight and Level,Clear,No Passing Zone,Wet,Not Applicable,"Other Motor Vehicle, Collision With",2
 Damage & Injury Accident,17:30,11/27/2014,Thursday,Y,Dark-Road Unlighted,ONEONTA,OTHER,OTSEGO,Straight and Level,Clear,None,Snow/Ice,Not Applicable,"Guide Rail - Not At End, Collision With Fixed Object",1
 Accident,19:45,05/15/2014,Thursday,Y,Dusk,BRONX,OVERTAKING,BRONX,Straight and Level,Cloudy,None,Wet,Not Applicable,"Other Motor Vehicle, Collision With",2
 Damage Accident,2:15,09/03/2014,Wednesday,Y,Dark-Road Lighted,NEW BALTIMORE,OTHER,GREENE,Straight and Level,Clear,None,Dry,Not Applicable,"Other Motor Vehicle, Collision With",5
 Damage Accident,13:45,05/14/2014,Wednesday,N,Daylight,QUEENS,REAR END,QUEENS,Straight and Level,Clear,None,Dry,Not Applicable,"Other Motor Vehicle, Collision With",2
 Damage Accident,10:40,02/10/2014,Monday,Y,Daylight,MONTICELLO,RIGHT ANGLE,SULLIVAN,Straight and Level,Clear,None,Dry,Not Applicable,"Other Motor Vehicle, Collision With",2
 Accident,13:05,10/14/2014,Tuesday,Y,Daylight,KINGS,OTHER,KINGS,Straight and Level,Clear,None,Dry,Riding/Walking/Skating Along Highway Against Traffic,Other Pedestrian,1
 Damage Accident,20:00,01/26/2014,Sunday,Y,Dark-Road Unlighted,PUTNAM VALLEY,OTHER,PUTNAM,Curve and Grade,Clear,None,Wet,Not Applicable,"Guide Rail - Not At End, Collision With Fixed Object",1
 Damage Accident,0:00,06/20/2014,Friday,N,Unknown,TROY,REAR END,RENSSELAER,Unknown,Unknown,Unknown,Unknown,Not Applicable,"Other Motor Vehicle, Collision With",2
 Damage & Injury Accident,17:05,11/13/2014,Thursday,Y,Dark-Road Lighted,CLAY,REAR END,ONONDAGA,Straight and Level,Snow,No Passing Zone,Wet,Not Applicable,"Other Motor Vehicle, Collision With",2
 Damage Accident,19:45,03/27/2014,Thursday,Y,Dark-Road Unlighted,MIDDLEBURY,OTHER,WYOMING,Straight and Level,Cloudy,None,Dry,Not Applicable,Deer,1
 Damage Accident,14:37,12/09/2014,Tuesday,Y,Daylight,OYSTER BAY,Unknown,NASSAU,Straight and Level,Rain,None,Wet,Not Applicable,"Other Motor Vehicle, Collision With",2
 Damage Accident,16:15,09/27/2014,Saturday,Y,Daylight,ISLIP,RIGHT TURN (6),SUFFOLK,Straight and Level,Clear,Traffic Signal,Dry,Not Applicable,"Other Motor Vehicle, Collision With",2
 Damage & Injury Accident,21:48,12/06/2014,Saturday,Y,Dark-Road Unlighted,GREENBURGH,OVERTAKING,WESTCHESTER,Straight and Level,Rain,None,Wet,Not Applicable,"Other Motor Vehicle, Collision With",2
 Damage & Injury Accident,18:52,09/09/2014,Tuesday,Y,Daylight,ORCHARD PARK,RIGHT ANGLE,ERIE,Straight and Level,Clear,Traffic Signal,Dry,Not Applicable,"Other Motor Vehicle, Collision With",2
 Damage Accident,9:30,03/26/2014,Wednesday,N,Daylight,OSSINING,REAR END,WESTCHESTER,Straight and Level,Cloudy,None,Dry,Not Applicable,"Other Motor Vehicle, Collision With",2
 Damage Accident,3:20,04/27/2014,Sunday,Y,Dark-Road Unlighted,CHEMUNG,OTHER,CHEMUNG,Straight and Level,Cloudy,None,Dry,Not Applicable,"Guide Rail - End, Collision With Fixed Object",1
 Damage Accident,17:30,11/08/2014,Saturday,Y,Dark-Road Unlighted,BROOKFIELD,OTHER,MADISON,Straight and Level,Clear,None,Dry,Not Applicable,"Animal, Collision With",1
 Damage & Injury Accident,19:40,09/15/2014,Monday,Y,Dark-Road Unlighted,OLEAN,OTHER,CATTARAUGUS,Straight and Level,Rain,None,Wet,Not Applicable,Deer,1
 Damage Accident,21:43,08/06/2014,Wednesday,Y,Dark-Road Unlighted,BRUNSWICK,OTHER,RENSSELAER,Straight and Grade,Clear,No Passing Zone,Dry,Not Applicable,Deer,1
 Damage Accident,22:07,03/12/2014,Wednesday,Y,Dark-Road Lighted,KINGS,REAR END,KINGS,Straight and Level,Rain,Traffic Signal,Wet,Not Applicable,"Other Motor Vehicle, Collision With",2
 Accident,12:30,10/17/2014,Friday,Y,Daylight,QUEENS,OTHER,QUEENS,Straight and Level,Clear,None,Dry,"Crossing, No Signal or Crosswalk","Pedestrian, Collision With",1
 Damage & Injury Accident,11:17,06/11/2014,Wednesday,Y,Daylight,GEDDES,HEAD ON,ONONDAGA,Straight and Level,Cloudy,Traffic Signal,Dry,Not Applicable,"Other Motor Vehicle, Collision With",2
 Accident,8:35,05/08/2014,Thursday,N,Unknown,QUEENS,REAR END,QUEENS,Unknown,Unknown,Unknown,Unknown,Not Applicable,"Other Motor Vehicle, Collision With",2
 Damage Accident,7:00,01/02/2014,Thursday,N,Dawn,BROOKHAVEN,OTHER,SUFFOLK,Straight and Level,Snow,Traffic Signal,Snow/Ice,Not Applicable,"Curbing, Collision With Fixed Object",1
 Damage Accident,18:10,02/07/2014,Friday,Y,Dark-Road Lighted,HEMPSTEAD,SIDESWIPE,NASSAU,Straight and Level,Cloudy,None,Snow/Ice,Not Applicable,"Other Motor Vehicle, Collision With",2
 Damage Accident,2:00,12/12/2014,Friday,Y,Dark-Road Unlighted,OYSTER BAY,Unknown,NASSAU,Straight and Level,Cloudy,None,Dry,Not Applicable,"Other Motor Vehicle, Collision With",2
 Damage Accident,16:18,12/31/2014,Wednesday,Y,Dusk,MARBLETOWN,OTHER,ULSTER,Curve and Level,Clear,None,Dry,Not Applicable,"Tree, Collision With Fixed Object",1
 Damage & Injury Accident,19:16,03/06/2014,Thursday,Y,Dark-Road Unlighted,POUGHKEEPSIE,REAR END,DUTCHESS,Straight and Level,Clear,None,Dry,Not Applicable,"Other Motor Vehicle, Collision With",2
 Accident,11:10,12/22/2014,Monday,N,Unknown,QUEENS,Unknown,QUEENS,Unknown,Unknown,Unknown,Unknown,Not Applicable,"Other Motor Vehicle, Collision With",2
 Accident,17:25,08/06/2014,Wednesday,Y,Daylight,NEW YORK,OTHER,NEW YORK,Straight and Level,Clear,Traffic Signal,Dry,Riding/Walking/Skating Along Highway With Traffic,"Bicyclist, Collision With",1
 Damage Accident,19:00,10/25/2014,Saturday,N,Dark-Road Unlighted,ONTARIO,OTHER,WAYNE,Straight and Grade,Rain,No Passing Zone,Wet,Not Applicable,Deer,1
 Damage Accident,2:30,02/17/2014,Monday,Y,Dark-Road Lighted,RICHMOND,OVERTAKING,RICHMOND,Straight and Level,Clear,None,Dry,Not Applicable,"Other Motor Vehicle, Collision With",2
 Damage Accident,20:15,08/25/2014,Monday,Y,Dark-Road Lighted,QUEENS,RIGHT ANGLE,QUEENS,Straight and Level,Clear,Stop Sign,Dry,Not Applicable,"Other Motor Vehicle, Collision With",2
 Accident,2:00,06/08/2014,Sunday,Y,Dark-Road Lighted,KINGS,Unknown,KINGS,Straight and Level,Clear,Traffic Signal,Dry,Not Applicable,"Other Motor Vehicle, Collision With",2
 Accident,15:00,10/26/2014,Sunday,N,Unknown,MOUNT PLEASANT,REAR END,WESTCHESTER,Unknown,Unknown,Unknown,Unknown,Not Applicable,"Other Motor Vehicle, Collision With",2
 Accident,16:35,12/17/2014,Wednesday,Y,Dusk,QUEENS,OTHER,QUEENS,Straight and Level,Rain,None,Wet,Riding/Walking/Skating Along Highway With Traffic,"Bicyclist, Collision With",1
 Damage Accident,2:46,01/25/2014,Saturday,Y,Dark-Road Unlighted,GRAND ISLAND,OTHER,ERIE,Straight and Level,Snow,None,Snow/Ice,Not Applicable,"Sign Post, Collision With Fixed Object",1
 Accident,20:35,08/19/2014,Tuesday,Y,Dark-Road Lighted,NEW YORK,OTHER,NEW YORK,Straight and Level,Clear,Traffic Signal,Dry,"Crossing, Against Signal","Bicyclist, Collision With",1
 Damage Accident,12:00,05/12/2014,Monday,Y,Daylight,ALBANY,RIGHT ANGLE,ALBANY,Straight and Level,Clear,Stop Sign,Dry,Not Applicable,"Other Motor Vehicle, Collision With",2
 Damage Accident,8:45,06/03/2014,Tuesday,Y,Daylight,GREENBURGH,LEFT TURN (3),WESTCHESTER,Straight and Level,Clear,Stop Sign,Dry,Not Applicable,"Other Motor Vehicle, Collision With",2
 Damage & Injury Accident,14:43,11/07/2014,Friday,Y,Daylight,SCOTT,OTHER,CORTLAND,Straight at Hill Crest,Snow,No Passing Zone,Slush,Not Applicable,"Guide Rail - Not At End, Collision With Fixed Object",1
 Damage Accident,12:28,04/28/2014,Monday,Y,Daylight,SCHENECTADY,OVERTAKING,SCHENECTADY,Straight and Level,Clear,None,Dry,Not Applicable,"Other Motor Vehicle, Collision With",2
 Damage Accident,6:58,02/28/2014,Friday,Y,Daylight,BANGOR,OTHER,FRANKLIN,Straight and Level,Clear,None,Snow/Ice,Not Applicable,"Fence, Collision With Fixed Object",1
 Damage Accident,6:21,08/04/2014,Monday,Y,Dawn,GUILDERLAND,OTHER,ALBANY,Curve and Level,Cloudy,None,Dry,Not Applicable,"Other Fixed Object*, Collision With Fixed Object",1
 Damage Accident,7:39,04/28/2014,Monday,Y,Daylight,ALBANY,REAR END,ALBANY,Straight and Level,Cloudy,None,Dry,Not Applicable,"Other Motor Vehicle, Collision With",2
 Damage & Injury Accident,5:40,01/10/2014,Friday,Y,Dark-Road Unlighted,DOVER,OTHER,DUTCHESS,Straight and Grade,Snow,No Passing Zone,Snow/Ice,Not Applicable,"Light Support/Utility Pole, Collision With Fixed Object",1
 Damage & Injury Accident,16:10,12/15/2014,Monday,Y,Dusk,SARATOGA SPRINGS,OTHER,SARATOGA,Straight and Grade,Cloudy,None,Dry,Not Applicable,"Other Motor Vehicle, Collision With",3
 Damage Accident,16:00,06/22/2014,Sunday,Y,Daylight,HEMPSTEAD,RIGHT ANGLE,NASSAU,Straight and Level,Clear,None,Dry,Not Applicable,"Other Motor Vehicle, Collision With",2
 Damage Accident,17:40,10/22/2014,Wednesday,Y,Dark-Road Lighted,CLARKSTOWN,RIGHT ANGLE,ROCKLAND,Straight and Level,Rain,Stop Sign,Wet,Not Applicable,"Other Motor Vehicle, Collision With",2
 Accident,21:55,12/18/2014,Thursday,Y,Dark-Road Unlighted,RICHMOND,OTHER,RICHMOND,Straight and Level,Clear,None,Dry,Getting On/Off Vehicle Other than School Bus,"Pedestrian, Collision With",1
 Accident,10:30,12/22/2014,Monday,N,Unknown,RICHMOND,OTHER,RICHMOND,Unknown,Unknown,Unknown,Unknown,Not Applicable,"Other Motor Vehicle, Collision With",3
 Damage Accident,11:08,08/09/2014,Saturday,Y,Daylight,LITTLE FALLS,RIGHT ANGLE,HERKIMER,Straight and Level,Clear,Stop Sign,Dry,Not Applicable,"Other Motor Vehicle, Collision With",2
 Damage Accident,13:14,05/28/2014,Wednesday,Y,Daylight,COLONIE,REAR END,ALBANY,Straight and Level,Rain,Traffic Signal,Wet,Not Applicable,"Other Motor Vehicle, Collision With",2
 Damage Accident,2:25,12/17/2014,Wednesday,Y,Dark-Road Lighted,HEMPSTEAD,OTHER,NASSAU,Curve and Grade,Rain,None,Wet,Not Applicable,"Guide Rail - Not At End, Collision With Fixed Object",1
 Damage & Injury Accident,16:40,08/28/2014,Thursday,Y,Daylight,NORTH HILLS,REAR END,NASSAU,Straight and Grade,Clear,Traffic Signal,Dry,Not Applicable,"Other Motor Vehicle, Collision With",2
 Accident,1:18,08/28/2014,Thursday,Y,Dark-Road Lighted,QUEENS,OTHER,QUEENS,Straight and Level,Clear,Traffic Signal,Dry,"Crossing, Against Signal","Pedestrian, Collision With",1
 Accident,14:30,01/16/2014,Thursday,Y,Daylight,BRONX,OTHER,BRONX,Straight and Level,Clear,Traffic Signal,Dry,"Crossing, With Signal","Pedestrian, Collision With",1
 Damage Accident,8:42,09/09/2014,Tuesday,Y,Daylight,VICTOR,REAR END,ONTARIO,Straight and Level,Clear,No Passing Zone,Dry,Not Applicable,"Other Motor Vehicle, Collision With",2
 Damage Accident,13:15,11/25/2014,Tuesday,Y,Daylight,BRONX,OTHER,BRONX,Straight and Level,Clear,None,Dry,Not Applicable,"Other Motor Vehicle, Collision With",3
 Accident,0:00,04/24/2014,Thursday,N,Dark-Road Lighted,KINGS,OTHER,KINGS,Straight and Level,Clear,Unknown,Dry,Not Applicable,"Other Motor Vehicle, Collision With",3
 Accident,16:50,03/04/2014,Tuesday,Y,Daylight,QUEENS,REAR END,QUEENS,Straight and Level,Clear,None,Dry,Not Applicable,"Other Motor Vehicle, Collision With",2
 Accident,14:15,12/01/2014,Monday,Y,Daylight,NEW YORK,OTHER,NEW YORK,Straight and Level,Clear,None,Dry,Riding/Walking/Skating Along Highway With Traffic,"Bicyclist, Collision With",1
 Damage Accident,11:15,01/18/2014,Saturday,Y,Daylight,SOUTHEAST,REAR END,PUTNAM,Straight and Level,Snow,Traffic Signal,Snow/Ice,Not Applicable,"Other Motor Vehicle, Collision With",2
 Damage Accident,20:45,02/20/2014,Thursday,Y,Dark-Road Unlighted,BROOKHAVEN,OTHER,SUFFOLK,Straight at Hill Crest,Rain,None,Wet,Not Applicable,Deer,1
 Damage Accident,6:55,12/02/2014,Tuesday,Y,Daylight,ISLIP,REAR END,SUFFOLK,Straight and Level,Cloudy,None,Dry,Not Applicable,"Other Motor Vehicle, Collision With",2
 Damage Accident,19:09,03/05/2014,Wednesday,Y,Dark-Road Unlighted,LAKE SUCCESS,REAR END,NASSAU,Straight and Level,Clear,None,Dry,Not Applicable,"Other Motor Vehicle, Collision With",2
 Accident,2:15,12/07/2014,Sunday,Y,Dark-Road Lighted,KINGS,REAR END,KINGS,Straight and Level,Rain,Traffic Signal,Wet,Not Applicable,"Other Motor Vehicle, Collision With",2
 Damage & Injury Accident,23:50,01/30/2014,Thursday,Y,Dark-Road Unlighted,EDMESTON,OTHER,OTSEGO,Curve and Level,Clear,None,Dry,Not Applicable,"Tree, Collision With Fixed Object",1
 Damage & Injury Accident,1:50,08/30/2014,Saturday,Y,Dark-Road Lighted,HUNTINGTON,OTHER,SUFFOLK,Straight and Level,Clear,None,Dry,Not Applicable,"Barrier, Collision With Fixed Object",1
 Damage & Injury Accident,14:59,08/26/2014,Tuesday,Y,Daylight,BROOKHAVEN,RIGHT ANGLE,SUFFOLK,Straight and Level,Clear,Traffic Signal,Dry,Not Applicable,"Other Motor Vehicle, Collision With",2
 Damage Accident,23:50,07/06/2014,Sunday,Y,Dark-Road Lighted,LAKE SUCCESS,OTHER,NASSAU,Curve and Level,Clear,None,Dry,Not Applicable,"Guide Rail - Not At End, Collision With Fixed Object",1
 Damage & Injury Accident,19:20,02/11/2014,Tuesday,Y,Dark-Road Lighted,BROOKHAVEN,OVERTAKING,SUFFOLK,Straight and Level,Clear,Stop Sign,Dry,Not Applicable,"Other Motor Vehicle, Collision With",2
 Accident,15:08,05/09/2014,Friday,Y,Daylight,AMHERST,OTHER,ERIE,Straight and Level,Cloudy,Traffic Signal,Dry,Not Applicable,"Other Motor Vehicle, Collision With",3
 Damage & Injury Accident,23:20,07/17/2014,Thursday,Y,Dark-Road Lighted,KINGS,REAR END,KINGS,Straight and Level,Clear,None,Dry,Not Applicable,"Other Motor Vehicle, Collision With",2
 Damage Accident,19:12,02/04/2014,Tuesday,Y,Dark-Road Unlighted,MACEDON,OTHER,WAYNE,Straight and Level,Clear,None,Dry,Not Applicable,Deer,1
 Damage Accident,14:09,05/04/2014,Sunday,Y,Daylight,KIRKWOOD,RIGHT ANGLE,BROOME,Straight and Level,Clear,Stop Sign,Dry,Not Applicable,"Other Motor Vehicle, Collision With",2
 Damage Accident,12:03,05/01/2014,Thursday,N,Daylight,FREEPORT,REAR END,NASSAU,Curve and Level,Clear,Traffic Signal,Dry,Not Applicable,"Other Motor Vehicle, Collision With",2
 Damage & Injury Accident,16:11,03/02/2014,Sunday,Y,Daylight,GARDEN CITY,RIGHT ANGLE,NASSAU,Straight and Level,Clear,Stop Sign,Dry,Not Applicable,"Other Motor Vehicle, Collision With",2
 Damage Accident,9:00,05/12/2014,Monday,Y,Daylight,QUEENS,OVERTAKING,QUEENS,Straight and Grade,Clear,None,Dry,Not Applicable,"Other Motor Vehicle, Collision With",2
 Damage Accident,15:55,04/08/2014,Tuesday,Y,Daylight,CENTRAL SQUARE,OTHER,OSWEGO,Curve and Level,Rain,None,Wet,Not Applicable,"Other Motor Vehicle, Collision With",3
 Accident,9:00,10/06/2014,Monday,Y,Daylight,QUEENS,Unknown,QUEENS,Straight and Level,Clear,Traffic Signal,Dry,Not Applicable,"Other Motor Vehicle, Collision With",2
 Damage & Injury Accident,7:34,11/14/2014,Friday,Y,Daylight,COLUMBUS,LEFT TURN (3),CHENANGO,Straight and Level,Clear,No Passing Zone,Snow/Ice,Not Applicable,"Other Motor Vehicle, Collision With",2
 Damage & Injury Accident,17:35,11/20/2014,Thursday,Y,Dark-Road Unlighted,RYE BROOKE,REAR END,WESTCHESTER,Curve and Level,Clear,None,Dry,Not Applicable,"Other Motor Vehicle, Collision With",2
 Damage Accident,8:05,12/31/2014,Wednesday,Y,Daylight,KINGSTON,OTHER,ULSTER,Straight and Grade,Clear,None,Dry,Not Applicable,Deer,1
 Damage & Injury Accident,7:19,06/24/2014,Tuesday,Y,Daylight,HUNTINGTON,REAR END,SUFFOLK,Straight and Level,Clear,None,Dry,Not Applicable,"Other Motor Vehicle, Collision With",2
 Damage Accident,18:44,10/23/2014,Thursday,Y,Dark-Road Lighted,JAMESTOWN,OTHER,CHAUTAUQUA,Curve and Level,Cloudy,None,Dry,Not Applicable,"Sign Post, Collision With Fixed Object",1
 Damage Accident,19:58,08/16/2014,Saturday,Y,Dusk,OSWEGO,RIGHT ANGLE,OSWEGO,Straight and Level,Rain,Stop Sign,Wet,Not Applicable,"Other Motor Vehicle, Collision With",2
 Damage & Injury Accident,15:50,06/28/2014,Saturday,Y,Daylight,BROOKHAVEN,OTHER,SUFFOLK,Straight and Level,Clear,None,Dry,Not Applicable,"Tree, Collision With Fixed Object",1
 Damage Accident,8:12,04/12/2014,Saturday,Y,Daylight,VICTOR,OTHER,ONTARIO,Straight and Level,Clear,None,Dry,Not Applicable,Deer,1
 Accident,20:10,04/15/2014,Tuesday,N,Dark-Road Unlighted,KINGS,OTHER,KINGS,Straight and Level,Rain,Traffic Signal,Wet,"Crossing, With Signal","Pedestrian, Collision With",1
 Damage Accident,0:00,06/22/2014,Sunday,N,Unknown,HORSEHEADS,OTHER,CHEMUNG,Unknown,Unknown,Unknown,Unknown,Not Applicable,Deer,1
 Damage Accident,21:30,11/10/2014,Monday,N,Dark-Road Unlighted,PHOENIX,OTHER,OSWEGO,Straight and Level,Clear,Unknown,Dry,Not Applicable,Deer,1
 Damage Accident,6:10,06/09/2014,Monday,Y,Daylight,COLTON,OTHER,ST. LAWRENCE,Straight and Grade,Cloudy,None,Dry,Not Applicable,"Guide Rail - Not At End, Collision With Fixed Object",1
 Damage Accident,14:40,01/06/2014,Monday,Y,Daylight,ISLAND PARK,OVERTAKING,NASSAU,Straight and Grade,Cloudy,None,Wet,Not Applicable,"Other Motor Vehicle, Collision With",2
 Damage Accident,0:53,08/10/2014,Sunday,Y,Dark-Road Lighted,PLATTSBURG,REAR END,CLINTON,Straight and Level,Clear,Traffic Signal,Dry,Not Applicable,"Other Motor Vehicle, Collision With",2
 Damage Accident,23:00,12/02/2014,Tuesday,Y,Dark-Road Lighted,LANCASTER,OTHER,ERIE,Straight and Level,Clear,None,Dry,Not Applicable,Deer,1
 Damage Accident,13:10,09/02/2014,Tuesday,Y,Daylight,OYSTER BAY,REAR END,NASSAU,Straight and Level,Clear,None,Dry,Not Applicable,"Other Motor Vehicle, Collision With",2
 Damage & Injury Accident,19:41,12/03/2014,Wednesday,Y,Dark-Road Lighted,NEW PALTZ,RIGHT ANGLE,ULSTER,Straight and Level,Cloudy,Traffic Signal,Dry,Not Applicable,"Other Motor Vehicle, Collision With",2
 Damage Accident,14:30,01/30/2014,Thursday,Y,Daylight,POUGHKEEPSIE,REAR END,DUTCHESS,Straight and Grade,Clear,Yield Sign,Dry,Not Applicable,"Other Motor Vehicle, Collision With",2
 Accident,16:30,12/09/2014,Tuesday,Y,Dusk,COLONIE,OTHER,ALBANY,Straight and Level,Rain,None,Wet,"Crossing, No Signal or Crosswalk","Pedestrian, Collision With",1
 Accident,11:02,11/13/2014,Thursday,Y,Daylight,RIVERHEAD,REAR END,SUFFOLK,Straight and Level,Clear,Yield Sign,Dry,Not Applicable,"Other Motor Vehicle, Collision With",2
 Damage Accident,2:28,11/07/2014,Friday,Y,Dark-Road Lighted,BUFFALO,OTHER,ERIE,Straight and Level,Rain,None,Wet,Not Applicable,"Building/Wall, Collision With Fixed Object",1
 Damage Accident,7:50,05/06/2014,Tuesday,N,Unknown,BRONX,Unknown,BRONX,Unknown,Unknown,Unknown,Unknown,Not Applicable,"Other Motor Vehicle, Collision With",2
 Damage Accident,13:15,07/06/2014,Sunday,Y,Daylight,WORCESTER,OTHER,OTSEGO,Curve and Level,Clear,None,Dry,Not Applicable,"Guide Rail - Not At End, Collision With Fixed Object",1
 Damage Accident,0:00,05/15/2014,Thursday,N,Daylight,BINGHAMTON,Unknown,BROOME,Straight and Level,Clear,None,Dry,Not Applicable,"Other Motor Vehicle, Collision With",2
 Damage Accident,5:00,06/22/2014,Sunday,Y,Dark-Road Lighted,QUEENS,OTHER,QUEENS,Straight and Level,Clear,None,Dry,Not Applicable,"Other Motor Vehicle, Collision With",3
 Damage Accident,16:55,05/13/2014,Tuesday,Y,Daylight,LIMA,OTHER,LIVINGSTON,Straight and Level,Clear,None,Dry,Not Applicable,"Earth Embankment/Rock Cut/Ditch, Collision With Fixed Object",1
 Damage & Injury Accident,18:10,02/02/2014,Sunday,Y,Dark-Road Lighted,NORTH HEMPSTEAD,RIGHT ANGLE,NASSAU,Straight and Level,Clear,Stop Sign,Dry,Not Applicable,"Other Motor Vehicle, Collision With",2
 Accident,11:29,05/18/2014,Sunday,Y,Daylight,KINGS,OTHER,KINGS,Straight and Level,Clear,Traffic Signal,Dry,Riding/Walking/Skating Along Highway With Traffic,"Bicyclist, Collision With",1
 Damage & Injury Accident,20:32,05/08/2014,Thursday,Y,Dark-Road Unlighted,BROWNVILLE,OTHER,JEFFERSON,Straight and Level,Cloudy,None,Dry,Not Applicable,"Other*, Non-Collision",1
 Damage Accident,17:43,05/22/2014,Thursday,Y,Daylight,GATES,RIGHT TURN (5),MONROE,Straight and Level,Clear,None,Dry,Not Applicable,"Other Motor Vehicle, Collision With",2
 Damage Accident,10:45,04/23/2014,Wednesday,Y,Daylight,HEMPSTEAD,OVERTAKING,NASSAU,Straight and Level,Clear,None,Dry,Not Applicable,"Other Motor Vehicle, Collision With",2
 Damage & Injury Accident,14:16,10/18/2014,Saturday,Y,Daylight,BRONX,LEFT TURN (0),BRONX,Straight and Level,Clear,Traffic Signal,Dry,Not Applicable,"Other Motor Vehicle, Collision With",2
 Accident,21:54,05/08/2014,Thursday,Y,Dark-Road Unlighted,SALINA,OVERTAKING,ONONDAGA,Straight and Level,Cloudy,None,Dry,Not Applicable,"Guide Rail - Not At End, Collision With Fixed Object",2