 Descriptor,Time,Date,Day of Week,Police Report,Lighting Conditions,Municipality,Collision Type Descriptor,County Name,Road Descriptor,Weather Conditions,Traffic Control Device,Road Surface Conditions,Pedestrian Bicyclist Action,Event Descriptor,Number of Vehicles Involved
 Damage Accident,7:50,05/27/2014,Tuesday,Y,Daylight,BRIGHTON,REAR END,MONROE,Straight and Level,Clear,Construction Work Area,Dry,Not Applicable,"Other Motor Vehicle, Collision With",2
 Damage Accident,10:01,08/01/2014,Friday,Y,Daylight,CLARKSTOWN,OTHER,ROCKLAND,Straight and Level,Clear,None,Dry,Not Applicable,"Other Motor Vehicle, Collision With",2
 Damage Accident,21:15,12/17/2014,Wednesday,N,Dark-Road Lighted,RICHMOND,OTHER,RICHMOND,Straight and Level,Clear,None,Dry,Not Applicable,"Light Support/Utility Pole, Collision With Fixed Object",1
 Damage Accident,9:30,11/04/2014,Tuesday,Y,Daylight,NEWBURGH,LEFT TURN (0),ORANGE,Straight and Grade,Clear,Stop Sign,Dry,Not Applicable,"Other Motor Vehicle, Collision With",2
 Damage Accident,19:00,03/15/2014,Saturday,N,Dusk,HASTINGS ON HUDSON,Unknown,WESTCHESTER,Straight and Level,Clear,None,Dry,Not Applicable,"Other Motor Vehicle, Collision With",2
 Damage & Injury Accident,6:03,02/01/2014,Saturday,Y,Dark-Road Lighted,ROCHESTER,LEFT TURN (3),MONROE,Straight and Level,Cloudy,Traffic Signal,Wet,Not Applicable,"Other Motor Vehicle, Collision With",2
 Accident,0:59,06/13/2014,Friday,Y,Dawn,KINGS,RIGHT ANGLE,KINGS,Straight and Level,Rain,Unknown,Wet,Not Applicable,"Other Motor Vehicle, Collision With",2
 Damage Accident,17:00,11/20/2014,Thursday,Y,Dark-Road Unlighted,HOMER,OTHER,CORTLAND,Straight and Level,Snow,None,Snow/Ice,Not Applicable,Deer,1
 Damage & Injury Accident,6:25,01/27/2014,Monday,Y,Dawn,OYSTER BAY,REAR END,NASSAU,Straight and Level,Cloudy,Traffic Signal,Wet,Not Applicable,"Other Motor Vehicle, Collision With",2
 Damage Accident,17:50,12/11/2014,Thursday,Y,Dark-Road Unlighted,ALFRED,OVERTAKING,ALLEGANY,Straight and Grade,Snow,None,Snow/Ice,Not Applicable,"Other Motor Vehicle, Collision With",2
 Damage Accident,10:26,06/02/2014,Monday,N,Daylight,FLORAL PARK,RIGHT ANGLE,NASSAU,Straight and Level,Clear,None,Dry,Not Applicable,"Other Motor Vehicle, Collision With",2
 Damage Accident,18:03,05/05/2014,Monday,Y,Daylight,ORANGETOWN,OVERTAKING,ROCKLAND,Straight and Level,Clear,None,Dry,Not Applicable,"Other Motor Vehicle, Collision With",2
 Damage & Injury Accident,9:02,04/13/2014,Sunday,Y,Daylight,RICHMOND,REAR END,RICHMOND,Straight and Grade,Clear,Unknown,Dry,Not Applicable,"Other Motor Vehicle, Collision With",2
 Damage & Injury Accident,17:40,11/30/2014,Sunday,Y,Dark-Road Unlighted,GREENBURGH,REAR END,WESTCHESTER,Curve and Level,Cloudy,None,Dry,Not Applicable,"Other Motor Vehicle, Collision With",2
 Accident,17:00,02/19/2014,Wednesday,Y,Daylight,QUEENS,REAR END,QUEENS,Straight and Level,Clear,None,Wet,Not Applicable,"Other Motor Vehicle, Collision With",2
 Damage & Injury Accident,9:00,01/25/2014,Saturday,Y,Daylight,HEMPSTEAD,REAR END,NASSAU,Straight and Level,Cloudy,None,Snow/Ice,Not Applicable,"Other Motor Vehicle, Collision With",2
 Damage & Injury Accident,13:49,01/28/2014,Tuesday,Y,Daylight,CLARKSTOWN,REAR END,ROCKLAND,Straight and Level,Cloudy,Stop Sign,Dry,Not Applicable,"Other Motor Vehicle, Collision With",2
 Accident,9:00,11/20/2014,Thursday,Y,Daylight,BRIGHTON,REAR END,MONROE,Straight and Level,Clear,None,Wet,Not Applicable,"Other Motor Vehicle, Collision With",2
 Damage Accident,19:00,01/23/2014,Thursday,Y,Dark-Road Lighted,WAPPINGER,REAR END,DUTCHESS,Straight and Level,Cloudy,Traffic Signal,Dry,Not Applicable,"Other Motor Vehicle, Collision With",2
 Accident,21:52,08/10/2014,Sunday,Y,Dark-Road Unlighted,CONQUEST,OTHER,CAYUGA,Straight and Level,Clear,None,Dry,Not Applicable,"Light Support/Utility Pole, Collision With Fixed Object",1
 Damage Accident,15:38,09/19/2014,Friday,Y,Daylight,NEW PALTZ,OTHER,ULSTER,Straight and Level,Clear,No Passing Zone,Dry,Not Applicable,"Other Motor Vehicle, Collision With",3
 Damage & Injury Accident,21:54,03/09/2014,Sunday,Y,Dark-Road Lighted,AMSTERDAM,OTHER,MONTGOMERY,Straight and Grade,Clear,Traffic Signal,Dry,Not Applicable,"Fire Hydrant, Collision With Fixed Object",1
 Damage & Injury Accident,17:30,07/30/2014,Wednesday,Y,Daylight,HEMPSTEAD,RIGHT ANGLE,NASSAU,Straight and Level,Clear,Traffic Signal,Dry,Not Applicable,"Other Motor Vehicle, Collision With",2
 Damage Accident,18:15,01/07/2014,Tuesday,Y,Dark-Road Unlighted,CLARKSTOWN,REAR END,ROCKLAND,Straight and Level,Clear,None,Dry,Not Applicable,"Other Motor Vehicle, Collision With",2
 Damage Accident,17:40,12/13/2014,Saturday,Y,Dark-Road Lighted,WHITE PLAINS,RIGHT ANGLE,WESTCHESTER,Straight and Grade,Clear,Stop Sign,Dry,Not Applicable,"Other Motor Vehicle, Collision With",2
 Accident,11:45,09/04/2014,Thursday,Y,Daylight,BRONX,OTHER,BRONX,Straight and Level,Clear,Stop Sign,Dry,"Crossing, No Signal or Crosswalk","Pedestrian, Collision With",1
 Damage Accident,9:57,10/03/2014,Friday,Y,Daylight,MALONE,SIDESWIPE,FRANKLIN,Straight and Level,Clear,None,Dry,Not Applicable,"Other Motor Vehicle, Collision With",2
 Accident,12:13,12/23/2014,Tuesday,Y,Daylight,BROOKHAVEN,REAR END,SUFFOLK,Straight and Level,Rain,None,Wet,Not Applicable,"Other Motor Vehicle, Collision With",2
 Damage & Injury Accident,11:14,06/16/2014,Monday,Y,Daylight,BRONX,REAR END,BRONX,Straight and Level,Clear,None,Dry,Not Applicable,"Other Motor Vehicle, Collision With",2
 Damage Accident,15:18,09/17/2014,Wednesday,Y,Daylight,ANTWERP,OVERTAKING,JEFFERSON,Curve and Grade,Cloudy,None,Dry,Not Applicable,"Other Motor Vehicle, Collision With",2
 Accident,12:35,06/03/2014,Tuesday,Y,Daylight,QUEENS,REAR END,QUEENS,Straight and Level,Clear,Traffic Signal,Dry,Not Applicable,"Other Motor Vehicle, Collision With",2
 Damage Accident,20:20,04/09/2014,Wednesday,Y,Dark-Road Unlighted,WATERTOWN,OTHER,JEFFERSON,Straight and Grade,Clear,None,Dry,Not Applicable,Deer,1
 Damage Accident,2:21,06/15/2014,Sunday,Y,Dark-Road Lighted,BABYLON,OTHER,SUFFOLK,Curve and Level,Clear,None,Dry,Not Applicable,"Tree, Collision With Fixed Object",1
 Damage Accident,18:30,01/11/2014,Saturday,Y,Dark-Road Lighted,SAG HARBOR,RIGHT ANGLE,SUFFOLK,Straight and Level,Cloudy,No Passing Zone,Dry,Not Applicable,"Other Motor Vehicle, Collision With",2
 Accident,21:50,02/08/2014,Saturday,Y,Dark-Road Lighted,KINGS,LEFT TURN (0),KINGS,Straight and Level,Clear,Traffic Signal,Dry,Not Applicable,"Other Motor Vehicle, Collision With",2
 Damage Accident,13:11,09/08/2014,Monday,Y,Daylight,KINGSTON,RIGHT ANGLE,ULSTER,Straight and Level,Clear,None,Dry,Not Applicable,"Other Motor Vehicle, Collision With",2
 Damage Accident,13:00,12/26/2014,Friday,Y,Daylight,BROOKHAVEN,Unknown,SUFFOLK,Straight and Level,Clear,None,Dry,Not Applicable,"Other Motor Vehicle, Collision With",2
 Damage & Injury Accident,17:14,02/20/2014,Thursday,Y,Daylight,ARCADE,OTHER,WYOMING,Straight and Grade,Sleet/Hail/Freezing Rain,None,Slush,Not Applicable,"Snow Embankment, Collision With Fixed Object",1
 Damage Accident,11:12,01/23/2014,Thursday,Y,Daylight,HOPEWELL,Unknown,ONTARIO,Straight and Level,Clear,None,Snow/Ice,Not Applicable,"Other Motor Vehicle, Collision With",2
 Accident,15:40,12/23/2014,Tuesday,Y,Daylight,HEMPSTEAD,REAR END,NASSAU,Straight and Level,Rain,Traffic Signal,Wet,Not Applicable,"Other Motor Vehicle, Collision With",2
 Damage Accident,1:00,05/10/2014,Saturday,Y,Dark-Road Unlighted,RHINEBECK,OTHER,DUTCHESS,Curve and Level,Rain,None,Wet,Not Applicable,"Light Support/Utility Pole, Collision With Fixed Object",1
 Damage Accident,13:20,02/21/2014,Friday,Y,Daylight,VALLEY STREAM,RIGHT ANGLE,NASSAU,Straight and Level,Fog/Smog/Smoke,Traffic Signal,Wet,Not Applicable,"Other Motor Vehicle, Collision With",2
 Accident,15:40,07/24/2014,Thursday,Y,Daylight,KINGS,OTHER,KINGS,Straight and Level,Clear,Traffic Signal,Dry,"Crossing, With Signal","Pedestrian, Collision With",1
 Accident,23:26,08/02/2014,Saturday,Y,Dark-Road Unlighted,SHELBY,OTHER,ORLEANS,Straight and Level,Cloudy,None,Muddy,Not Applicable,"Earth Embankment/Rock Cut/Ditch, Collision With Fixed Object",1
 Damage Accident,13:00,09/16/2014,Tuesday,Y,Daylight,WESTBURY,REAR END,NASSAU,Straight and Grade,Cloudy,Traffic Signal,Wet,Not Applicable,"Other Motor Vehicle, Collision With",2
 Damage Accident,6:50,07/31/2014,Thursday,Y,Daylight,KINGS,REAR END,KINGS,Straight and Level,Clear,None,Dry,Not Applicable,"Other Motor Vehicle, Collision With",2
 Accident,19:15,12/18/2014,Thursday,Y,Dark-Road Lighted,KINGS,OTHER,KINGS,Straight and Level,Cloudy,Stop Sign,Dry,Riding/Walking/Skating Along Highway With Traffic,"Bicyclist, Collision With",1
 Damage Accident,14:50,08/07/2014,Thursday,Y,Daylight,DRYDEN,LEFT TURN (3),TOMPKINS,Straight and Level,Clear,Stop Sign,Dry,Not Applicable,"Other Motor Vehicle, Collision With",2
 Accident,19:05,10/22/2014,Wednesday,Y,Dark-Road Lighted,MINEOLA,LEFT TURN (0),NASSAU,Straight and Level,Rain,Traffic Signal,Wet,Not Applicable,"Other Motor Vehicle, Collision With",2
 Damage Accident,14:23,01/18/2014,Saturday,Y,Daylight,FLEMING,OTHER,CAYUGA,Curve and Grade,Snow,No Passing Zone,Snow/Ice,Not Applicable,"Light Support/Utility Pole, Collision With Fixed Object",1
 Damage Accident,3:00,02/16/2014,Sunday,Y,Dark-Road Lighted,BROOKHAVEN,Unknown,SUFFOLK,Straight and Level,Cloudy,None,Snow/Ice,Not Applicable,"Other Motor Vehicle, Collision With",2
 Accident,16:10,12/31/2014,Wednesday,Y,Daylight,CHEEKTOWAGA,OTHER,ERIE,Straight and Grade,Snow,Traffic Signal,Snow/Ice,Not Applicable,"Other Motor Vehicle, Collision With",3
 Damage Accident,17:25,11/15/2014,Saturday,Y,Dark-Road Unlighted,JACKSON,OTHER,WASHINGTON,Straight and Level,Cloudy,None,Dry,Not Applicable,Deer,1
 Damage & Injury Accident,18:15,01/08/2014,Wednesday,N,Dark-Road Lighted,GLEN COVE,REAR END,NASSAU,Straight and Level,Clear,None,Dry,Not Applicable,"Other Motor Vehicle, Collision With",2
 Damage Accident,11:20,08/22/2014,Friday,N,Unknown,QUEENS,OVERTAKING,QUEENS,Straight and Level,Clear,Traffic Signal,Dry,Not Applicable,"Other Motor Vehicle, Collision With",2
 Damage Accident,9:55,11/26/2014,Wednesday,Y,Daylight,SOMERS,REAR END,WESTCHESTER,Straight and Grade,Snow,No Passing Zone,Snow/Ice,Not Applicable,"Other Motor Vehicle, Collision With",2
 Accident,17:36,03/17/2014,Monday,Y,Dusk,QUEENS,RIGHT ANGLE,QUEENS,Straight and Level,Cloudy,Stop Sign,Dry,Not Applicable,"Other Motor Vehicle, Collision With",2
 Damage & Injury Accident,7:34,09/08/2014,Monday,Y,Daylight,STARKEY,OTHER,YATES,Straight and Level,Clear,None,Dry,Not Applicable,"Guide Rail - Not At End, Collision With Fixed Object",1
 Damage & Injury Accident,13:22,09/29/2014,Monday,N,Daylight,ROCKVILLE CENTRE,Unknown,NASSAU,Straight and Level,Cloudy,None,Dry,Not Applicable,"Other Motor Vehicle, Collision With",2
 Accident,12:25,04/19/2014,Saturday,Y,Daylight,IRONDEQUOIT,REAR END,MONROE,Straight and Level,Cloudy,Traffic Signal,Dry,Not Applicable,"Other Motor Vehicle, Collision With",2
 Accident,13:29,04/09/2014,Wednesday,Y,Daylight,KINGS,REAR END,KINGS,Straight and Level,Clear,Traffic Signal,Dry,Not Applicable,"Other Motor Vehicle, Collision With",2
 Damage & Injury Accident,1:07,11/26/2014,Wednesday,Y,Dark-Road Lighted,CLAY,OTHER,ONONDAGA,Curve and Grade,Cloudy,None,Dry,Not Applicable,"Other Fixed Object*, Collision With Fixed Object",2
 Accident,18:00,09/26/2014,Friday,Y,Daylight,BRONX,REAR END,BRONX,Straight and Level,Clear,Traffic Signal,Dry,Not Applicable,"Other Motor Vehicle, Collision With",2
 Damage Accident,13:43,02/22/2014,Saturday,Y,Daylight,OYSTER BAY,REAR END,NASSAU,Curve and Grade,Clear,None,Dry,Not Applicable,"Other Motor Vehicle, Collision With",2
 Accident,21:06,02/19/2014,Wednesday,Y,Dark-Road Lighted,KINGS,OTHER,KINGS,Straight and Level,Rain,Traffic Signal,Wet,"Crossing, With Signal","Pedestrian, Collision With",1
 Accident,8:00,10/27/2014,Monday,N,Unknown,BRONX,Unknown,BRONX,Unknown,Unknown,Unknown,Unknown,Not Applicable,"Other Motor Vehicle, Collision With",2
 Damage Accident,6:58,01/16/2014,Thursday,Y,Dawn,PALERMO,OTHER,OSWEGO,Straight at Hill Crest,Cloudy,No Passing Zone,Dry,Not Applicable,Deer,1
 Accident,21:09,05/10/2014,Saturday,Y,Dark-Road Lighted,BRONX,REAR END,BRONX,Straight and Level,Unknown,Traffic Signal,Dry,Not Applicable,"Other Motor Vehicle, Collision With",2
 Damage Accident,5:14,12/19/2014,Friday,Y,Dark-Road Unlighted,LE RAY,OTHER,JEFFERSON,Straight and Level,Sleet/Hail/Freezing Rain,None,Snow/Ice,Not Applicable,"Earth Embankment/Rock Cut/Ditch, Collision With Fixed Object",1
 Damage Accident,8:30,05/18/2014,Sunday,Y,Daylight,MINISINK,OTHER,ORANGE,Straight and Grade,Clear,None,Dry,Not Applicable,Deer,1
 Damage Accident,10:45,04/22/2014,Tuesday,Y,Daylight,NEW YORK,OVERTAKING,NEW YORK,Straight and Level,Clear,None,Dry,Not Applicable,"Other Motor Vehicle, Collision With",2
 Damage Accident,3:15,08/21/2014,Thursday,Y,Daylight,NEW YORK,OVERTAKING,NEW YORK,Straight and Level,Clear,None,Dry,Not Applicable,"Other Motor Vehicle, Collision With",2
 Damage Accident,0:00,10/03/2014,Friday,N,Dark-Road Lighted,QUEENS,OVERTAKING,QUEENS,Straight and Level,Clear,None,Dry,Not Applicable,"Other Motor Vehicle, Collision With",2
 Damage Accident,1:35,03/30/2014,Sunday,Y,Dark-Road Unlighted,HALFMOON,HEAD ON,SARATOGA,Straight and Level,Rain,Traffic Signal,Wet,Not Applicable,"Other Motor Vehicle, Collision With",2
 Damage & Injury Accident,17:20,04/29/2014,Tuesday,Y,Daylight,MONTEBELLO,SIDESWIPE,ROCKLAND,Curve and Level,Rain,None,Wet,Not Applicable,"Other Motor Vehicle, Collision With",2
 Accident,2:35,11/23/2014,Sunday,N,Dark-Road Lighted,QUEENS,OTHER,QUEENS,Straight and Grade,Clear,Traffic Signal,Dry,Not Applicable,"Other Fixed Object*, Collision With Fixed Object",1
 Damage Accident,20:00,09/22/2014,Monday,N,Unknown,BROOKHAVEN,Unknown,SUFFOLK,Unknown,Unknown,Unknown,Unknown,Not Applicable,"Other Motor Vehicle, Collision With",2
 Accident,16:30,12/22/2014,Monday,Y,Dark-Road Lighted,OLD BROOKVILLE,REAR END,NASSAU,Straight and Level,Cloudy,Traffic Signal,Dry,Not Applicable,"Other Motor Vehicle, Collision With",2
 Damage Accident,8:15,01/13/2014,Monday,Y,Daylight,OYSTER BAY,OTHER,NASSAU,Straight and Level,Clear,None,Dry,Not Applicable,"Other Motor Vehicle, Collision With",2
 Accident,20:00,11/04/2014,Tuesday,Y,Dark-Road Unlighted,QUEENS,OTHER,QUEENS,Straight and Level,Clear,Traffic Signal,Dry,"Crossing, With Signal","Bicyclist, Collision With",1
 Damage Accident,10:45,04/12/2014,Saturday,Y,Daylight,CLARKSTOWN,LEFT TURN (0),ROCKLAND,Straight and Level,Clear,None,Dry,Not Applicable,"Other Motor Vehicle, Collision With",2
 Damage Accident,18:06,02/28/2014,Friday,Y,Dusk,ORISKANY,RIGHT ANGLE,ONEIDA,Straight and Level,Clear,None,Dry,Not Applicable,"Other Motor Vehicle, Collision With",2
 Damage Accident,22:10,02/09/2014,Sunday,Y,Dark-Road Unlighted,CAMILLUS,OVERTAKING,ONONDAGA,Curve and Grade,Snow,None,Snow/Ice,Not Applicable,"Other Motor Vehicle, Collision With",2
 Damage & Injury Accident,10:30,02/13/2014,Thursday,Y,Daylight,NEW YORK,OTHER,NEW YORK,Straight and Level,Snow,None,Snow/Ice,Not Applicable,"Barrier, Collision With Fixed Object",1
 Damage Accident,17:49,02/19/2014,Wednesday,Y,Dark-Road Lighted,OYSTER BAY,REAR END,NASSAU,Straight and Level,Rain,None,Wet,Not Applicable,"Other Motor Vehicle, Collision With",2
 Damage Accident,14:40,08/06/2014,Wednesday,Y,Daylight,LAFAYETTE,REAR END,ONONDAGA,Curve and Level,Cloudy,None,Dry,Not Applicable,"Other Motor Vehicle, Collision With",2
 Damage Accident,11:10,05/02/2014,Friday,Y,Daylight,AMITY,OTHER,ALLEGANY,Curve and Level,Clear,No Passing Zone,Wet,Not Applicable,"Other Object (Not Fixed)*, Collision With",1
 Damage & Injury Accident,16:52,08/01/2014,Friday,Y,Daylight,HEMPSTEAD,OVERTAKING,NASSAU,Straight and Level,Cloudy,None,Dry,Not Applicable,"Other Motor Vehicle, Collision With",2
 Damage Accident,11:30,03/15/2014,Saturday,Y,Daylight,BATAVIA,RIGHT ANGLE,GENESEE,Straight and Level,Cloudy,None,Wet,Not Applicable,"Other Motor Vehicle, Collision With",2
 Damage Accident,18:23,12/19/2014,Friday,Y,Dark-Road Lighted,KINGS,REAR END,KINGS,Straight and Level,Clear,None,Dry,Not Applicable,"Other Motor Vehicle, Collision With",2
 Damage Accident,17:36,05/03/2014,Saturday,Y,Daylight,CAYUGA HEIGHTS,OTHER,TOMPKINS,Curve and Level,Cloudy,None,Dry,Not Applicable,"Guide Rail - Not At End, Collision With Fixed Object",1
 Damage Accident,14:45,10/27/2014,Monday,Y,Daylight,FLEMING,OTHER,CAYUGA,Straight and Level,Clear,None,Dry,Not Applicable,Deer,1
 Damage Accident,19:10,10/31/2014,Friday,Y,Dark-Road Lighted,MIDDLETOWN,REAR END,ORANGE,Straight and Level,Rain,None,Wet,Not Applicable,"Other Motor Vehicle, Collision With",2
 Damage Accident,2:50,05/06/2014,Tuesday,Y,Dark-Road Lighted,KINGS,OTHER,KINGS,Straight and Level,Clear,None,Dry,Not Applicable,"Other Motor Vehicle, Collision With",6
 Damage Accident,7:30,08/29/2014,Friday,Y,Daylight,EAST SYRACUSE,REAR END,ONONDAGA,Straight and Level,Clear,None,Dry,Not Applicable,"Other Motor Vehicle, Collision With",2
 Damage Accident,9:20,01/04/2014,Saturday,Y,Daylight,MOUNT PLEASANT,OTHER,WESTCHESTER,Curve and Grade,Clear,None,Snow/Ice,Not Applicable,"Guide Rail - Not At End, Collision With Fixed Object",1
 Accident,15:58,08/20/2014,Wednesday,Y,Daylight,QUEENS,OTHER,QUEENS,Straight and Grade,Clear,None,Dry,Not Applicable,"Other Motor Vehicle, Collision With",4
 Accident,22:52,05/14/2014,Wednesday,Y,Daylight,KINGS,OTHER,KINGS,Straight and Level,Cloudy,Flashing Light,Dry,"Crossing, No Signal or Crosswalk","Pedestrian, Collision With",1
 Accident,17:09,06/04/2014,Wednesday,Y,Daylight,COLONIE,REAR END,ALBANY,Straight and Level,Cloudy,Traffic Signal,Dry,Not Applicable,"Other Motor Vehicle, Collision With",2
 Damage Accident,0:29,09/02/2014,Tuesday,Y,Dark-Road Lighted,ISLIP,OTHER,SUFFOLK,Straight and Level,Clear,None,Dry,Not Applicable,"Other Motor Vehicle, Collision With",3
 Damage Accident,10:45,03/12/2014,Wednesday,Y,Daylight,VENICE,OTHER,CAYUGA,Straight and Level,Sleet/Hail/Freezing Rain,No Passing Zone,Wet,Not Applicable,"Earth Embankment/Rock Cut/Ditch, Collision With Fixed Object",1
 Accident,12:30,08/04/2014,Monday,Y,Daylight,BUFFALO,OTHER,ERIE,Straight and Level,Clear,Traffic Signal,Dry,"Crossing, With Signal","Pedestrian, Collision With",1
 Damage Accident,16:35,07/31/2014,Thursday,N,Unknown,HURLEY,OTHER,ULSTER,Unknown,Unknown,Unknown,Unknown,Not Applicable,"Other Object (Not Fixed)*, Collision With",1
 Damage Accident,11:43,11/30/2014,Sunday,Y,Dark-Road Unlighted,WAYNE,OTHER,STEUBEN,Straight and Level,Cloudy,No Passing Zone,Dry,Not Applicable,Deer,1
 Damage Accident,8:33,10/13/2014,Monday,Y,Daylight,CHESTER,OTHER,WARREN,Straight and Level,Cloudy,None,Dry,Not Applicable,"Animal, Collision With",1
 Damage Accident,14:09,12/18/2014,Thursday,Y,Daylight,NEW HARTFORD,REAR END,ONEIDA,Straight and Grade,Cloudy,None,Wet,Not Applicable,"Other Motor Vehicle, Collision With",2
 Damage Accident,16:55,12/25/2014,Thursday,Y,Dark-Road Unlighted,BETHLEHEM,OTHER,ALBANY,Straight and Level,Cloudy,No Passing Zone,Dry,Not Applicable,"Animal, Collision With",1
 Damage & Injury Accident,14:12,05/04/2014,Sunday,Y,Daylight,LINDENHURST,OTHER,SUFFOLK,Straight and Level,Clear,Stop Sign,Dry,Not Applicable,"Other Motor Vehicle, Collision With",3
 Damage & Injury Accident,13:40,06/08/2014,Sunday,Y,Daylight,WALLKILL,REAR END,ORANGE,Curve and Level,Clear,None,Dry,Not Applicable,"Other Motor Vehicle, Collision With",2
 Damage Accident,10:22,08/21/2014,Thursday,Y,Daylight,GEORGETOWN,OTHER,MADISON,Curve and Grade,Cloudy,No Passing Zone,Dry,Not Applicable,"Earth Embankment/Rock Cut/Ditch, Collision With Fixed Object",1
 Damage Accident,8:29,04/24/2014,Thursday,Y,Daylight,WATERLOO,OTHER,SENECA,Straight and Level,Clear,None,Dry,Not Applicable,Deer,1
 Damage & Injury Accident,17:46,02/18/2014,Tuesday,Y,Dusk,WATERTOWN,RIGHT ANGLE,JEFFERSON,Straight and Level,Snow,Stop Sign,Snow/Ice,Not Applicable,"Other Motor Vehicle, Collision With",2
 Accident,21:45,10/08/2014,Wednesday,Y,Daylight,QUEENS,OTHER,QUEENS,Straight and Level,Clear,Traffic Signal,Dry,"Crossing, Against Signal","Pedestrian, Collision With",1
 Damage Accident,16:30,05/23/2014,Friday,Y,Daylight,BALLSTON,RIGHT ANGLE,SARATOGA,Straight and Level,Clear,Stop Sign,Dry,Not Applicable,"Other Motor Vehicle, Collision With",2
 Damage Accident,17:02,05/25/2014,Sunday,Y,Daylight,ROTTERDAM,OTHER,SCHENECTADY,Straight and Grade,Clear,None,Dry,Not Applicable,Deer,1
 Accident,10:15,01/11/2014,Saturday,Y,Daylight,CLARKSTOWN,LEFT TURN (0),ROCKLAND,Straight and Level,Rain,Traffic Signal,Wet,Not Applicable,"Other Motor Vehicle, Collision With",2
 Damage Accident,8:45,02/05/2014,Wednesday,Y,Daylight,MONTGOMERY,LEFT TURN (3),ORANGE,Straight and Level,Snow,None,Snow/Ice,Not Applicable,"Other Motor Vehicle, Collision With",2
 Damage Accident,21:15,08/24/2014,Sunday,Y,Dark-Road Unlighted,,REAR END,ORANGE,Straight and Grade,Cloudy,No Passing Zone,Dry,Not Applicable,"Other Motor Vehicle, Collision With",2
 Damage Accident,12:50,04/15/2014,Tuesday,Y,Daylight,ROCHESTER,OTHER,MONROE,Straight and Level,Sleet/Hail/Freezing Rain,None,Snow/Ice,Not Applicable,"Other Motor Vehicle, Collision With",3
 Damage & Injury Accident,18:22,01/14/2014,Tuesday,Y,Dark-Road Unlighted,RIVERHEAD,OTHER,SUFFOLK,Straight and Level,Rain,None,Wet,Not Applicable,"Other Motor Vehicle, Collision With",3
 Damage Accident,8:40,09/04/2014,Thursday,Y,Daylight,NIAGARA FALLS,RIGHT ANGLE,NIAGARA,Straight and Level,Clear,Traffic Signal,Dry,Not Applicable,"Other Motor Vehicle, Collision With",2
 Damage & Injury Accident,17:16,08/26/2014,Tuesday,Y,Daylight,HALFMOON,RIGHT ANGLE,SARATOGA,Straight and Level,Clear,None,Dry,Not Applicable,"Other Motor Vehicle, Collision With",2
 Damage Accident,0:00,01/09/2014,Thursday,N,Daylight,HEMPSTEAD,OVERTAKING,NASSAU,Straight and Level,Clear,None,Dry,Not Applicable,"Other Motor Vehicle, Collision With",2
 Damage Accident,0:04,11/26/2014,Wednesday,Y,Dark-Road Unlighted,VAN BUREN,OTHER,ONONDAGA,Straight and Level,Clear,None,Dry,Not Applicable,Deer,1
 Damage Accident,17:45,06/23/2014,Monday,Y,Daylight,QUEENS,REAR END,QUEENS,Straight and Level,Clear,None,Dry,Not Applicable,"Other Motor Vehicle, Collision With",2
 Damage Accident,0:30,08/16/2014,Saturday,N,Dark-Road Unlighted,SOMERSET,OTHER,NIAGARA,Straight and Level,Clear,None,Dry,Not Applicable,Deer,1
 Damage & Injury Accident,14:03,09/02/2014,Tuesday,Y,Daylight,BLOOMINGBURG,RIGHT ANGLE,SULLIVAN,Straight and Level,Clear,Traffic Signal,Dry,Not Applicable,"Other Motor Vehicle, Collision With",2
 Accident,4:40,11/29/2014,Saturday,Y,Dark-Road Unlighted,DENMARK,RIGHT TURN (5),LEWIS,Straight and Grade,Cloudy,Stop Sign,Snow/Ice,Not Applicable,"Guide Rail - Not At End, Collision With Fixed Object",2
 Damage Accident,12:45,03/27/2014,Thursday,Y,Daylight,BUFFALO,OTHER,ERIE,Straight and Level,Clear,None,Dry,Not Applicable,"Fire Hydrant, Collision With Fixed Object",1
 Damage & Injury Accident,12:00,09/02/2014,Tuesday,Y,Daylight,QUEENS,RIGHT ANGLE,QUEENS,Straight and Level,Clear,Stop Sign,Dry,Not Applicable,"Other Motor Vehicle, Collision With",2
 Damage & Injury Accident,21:01,05/01/2014,Thursday,Y,Dawn,KINGS,RIGHT ANGLE,KINGS,Straight and Level,Clear,Traffic Signal,Dry,Not Applicable,"Other Motor Vehicle, Collision With",2
 Damage & Injury Accident,23:29,02/07/2014,Friday,Y,Dark-Road Unlighted,CHEMUNG,REAR END,CHEMUNG,Straight and Level,Clear,None,Dry,Not Applicable,"Other Motor Vehicle, Collision With",2
 Damage Accident,18:15,10/29/2014,Wednesday,Y,Dark-Road Unlighted,HUNTINGTON,Unknown,SUFFOLK,Straight and Level,Rain,None,Wet,Not Applicable,"Other Motor Vehicle, Collision With",2
 Damage Accident,14:57,07/05/2014,Saturday,Y,Daylight,MILO,OTHER,YATES,Straight and Level,Cloudy,None,Dry,Not Applicable,Deer,1
 Accident,2:59,10/11/2014,Saturday,Y,Dark-Road Unlighted,NORFOLK,OTHER,ST. LAWRENCE,Curve and Grade,Clear,None,Dry,Not Applicable,"Tree, Collision With Fixed Object",1