 Descriptor,Time,Date,Day of Week,Police Report,Lighting Conditions,Municipality,Collision Type Descriptor,County Name,Road Descriptor,Weather Conditions,Traffic Control Device,Road Surface Conditions,Pedestrian Bicyclist Action,Event Descriptor,Number of Vehicles Involved
 Damage Accident,11:30,10/20/2014,Monday,N,Daylight,SMITHTOWN,Unknown,SUFFOLK,Straight and Level,Clear,None,Dry,Not Applicable,"Other Motor Vehicle, Collision With",2
 Damage & Injury Accident,15:28,02/13/2014,Thursday,Y,Daylight,STOCKBRIDGE,OTHER,MADISON,Curve and Grade,Snow,RR Crossing Gates,Snow/Ice,Not Applicable,"Fence, Collision With Fixed Object",1
 Damage & Injury Accident,16:39,07/11/2014,Friday,Y,Daylight,BATAVIA,REAR END,GENESEE,Straight and Level,Clear,None,Dry,Not Applicable,"Other Motor Vehicle, Collision With",2
 Damage Accident,18:50,12/15/2014,Monday,Y,Daylight,BABYLON,OVERTAKING,SUFFOLK,Straight and Level,Clear,Traffic Signal,Dry,Not Applicable,"Other Motor Vehicle, Collision With",2
 Accident,20:00,07/02/2014,Wednesday,Y,Dark-Road Lighted,NEW YORK,OTHER,NEW YORK,Straight and Level,Rain,Traffic Signal,Wet,"Crossing, With Signal","Pedestrian, Collision With",1
 Damage Accident,15:00,03/16/2014,Sunday,Y,Daylight,MUNNSVILLE,OTHER,MADISON,Curve and Grade,Cloudy,None,Dry,Not Applicable,"Earth Embankment/Rock Cut/Ditch, Collision With Fixed Object",1
 Damage Accident,20:27,08/24/2014,Sunday,Y,Dark-Road Unlighted,,OTHER,FRANKLIN,Curve and Grade,Clear,Other,Dry,Not Applicable,"Animal, Collision With",1
 Damage & Injury Accident,15:45,08/25/2014,Monday,Y,Daylight,HYDE PARK,REAR END,DUTCHESS,Straight and Grade,Clear,No Passing Zone,Dry,Not Applicable,"Other Motor Vehicle, Collision With",2
 Damage Accident,17:54,12/01/2014,Monday,Y,Dark-Road Lighted,HEMPSTEAD,REAR END,NASSAU,Straight and Level,Rain,None,Wet,Not Applicable,"Other Motor Vehicle, Collision With",2
 Damage Accident,12:15,01/27/2014,Monday,Y,Daylight,NORTH HEMPSTEAD,SIDESWIPE,NASSAU,Straight and Level,Clear,None,Dry,Not Applicable,"Other Motor Vehicle, Collision With",2
 Damage Accident,16:34,01/19/2014,Sunday,Y,Dusk,WHEATFIELD,OTHER,NIAGARA,Straight and Level,Snow,None,Snow/Ice,Not Applicable,"Other Fixed Object*, Collision With Fixed Object",1
 Damage Accident,11:36,07/21/2014,Monday,Y,Daylight,VICTOR,OTHER,ONTARIO,Straight and Level,Clear,None,Dry,Not Applicable,"Other Motor Vehicle, Collision With",3
 Damage Accident,10:47,09/10/2014,Wednesday,Y,Daylight,ISLIP,OTHER,SUFFOLK,Straight and Level,Clear,None,Dry,Not Applicable,"Other Motor Vehicle, Collision With",3
 Damage Accident,9:58,07/25/2014,Friday,Y,Daylight,LANSING,REAR END,TOMPKINS,Straight and Grade,Clear,Traffic Signal,Dry,Not Applicable,"Other Motor Vehicle, Collision With",2
 Damage & Injury Accident,12:00,05/13/2014,Tuesday,Y,Daylight,NEW YORK,OTHER,NEW YORK,Straight and Level,Clear,Traffic Signal,Dry,Not Applicable,"Other Motor Vehicle, Collision With",3
 Damage Accident,18:40,05/09/2014,Friday,Y,Daylight,BALLSTON SPA,REAR END,SARATOGA,Straight and Grade,Cloudy,Traffic Signal,Dry,Not Applicable,"Other Motor Vehicle, Collision With",2
 Damage Accident,19:35,11/27/2014,Thursday,Y,Dark-Road Lighted,LOCKPORT,RIGHT TURN (6),NIAGARA,Straight and Level,Snow,Traffic Signal,Snow/Ice,Not Applicable,"Other Motor Vehicle, Collision With",2
 Damage & Injury Accident,7:20,02/27/2014,Thursday,Y,Daylight,ALDEN,REAR END,ERIE,Straight and Grade,Snow,RR Crossing Gates,Snow/Ice,Not Applicable,"Other Motor Vehicle, Collision With",2
 Accident,11:35,08/26/2014,Tuesday,Y,Daylight,SALINA,REAR END,ONONDAGA,Straight at Hill Crest,Clear,None,Dry,Not Applicable,"Other Motor Vehicle, Collision With",2
 Accident,19:33,10/14/2014,Tuesday,N,Unknown,POUGHKEEPSIE,Unknown,DUTCHESS,Unknown,Unknown,Unknown,Unknown,Not Applicable,"Other Motor Vehicle, Collision With",2
 Accident,19:39,11/15/2014,Saturday,Y,Dark-Road Lighted,ROCHESTER,RIGHT TURN (6),MONROE,Straight and Level,Clear,Traffic Signal,Dry,Not Applicable,"Other Motor Vehicle, Collision With",2
 Damage Accident,10:46,02/23/2014,Sunday,Y,Daylight,YONKERS,OTHER,WESTCHESTER,Straight and Level,Clear,None,Dry,Not Applicable,"Other Motor Vehicle, Collision With",4
 Damage Accident,15:06,04/18/2014,Friday,Y,Daylight,HUNTINGTON,Unknown,SUFFOLK,Straight and Level,Clear,Unknown,Dry,Not Applicable,"Other Motor Vehicle, Collision With",2
 Damage Accident,12:00,06/21/2014,Saturday,N,Daylight,QUEENS,Unknown,QUEENS,Straight and Level,Clear,None,Dry,Not Applicable,"Other Motor Vehicle, Collision With",2
 Damage Accident,17:53,12/16/2014,Tuesday,Y,Dark-Road Unlighted,BARNEVELD,OTHER,ONEIDA,Straight and Grade,Rain,None,Wet,Not Applicable,Deer,1
 Damage Accident,17:06,03/17/2014,Monday,N,Unknown,POUGHKEEPSIE,Unknown,DUTCHESS,Unknown,Unknown,Unknown,Unknown,Not Applicable,"Other Motor Vehicle, Collision With",2
 Damage Accident,13:21,08/26/2014,Tuesday,Y,Daylight,KENDALL,LEFT TURN (3),ORLEANS,Straight and Level,Clear,No Passing Zone,Dry,Not Applicable,"Other Motor Vehicle, Collision With",2
 Damage Accident,0:00,01/27/2014,Monday,N,Dark-Road Lighted,AMHERST,OTHER,ERIE,Straight and Level,Snow,Stop Sign,Snow/Ice,Not Applicable,"Tree, Collision With Fixed Object",1
 Damage Accident,15:00,08/28/2014,Thursday,Y,Daylight,QUEENS,REAR END,QUEENS,Straight and Level,Clear,None,Dry,Not Applicable,"Other Motor Vehicle, Collision With",2
 Damage Accident,22:15,12/18/2014,Thursday,Y,Dark-Road Lighted,OYSTER BAY,REAR END,NASSAU,Straight and Level,Clear,None,Dry,Not Applicable,"Other Motor Vehicle, Collision With",2
 Damage Accident,7:51,12/18/2014,Thursday,Y,Daylight,MANCHESTER,RIGHT ANGLE,ONTARIO,Straight and Level,Cloudy,Stop Sign,Wet,Not Applicable,"Other Motor Vehicle, Collision With",2
 Damage Accident,19:30,02/14/2014,Friday,N,Dark-Road Lighted,QUEENS,Unknown,QUEENS,Straight and Grade,Clear,None,Snow/Ice,Not Applicable,"Other Motor Vehicle, Collision With",2
 Damage & Injury Accident,10:50,09/09/2014,Tuesday,Y,Daylight,HEMPSTEAD,REAR END,NASSAU,Straight and Level,Cloudy,None,Dry,Not Applicable,"Other Motor Vehicle, Collision With",2
 Accident,19:06,11/20/2014,Thursday,Y,Dark-Road Unlighted,WHEATFIELD,OTHER,NIAGARA,Straight and Level,Cloudy,None,Snow/Ice,Riding/Walking/Skating Along Highway With Traffic,"Pedestrian, Collision With",1
 Accident,21:30,09/11/2014,Thursday,Y,Dark-Road Lighted,GREENBURGH,OTHER,WESTCHESTER,Straight and Level,Clear,None,Dry,"Crossing, No Signal, Marked Crosswalk","Pedestrian, Collision With",1
 Damage Accident,14:00,06/17/2014,Tuesday,Y,Daylight,NORTH HEMPSTEAD,REAR END,NASSAU,Straight and Level,Clear,None,Dry,Not Applicable,"Other Motor Vehicle, Collision With",2
 Accident,11:42,06/20/2014,Friday,Y,Daylight,CLARKSTOWN,OTHER,ROCKLAND,Curve and Grade,Clear,None,Dry,Not Applicable,"Overturned, Non-Collision",1
 Damage Accident,17:35,10/01/2014,Wednesday,Y,Daylight,BABYLON,REAR END,SUFFOLK,Straight and Level,Clear,Traffic Signal,Dry,Not Applicable,"Other Motor Vehicle, Collision With",2
 Damage Accident,19:00,06/05/2014,Thursday,N,Unknown,ADAMS,OTHER,JEFFERSON,Unknown,Unknown,Unknown,Unknown,Not Applicable,Deer,1
 Damage Accident,18:18,06/25/2014,Wednesday,Y,Daylight,COLONIE,REAR END,ALBANY,Straight and Grade,Rain,None,Wet,Not Applicable,"Other Motor Vehicle, Collision With",2
 Damage Accident,9:57,10/16/2014,Thursday,Y,Daylight,BRIGHTON,OTHER,MONROE,Curve and Level,Cloudy,None,Wet,Not Applicable,"Earth Embankment/Rock Cut/Ditch, Collision With Fixed Object",1
 Damage & Injury Accident,12:28,10/24/2014,Friday,Y,Daylight,GATES,RIGHT ANGLE,MONROE,Straight and Level,Clear,None,Dry,Not Applicable,"Other Motor Vehicle, Collision With",2
 Damage Accident,21:47,04/26/2014,Saturday,Y,Dark-Road Unlighted,RED HOOK,OTHER,DUTCHESS,Straight and Level,Cloudy,No Passing Zone,Wet,Not Applicable,Deer,1
 Damage Accident,6:15,11/11/2014,Tuesday,N,Dark-Road Unlighted,NAPOLI,OTHER,CATTARAUGUS,Straight and Level,Clear,None,Dry,Not Applicable,Deer,1
 Damage Accident,19:45,10/19/2014,Sunday,Y,Dark-Road Unlighted,WALLKILL,OTHER,ORANGE,Straight and Level,Clear,None,Dry,Not Applicable,Deer,1
 Damage Accident,2:40,08/06/2014,Wednesday,Y,Dark-Road Unlighted,IRONDEQUOIT,OTHER,MONROE,Curve and Grade,Clear,None,Dry,Not Applicable,"Guide Rail - Not At End, Collision With Fixed Object",1
 Damage Accident,12:50,03/04/2014,Tuesday,Y,Daylight,UTICA,REAR END,ONEIDA,Straight and Level,Cloudy,Traffic Signal,Dry,Not Applicable,"Other Motor Vehicle, Collision With",2
 Damage Accident,0:00,02/07/2014,Friday,N,Unknown,CRAWFORD,Unknown,ORANGE,Unknown,Unknown,Unknown,Unknown,Not Applicable,"Other Motor Vehicle, Collision With",2
 Accident,20:50,07/25/2014,Friday,Y,Dark-Road Lighted,KINGS,RIGHT ANGLE,KINGS,Straight and Level,Clear,Traffic Signal,Dry,Not Applicable,"Other Motor Vehicle, Collision With",2
 Damage Accident,18:57,10/10/2014,Friday,Y,Dark-Road Lighted,JOHNSBURG,OTHER,WARREN,Straight and Level,Clear,None,Dry,Not Applicable,Deer,1
 Damage Accident,19:50,01/30/2014,Thursday,Y,Dark-Road Lighted,VALLEY STREAM,OVERTAKING,NASSAU,Straight and Level,Clear,None,Dry,Not Applicable,"Other Motor Vehicle, Collision With",2
 Damage & Injury Accident,9:36,07/03/2014,Thursday,Y,Daylight,HEMPSTEAD,REAR END,NASSAU,Straight and Level,Clear,Traffic Signal,Dry,Not Applicable,"Other Motor Vehicle, Collision With",2
 Damage Accident,17:32,04/28/2014,Monday,Y,Daylight,BRIGHTON,REAR END,MONROE,Straight and Level,Clear,None,Dry,Not Applicable,"Other Motor Vehicle, Collision With",2
 Damage Accident,16:35,10/08/2014,Wednesday,Y,Daylight,ROME,OTHER,ONEIDA,Straight and Level,Cloudy,No Passing Zone,Dry,Not Applicable,Deer,1
 Damage & Injury Accident,11:30,06/02/2014,Monday,Y,Daylight,VALLEY STREAM,LEFT TURN (3),NASSAU,Straight and Level,Clear,None,Dry,Not Applicable,"Other Motor Vehicle, Collision With",2
 Damage Accident,15:25,02/04/2014,Tuesday,Y,Daylight,FAYETTEVILLE,OTHER,ONONDAGA,Straight and Grade,Cloudy,None,Dry,Not Applicable,"Light Support/Utility Pole, Collision With Fixed Object",1
 Damage Accident,14:00,06/17/2014,Tuesday,N,Unknown,AMHERST,OTHER,ERIE,Unknown,Unknown,Unknown,Unknown,Not Applicable,"Other*, Non-Collision",1
 Damage & Injury Accident,13:52,10/13/2014,Monday,Y,Daylight,RAMAPO,OVERTAKING,ROCKLAND,Straight and Level,Clear,None,Dry,Not Applicable,"Other Motor Vehicle, Collision With",2
 Damage Accident,22:50,05/09/2014,Friday,Y,Dark-Road Lighted,HUNTINGTON,Unknown,SUFFOLK,Straight and Level,Rain,None,Wet,Not Applicable,"Other Motor Vehicle, Collision With",2
 Damage & Injury Accident,6:15,09/02/2014,Tuesday,N,Daylight,BROOKHAVEN,LEFT TURN (3),SUFFOLK,Straight and Level,Clear,Traffic Signal,Dry,Not Applicable,"Other Motor Vehicle, Collision With",2
 Accident,16:50,05/18/2014,Sunday,Y,Daylight,KINGS,OVERTAKING,KINGS,Straight and Level,Clear,None,Dry,Not Applicable,"Other Motor Vehicle, Collision With",2
 Accident,16:50,05/18/2014,Sunday,Y,Daylight,KINGS,OVERTAKING,KINGS,Straight and Level,Clear,None,Dry,Not Applicable,"Other Motor Vehicle, Collision With",2
 Damage Accident,16:53,03/07/2014,Friday,Y,Daylight,SAUGERTIES,REAR END,ULSTER,Straight and Level,Clear,None,Dry,Not Applicable,"Other Motor Vehicle, Collision With",2
 Damage Accident,22:26,04/18/2014,Friday,Y,Dark-Road Unlighted,AMITY,OTHER,ALLEGANY,Straight and Level,Clear,No Passing Zone,Dry,Not Applicable,Deer,1
 Accident,16:13,10/23/2014,Thursday,Y,Daylight,KINGS,REAR END,KINGS,Straight and Level,Rain,None,Wet,Not Applicable,"Other Motor Vehicle, Collision With",2
 Damage & Injury Accident,0:13,02/28/2014,Friday,Y,Dark-Road Lighted,SOUTHOLD,OTHER,SUFFOLK,Curve and Level,Clear,No Passing Zone,Dry,Not Applicable,"Fire Hydrant, Collision With Fixed Object",1
 Damage Accident,8:00,02/10/2014,Monday,Y,Daylight,CLARKSTOWN,RIGHT ANGLE,ROCKLAND,Straight and Level,Clear,Traffic Signal,Wet,Not Applicable,"Other Motor Vehicle, Collision With",2
 Accident,15:00,05/11/2014,Sunday,N,Unknown,KINGS,REAR END,KINGS,Unknown,Unknown,Unknown,Unknown,Not Applicable,"Other Motor Vehicle, Collision With",2
 Damage Accident,21:36,10/17/2014,Friday,Y,Dark-Road Lighted,GARDEN CITY,OVERTAKING,NASSAU,Straight and Level,Clear,Traffic Signal,Dry,Not Applicable,"Other Motor Vehicle, Collision With",2
 Damage Accident,5:47,03/10/2014,Monday,Y,Dark-Road Unlighted,ARCADIA,OTHER,WAYNE,Straight at Hill Crest,Cloudy,None,Wet,Not Applicable,Deer,1
 Accident,9:48,01/17/2014,Friday,Y,Daylight,GLENS FALLS,REAR END,WARREN,Straight and Level,Clear,Traffic Signal,Dry,Not Applicable,"Other Motor Vehicle, Collision With",2
 Damage Accident,14:45,03/30/2014,Sunday,N,Unknown,HENRIETTA,OTHER,MONROE,Unknown,Unknown,Unknown,Unknown,Not Applicable,"Other*, Non-Collision",1
 Damage Accident,16:15,07/10/2014,Thursday,Y,Daylight,OLEAN,REAR END,CATTARAUGUS,Straight and Level,Clear,None,Dry,Not Applicable,"Other Motor Vehicle, Collision With",2
 Damage Accident,18:07,01/03/2014,Friday,Y,Dark-Road Lighted,AMSTERDAM,REAR END,MONTGOMERY,Straight and Level,Cloudy,Traffic Signal,Snow/Ice,Not Applicable,"Other Motor Vehicle, Collision With",2
 Damage & Injury Accident,8:05,11/07/2014,Friday,Y,Daylight,PLATTSBURG,OTHER,CLINTON,Curve and Level,Rain,None,Wet,Not Applicable,"Guide Rail - Not At End, Collision With Fixed Object",1
 Accident,19:43,10/27/2014,Monday,Y,Dark-Road Lighted,BRONX,OVERTAKING,BRONX,Straight and Grade,Clear,Traffic Signal,Dry,Not Applicable,"Other Motor Vehicle, Collision With",2
 Accident,18:05,11/30/2014,Sunday,Y,Dark-Road Lighted,KINGS,REAR END,KINGS,Straight and Level,Clear,None,Dry,Not Applicable,"Other Motor Vehicle, Collision With",2
 Damage & Injury Accident,17:52,04/02/2014,Wednesday,Y,Daylight,HUNTINGTON,OTHER,SUFFOLK,Curve and Grade,Cloudy,No Passing Zone,Dry,Not Applicable,"Earth Embankment/Rock Cut/Ditch, Collision With Fixed Object",1
 Accident,19:30,09/21/2014,Sunday,Y,Dark-Road Lighted,KINGS,Unknown,KINGS,Straight and Level,Clear,Traffic Signal,Dry,Not Applicable,"Other Motor Vehicle, Collision With",2
 Damage Accident,11:00,06/27/2014,Friday,N,Daylight,BARRINGTON,OTHER,YATES,Straight and Level,Clear,None,Dry,Not Applicable,Deer,1
 Accident,14:14,05/17/2014,Saturday,Y,Daylight,GREENBURGH,OTHER,WESTCHESTER,Straight and Level,Clear,Stop Sign,Dry,Riding/Walking/Skating Along Highway Against Traffic,"Bicyclist, Collision With",1
 Damage Accident,6:30,10/16/2014,Thursday,Y,Dark-Road Lighted,WEST SENECA,OTHER,ERIE,Straight and Level,Fog/Smog/Smoke,Stop Sign,Dry,Not Applicable,"Tree, Collision With Fixed Object",1
 Damage Accident,16:25,12/05/2014,Friday,Y,Dark-Road Unlighted,BRUNSWICK,OTHER,RENSSELAER,Straight and Grade,Snow,None,Wet,Not Applicable,Deer,1
 Damage Accident,13:32,11/26/2014,Wednesday,Y,Daylight,UNION,OTHER,BROOME,Curve and Grade,Snow,No Passing Zone,Snow/Ice,Not Applicable,"Earth Embankment/Rock Cut/Ditch, Collision With Fixed Object",1
 Damage Accident,12:00,08/05/2014,Tuesday,Y,Daylight,OYSTER BAY,Unknown,NASSAU,Straight and Level,Clear,None,Dry,Not Applicable,"Other Motor Vehicle, Collision With",2
 Damage & Injury Accident,13:45,08/26/2014,Tuesday,Y,Daylight,AMHERST,RIGHT ANGLE,ERIE,Straight and Level,Clear,Traffic Signal,Dry,Not Applicable,"Other Motor Vehicle, Collision With",2
 Damage Accident,9:55,08/13/2014,Wednesday,Y,Daylight,STARK,OTHER,HERKIMER,Curve and Grade,Cloudy,No Passing Zone,Wet,Not Applicable,"Guide Rail - Not At End, Collision With Fixed Object",1
 Damage & Injury Accident,23:33,02/08/2014,Saturday,Y,Dark-Road Lighted,NEW HARTFORD,OTHER,ONEIDA,Curve and Level,Clear,None,Wet,Not Applicable,"Snow Embankment, Collision With Fixed Object",1
 Damage Accident,7:27,11/18/2014,Tuesday,Y,Daylight,NEW WINDSOR,REAR END,ORANGE,Curve and Grade,Clear,Yield Sign,Dry,Not Applicable,"Other Motor Vehicle, Collision With",2
 Damage Accident,8:11,01/03/2014,Friday,Y,Daylight,VIRGIL,OTHER,CORTLAND,Straight and Grade,Cloudy,None,Snow/Ice,Not Applicable,"Guide Rail - Not At End, Collision With Fixed Object",1
 Damage Accident,5:30,07/15/2014,Tuesday,N,Unknown,EDMESTON,OTHER,OTSEGO,Unknown,Unknown,Unknown,Unknown,Not Applicable,Deer,1
 Damage & Injury Accident,8:22,10/13/2014,Monday,Y,Daylight,COLONIE,RIGHT ANGLE,ALBANY,Straight and Level,Cloudy,Stop Sign,Dry,Not Applicable,"Other Motor Vehicle, Collision With",2
 Damage Accident,17:00,12/13/2014,Saturday,N,Dusk,LE RAY,Unknown,JEFFERSON,Straight and Level,Cloudy,None,Dry,Not Applicable,"Other Motor Vehicle, Collision With",2
 Damage Accident,11:28,04/24/2014,Thursday,Y,Daylight,CLIFTON PARK,OVERTAKING,SARATOGA,Curve and Level,Clear,None,Dry,Not Applicable,"Other Motor Vehicle, Collision With",2
 Damage & Injury Accident,9:46,06/30/2014,Monday,Y,Daylight,WESTBURY,REAR END,NASSAU,Straight and Level,Clear,Traffic Signal,Dry,Not Applicable,"Other Motor Vehicle, Collision With",2
 Damage Accident,6:00,05/16/2014,Friday,N,Dark-Road Unlighted,CONSTANTIA,OTHER,OSWEGO,Curve and Grade,Clear,Unknown,Dry,Not Applicable,Deer,1
 Accident,12:15,09/01/2014,Monday,Y,Daylight,KINGS,OTHER,KINGS,Straight and Level,Clear,Traffic Signal,Dry,Riding/Walking/Skating Along Highway With Traffic,"Bicyclist, Collision With",1
 Damage Accident,10:50,03/15/2014,Saturday,Y,Daylight,JOHNSTOWN,OTHER,FULTON,Straight and Grade,Cloudy,None,Snow/Ice,Not Applicable,"Snow Embankment, Collision With Fixed Object",1
 Damage Accident,0:14,06/27/2014,Friday,Y,Dark-Road Unlighted,GRANVILLE,OTHER,WASHINGTON,Curve and Level,Clear,None,Dry,Not Applicable,"Tree, Collision With Fixed Object",1
 Damage & Injury Accident,2:00,06/07/2014,Saturday,Y,Dark-Road Lighted,NEW YORK,Unknown,NEW YORK,Straight and Level,Clear,None,Dry,Not Applicable,"Other Motor Vehicle, Collision With",2
 Accident,11:30,06/16/2014,Monday,Y,Daylight,BUFFALO,OTHER,ERIE,Straight and Level,Clear,Traffic Signal,Dry,"Crossing, With Signal","Pedestrian, Collision With",1
 Damage Accident,9:30,10/31/2014,Friday,Y,Daylight,RICHFIELD SPRINGS,REAR END,OTSEGO,Straight and Level,Fog/Smog/Smoke,No Passing Zone,Dry,Not Applicable,"Other Motor Vehicle, Collision With",2
 Damage Accident,10:07,07/07/2014,Monday,Y,Daylight,BLOOMING GROVE,REAR END,ORANGE,Straight and Grade,Clear,None,Dry,Not Applicable,"Other Motor Vehicle, Collision With",2
 Damage Accident,18:14,11/20/2014,Thursday,Y,Dark-Road Unlighted,ONTARIO,OTHER,WAYNE,Straight and Level,Cloudy,None,Dry,Not Applicable,Deer,1
 Damage Accident,11:50,01/18/2014,Saturday,N,Daylight,QUEENS,Unknown,QUEENS,Straight and Level,Rain,Traffic Signal,Wet,Not Applicable,"Other Motor Vehicle, Collision With",2
 Accident,16:50,07/15/2014,Tuesday,Y,Daylight,KINGS,OTHER,KINGS,Straight and Level,Cloudy,None,Dry,"Crossing, No Signal or Crosswalk","Pedestrian, Collision With",1
 Damage Accident,7:21,11/21/2014,Friday,Y,Daylight,SCOTT,OTHER,CORTLAND,Curve and Grade,Snow,No Passing Zone,Snow/Ice,Not Applicable,"Earth Embankment/Rock Cut/Ditch, Collision With Fixed Object",1
 Damage Accident,12:55,02/28/2014,Friday,Y,Daylight,NEW YORK,OVERTAKING,NEW YORK,Straight and Level,Clear,None,Dry,Not Applicable,"Other Motor Vehicle, Collision With",2
 Damage & Injury Accident,21:42,02/24/2014,Monday,Y,Dark-Road Lighted,ASHLAND,OTHER,GREENE,Straight and Level,Cloudy,None,Dry,Not Applicable,"Snow Embankment, Collision With Fixed Object",1
 Damage Accident,13:43,05/19/2014,Monday,Y,Daylight,WOODSTOCK,REAR END,ULSTER,Straight at Hill Crest,Cloudy,Stop Sign,Dry,Not Applicable,"Other Motor Vehicle, Collision With",2
 Damage Accident,17:17,12/15/2014,Monday,Y,Dark-Road Unlighted,BRUTUS,OTHER,CAYUGA,Straight and Grade,Cloudy,None,Wet,Not Applicable,Deer,1
 Damage & Injury Accident,7:15,04/01/2014,Tuesday,Y,Daylight,QUEENS,RIGHT ANGLE,QUEENS,Straight and Level,Clear,Stop Sign,Dry,Not Applicable,"Other Motor Vehicle, Collision With",2
 Damage Accident,22:10,10/14/2014,Tuesday,Y,Dark-Road Unlighted,CAMDEN,OTHER,ONEIDA,Straight and Level,Clear,None,Dry,Not Applicable,Deer,1
 Damage Accident,1:50,05/07/2014,Wednesday,Y,Dark-Road Unlighted,SAUGERTIES,OTHER,ULSTER,Curve and Level,Clear,None,Dry,Not Applicable,"Tree, Collision With Fixed Object",1
 Damage Accident,11:45,09/11/2014,Thursday,Y,Daylight,SYRACUSE,REAR END,ONONDAGA,Straight and Level,Clear,None,Dry,Not Applicable,"Other Motor Vehicle, Collision With",2
 Damage Accident,4:00,01/25/2014,Saturday,N,Dark-Road Lighted,NEW YORK,OTHER,NEW YORK,Straight and Level,Clear,Traffic Signal,Wet,Not Applicable,"Median - Not At End, Collision With Fixed Object",1
 Accident,19:50,10/24/2014,Friday,Y,Dark-Road Lighted,BRONX,OTHER,BRONX,Straight and Level,Clear,Traffic Signal,Dry,"Crossing, Against Signal","Pedestrian, Collision With",1
 Damage Accident,7:30,06/05/2014,Thursday,Y,Daylight,ISLIP,LEFT TURN (3),SUFFOLK,Straight and Level,Rain,Traffic Signal,Wet,Not Applicable,"Other Motor Vehicle, Collision With",2
 Damage Accident,18:00,08/01/2014,Friday,Y,Daylight,SCHENECTADY,HEAD ON,SCHENECTADY,Straight and Level,Cloudy,None,Wet,Not Applicable,"Other Motor Vehicle, Collision With",2
 Damage Accident,16:45,02/13/2014,Thursday,N,Dusk,BALLSTON,SIDESWIPE,SARATOGA,Curve and Grade,Snow,None,Snow/Ice,Not Applicable,"Other Motor Vehicle, Collision With",2
 Damage Accident,14:00,11/26/2014,Wednesday,Y,Daylight,HEMPSTEAD,OTHER,NASSAU,Straight and Level,Rain,None,Wet,Not Applicable,"Light Support/Utility Pole, Collision With Fixed Object",1
 Damage Accident,12:30,10/13/2014,Monday,N,Dark-Road Unlighted,IRONDEQUOIT,OTHER,MONROE,Straight and Level,Clear,None,Dry,Not Applicable,Deer,1
 Damage Accident,15:15,03/10/2014,Monday,N,Unknown,EAST FISHKILL,OTHER,DUTCHESS,Unknown,Unknown,Unknown,Unknown,Not Applicable,"Earth Embankment/Rock Cut/Ditch, Collision With Fixed Object",1
 Accident,16:48,03/20/2014,Thursday,N,Unknown,QUEENS,OTHER,QUEENS,Unknown,Unknown,Unknown,Unknown,Not Applicable,"Other*, Non-Collision",1
 Damage Accident,21:30,06/26/2014,Thursday,N,Dark-Road Unlighted,LAKE PLEASANT,OTHER,HAMILTON,Curve and Level,Clear,None,Dry,Not Applicable,Deer,1
 Accident,10:00,03/27/2014,Thursday,Y,Daylight,QUEENS,OTHER,QUEENS,Straight and Level,Clear,Traffic Signal,Dry,Not Applicable,"Other Motor Vehicle, Collision With",3
 Damage & Injury Accident,9:32,06/02/2014,Monday,Y,Daylight,WATERTOWN,OTHER,JEFFERSON,Straight and Grade,Clear,None,Dry,Not Applicable,"Other Motor Vehicle, Collision With",3
 Accident,18:00,12/07/2014,Sunday,Y,Dark-Road Lighted,BROOKHAVEN,OTHER,SUFFOLK,Straight and Level,Clear,None,Dry,Not Applicable,"Other Motor Vehicle, Collision With",3
 Damage & Injury Accident,12:55,05/22/2014,Thursday,Y,Daylight,LANCASTER,REAR END,ERIE,Straight and Level,Clear,Traffic Signal,Dry,Not Applicable,"Other Motor Vehicle, Collision With",2
 Damage Accident,9:56,11/18/2014,Tuesday,Y,Daylight,OLEAN,RIGHT ANGLE,CATTARAUGUS,Straight and Level,Clear,Traffic Signal,Dry,Not Applicable,"Other Motor Vehicle, Collision With",2
 Damage Accident,11:44,10/31/2014,Friday,Y,Daylight,AMHERST,REAR END,ERIE,Straight and Level,Cloudy,Traffic Signal,Wet,Not Applicable,"Other Motor Vehicle, Collision With",2
 Damage Accident,10:54,05/06/2014,Tuesday,Y,Daylight,ALBANY,OTHER,ALBANY,Straight and Level,Clear,None,Dry,Not Applicable,"Other Object (Not Fixed)*, Collision With",1
 Accident,10:03,02/19/2014,Wednesday,Y,Daylight,,REAR END,UNKNOWN,Straight and Level,Clear,Traffic Signal,Wet,Not Applicable,"Other Motor Vehicle, Collision With",2
 Damage Accident,22:30,10/05/2014,Sunday,N,Dark-Road Unlighted,GOSHEN,OTHER,ORANGE,Curve and Grade,Cloudy,Unknown,Dry,Not Applicable,Deer,1
 Damage Accident,14:55,12/16/2014,Tuesday,Y,Daylight,COLONIE,RIGHT TURN (5),ALBANY,Straight and Grade,Cloudy,Traffic Signal,Dry,Not Applicable,"Other Motor Vehicle, Collision With",2
 Accident,3:40,07/27/2014,Sunday,Y,Dark-Road Lighted,NEW YORK,OTHER,NEW YORK,Straight and Level,Clear,Traffic Signal,Dry,"Crossing, With Signal","Pedestrian, Collision With",1
 Damage Accident,19:48,09/16/2014,Tuesday,Y,Dark-Road Unlighted,YORK,HEAD ON,LIVINGSTON,Straight and Level,Cloudy,None,Dry,Not Applicable,"Other Motor Vehicle, Collision With",2