 Descriptor,Time,Date,Day of Week,Police Report,Lighting Conditions,Municipality,Collision Type Descriptor,County Name,Road Descriptor,Weather Conditions,Traffic Control Device,Road Surface Conditions,Pedestrian Bicyclist Action,Event Descriptor,Number of Vehicles Involved
 Damage Accident,20:30,12/16/2014,Tuesday,Y,Dark-Road Unlighted,MASSENA,OTHER,ST. LAWRENCE,Straight and Level,Sleet/Hail/Freezing Rain,None,Wet,Not Applicable,Deer,1
 Damage Accident,9:42,06/23/2014,Monday,Y,Daylight,SCHENECTADY,RIGHT ANGLE,SCHENECTADY,Straight and Level,Clear,None,Dry,Not Applicable,"Other Motor Vehicle, Collision With",2
 Accident,7:45,11/28/2014,Friday,Y,Daylight,COLONIE,OVERTAKING,ALBANY,Straight and Level,Clear,Traffic Signal,Snow/Ice,Not Applicable,"Other Motor Vehicle, Collision With",2
 Damage Accident,11:17,04/25/2014,Friday,Y,Daylight,GREECE,REAR END,MONROE,Straight and Level,Clear,Traffic Signal,Dry,Not Applicable,"Other Motor Vehicle, Collision With",2
 Accident,16:20,11/12/2014,Wednesday,Y,Dusk,RED HOOK,REAR END,DUTCHESS,Straight and Level,Clear,None,Dry,Not Applicable,"Other Motor Vehicle, Collision With",2
 Damage Accident,0:49,11/08/2014,Saturday,Y,Dark-Road Lighted,EAST GREENBUSH,OVERTAKING,RENSSELAER,Curve and Level,Clear,No Passing Zone,Dry,Not Applicable,"Other Motor Vehicle, Collision With",2
 Damage Accident,16:40,12/10/2014,Wednesday,Y,Dark-Road Unlighted,BRUNSWICK,REAR END,RENSSELAER,Curve and Grade,Snow,No Passing Zone,Snow/Ice,Not Applicable,"Other Motor Vehicle, Collision With",2
 Damage Accident,7:19,12/01/2014,Monday,Y,Daylight,BRIGHTON,LEFT TURN (3),MONROE,Straight and Level,Cloudy,None,Wet,Not Applicable,"Other Motor Vehicle, Collision With",2
 Damage & Injury Accident,22:39,07/05/2014,Saturday,Y,Dark-Road Lighted,CATT.,RIGHT ANGLE,ERIE,Straight and Level,Clear,Stop Sign,Dry,Not Applicable,"Other Motor Vehicle, Collision With",2
 Damage Accident,15:33,01/20/2014,Monday,Y,Daylight,BATAVIA,OVERTAKING,GENESEE,Straight and Level,Snow,None,Snow/Ice,Not Applicable,"Other Motor Vehicle, Collision With",2
 Damage Accident,17:54,02/07/2014,Friday,Y,Dark-Road Lighted,CHEEKTOWAGA,OVERTAKING,ERIE,Straight and Level,Cloudy,Traffic Signal,Snow/Ice,Not Applicable,"Other Motor Vehicle, Collision With",2
 Accident,0:01,06/12/2014,Thursday,Y,Dark-Road Lighted,BRONX,REAR END,BRONX,Straight and Level,Clear,Traffic Signal,Dry,Not Applicable,"Other Motor Vehicle, Collision With",2
 Damage Accident,20:15,08/23/2014,Saturday,Y,Dusk,LANSING,OTHER,TOMPKINS,Straight and Level,Cloudy,Other,Dry,Not Applicable,Deer,1
 Accident,15:24,03/12/2014,Wednesday,Y,Daylight,ROCHESTER,SIDESWIPE,MONROE,Straight and Level,Snow,None,Snow/Ice,Not Applicable,"Other Motor Vehicle, Collision With",2
 Damage & Injury Accident,2:45,06/18/2014,Wednesday,Y,Dark-Road Unlighted,LUMBERLAND,OTHER,SULLIVAN,Straight and Level,Cloudy,None,Dry,Not Applicable,"Tree, Collision With Fixed Object",1
 Damage Accident,11:13,10/25/2014,Saturday,Y,Daylight,AURELIUS,RIGHT ANGLE,CAYUGA,Straight and Level,Clear,Stop Sign,Dry,Not Applicable,"Other Motor Vehicle, Collision With",2
 Damage Accident,15:23,05/27/2014,Tuesday,Y,Daylight,LAKE GEORGE,OTHER,WARREN,Straight and Grade,Cloudy,None,Dry,Not Applicable,"Guide Rail - End, Collision With Fixed Object",1
 Damage & Injury Accident,8:45,11/14/2014,Friday,N,Daylight,QUEENS,RIGHT ANGLE,QUEENS,Straight and Grade,Clear,Stop Sign,Dry,Not Applicable,"Other Motor Vehicle, Collision With",2
 Damage Accident,10:35,09/23/2014,Tuesday,Y,Daylight,LIBERTY,OTHER,SULLIVAN,Straight and Level,Cloudy,None,Dry,Not Applicable,Deer,1
 Damage & Injury Accident,10:50,11/02/2014,Sunday,Y,Daylight,HEMPSTEAD,RIGHT ANGLE,NASSAU,Straight and Level,Cloudy,Stop Sign,Dry,Not Applicable,"Other Motor Vehicle, Collision With",2
 Damage Accident,14:30,03/08/2014,Saturday,N,Daylight,ALEXANDER,REAR END,GENESEE,Straight and Level,Cloudy,Stop Sign,Wet,Not Applicable,"Other Motor Vehicle, Collision With",2
 Damage Accident,16:57,11/24/2014,Monday,Y,Dark-Road Unlighted,PALMYRA,OTHER,WAYNE,Straight and Grade,Cloudy,None,Wet,Not Applicable,Deer,1
 Accident,11:01,10/20/2014,Monday,Y,Daylight,POMPEY,LEFT TURN (3),ONONDAGA,Straight and Grade,Cloudy,No Passing Zone,Dry,Not Applicable,"Other Motor Vehicle, Collision With",2
 Damage Accident,4:00,03/07/2014,Friday,Y,Dark-Road Lighted,SMITHTOWN,OTHER,SUFFOLK,Curve and Level,Cloudy,None,Dry,Not Applicable,"Tree, Collision With Fixed Object",1
 Damage Accident,17:29,11/01/2014,Saturday,Y,Dusk,FLOYD,OTHER,ONEIDA,Straight and Level,Cloudy,None,Dry,Not Applicable,Deer,1
 Damage Accident,9:00,02/01/2014,Saturday,N,Daylight,QUEENS,Unknown,QUEENS,Straight and Level,Clear,Traffic Signal,Snow/Ice,Not Applicable,"Other Motor Vehicle, Collision With",2
 Damage Accident,18:15,10/24/2014,Friday,Y,Dark-Road Lighted,WESTBURY,REAR END,NASSAU,Straight and Level,Cloudy,Traffic Signal,Dry,Not Applicable,"Other Motor Vehicle, Collision With",2
 Damage Accident,11:29,09/15/2014,Monday,Y,Daylight,ALLEGANY,OTHER,CATTARAUGUS,Straight and Grade,Clear,None,Dry,Not Applicable,Deer,1
 Damage Accident,5:10,11/06/2014,Thursday,N,Dark-Road Unlighted,MT. MORRIS,OTHER,LIVINGSTON,Straight and Level,Clear,None,Dry,Not Applicable,Deer,1
 Damage Accident,6:50,08/15/2014,Friday,Y,Dawn,OLEAN,RIGHT ANGLE,CATTARAUGUS,Straight and Grade,Cloudy,None,Dry,Not Applicable,"Other Motor Vehicle, Collision With",2
 Damage Accident,18:00,03/23/2014,Sunday,Y,Daylight,QUEENS,Unknown,QUEENS,Straight and Level,Clear,None,Dry,Not Applicable,"Other Motor Vehicle, Collision With",2
 Damage & Injury Accident,14:49,06/16/2014,Monday,Y,Daylight,NEWBURGH,REAR END,ORANGE,Straight and Level,Clear,Traffic Signal,Dry,Not Applicable,"Other Motor Vehicle, Collision With",2
 Damage Accident,21:10,04/12/2014,Saturday,Y,Dark-Road Lighted,KINGS,RIGHT ANGLE,KINGS,Straight and Level,Clear,Stop Sign,Dry,Not Applicable,"Other Motor Vehicle, Collision With",2
 Damage Accident,13:11,10/07/2014,Tuesday,Y,Daylight,SCHUYLERVILLE,RIGHT ANGLE,SARATOGA,Straight and Level,Clear,None,Dry,Not Applicable,"Other Motor Vehicle, Collision With",2
 Damage Accident,8:42,05/27/2014,Tuesday,Y,Daylight,ISLANDIA,OTHER,SUFFOLK,Straight and Level,Clear,None,Dry,Not Applicable,"Other Motor Vehicle, Collision With",3
 Damage & Injury Accident,17:03,02/27/2014,Thursday,Y,Daylight,MADISON,RIGHT ANGLE,MADISON,Straight and Level,Other*,None,Snow/Ice,Not Applicable,"Other Motor Vehicle, Collision With",2
 Damage Accident,12:33,11/15/2014,Saturday,Y,Daylight,HARRISON,RIGHT ANGLE,WESTCHESTER,Straight and Level,Clear,Traffic Signal,Dry,Not Applicable,"Other Motor Vehicle, Collision With",2
 Damage Accident,8:50,01/11/2014,Saturday,Y,Daylight,ISLIP,Unknown,SUFFOLK,Straight and Level,Cloudy,None,Dry,Not Applicable,"Other Motor Vehicle, Collision With",2
 Damage Accident,14:03,08/02/2014,Saturday,Y,Daylight,WILTON,RIGHT ANGLE,SARATOGA,Straight and Level,Clear,None,Dry,Not Applicable,"Other Motor Vehicle, Collision With",2
 Damage Accident,16:24,08/03/2014,Sunday,Y,Daylight,HAMBURG,OVERTAKING,ERIE,Straight and Level,Cloudy,None,Dry,Not Applicable,"Other Motor Vehicle, Collision With",2
 Damage Accident,16:30,10/08/2014,Wednesday,Y,Daylight,QUEENS,OTHER,QUEENS,Straight and Level,Clear,None,Dry,Not Applicable,"Other Motor Vehicle, Collision With",3
 Damage Accident,10:35,10/11/2014,Saturday,Y,Daylight,BROOKHAVEN,OTHER,SUFFOLK,Curve and Grade,Rain,None,Wet,Not Applicable,"Light Support/Utility Pole, Collision With Fixed Object",1
 Damage & Injury Accident,10:22,09/25/2014,Thursday,Y,Daylight,BROOKHAVEN,RIGHT ANGLE,SUFFOLK,Straight and Level,Rain,Traffic Signal,Wet,Not Applicable,"Other Motor Vehicle, Collision With",2
 Damage Accident,21:00,01/10/2014,Friday,N,Dark-Road Lighted,YONKERS,REAR END,WESTCHESTER,Curve and Grade,Fog/Smog/Smoke,None,Snow/Ice,Not Applicable,"Other Motor Vehicle, Collision With",2
 Accident,6:20,10/01/2014,Wednesday,Y,Dark-Road Lighted,QUEENS,OTHER,QUEENS,Straight and Level,Cloudy,Traffic Signal,Dry,"Crossing, With Signal","Pedestrian, Collision With",1
 Damage & Injury Accident,22:30,09/17/2014,Wednesday,Y,Dark-Road Lighted,BUFFALO,Unknown,ERIE,Straight and Level,Clear,Stop Sign,Dry,Not Applicable,"Other Motor Vehicle, Collision With",2
 Damage & Injury Accident,4:30,11/18/2014,Tuesday,Y,Dark-Road Lighted,KINGS,OTHER,KINGS,Curve and Level,Clear,None,Dry,Not Applicable,"Light Support/Utility Pole, Collision With Fixed Object",1
 Damage Accident,17:08,09/19/2014,Friday,Y,Daylight,MAMARONECK,LEFT TURN (3),WESTCHESTER,Straight and Level,Clear,Stop Sign,Dry,Not Applicable,"Other Motor Vehicle, Collision With",2
 Damage & Injury Accident,11:51,03/19/2014,Wednesday,Y,Daylight,RIVERHEAD,RIGHT ANGLE,SUFFOLK,Curve and Level,Clear,No Passing Zone,Dry,Not Applicable,"Other Motor Vehicle, Collision With",2
 Damage Accident,14:37,12/02/2014,Tuesday,Y,Daylight,RIVERHEAD,HEAD ON,SUFFOLK,Straight and Grade,Rain,No Passing Zone,Wet,Not Applicable,"Other Motor Vehicle, Collision With",2
 Damage Accident,8:00,01/06/2014,Monday,N,Unknown,BETHLEHEM,OTHER,ALBANY,Unknown,Unknown,Unknown,Unknown,Not Applicable,"Other*, Non-Collision",1
 Damage Accident,7:26,01/31/2014,Friday,Y,Daylight,ALBANY,LEFT TURN (3),ALBANY,Straight and Level,Clear,Traffic Signal,Dry,Not Applicable,"Other Motor Vehicle, Collision With",2
 Damage & Injury Accident,8:55,11/03/2014,Monday,Y,Daylight,ISLIP,REAR END,SUFFOLK,Straight and Level,Cloudy,None,Dry,Not Applicable,"Other Motor Vehicle, Collision With",2
 Damage Accident,16:44,09/18/2014,Thursday,Y,Daylight,PLATTSBURG,REAR END,CLINTON,Straight and Grade,Clear,No Passing Zone,Dry,Not Applicable,"Other Motor Vehicle, Collision With",2
 Accident,11:45,10/06/2014,Monday,N,Unknown,KINGS,OTHER,KINGS,Unknown,Unknown,Unknown,Unknown,Unknown,"Bicyclist, Collision With",1
 Damage Accident,15:09,11/14/2014,Friday,Y,Daylight,OXFORD,OTHER,CHENANGO,Straight and Level,Cloudy,None,Dry,Not Applicable,Deer,1
 Damage & Injury Accident,8:15,02/11/2014,Tuesday,Y,Daylight,NEVERSINK,LEFT TURN (3),SULLIVAN,Straight and Level,Clear,None,Dry,Not Applicable,"Other Motor Vehicle, Collision With",2
 Damage & Injury Accident,17:05,05/14/2014,Wednesday,Y,Daylight,BRONX,Unknown,BRONX,Straight and Level,Clear,Traffic Signal,Dry,Not Applicable,"Other Motor Vehicle, Collision With",2
 Damage Accident,8:45,02/27/2014,Thursday,Y,Daylight,GUILDERLAND,OVERTAKING,ALBANY,Straight and Grade,Clear,None,Dry,Not Applicable,"Other Motor Vehicle, Collision With",2
 Damage Accident,20:00,09/17/2014,Wednesday,Y,Dark-Road Lighted,BRONX,OVERTAKING,BRONX,Straight and Level,Clear,None,Dry,Not Applicable,"Other Motor Vehicle, Collision With",2
 Damage Accident,13:31,04/08/2014,Tuesday,Y,Daylight,NEW WINDSOR,RIGHT ANGLE,ORANGE,Straight and Level,Clear,None,Dry,Not Applicable,"Other Motor Vehicle, Collision With",2
 Damage Accident,17:40,06/26/2014,Thursday,Y,Daylight,BEDFORD,RIGHT ANGLE,WESTCHESTER,Straight and Grade,Clear,None,Dry,Not Applicable,"Other Motor Vehicle, Collision With",2
 Damage Accident,15:10,11/26/2014,Wednesday,Y,Daylight,HARRISON,OTHER,WESTCHESTER,Straight and Level,Snow,None,Snow/Ice,Not Applicable,"Guide Rail - End, Collision With Fixed Object",1
 Damage Accident,14:45,03/26/2014,Wednesday,Y,Daylight,EAST SYRACUSE,OTHER,ONONDAGA,Straight and Level,Cloudy,None,Dry,Not Applicable,"Guide Rail - Not At End, Collision With Fixed Object",1
 Damage Accident,12:47,09/16/2014,Tuesday,Y,Daylight,LITCHFIELD,OTHER,HERKIMER,Straight and Grade,Rain,None,Wet,Not Applicable,"Fire/Explosion, Non-Collision",1
 Damage Accident,5:45,01/01/2014,Wednesday,Y,Dark-Road Lighted,ISLANDIA,LEFT TURN (3),SUFFOLK,Straight and Level,Cloudy,Traffic Signal,Dry,Not Applicable,"Other Motor Vehicle, Collision With",2
 Accident,15:11,03/12/2014,Wednesday,Y,Daylight,ROME,REAR END,ONEIDA,Straight and Level,Snow,None,Snow/Ice,Not Applicable,"Other Motor Vehicle, Collision With",2
 Damage Accident,17:40,12/15/2014,Monday,Y,Dark-Road Lighted,QUEENS,Unknown,QUEENS,Straight and Level,Clear,None,Dry,Not Applicable,"Other Motor Vehicle, Collision With",2
 Damage Accident,18:10,03/20/2014,Thursday,N,Unknown,NEW YORK,Unknown,NEW YORK,Unknown,Clear,Other,Dry,Not Applicable,"Other Motor Vehicle, Collision With",2
 Damage Accident,6:45,02/18/2014,Tuesday,Y,Daylight,ROTTERDAM,REAR END,SCHENECTADY,Straight and Grade,Cloudy,None,Snow/Ice,Not Applicable,"Other Motor Vehicle, Collision With",2
 Damage Accident,6:17,11/02/2014,Sunday,Y,Dawn,NEW BALTIMORE,OTHER,GREENE,Curve and Level,Cloudy,None,Dry,Not Applicable,Deer,1
 Damage Accident,21:30,12/06/2014,Saturday,N,Dark-Road Lighted,BROOKHAVEN,OTHER,SUFFOLK,Straight and Level,Rain,Traffic Signal,Wet,Not Applicable,"Sign Post, Collision With Fixed Object",1
 Damage & Injury Accident,7:43,06/02/2014,Monday,Y,Daylight,SPRING VALLEY,OVERTAKING,ROCKLAND,Straight and Level,Clear,None,Dry,Not Applicable,"Other Motor Vehicle, Collision With",2
 Accident,10:00,07/23/2014,Wednesday,Y,Daylight,QUEENS,Unknown,QUEENS,Straight and Level,Clear,None,Dry,Not Applicable,"Other Motor Vehicle, Collision With",2
 Damage Accident,12:50,08/28/2014,Thursday,Y,Daylight,SOUTHEAST,REAR END,PUTNAM,Straight and Level,Clear,Traffic Signal,Dry,Not Applicable,"Other Motor Vehicle, Collision With",2
 Accident,23:20,06/22/2014,Sunday,N,Unknown,QUEENS,RIGHT ANGLE,QUEENS,Unknown,Unknown,Unknown,Unknown,Not Applicable,"Other Motor Vehicle, Collision With",2
 Damage Accident,9:45,12/27/2014,Saturday,Y,Daylight,SCHODACK,OTHER,RENSSELAER,Straight and Level,Cloudy,None,Dry,Not Applicable,"Culver/Head Wall, Collision With Fixed Object",1
 Damage & Injury Accident,13:16,12/23/2014,Tuesday,Y,Daylight,MECHANICVILLE,RIGHT ANGLE,SARATOGA,Straight and Level,Rain,Stop Sign,Wet,Not Applicable,"Other Motor Vehicle, Collision With",2
 Damage Accident,18:30,07/01/2014,Tuesday,Y,Daylight,PUTNAM VALLEY,OTHER,PUTNAM,Curve at Hill Crest,Clear,None,Dry,Not Applicable,"Earth Embankment/Rock Cut/Ditch, Collision With Fixed Object",1
 Accident,17:10,11/13/2014,Thursday,N,Dark-Road Lighted,BRONX,Unknown,BRONX,Straight and Level,Clear,Traffic Signal,Dry,Not Applicable,"Other Motor Vehicle, Collision With",2
 Damage & Injury Accident,13:08,11/28/2014,Friday,Y,Daylight,TUSCARORA,OTHER,NIAGARA,Straight and Level,Clear,None,Snow/Ice,Not Applicable,"Snow Embankment, Collision With Fixed Object",1
 Damage & Injury Accident,0:00,02/05/2014,Wednesday,N,Unknown,LINDENHURST,RIGHT ANGLE,SUFFOLK,Unknown,Unknown,Unknown,Unknown,Not Applicable,"Other Motor Vehicle, Collision With",2
 Damage Accident,14:51,07/17/2014,Thursday,Y,Daylight,GARDEN CITY,Unknown,NASSAU,Straight and Level,Clear,None,Dry,Not Applicable,"Other Motor Vehicle, Collision With",2
 Accident,15:00,10/08/2014,Wednesday,Y,Daylight,KINGS,Unknown,KINGS,Straight and Level,Clear,Unknown,Dry,Not Applicable,"Other Motor Vehicle, Collision With",2
 Accident,17:36,12/06/2014,Saturday,Y,Dark-Road Lighted,TROY,OTHER,RENSSELAER,Straight and Level,Sleet/Hail/Freezing Rain,None,Wet,"Crossing, No Signal, Marked Crosswalk","Pedestrian, Collision With",1
 Damage & Injury Accident,17:15,12/17/2014,Wednesday,Y,Dark-Road Unlighted,CAYUGA HEIGHTS,REAR END,TOMPKINS,Straight and Grade,Rain,None,Wet,Not Applicable,"Other Motor Vehicle, Collision With",2
 Damage Accident,17:23,12/06/2014,Saturday,Y,Dark-Road Lighted,HORSEHEADS,RIGHT ANGLE,CHEMUNG,Straight and Level,Rain,Yield Sign,Wet,Not Applicable,"Other Motor Vehicle, Collision With",2
 Damage Accident,14:06,01/08/2014,Wednesday,Y,Daylight,NORTH SYRACUSE,REAR END,ONONDAGA,Straight and Level,Clear,None,Dry,Not Applicable,"Other Motor Vehicle, Collision With",2
 Damage & Injury Accident,12:00,05/20/2014,Tuesday,Y,Daylight,RICHMOND,OTHER,RICHMOND,Straight and Level,Clear,None,Dry,Not Applicable,"Other Motor Vehicle, Collision With",4
 Damage Accident,10:20,03/16/2014,Sunday,Y,Daylight,EAST AURORA,RIGHT ANGLE,ERIE,Straight and Level,Cloudy,None,Wet,Not Applicable,"Other Motor Vehicle, Collision With",2
 Damage Accident,11:50,05/13/2014,Tuesday,Y,Daylight,QUEENS,SIDESWIPE,QUEENS,Straight and Level,Clear,None,Dry,Not Applicable,"Other Motor Vehicle, Collision With",2
 Accident,14:30,02/15/2014,Saturday,N,Unknown,KINGS,OTHER,KINGS,Unknown,Unknown,Unknown,Unknown,Unknown,"Pedestrian, Collision With",1
 Damage & Injury Accident,13:03,12/24/2014,Wednesday,Y,Daylight,PAWLING,REAR END,DUTCHESS,Straight and Level,Rain,Stop Sign,Wet,Not Applicable,"Other Motor Vehicle, Collision With",2
 Damage Accident,21:04,12/26/2014,Friday,Y,Dark-Road Lighted,COEYMANS,REAR END,ALBANY,Straight and Level,Clear,None,Dry,Not Applicable,"Other Motor Vehicle, Collision With",2
 Accident,9:00,09/17/2014,Wednesday,N,Unknown,KINGS,REAR END,KINGS,Unknown,Unknown,Unknown,Unknown,Not Applicable,"Other Motor Vehicle, Collision With",2
 Accident,20:00,08/27/2014,Wednesday,Y,Dark-Road Lighted,KINGS,OTHER,KINGS,Straight and Level,Clear,Traffic Signal,Dry,Unknown,"Pedestrian, Collision With",1
 Damage Accident,0:00,02/27/2014,Thursday,N,Unknown,TONAWANDA,REAR END,ERIE,Unknown,Unknown,Unknown,Unknown,Not Applicable,"Other Motor Vehicle, Collision With",2
 Damage & Injury Accident,10:11,10/03/2014,Friday,Y,Daylight,SOUTHAMPTON,OTHER,SUFFOLK,Straight and Level,Clear,None,Dry,Not Applicable,"Light Support/Utility Pole, Collision With Fixed Object",1
 Damage Accident,14:25,09/07/2014,Sunday,Y,Daylight,HEMPSTEAD,OVERTAKING,NASSAU,Straight and Level,Clear,Traffic Signal,Dry,Not Applicable,"Other Motor Vehicle, Collision With",2
 Damage Accident,0:00,09/28/2014,Sunday,N,Dusk,BETHANY,OTHER,GENESEE,Straight and Grade,Clear,None,Dry,Not Applicable,Deer,1
 Accident,3:00,02/25/2014,Tuesday,Y,Dark-Road Lighted,QUEENS,OTHER,QUEENS,Straight and Level,Clear,Traffic Signal,Dry,Not Applicable,"Other Motor Vehicle, Collision With",3
 Damage & Injury Accident,8:49,04/11/2014,Friday,N,Unknown,BRONX,Unknown,BRONX,Unknown,Unknown,Unknown,Unknown,Not Applicable,"Other Motor Vehicle, Collision With",2
 Damage Accident,18:25,07/24/2014,Thursday,Y,Daylight,KINGS,Unknown,KINGS,Straight and Level,Clear,None,Dry,Not Applicable,"Other Motor Vehicle, Collision With",2
 Damage Accident,18:35,01/17/2014,Friday,Y,Dark-Road Lighted,SMITHTOWN,Unknown,SUFFOLK,Straight and Level,Clear,Traffic Signal,Dry,Not Applicable,"Other Motor Vehicle, Collision With",2
 Damage Accident,11:50,05/10/2014,Saturday,Y,Daylight,NORTH HEMPSTEAD,RIGHT ANGLE,NASSAU,Straight and Level,Cloudy,None,Dry,Not Applicable,"Other Motor Vehicle, Collision With",2
 Damage Accident,17:04,12/22/2014,Monday,Y,Daylight,HENRIETTA,OVERTAKING,MONROE,Straight and Level,Clear,None,Dry,Not Applicable,"Other Motor Vehicle, Collision With",2
 Damage Accident,16:09,10/30/2014,Thursday,Y,Daylight,IRA,REAR END,CAYUGA,Straight at Hill Crest,Clear,No Passing Zone,Wet,Not Applicable,"Other Motor Vehicle, Collision With",2
 Damage Accident,16:15,05/30/2014,Friday,Y,Daylight,CATSKILL,REAR END,GREENE,Straight and Level,Rain,Traffic Signal,Wet,Not Applicable,"Other Motor Vehicle, Collision With",2
 Damage Accident,8:01,01/24/2014,Friday,Y,Daylight,COLONIE,LEFT TURN (3),ALBANY,Curve and Level,Clear,None,Dry,Not Applicable,"Other Motor Vehicle, Collision With",2
 Accident,12:05,12/18/2014,Thursday,N,Unknown,BRONX,Unknown,BRONX,Unknown,Unknown,Unknown,Unknown,Not Applicable,"Other Motor Vehicle, Collision With",2
 Damage & Injury Accident,19:52,09/27/2014,Saturday,Y,Dark-Road Unlighted,FOWLER,OTHER,ST. LAWRENCE,Curve and Grade,Clear,No Passing Zone,Dry,"Crossing, No Signal or Crosswalk","Pedestrian, Collision With",1
 Damage Accident,16:11,06/05/2014,Thursday,N,Daylight,COLONIE,Unknown,ALBANY,Straight and Level,Clear,Traffic Signal,Dry,Not Applicable,"Other Motor Vehicle, Collision With",2
 Damage Accident,13:00,07/10/2014,Thursday,Y,Daylight,NISKAYUNA,OVERTAKING,SCHENECTADY,Straight and Grade,Clear,None,Dry,Not Applicable,"Other Motor Vehicle, Collision With",2
 Damage & Injury Accident,10:00,06/28/2014,Saturday,Y,Daylight,MAMARONECK,OTHER,WESTCHESTER,Curve and Level,Clear,Traffic Signal,Dry,Not Applicable,"Building/Wall, Collision With Fixed Object",1
 Accident,6:30,10/16/2014,Thursday,Y,Dawn,RICHMOND,OTHER,RICHMOND,Straight and Level,Rain,Traffic Signal,Wet,"Crossing, With Signal","Pedestrian, Collision With",1
 Accident,9:30,11/12/2014,Wednesday,Y,Daylight,QUEENS,REAR END,QUEENS,Straight and Level,Clear,None,Dry,Not Applicable,"Other Motor Vehicle, Collision With",2
 Damage Accident,6:15,01/02/2014,Thursday,Y,Dark-Road Lighted,BABYLON,OTHER,SUFFOLK,Curve and Level,Snow,None,Snow/Ice,Not Applicable,"Median - Not At End, Collision With Fixed Object",1
 Damage & Injury Accident,14:40,04/03/2014,Thursday,Y,Daylight,CLARKSTOWN,LEFT TURN (3),ROCKLAND,Straight and Level,Clear,None,Dry,Not Applicable,"Other Motor Vehicle, Collision With",2
 Damage Accident,11:50,02/01/2014,Saturday,N,Unknown,BANGOR,OTHER,FRANKLIN,Unknown,Unknown,Unknown,Unknown,Not Applicable,"Other*, Non-Collision",1
 Accident,15:45,03/26/2014,Wednesday,Y,Daylight,BRONX,REAR END,BRONX,Straight and Level,Clear,Traffic Signal,Dry,Not Applicable,"Other Motor Vehicle, Collision With",2
 Damage & Injury Accident,17:35,06/08/2014,Sunday,Y,Daylight,BRISTOL,OTHER,ONTARIO,Straight and Grade,Rain,None,Wet,Not Applicable,"Earth Embankment/Rock Cut/Ditch, Collision With Fixed Object",1
 Damage Accident,6:30,07/17/2014,Thursday,Y,Daylight,ISLIP,Unknown,SUFFOLK,Straight and Level,Clear,None,Dry,Not Applicable,"Other Motor Vehicle, Collision With",2
 Damage Accident,23:50,11/06/2014,Thursday,Y,Dark-Road Lighted,MALVERNE,OTHER,NASSAU,Straight and Level,Clear,Stop Sign,Dry,Not Applicable,"Other Object (Not Fixed)*, Collision With",1
 Damage Accident,11:40,05/26/2014,Monday,Y,Daylight,BIG FLATS,LEFT TURN (0),CHEMUNG,Straight and Level,Clear,None,Dry,Not Applicable,"Other Motor Vehicle, Collision With",2
 Damage & Injury Accident,11:15,06/01/2014,Sunday,Y,Daylight,KINGS,RIGHT ANGLE,KINGS,Straight and Level,Clear,Traffic Signal,Dry,Not Applicable,"Other Motor Vehicle, Collision With",2
 Accident,13:37,02/22/2014,Saturday,Y,Daylight,KINGS,OTHER,KINGS,Straight and Level,Clear,None,Dry,Unknown,"Bicyclist, Collision With",1
 Damage & Injury Accident,8:40,05/16/2014,Friday,Y,Daylight,DEWITT,OTHER,ONONDAGA,Straight and Level,Rain,None,Wet,Not Applicable,"Sign Post, Collision With Fixed Object",1
 Damage Accident,12:53,05/01/2014,Thursday,Y,Daylight,ALBANY,RIGHT ANGLE,ALBANY,Straight and Level,Cloudy,None,Dry,Not Applicable,"Other Motor Vehicle, Collision With",2
 Damage Accident,0:45,10/20/2014,Monday,Y,Dark-Road Lighted,GATES,OTHER,MONROE,Straight and Level,Clear,None,Dry,Not Applicable,"Animal, Collision With",1
 Accident,8:00,09/17/2014,Wednesday,Y,Daylight,CLARKSTOWN,OTHER,ROCKLAND,Straight and Level,Clear,None,Dry,Not Applicable,Deer,1
 Damage Accident,16:15,03/07/2014,Friday,N,Daylight,ISLIP,OTHER,SUFFOLK,Straight and Level,Cloudy,None,Dry,Not Applicable,"Other Object (Not Fixed)*, Collision With",1
 Damage & Injury Accident,4:35,01/27/2014,Monday,Y,Dark-Road Lighted,ROCHESTER,REAR END,MONROE,Straight and Level,Cloudy,None,Wet,Not Applicable,"Other Motor Vehicle, Collision With",2
 Damage Accident,11:40,07/20/2014,Sunday,Y,Daylight,OYSTER BAY,REAR END,NASSAU,Curve at Hill Crest,Clear,None,Dry,Not Applicable,"Other Motor Vehicle, Collision With",2
 Damage Accident,18:35,06/23/2014,Monday,Y,Daylight,ROCKLAND,OVERTAKING,SULLIVAN,Straight and Level,Clear,None,Dry,Not Applicable,"Other Motor Vehicle, Collision With",2
 Damage & Injury Accident,11:43,07/01/2014,Tuesday,Y,Daylight,COLONIE,RIGHT ANGLE,ALBANY,Straight and Grade,Clear,Stop Sign,Dry,Not Applicable,"Other Motor Vehicle, Collision With",2
 Damage & Injury Accident,13:36,02/10/2014,Monday,Y,Daylight,ALBANY,OTHER,ALBANY,Straight and Level,Clear,Traffic Signal,Dry,Not Applicable,"Other Motor Vehicle, Collision With",4
 Accident,19:50,09/24/2014,Wednesday,Y,Dark-Road Lighted,HEMPSTEAD,RIGHT ANGLE,NASSAU,Straight and Level,Clear,Traffic Signal,Dry,Not Applicable,"Other Motor Vehicle, Collision With",2