 Descriptor,Time,Date,Day of Week,Police Report,Lighting Conditions,Municipality,Collision Type Descriptor,County Name,Road Descriptor,Weather Conditions,Traffic Control Device,Road Surface Conditions,Pedestrian Bicyclist Action,Event Descriptor,Number of Vehicles Involved
 Accident,16:35,07/07/2014,Monday,Y,Daylight,BRONX,OTHER,BRONX,Straight and Level,Clear,Traffic Signal,Dry,"Crossing, With Signal","Pedestrian, Collision With",1
 Accident,14:24,09/29/2014,Monday,Y,Daylight,KINGS,OTHER,KINGS,Straight and Level,Clear,None,Dry,"Crossing, No Signal or Crosswalk","Bicyclist, Collision With",1
 Damage Accident,11:43,10/04/2014,Saturday,Y,Daylight,RYE BROOKE,REAR END,WESTCHESTER,Straight and Grade,Rain,No Passing Zone,Wet,Not Applicable,"Other Motor Vehicle, Collision With",2
 Damage Accident,23:50,02/17/2014,Monday,Y,Dark-Road Unlighted,BROOKHAVEN,REAR END,SUFFOLK,Curve and Level,Clear,None,Dry,Not Applicable,"Other Motor Vehicle, Collision With",2
 Damage Accident,14:00,05/13/2014,Tuesday,Y,Daylight,OYSTER BAY,SIDESWIPE,NASSAU,Straight and Level,Cloudy,Traffic Signal,Dry,Not Applicable,"Other Motor Vehicle, Collision With",2
 Damage Accident,17:15,12/31/2014,Wednesday,N,Dark-Road Lighted,DEPEW,Unknown,ERIE,Straight and Level,Snow,Traffic Signal,Snow/Ice,Not Applicable,"Other Motor Vehicle, Collision With",2
 Damage Accident,0:00,04/27/2014,Sunday,N,Unknown,MONROE,OTHER,ORANGE,Unknown,Unknown,Unknown,Unknown,Not Applicable,"Light Support/Utility Pole, Collision With Fixed Object",1
 Damage & Injury Accident,8:05,09/05/2014,Friday,Y,Daylight,ROME,RIGHT ANGLE,ONEIDA,Straight and Level,Clear,Traffic Signal,Dry,Not Applicable,"Other Motor Vehicle, Collision With",2
 Damage Accident,21:22,05/26/2014,Monday,Y,Dark-Road Unlighted,UNION VALE,OTHER,DUTCHESS,Curve and Level,Clear,No Passing Zone,Dry,Not Applicable,"Curbing, Collision With Fixed Object",1
 Accident,15:21,12/07/2014,Sunday,Y,Daylight,LEWISTON,REAR END,NIAGARA,Straight and Level,Clear,None,Dry,Not Applicable,"Other Motor Vehicle, Collision With",2
 Damage Accident,22:29,09/04/2014,Thursday,Y,Dark-Road Unlighted,,OTHER,ROCKLAND,Straight and Grade,Cloudy,None,Dry,Not Applicable,"Tree, Collision With Fixed Object",2
 Damage Accident,18:25,07/16/2014,Wednesday,Y,Daylight,HAMDEN,OVERTAKING,DELAWARE,Straight and Level,Clear,No Passing Zone,Dry,Not Applicable,"Other Motor Vehicle, Collision With",2
 Damage Accident,16:48,04/21/2014,Monday,Y,Daylight,HANCOCK,OTHER,DELAWARE,Curve and Grade,Clear,None,Dry,Not Applicable,"Guide Rail - Not At End, Collision With Fixed Object",1
 Damage Accident,14:40,10/14/2014,Tuesday,N,Daylight,BRONX,LEFT TURN (0),BRONX,Straight and Level,Clear,Traffic Signal,Dry,Not Applicable,"Other Motor Vehicle, Collision With",2
 Damage Accident,18:06,12/22/2014,Monday,Y,Dark-Road Unlighted,MALTA,OTHER,SARATOGA,Straight and Level,Clear,None,Dry,Not Applicable,"Other Motor Vehicle, Collision With",3
 Damage Accident,14:41,09/05/2014,Friday,Y,Daylight,BALDWINSVILLE,RIGHT ANGLE,ONONDAGA,Straight and Level,Cloudy,None,Dry,Not Applicable,"Other Motor Vehicle, Collision With",2
 Damage Accident,20:15,05/13/2014,Tuesday,Y,Dark-Road Lighted,KINGS,OVERTAKING,KINGS,Straight and Level,Cloudy,Stop Sign,Dry,Not Applicable,"Other Motor Vehicle, Collision With",2
 Damage Accident,22:05,10/07/2014,Tuesday,Y,Dark-Road Lighted,BABYLON,REAR END,SUFFOLK,Straight and Level,Cloudy,None,Dry,Not Applicable,"Other Motor Vehicle, Collision With",2
 Accident,15:20,05/25/2014,Sunday,Y,Daylight,RICHLAND,OTHER,OSWEGO,Straight and Grade,Clear,None,Dry,Not Applicable,"Ran Off Roadway Only, Non-Collision",1
 Damage Accident,10:45,06/11/2014,Wednesday,Y,Daylight,SCHODACK,OTHER,RENSSELAER,Straight and Level,Cloudy,None,Dry,Not Applicable,Deer,1
 Damage Accident,13:33,01/20/2014,Monday,Y,Daylight,FRANKLIN,OTHER,DELAWARE,Straight and Level,Snow,No Passing Zone,Snow/Ice,Not Applicable,"Earth Embankment/Rock Cut/Ditch, Collision With Fixed Object",1
 Damage & Injury Accident,12:20,02/09/2014,Sunday,N,Unknown,NIAGARA FALLS,OTHER,NIAGARA,Unknown,Snow,Unknown,Snow/Ice,Not Applicable,"Guide Rail - Not At End, Collision With Fixed Object",1
 Damage Accident,22:50,09/14/2014,Sunday,Y,Dark-Road Unlighted,WILLING,OTHER,ALLEGANY,Curve and Level,Clear,None,Dry,Not Applicable,"Sign Post, Collision With Fixed Object",1
 Damage Accident,10:31,01/17/2014,Friday,Y,Daylight,JAMESTOWN,OVERTAKING,CHAUTAUQUA,Straight and Level,Cloudy,None,Wet,Not Applicable,"Other Motor Vehicle, Collision With",2
 Accident,17:30,09/09/2014,Tuesday,Y,Daylight,QUEENS,REAR END,QUEENS,Straight and Level,Clear,Traffic Signal,Dry,Not Applicable,"Other Motor Vehicle, Collision With",2
 Damage Accident,0:00,07/12/2014,Saturday,N,Daylight,SYRACUSE,Unknown,ONONDAGA,Straight and Level,Clear,Unknown,Dry,Not Applicable,"Other Motor Vehicle, Collision With",2
 Damage Accident,12:05,02/14/2014,Friday,Y,Daylight,ROCHESTER,RIGHT ANGLE,MONROE,Straight at Hill Crest,Cloudy,None,Wet,Not Applicable,"Other Motor Vehicle, Collision With",2
 Damage Accident,14:29,02/07/2014,Friday,Y,Daylight,ROCHESTER,RIGHT ANGLE,MONROE,Straight and Level,Cloudy,Traffic Signal,Snow/Ice,Not Applicable,"Other Motor Vehicle, Collision With",2
 Damage Accident,16:06,12/17/2014,Wednesday,Y,Dusk,WESTBURY,REAR END,NASSAU,Straight and Level,Cloudy,None,Dry,Not Applicable,"Other Motor Vehicle, Collision With",2
 Damage Accident,23:58,03/30/2014,Sunday,Y,Dark-Road Lighted,CHEEKTOWAGA,OTHER,ERIE,Curve and Level,Snow,None,Snow/Ice,Not Applicable,"Sign Post, Collision With Fixed Object",1
 Damage & Injury Accident,10:38,04/28/2014,Monday,Y,Daylight,ULSTER,OTHER,ULSTER,Straight and Level,Clear,Other,Dry,Not Applicable,"Barrier, Collision With Fixed Object",1
 Damage Accident,22:20,06/11/2014,Wednesday,Y,Dark-Road Lighted,GREECE,LEFT TURN (3),MONROE,Straight and Level,Cloudy,Traffic Signal,Dry,Not Applicable,"Other Motor Vehicle, Collision With",2
 Damage & Injury Accident,4:00,10/15/2014,Wednesday,Y,Dark-Road Lighted,KINGS,REAR END,KINGS,Straight and Level,Clear,None,Dry,Not Applicable,"Guide Rail - Not At End, Collision With Fixed Object",2
 Accident,22:30,03/11/2014,Tuesday,Y,Dark-Road Lighted,QUEENS,LEFT TURN (3),QUEENS,Straight and Level,Clear,Traffic Signal,Dry,Not Applicable,"Other Motor Vehicle, Collision With",2
 Damage & Injury Accident,12:45,12/24/2014,Wednesday,Y,Daylight,BROOKHAVEN,REAR END,SUFFOLK,Straight and Level,Rain,Stop Sign,Wet,Not Applicable,"Other Motor Vehicle, Collision With",2
 Damage Accident,15:46,08/24/2014,Sunday,Y,Daylight,MILFORD,OTHER,OTSEGO,Straight and Level,Cloudy,None,Dry,Not Applicable,"Other*, Non-Collision",1
 Damage & Injury Accident,0:00,02/02/2014,Sunday,N,Unknown,SYRACUSE,RIGHT TURN (6),ONONDAGA,Unknown,Unknown,Unknown,Unknown,Not Applicable,"Other Motor Vehicle, Collision With",2
 Damage Accident,14:46,10/23/2014,Thursday,Y,Daylight,HYDE PARK,OTHER,DUTCHESS,Straight and Level,Cloudy,None,Wet,Not Applicable,"Building/Wall, Collision With Fixed Object",1
 Damage Accident,17:45,08/03/2014,Sunday,N,Unknown,QUEENS,Unknown,QUEENS,Unknown,Unknown,Unknown,Unknown,Not Applicable,"Other Motor Vehicle, Collision With",2
 Damage Accident,0:00,11/08/2014,Saturday,N,Unknown,FREEPORT,REAR END,NASSAU,Unknown,Unknown,Unknown,Unknown,Not Applicable,"Other Motor Vehicle, Collision With",2
 Damage Accident,9:45,07/25/2014,Friday,Y,Daylight,ISLIP,Unknown,SUFFOLK,Straight and Level,Clear,None,Dry,Not Applicable,"Other Motor Vehicle, Collision With",2
 Damage Accident,5:46,06/16/2014,Monday,Y,Dawn,BERLIN,OTHER,RENSSELAER,Straight and Level,Fog/Smog/Smoke,No Passing Zone,Dry,Not Applicable,Deer,1
 Accident,18:05,01/10/2014,Friday,Y,Dark-Road Lighted,DEWITT,LEFT TURN (3),ONONDAGA,Straight and Level,Cloudy,Stop Sign,Wet,Not Applicable,"Other Motor Vehicle, Collision With",2
 Damage Accident,17:11,08/07/2014,Thursday,Y,Daylight,HORSEHEADS,REAR END,CHEMUNG,Straight and Grade,Clear,Traffic Signal,Dry,Not Applicable,"Other Motor Vehicle, Collision With",2
 Accident,19:30,12/05/2014,Friday,N,Unknown,BRONX,REAR END,BRONX,Unknown,Unknown,Unknown,Unknown,Not Applicable,"Other Motor Vehicle, Collision With",2
 Damage & Injury Accident,17:15,12/16/2014,Tuesday,Y,Dark-Road Lighted,HEMPSTEAD,REAR END,NASSAU,Straight and Level,Clear,None,Dry,Not Applicable,"Other Motor Vehicle, Collision With",2
 Damage Accident,13:30,07/01/2014,Tuesday,Y,Daylight,GENEVA,SIDESWIPE,ONTARIO,Straight and Grade,Clear,None,Dry,Not Applicable,"Other Motor Vehicle, Collision With",2
 Damage Accident,2:45,05/14/2014,Wednesday,Y,Dark-Road Lighted,BRONX,OTHER,BRONX,Straight and Level,Clear,None,Dry,Not Applicable,"Light Support/Utility Pole, Collision With Fixed Object",1
 Accident,17:30,06/19/2014,Thursday,N,Unknown,KINGS,RIGHT ANGLE,KINGS,Unknown,Unknown,Unknown,Unknown,Not Applicable,"Other Motor Vehicle, Collision With",2
 Damage Accident,6:30,11/06/2014,Thursday,Y,Dawn,MIDDLEFIELD,OTHER,OTSEGO,Straight and Level,Cloudy,No Passing Zone,Dry,Not Applicable,Deer,1
 Accident,17:38,12/09/2014,Tuesday,Y,Dark-Road Unlighted,ROUND LAKE,OTHER,SARATOGA,Straight and Level,Sleet/Hail/Freezing Rain,None,Snow/Ice,Riding/Walking/Skating Along Highway Against Traffic,"Bicyclist, Collision With",1
 Damage Accident,12:15,02/22/2014,Saturday,Y,Daylight,CATSKILL,LEFT TURN (3),GREENE,Curve and Grade,Clear,None,Dry,Not Applicable,"Other Motor Vehicle, Collision With",2
 Damage Accident,14:00,08/01/2014,Friday,N,Unknown,BUFFALO,REAR END,ERIE,Unknown,Unknown,Unknown,Unknown,Not Applicable,"Other Motor Vehicle, Collision With",2
 Accident,16:20,01/14/2014,Tuesday,Y,Dark-Road Lighted,QUEENS,OTHER,QUEENS,Straight and Level,Rain,None,Wet,Not Applicable,"Barrier, Collision With Fixed Object",1
 Damage Accident,17:34,09/24/2014,Wednesday,Y,Daylight,WARSAW,OTHER,WYOMING,Straight and Level,Clear,None,Dry,Not Applicable,Deer,1
 Damage & Injury Accident,21:44,05/20/2014,Tuesday,Y,Dark-Road Lighted,SMITHTOWN,OTHER,SUFFOLK,Straight and Level,Cloudy,None,Dry,Not Applicable,"Tree, Collision With Fixed Object",1
 Damage Accident,16:30,12/18/2014,Thursday,Y,Dusk,QUEENS,RIGHT ANGLE,QUEENS,Straight and Level,Cloudy,Traffic Signal,Dry,Not Applicable,"Other Motor Vehicle, Collision With",2
 Damage Accident,9:25,04/03/2014,Thursday,Y,Daylight,,OVERTAKING,UNKNOWN,Straight and Grade,Clear,None,Dry,Not Applicable,"Other Motor Vehicle, Collision With",2
 Damage Accident,7:59,02/07/2014,Friday,Y,Daylight,CANASTOTA,LEFT TURN (0),MADISON,Straight and Grade,Clear,Stop Sign,Slush,Not Applicable,"Other Motor Vehicle, Collision With",2
 Accident,1:57,10/08/2014,Wednesday,Y,Dark-Road Lighted,YONKERS,OTHER,WESTCHESTER,Straight and Level,Rain,Traffic Signal,Wet,"Crossing, No Signal or Crosswalk","Pedestrian, Collision With",1
 Damage Accident,16:19,05/19/2014,Monday,Y,Daylight,LOCKPORT,REAR END,NIAGARA,Straight and Level,Clear,None,Dry,Not Applicable,"Other Motor Vehicle, Collision With",2
 Damage Accident,17:30,12/17/2014,Wednesday,Y,Dark-Road Lighted,BROOKHAVEN,REAR END,SUFFOLK,Straight and Level,Cloudy,None,Dry,Not Applicable,"Other Motor Vehicle, Collision With",2
 Damage Accident,7:22,02/14/2014,Friday,Y,Daylight,VIENNA,OTHER,ONEIDA,Straight and Level,Snow,None,Snow/Ice,Not Applicable,"Sign Post, Collision With Fixed Object",1
 Accident,13:30,11/14/2014,Friday,Y,Daylight,MIDDLETOWN,OTHER,ORANGE,Straight and Grade,Clear,None,Dry,Riding/Walking/Skating Along Highway With Traffic,"Bicyclist, Collision With",1
 Damage Accident,17:30,06/19/2014,Thursday,Y,Daylight,ROYALTON,OTHER,NIAGARA,Straight and Level,Clear,None,Dry,Not Applicable,"Animal, Collision With",1
 Damage Accident,20:40,05/02/2014,Friday,Y,Dark-Road Unlighted,WALWORTH,OTHER,WAYNE,Straight and Grade,Cloudy,No Passing Zone,Dry,Not Applicable,Deer,1
 Damage Accident,0:00,05/08/2014,Thursday,N,Unknown,NEW YORK,Unknown,NEW YORK,Unknown,Unknown,Unknown,Unknown,Not Applicable,"Other Motor Vehicle, Collision With",2
 Accident,19:55,08/26/2014,Tuesday,Y,Dark-Road Lighted,NEW YORK,OTHER,NEW YORK,Straight and Level,Clear,Stop Sign,Dry,"Crossing, No Signal, Marked Crosswalk","Pedestrian, Collision With",1
 Damage & Injury Accident,21:38,08/18/2014,Monday,Y,Dark-Road Lighted,CLAY,RIGHT ANGLE,ONONDAGA,Straight and Level,Cloudy,Traffic Signal,Dry,Not Applicable,"Other Motor Vehicle, Collision With",2
 Damage Accident,5:30,12/12/2014,Friday,N,Dark-Road Unlighted,WALLKILL,OTHER,ORANGE,Curve and Level,Cloudy,None,Dry,Not Applicable,Deer,1
 Damage & Injury Accident,15:06,05/18/2014,Sunday,Y,Daylight,BABYLON,OTHER,SUFFOLK,Straight and Level,Clear,None,Dry,Not Applicable,"Other Motor Vehicle, Collision With",3
 Damage Accident,8:20,01/15/2014,Wednesday,Y,Daylight,LE RAY,OTHER,JEFFERSON,Straight and Grade,Snow,None,Snow/Ice,Not Applicable,"Snow Embankment, Collision With Fixed Object",1
 Accident,4:45,10/12/2014,Sunday,Y,Dark-Road Lighted,KINGS,OTHER,KINGS,Straight and Level,Clear,None,Dry,Getting On/Off Vehicle Other than School Bus,"Pedestrian, Collision With",1
 Damage & Injury Accident,17:19,07/17/2014,Thursday,Y,Daylight,MAMAKATING,OTHER,SULLIVAN,Straight and Grade,Clear,None,Dry,Not Applicable,"Guide Rail - Not At End, Collision With Fixed Object",1
 Damage Accident,0:00,04/20/2014,Sunday,N,Unknown,GEDDES,OVERTAKING,ONONDAGA,Unknown,Unknown,Unknown,Unknown,Not Applicable,"Other Motor Vehicle, Collision With",2
 Damage Accident,11:45,01/19/2014,Sunday,Y,Daylight,NORTH HILLS,REAR END,NASSAU,Straight and Level,Cloudy,Traffic Signal,Dry,Not Applicable,"Other Motor Vehicle, Collision With",2
 Damage Accident,4:30,06/03/2014,Tuesday,Y,Dark-Road Unlighted,NICHOLS,OTHER,TIOGA,Straight and Grade,Rain,No Passing Zone,Wet,Not Applicable,Deer,1
 Damage Accident,0:00,10/14/2014,Tuesday,N,Daylight,SARANAC LAKE,LEFT TURN (3),FRANKLIN,Straight and Level,Clear,Unknown,Dry,Not Applicable,"Other Motor Vehicle, Collision With",2
 Damage Accident,14:26,10/20/2014,Monday,Y,Daylight,HUNTINGTON,REAR END,SUFFOLK,Straight and Level,Clear,None,Dry,Not Applicable,"Other Motor Vehicle, Collision With",2
 Damage Accident,0:00,08/18/2014,Monday,Y,Unknown,ORCHARD PARK,OVERTAKING,ERIE,Straight and Level,Clear,None,Dry,Not Applicable,"Other Motor Vehicle, Collision With",2
 Accident,7:57,12/15/2014,Monday,Y,Daylight,YORKTOWN,OTHER,WESTCHESTER,Curve and Grade,Clear,None,Dry,Not Applicable,"Other*, Non-Collision",1
 Damage Accident,23:13,03/29/2014,Saturday,Y,Dark-Road Unlighted,CHENANGO,OTHER,BROOME,Straight and Grade,Rain,No Passing Zone,Wet,Not Applicable,"Tree, Collision With Fixed Object",1
 Damage Accident,18:10,02/04/2014,Tuesday,Y,Dark-Road Lighted,PEMBROKE,OVERTAKING,GENESEE,Straight and Level,Cloudy,None,Dry,Not Applicable,"Other Motor Vehicle, Collision With",2
 Damage Accident,21:15,11/27/2014,Thursday,N,Dark-Road Unlighted,CHILI,OTHER,MONROE,Straight and Level,Clear,Unknown,Snow/Ice,Not Applicable,"Other Fixed Object*, Collision With Fixed Object",1
 Damage & Injury Accident,7:35,01/15/2014,Wednesday,Y,Daylight,AUSABLE,OTHER,CLINTON,Straight and Level,Clear,None,Snow/Ice,Not Applicable,"Tree, Collision With Fixed Object",1
 Damage Accident,17:28,11/12/2014,Wednesday,Y,Dark-Road Lighted,MAMARONECK,RIGHT ANGLE,WESTCHESTER,Straight and Level,Clear,Stop Sign,Dry,Not Applicable,"Other Motor Vehicle, Collision With",2
 Damage Accident,19:00,02/21/2014,Friday,N,Unknown,NEW ROCHELLE,OTHER,WESTCHESTER,Unknown,Unknown,Unknown,Unknown,Not Applicable,"Other*, Non-Collision",1
 Damage Accident,19:00,10/05/2014,Sunday,N,Dark-Road Unlighted,CANADICE,OTHER,ONTARIO,Straight and Level,Clear,None,Dry,Not Applicable,Deer,1
 Damage Accident,17:30,11/28/2014,Friday,N,Dark-Road Unlighted,MALONE,OTHER,FRANKLIN,Curve and Level,Snow,Unknown,Snow/Ice,Not Applicable,"Bridge Structure, Collision With Fixed Object",1
 Accident,9:45,01/13/2014,Monday,Y,Daylight,KINGS,OTHER,KINGS,Straight and Grade,Clear,None,Dry,Not Applicable,"Other*, Non-Collision",1
 Damage & Injury Accident,17:20,08/04/2014,Monday,Y,Daylight,CORTLANDT,OTHER,WESTCHESTER,Straight and Grade,Clear,No Passing Zone,Dry,Not Applicable,"Other Motor Vehicle, Collision With",3
 Accident,8:32,08/23/2014,Saturday,Y,Daylight,BRONX,OTHER,BRONX,Straight and Level,Cloudy,None,Dry,Unknown,"Bicyclist, Collision With",1
 Damage Accident,21:34,06/11/2014,Wednesday,Y,Dark-Road Unlighted,CLIFTON PARK,OTHER,SARATOGA,Straight and Level,Clear,None,Dry,Not Applicable,Deer,1
 Damage & Injury Accident,17:08,11/08/2014,Saturday,Y,Dark-Road Unlighted,,OTHER,ORANGE,Straight and Level,Cloudy,None,Dry,Not Applicable,Deer,1
 Damage Accident,15:26,02/26/2014,Wednesday,Y,Daylight,WARWICK,RIGHT ANGLE,ORANGE,Curve and Grade,Clear,No Passing Zone,Dry,Not Applicable,"Other Motor Vehicle, Collision With",2
 Damage & Injury Accident,11:40,04/26/2014,Saturday,Y,Daylight,FARMINGDALE,REAR END,NASSAU,Straight and Level,Cloudy,None,Dry,Not Applicable,"Other Motor Vehicle, Collision With",2
 Damage Accident,7:50,10/09/2014,Thursday,Y,Daylight,ROTTERDAM,LEFT TURN (3),SCHENECTADY,Straight and Level,Clear,None,Dry,Not Applicable,"Other Motor Vehicle, Collision With",2
 Damage Accident,10:41,11/14/2014,Friday,Y,Daylight,PUTNAM VALLEY,OTHER,PUTNAM,Curve and Grade,Clear,None,Wet,Not Applicable,"Guide Rail - Not At End, Collision With Fixed Object",1
 Damage & Injury Accident,14:20,09/29/2014,Monday,Y,Daylight,LLOYD,OTHER,ULSTER,Straight and Level,Cloudy,No Passing Zone,Dry,Not Applicable,"Other Motor Vehicle, Collision With",3
 Damage Accident,12:23,04/05/2014,Saturday,Y,Daylight,NISKAYUNA,OTHER,SCHENECTADY,Curve and Grade,Cloudy,RR Crossing Gates,Dry,Not Applicable,"Light Support/Utility Pole, Collision With Fixed Object",1
 Accident,17:40,06/04/2014,Wednesday,Y,Daylight,KINGS,OTHER,KINGS,Straight and Level,Clear,Traffic Signal,Dry,"Crossing, Against Signal","Bicyclist, Collision With",1
 Damage Accident,7:35,11/06/2014,Thursday,Y,Daylight,WARWICK,OTHER,ORANGE,Curve and Grade,Rain,None,Wet,Not Applicable,Deer,1
 Damage & Injury Accident,16:48,03/24/2014,Monday,Y,Daylight,ANGOLA,OTHER,ERIE,Curve and Grade,Cloudy,None,Dry,Not Applicable,"Light Support/Utility Pole, Collision With Fixed Object",1
 Accident,17:06,08/05/2014,Tuesday,Y,Daylight,CHESTERFIELD,REAR END,ESSEX,Straight and Grade,Cloudy,Traffic Signal,Dry,Not Applicable,"Other Motor Vehicle, Collision With",2
 Damage Accident,17:23,11/21/2014,Friday,Y,Dark-Road Lighted,NORTH HEMPSTEAD,RIGHT ANGLE,NASSAU,Straight at Hill Crest,Clear,None,Dry,Not Applicable,"Other Motor Vehicle, Collision With",2
 Damage Accident,7:00,06/26/2014,Thursday,Y,Daylight,MINEOLA,RIGHT ANGLE,NASSAU,Straight and Level,Clear,Traffic Signal,Dry,Not Applicable,"Other Motor Vehicle, Collision With",2
 Accident,16:19,03/06/2014,Thursday,Y,Daylight,MONTEBELLO,SIDESWIPE,ROCKLAND,Curve and Level,Clear,No Passing Zone,Dry,Not Applicable,"Other Motor Vehicle, Collision With",2
 Accident,17:08,09/23/2014,Tuesday,Y,Daylight,HORSEHEADS,OTHER,CHEMUNG,Straight and Grade,Cloudy,Traffic Signal,Dry,Not Applicable,"Other Motor Vehicle, Collision With",3
 Damage Accident,21:25,08/01/2014,Friday,N,Dark-Road Lighted,BRONX,Unknown,BRONX,Straight and Level,Clear,Traffic Signal,Dry,Not Applicable,"Other Motor Vehicle, Collision With",2
 Damage & Injury Accident,6:44,12/31/2014,Wednesday,Y,Dark-Road Unlighted,SPRINGWATER,OTHER,LIVINGSTON,Straight and Level,Cloudy,None,Snow/Ice,Not Applicable,"Earth Embankment/Rock Cut/Ditch, Collision With Fixed Object",1
 Damage Accident,0:03,04/04/2014,Friday,Y,Dark-Road Lighted,ORANGETOWN,REAR END,ROCKLAND,Straight and Level,Rain,None,Wet,Not Applicable,"Other Motor Vehicle, Collision With",2
 Damage Accident,1:00,10/26/2014,Sunday,Y,Dark-Road Lighted,HEMPSTEAD,OVERTAKING,NASSAU,Straight and Level,Clear,None,Dry,Not Applicable,"Other Motor Vehicle, Collision With",2
 Damage & Injury Accident,13:07,06/19/2014,Thursday,Y,Daylight,ITHACA,RIGHT ANGLE,TOMPKINS,Straight and Level,Clear,Stop Sign,Dry,Not Applicable,"Other Motor Vehicle, Collision With",2
 Accident,11:31,12/15/2014,Monday,Y,Daylight,COLONIE,REAR END,ALBANY,Straight and Level,Cloudy,Traffic Signal,Dry,Not Applicable,"Other Motor Vehicle, Collision With",2
 Damage Accident,10:30,02/18/2014,Tuesday,N,Unknown,EASTCHESTER,Unknown,WESTCHESTER,Unknown,Unknown,Unknown,Unknown,Not Applicable,"Other Motor Vehicle, Collision With",2
 Damage Accident,0:00,10/20/2014,Monday,N,Unknown,NEW ROCHELLE,Unknown,WESTCHESTER,Unknown,Unknown,Unknown,Unknown,Not Applicable,"Other Motor Vehicle, Collision With",2
 Damage Accident,0:32,07/27/2014,Sunday,Y,Dark-Road Unlighted,WHITE PLAINS,OTHER,WESTCHESTER,Curve and Level,Cloudy,None,Dry,Not Applicable,"Other Object (Not Fixed)*, Collision With",1
 Accident,15:27,05/26/2014,Monday,Y,Daylight,HUNTINGTON,OTHER,SUFFOLK,Curve and Level,Clear,None,Dry,Not Applicable,"Other*, Non-Collision",1
 Damage Accident,6:40,10/02/2014,Thursday,Y,Dark-Road Lighted,OYSTER BAY,LEFT TURN (3),NASSAU,Straight and Level,Clear,Stop Sign,Dry,Not Applicable,"Other Motor Vehicle, Collision With",2
 Damage Accident,12:15,07/13/2014,Sunday,N,Daylight,KINGS,OVERTAKING,KINGS,Straight and Level,Clear,None,Dry,Not Applicable,"Other Motor Vehicle, Collision With",2
 Damage & Injury Accident,18:15,02/21/2014,Friday,Y,Dusk,KINGS,Unknown,KINGS,Straight and Level,Cloudy,Traffic Signal,Wet,Not Applicable,"Other Motor Vehicle, Collision With",2
 Damage Accident,20:45,01/25/2014,Saturday,Y,Dark-Road Unlighted,SALINA,REAR END,ONONDAGA,Straight and Level,Sleet/Hail/Freezing Rain,None,Snow/Ice,Not Applicable,"Other Motor Vehicle, Collision With",2
 Damage Accident,5:50,01/20/2014,Monday,N,Dark-Road Unlighted,BENNINGTON,OTHER,WYOMING,Straight and Level,Snow,None,Snow/Ice,Not Applicable,"Earth Embankment/Rock Cut/Ditch, Collision With Fixed Object",1
 Damage Accident,21:48,07/27/2014,Sunday,Y,Dark-Road Unlighted,NEW LISBON,OTHER,OTSEGO,Straight and Level,Cloudy,None,Dry,Not Applicable,Deer,1
 Accident,20:25,02/03/2014,Monday,Y,Dark-Road Lighted,QUEENS,OTHER,QUEENS,Straight and Level,Cloudy,Traffic Signal,Snow/Ice,"Crossing, With Signal","Pedestrian, Collision With",1
 Accident,20:15,03/21/2014,Friday,Y,Dusk,NEW YORK,OTHER,NEW YORK,Straight and Level,Clear,None,Dry,"Crossing, No Signal or Crosswalk","Bicyclist, Collision With",1
 Accident,17:00,03/12/2014,Wednesday,N,Unknown,QUEENS,Unknown,QUEENS,Straight and Level,Clear,Traffic Signal,Dry,Not Applicable,"Other Motor Vehicle, Collision With",2
 Accident,15:15,07/18/2014,Friday,N,Unknown,BATAVIA,REAR END,GENESEE,Unknown,Unknown,Unknown,Unknown,Not Applicable,"Other Motor Vehicle, Collision With",2
 Accident,20:25,12/22/2014,Monday,Y,Dark-Road Lighted,NEW YORK,Unknown,NEW YORK,Straight and Grade,Rain,Traffic Signal,Wet,Not Applicable,"Other Motor Vehicle, Collision With",2
 Damage Accident,0:00,08/29/2014,Friday,N,Daylight,ROTTERDAM,Unknown,SCHENECTADY,Straight and Level,Clear,None,Dry,Not Applicable,"Other Motor Vehicle, Collision With",2
 Damage & Injury Accident,6:04,10/12/2014,Sunday,Y,Dark-Road Lighted,VESTAL,OTHER,BROOME,Curve and Grade,Fog/Smog/Smoke,None,Dry,Not Applicable,"Light Support/Utility Pole, Collision With Fixed Object",1
 Damage Accident,0:00,09/04/2014,Thursday,N,Daylight,KINGS,OVERTAKING,KINGS,Straight and Level,Clear,None,Dry,Not Applicable,"Other Motor Vehicle, Collision With",2
 Damage Accident,8:50,12/15/2014,Monday,Y,Daylight,MARCELLUS,REAR END,ONONDAGA,Straight and Grade,Rain,Stop Sign,Wet,Not Applicable,"Other Motor Vehicle, Collision With",2
 Damage Accident,22:09,02/25/2014,Tuesday,Y,Dark-Road Lighted,WATERTOWN,SIDESWIPE,JEFFERSON,Straight and Grade,Snow,Traffic Signal,Snow/Ice,Not Applicable,"Other Motor Vehicle, Collision With",2
 Damage Accident,10:26,11/08/2014,Saturday,Y,Daylight,HEMPSTEAD,RIGHT ANGLE,NASSAU,Straight and Level,Clear,None,Dry,Not Applicable,"Other Motor Vehicle, Collision With",2
 Damage & Injury Accident,15:05,05/22/2014,Thursday,N,Unknown,SMITHTOWN,OTHER,SUFFOLK,Unknown,Unknown,Unknown,Unknown,Not Applicable,"Other Motor Vehicle, Collision With",4