 Descriptor,Time,Date,Day of Week,Police Report,Lighting Conditions,Municipality,Collision Type Descriptor,County Name,Road Descriptor,Weather Conditions,Traffic Control Device,Road Surface Conditions,Pedestrian Bicyclist Action,Event Descriptor,Number of Vehicles Involved
 Damage Accident,12:44,09/06/2014,Saturday,Y,Daylight,OYSTER BAY,REAR END,NASSAU,Curve and Grade,Clear,Stop Sign,Dry,Not Applicable,"Other Motor Vehicle, Collision With",2
 Damage Accident,20:23,05/15/2014,Thursday,Y,Dusk,JAVA,OTHER,WYOMING,Straight and Grade,Rain,None,Wet,Not Applicable,Deer,1
 Damage & Injury Accident,13:00,07/27/2014,Sunday,Y,Daylight,ISLIP,LEFT TURN (3),SUFFOLK,Straight and Level,Cloudy,None,Dry,Not Applicable,"Other Motor Vehicle, Collision With",2
 Damage Accident,3:13,05/27/2014,Tuesday,Y,Dark-Road Unlighted,ASHLAND,OTHER,CHEMUNG,Straight and Level,Cloudy,None,Dry,Not Applicable,Deer,1
 Damage & Injury Accident,7:35,07/31/2014,Thursday,Y,Daylight,LISBON,REAR END,ST. LAWRENCE,Straight and Level,Cloudy,No Passing Zone,Dry,Not Applicable,"Other Motor Vehicle, Collision With",2
 Damage Accident,2:10,01/26/2014,Sunday,Y,Dark-Road Lighted,BATAVIA,OTHER,GENESEE,Straight and Level,Cloudy,None,Snow/Ice,Not Applicable,Deer,1
 Damage Accident,16:30,12/12/2014,Friday,Y,Daylight,HUNTINGTON,RIGHT TURN (5),SUFFOLK,Straight and Level,Clear,None,Dry,Not Applicable,"Other Motor Vehicle, Collision With",2
 Damage & Injury Accident,20:00,08/15/2014,Friday,Y,Daylight,WHITE PLAINS,REAR END,WESTCHESTER,Straight and Level,Cloudy,Traffic Signal,Dry,Not Applicable,"Other Motor Vehicle, Collision With",2
 Damage & Injury Accident,13:49,01/17/2014,Friday,Y,Daylight,JAMESTOWN,HEAD ON,CHAUTAUQUA,Straight and Grade,Cloudy,Traffic Signal,Wet,Not Applicable,"Other Motor Vehicle, Collision With",2
 Damage Accident,23:25,04/15/2014,Tuesday,Y,Dark-Road Unlighted,YONKERS,OTHER,WESTCHESTER,Straight and Level,Rain,None,Wet,Not Applicable,"Median - Not At End, Collision With Fixed Object",1
 Damage Accident,18:50,10/17/2014,Friday,N,Unknown,STOCKBRIDGE,OTHER,MADISON,Unknown,Unknown,Unknown,Unknown,Not Applicable,Deer,1
 Damage Accident,8:18,08/16/2014,Saturday,Y,Daylight,OLIVE,OTHER,ULSTER,Straight and Level,Clear,No Passing Zone,Dry,Not Applicable,Deer,1
 Damage Accident,15:07,06/20/2014,Friday,Y,Daylight,CLARKSTOWN,OVERTAKING,ROCKLAND,Straight and Level,Clear,None,Dry,Not Applicable,"Other Motor Vehicle, Collision With",2
 Damage Accident,16:15,11/01/2014,Saturday,Y,Daylight,WATERVLIET,RIGHT TURN (6),ALBANY,Straight and Level,Rain,Stop Sign,Wet,Not Applicable,"Other Motor Vehicle, Collision With",2
 Damage Accident,10:53,02/03/2014,Monday,Y,Daylight,ULSTER,OTHER,ULSTER,Curve and Level,Snow,None,Snow/Ice,Not Applicable,"Light Support/Utility Pole, Collision With Fixed Object",1
 Damage Accident,2:00,09/09/2014,Tuesday,Y,Dark-Road Unlighted,STARKEY,OTHER,YATES,Curve and Grade,Clear,None,Dry,Not Applicable,Deer,1
 Accident,15:30,01/02/2014,Thursday,Y,Daylight,KINGS,OTHER,KINGS,Straight and Level,Cloudy,Unknown,Wet,Emerging from in Front of/Behind Parked Vehicle,"Pedestrian, Collision With",1
 Damage Accident,8:30,12/25/2014,Thursday,N,Unknown,NEW PALTZ,OTHER,ULSTER,Unknown,Unknown,Unknown,Unknown,Not Applicable,Deer,1
 Damage Accident,18:00,02/09/2014,Sunday,N,Dusk,NEWFIELD,OTHER,TOMPKINS,Straight and Grade,Snow,None,Snow/Ice,Not Applicable,Deer,1
 Damage Accident,6:21,01/17/2014,Friday,Y,Dark-Road Unlighted,BATAVIA,REAR END,GENESEE,Straight and Level,Cloudy,None,Snow/Ice,Not Applicable,"Other Motor Vehicle, Collision With",2
 Damage Accident,10:47,01/03/2014,Friday,Y,Daylight,MINA,OTHER,CHAUTAUQUA,Curve and Grade,Cloudy,None,Snow/Ice,Not Applicable,"Guide Rail - Not At End, Collision With Fixed Object",1
 Damage & Injury Accident,0:59,06/04/2014,Wednesday,Y,Dark-Road Lighted,COLONIE,OTHER,ALBANY,Straight and Grade,Rain,None,Wet,Not Applicable,"Earth Embankment/Rock Cut/Ditch, Collision With Fixed Object",1
 Damage Accident,3:50,08/29/2014,Friday,Y,Dark-Road Lighted,HUNTINGTON,OTHER,SUFFOLK,Straight and Level,Clear,None,Dry,Not Applicable,"Other Motor Vehicle, Collision With",3
 Accident,3:00,08/09/2014,Saturday,Y,Dark-Road Lighted,NEW YORK,Unknown,NEW YORK,Straight and Level,Clear,Traffic Signal,Dry,Not Applicable,"Other Motor Vehicle, Collision With",2
 Accident,14:50,05/23/2014,Friday,Y,Daylight,QUEENS,REAR END,QUEENS,Straight and Level,Clear,Stop Sign,Dry,Not Applicable,"Other Motor Vehicle, Collision With",2
 Accident,16:50,09/18/2014,Thursday,Y,Daylight,NEW YORK,RIGHT ANGLE,NEW YORK,Straight and Level,Clear,Traffic Signal,Dry,Not Applicable,"Other Motor Vehicle, Collision With",2
 Accident,19:12,07/19/2014,Saturday,Y,Daylight,BABYLON,OVERTAKING,SUFFOLK,Straight and Level,Unknown,None,Dry,Not Applicable,"Other Motor Vehicle, Collision With",2
 Damage & Injury Accident,16:40,10/10/2014,Friday,N,Daylight,NEW YORK,OTHER,NEW YORK,Straight and Level,Clear,None,Dry,Not Applicable,"Other Motor Vehicle, Collision With",3
 Damage & Injury Accident,0:00,12/20/2014,Saturday,N,Dark-Road Lighted,AMHERST,OTHER,ERIE,Straight and Level,Clear,Traffic Signal,Dry,Not Applicable,"Other Motor Vehicle, Collision With",3
 Damage Accident,16:13,02/08/2014,Saturday,Y,Daylight,AMHERST,OVERTAKING,ERIE,Straight and Level,Snow,None,Snow/Ice,Not Applicable,"Other Motor Vehicle, Collision With",2
 Damage & Injury Accident,8:27,09/27/2014,Saturday,Y,Daylight,SYRACUSE,REAR END,ONONDAGA,Straight and Level,Clear,None,Dry,Not Applicable,"Other Motor Vehicle, Collision With",2
 Damage Accident,16:40,11/24/2014,Monday,Y,Dusk,COLONIE,REAR END,ALBANY,Straight and Level,Cloudy,None,Dry,Not Applicable,"Other Motor Vehicle, Collision With",2
 Damage Accident,23:00,12/19/2014,Friday,Y,Dark-Road Unlighted,CHILI,OTHER,MONROE,Straight and Level,Cloudy,No Passing Zone,Dry,Not Applicable,"Tree, Collision With Fixed Object",1
 Damage Accident,8:40,05/31/2014,Saturday,Y,Daylight,CLIFTON PARK,OTHER,SARATOGA,Straight and Level,Clear,No Passing Zone,Dry,Not Applicable,"Animal, Collision With",1
 Accident,16:55,06/02/2014,Monday,Y,Daylight,QUEENS,OTHER,QUEENS,Straight and Level,Clear,None,Dry,Not Applicable,"Other Motor Vehicle, Collision With",3
 Damage Accident,2:30,01/28/2014,Tuesday,Y,Dark-Road Unlighted,LEWIS,OTHER,ESSEX,Straight and Grade,Unknown,None,Snow/Ice,Not Applicable,"Guide Rail - Not At End, Collision With Fixed Object",1
 Damage & Injury Accident,14:40,02/05/2014,Wednesday,Y,Daylight,SYRACUSE,OTHER,ONONDAGA,Straight and Level,Snow,None,Snow/Ice,Not Applicable,"Guide Rail - Not At End, Collision With Fixed Object",1
 Damage Accident,13:15,11/03/2014,Monday,Y,Daylight,THOMASTON,OTHER,NASSAU,Straight and Level,Clear,Stop Sign,Dry,Not Applicable,"Light Support/Utility Pole, Collision With Fixed Object",1
 Damage Accident,11:45,12/22/2014,Monday,Y,Daylight,NEW YORK,OVERTAKING,NEW YORK,Straight and Level,Clear,None,Dry,Not Applicable,"Other Motor Vehicle, Collision With",2
 Damage Accident,12:30,05/10/2014,Saturday,Y,Daylight,PERINTON,OTHER,MONROE,Straight and Level,Clear,Traffic Signal,Dry,Not Applicable,"Other Fixed Object*, Collision With Fixed Object",1
 Damage Accident,12:45,11/14/2014,Friday,Y,Daylight,KIANTONE,OTHER,CHAUTAUQUA,Straight and Level,Snow,None,Snow/Ice,Not Applicable,"Tree, Collision With Fixed Object",1
 Damage Accident,4:49,07/13/2014,Sunday,Y,Dark-Road Lighted,LANSING,REAR END,TOMPKINS,Straight and Level,Clear,Other,Dry,Not Applicable,"Other Motor Vehicle, Collision With",2
 Damage & Injury Accident,21:12,10/24/2014,Friday,Y,Dark-Road Unlighted,RENSSELAERVILLE,OTHER,ALBANY,Curve and Grade,Cloudy,None,Dry,Not Applicable,Deer,1
 Damage & Injury Accident,18:41,04/22/2014,Tuesday,Y,Dusk,WAPPINGER,REAR END,DUTCHESS,Straight and Level,Rain,None,Wet,Not Applicable,"Other Motor Vehicle, Collision With",2
 Damage & Injury Accident,14:40,11/21/2014,Friday,Y,Daylight,NIAGARA FALLS,RIGHT ANGLE,NIAGARA,Straight and Level,Clear,Stop Sign,Wet,Not Applicable,"Other Motor Vehicle, Collision With",2
 Damage Accident,17:20,09/04/2014,Thursday,Y,Daylight,HEMPSTEAD,RIGHT TURN (5),NASSAU,Straight and Level,Clear,Stop Sign,Dry,Not Applicable,"Other Motor Vehicle, Collision With",2
 Accident,11:47,08/30/2014,Saturday,Y,Daylight,ULSTER,OTHER,ULSTER,Straight and Level,Clear,None,Dry,Not Applicable,"Ran Off Roadway Only, Non-Collision",1
 Damage Accident,11:40,06/01/2014,Sunday,Y,Daylight,HEMPSTEAD,RIGHT TURN (5),NASSAU,Straight and Level,Clear,Stop Sign,Dry,Not Applicable,"Other Motor Vehicle, Collision With",2
 Damage Accident,0:00,05/10/2014,Saturday,N,Daylight,BRONX,Unknown,BRONX,Unknown,Clear,Unknown,Dry,Not Applicable,"Other Motor Vehicle, Collision With",2
 Damage & Injury Accident,15:38,11/25/2014,Tuesday,Y,Daylight,POTSDAM,OTHER,ST. LAWRENCE,Straight and Grade,Cloudy,None,Dry,Riding/Walking/Skating Along Highway With Traffic,Other Pedestrian,1
 Damage Accident,23:13,07/04/2014,Friday,Y,Dark-Road Lighted,ROCHESTER,OTHER,MONROE,Straight and Level,Clear,None,Dry,Not Applicable,"Curbing, Collision With Fixed Object",1
 Damage & Injury Accident,9:10,04/08/2014,Tuesday,Y,Daylight,NORFOLK,OTHER,ST. LAWRENCE,Straight and Level,Cloudy,None,Wet,Not Applicable,"Snow Embankment, Collision With Fixed Object",1
 Damage Accident,17:00,04/21/2014,Monday,Y,Daylight,ISLIP,Unknown,SUFFOLK,Straight and Level,Clear,None,Dry,Not Applicable,"Other Motor Vehicle, Collision With",2
 Damage Accident,18:05,02/20/2014,Thursday,Y,Dark-Road Lighted,LYNBROOK,REAR END,NASSAU,Straight and Level,Cloudy,None,Dry,Not Applicable,"Other Motor Vehicle, Collision With",2
 Damage Accident,17:58,10/18/2014,Saturday,Y,Dusk,SULLIVAN,OTHER,MADISON,Curve and Level,Rain,None,Wet,Not Applicable,"Tree, Collision With Fixed Object",1
 Accident,21:16,04/10/2014,Thursday,Y,Dark-Road Lighted,,OTHER,UNKNOWN,Straight and Level,Rain,None,Wet,Riding/Walking/Skating Along Highway With Traffic,"Bicyclist, Collision With",1
 Damage Accident,19:22,08/16/2014,Saturday,Y,Dusk,BLEECKER,OTHER,FULTON,Straight and Level,Rain,None,Wet,Not Applicable,Deer,1
 Damage Accident,6:05,03/24/2014,Monday,Y,Dark-Road Lighted,WHITE PLAINS,OTHER,WESTCHESTER,Straight and Grade,Clear,Traffic Signal,Dry,Not Applicable,"Light Support/Utility Pole, Collision With Fixed Object",1
 Damage Accident,5:40,10/28/2014,Tuesday,Y,Dark-Road Unlighted,ELBRIDGE,OTHER,ONONDAGA,Straight at Hill Crest,Rain,No Passing Zone,Wet,Not Applicable,"Other Fixed Object*, Collision With Fixed Object",1
 Damage & Injury Accident,8:57,03/18/2014,Tuesday,Y,Daylight,HYDE PARK,OTHER,DUTCHESS,Curve and Grade,Clear,None,Dry,Not Applicable,"Other Fixed Object*, Collision With Fixed Object",1
 Accident,16:51,11/08/2014,Saturday,Y,Daylight,BRONX,OVERTAKING,BRONX,Curve and Level,Clear,None,Dry,Not Applicable,"Other Motor Vehicle, Collision With",2
 Damage Accident,0:00,02/04/2014,Tuesday,N,Unknown,NEW YORK,Unknown,NEW YORK,Unknown,Unknown,Unknown,Unknown,Not Applicable,"Other Motor Vehicle, Collision With",2
 Damage Accident,18:04,06/18/2014,Wednesday,Y,Daylight,GATES,LEFT TURN (3),MONROE,Straight and Level,Cloudy,None,Dry,Not Applicable,"Other Motor Vehicle, Collision With",2
 Damage Accident,0:00,04/04/2014,Friday,N,Daylight,NEW YORK,REAR END,NEW YORK,Straight and Level,Rain,None,Dry,Not Applicable,"Other Motor Vehicle, Collision With",2
 Damage & Injury Accident,12:03,01/18/2014,Saturday,Y,Daylight,HUNTINGTON,OVERTAKING,SUFFOLK,Curve and Grade,Rain,None,Wet,Not Applicable,"Sign Post, Collision With Fixed Object",2
 Damage Accident,18:00,11/02/2014,Sunday,N,Unknown,BABYLON,LEFT TURN (0),SUFFOLK,Unknown,Unknown,Unknown,Unknown,Not Applicable,"Other Motor Vehicle, Collision With",2
 Accident,14:00,03/24/2014,Monday,Y,Daylight,NEW YORK,RIGHT ANGLE,NEW YORK,Straight and Level,Clear,None,Dry,Not Applicable,"Other Motor Vehicle, Collision With",2
 Damage Accident,13:36,08/24/2014,Sunday,Y,Daylight,ROCHESTER,OVERTAKING,MONROE,Straight and Level,Clear,Traffic Signal,Dry,Not Applicable,"Other Motor Vehicle, Collision With",2
 Damage Accident,10:00,05/02/2014,Friday,N,Unknown,NEW YORK,OVERTAKING,NEW YORK,Unknown,Unknown,Unknown,Unknown,Not Applicable,"Other Motor Vehicle, Collision With",2
 Damage Accident,14:17,04/18/2014,Friday,Y,Daylight,NEWBURGH,OTHER,ORANGE,Curve and Grade,Cloudy,None,Dry,Not Applicable,"Guide Rail - Not At End, Collision With Fixed Object",1
 Damage Accident,12:30,03/15/2014,Saturday,Y,Daylight,TUCKAHOE,RIGHT ANGLE,WESTCHESTER,Straight and Level,Cloudy,Traffic Signal,Dry,Not Applicable,"Other Motor Vehicle, Collision With",2
 Damage & Injury Accident,10:15,11/30/2014,Sunday,Y,Daylight,ROCHESTER,RIGHT ANGLE,MONROE,Straight and Level,Cloudy,None,Dry,Not Applicable,"Other Motor Vehicle, Collision With",2
 Damage & Injury Accident,8:41,07/24/2014,Thursday,Y,Daylight,SYRACUSE,LEFT TURN (0),ONONDAGA,Straight and Level,Clear,Traffic Signal,Dry,Not Applicable,"Other Motor Vehicle, Collision With",2
 Accident,18:51,05/09/2014,Friday,Y,Daylight,NEW YORK,OTHER,NEW YORK,Straight and Level,Rain,None,Wet,"Crossing, No Signal or Crosswalk","Pedestrian, Collision With",1
 Damage Accident,12:20,06/14/2014,Saturday,Y,Daylight,OYSTER BAY,RIGHT ANGLE,NASSAU,Straight and Level,Cloudy,None,Dry,Not Applicable,"Other Motor Vehicle, Collision With",2
 Damage Accident,11:00,03/31/2014,Monday,N,Unknown,,Unknown,UNKNOWN,Unknown,Unknown,Unknown,Snow/Ice,Not Applicable,"Other Motor Vehicle, Collision With",2
 Damage Accident,4:00,12/25/2014,Thursday,N,Dark-Road Lighted,KINGS,OTHER,KINGS,Straight and Level,Rain,Traffic Signal,Dry,Not Applicable,"Fire Hydrant, Collision With Fixed Object",1
 Damage Accident,14:45,02/04/2014,Tuesday,Y,Daylight,BRONX,REAR END,BRONX,Straight and Level,Clear,None,Wet,Not Applicable,"Other Motor Vehicle, Collision With",2
 Accident,17:35,11/26/2014,Wednesday,Y,Dark-Road Lighted,BRONX,REAR END,BRONX,Straight and Level,Sleet/Hail/Freezing Rain,None,Wet,Not Applicable,"Other Motor Vehicle, Collision With",2
 Damage & Injury Accident,8:49,02/10/2014,Monday,Y,Daylight,MOUNT PLEASANT,Unknown,WESTCHESTER,Straight and Level,Clear,Maintenance Work Area,Slush,Not Applicable,"Other Motor Vehicle, Collision With",2
 Accident,8:45,09/04/2014,Thursday,Y,Daylight,QUEENS,OTHER,QUEENS,Straight and Level,Clear,Traffic Signal,Dry,Unknown,"Pedestrian, Collision With",1
 Damage & Injury Accident,18:10,03/21/2014,Friday,Y,Daylight,LONG BEACH,RIGHT ANGLE,NASSAU,Straight and Level,Clear,Stop Sign,Dry,Not Applicable,"Other Motor Vehicle, Collision With",2
 Damage Accident,19:34,11/14/2014,Friday,Y,Dark-Road Lighted,JOHNSTOWN,OTHER,FULTON,Straight and Level,Cloudy,No Passing Zone,Wet,Not Applicable,"Light Support/Utility Pole, Collision With Fixed Object",1
 Accident,13:11,01/19/2014,Sunday,Y,Daylight,JOHNSON CITY,REAR END,BROOME,Curve and Level,Cloudy,Yield Sign,Dry,Not Applicable,"Other Motor Vehicle, Collision With",2
 Damage Accident,5:29,07/28/2014,Monday,Y,Dark-Road Lighted,BABYLON,RIGHT ANGLE,SUFFOLK,Straight and Level,Clear,Yield Sign,Dry,Not Applicable,"Other Motor Vehicle, Collision With",2
 Damage & Injury Accident,15:20,08/15/2014,Friday,N,Unknown,BRONX,Unknown,BRONX,Unknown,Unknown,Unknown,Unknown,Not Applicable,"Other Motor Vehicle, Collision With",2
 Damage & Injury Accident,16:07,08/30/2014,Saturday,Y,Daylight,PATCHOGUE,LEFT TURN (0),SUFFOLK,Straight and Level,Cloudy,None,Dry,Not Applicable,"Other Motor Vehicle, Collision With",2
 Accident,21:47,09/14/2014,Sunday,Y,Dark-Road Unlighted,GLENVILLE,OTHER,SCHENECTADY,Curve and Level,Cloudy,None,Dry,Not Applicable,"Earth Embankment/Rock Cut/Ditch, Collision With Fixed Object",1
 Damage Accident,8:42,11/03/2014,Monday,Y,Daylight,CHILI,REAR END,MONROE,Straight and Grade,Clear,None,Dry,Not Applicable,"Other Motor Vehicle, Collision With",2
 Accident,15:50,08/28/2014,Thursday,Y,Daylight,NEWBURGH,OTHER,ORANGE,Straight and Level,Clear,None,Dry,Not Applicable,"Other Motor Vehicle, Collision With",3
 Damage Accident,9:03,03/01/2014,Saturday,Y,Daylight,TARRYTOWN,OTHER,WESTCHESTER,Straight and Level,Clear,None,Dry,Not Applicable,"Barrier, Collision With Fixed Object",1
 Damage Accident,0:00,06/05/2014,Thursday,N,Unknown,NEW YORK,OVERTAKING,NEW YORK,Unknown,Unknown,Unknown,Unknown,Not Applicable,"Other Motor Vehicle, Collision With",2
 Damage Accident,21:30,02/09/2014,Sunday,Y,Dark-Road Lighted,HUNTINGTON,Unknown,SUFFOLK,Straight and Level,Snow,Unknown,Snow/Ice,Not Applicable,"Other Motor Vehicle, Collision With",2
 Damage Accident,14:30,11/22/2014,Saturday,Y,Daylight,ANNSVILLE,OTHER,ONEIDA,Curve and Grade,Rain,None,Snow/Ice,Not Applicable,"Tree, Collision With Fixed Object",1
 Accident,10:19,02/25/2014,Tuesday,Y,Daylight,GOSHEN,REAR END,ORANGE,Straight and Grade,Cloudy,No Passing Zone,Dry,Not Applicable,"Other Motor Vehicle, Collision With",2
 Damage Accident,13:46,11/27/2014,Thursday,Y,Daylight,NEW WINDSOR,REAR END,ORANGE,Straight and Level,Clear,Traffic Signal,Wet,Not Applicable,"Other Motor Vehicle, Collision With",2
 Accident,17:01,07/14/2014,Monday,Y,Daylight,TARRYTOWN,REAR END,WESTCHESTER,Straight and Level,Rain,None,Wet,Not Applicable,"Other Motor Vehicle, Collision With",2
 Accident,12:26,10/05/2014,Sunday,Y,Daylight,SCARSDALE,OTHER,WESTCHESTER,Straight and Grade,Clear,Stop Sign,Dry,"Crossing, No Signal, Marked Crosswalk","Pedestrian, Collision With",1
 Damage Accident,19:24,07/05/2014,Saturday,Y,Daylight,SOUTHAMPTON,OTHER,SUFFOLK,Curve and Grade,Clear,None,Dry,Not Applicable,"Curbing, Collision With Fixed Object",1
 Damage & Injury Accident,17:33,01/17/2014,Friday,Y,Dark-Road Lighted,AMITYVILLE,HEAD ON,SUFFOLK,Straight and Level,Clear,None,Dry,Not Applicable,"Other Motor Vehicle, Collision With",2
 Damage Accident,14:00,07/01/2014,Tuesday,N,Daylight,RICHMOND,OVERTAKING,RICHMOND,Straight and Level,Clear,Traffic Signal,Dry,Not Applicable,"Other Motor Vehicle, Collision With",2
 Damage Accident,12:00,02/22/2014,Saturday,N,Daylight,RICHMOND,OVERTAKING,RICHMOND,Straight and Level,Clear,Construction Work Area,Dry,Not Applicable,"Other Motor Vehicle, Collision With",2
 Accident,2:40,03/31/2014,Monday,Y,Dark-Road Lighted,NEW YORK,REAR END,NEW YORK,Straight and Grade,Rain,Traffic Signal,Wet,Not Applicable,"Other Motor Vehicle, Collision With",2
 Accident,20:15,12/10/2014,Wednesday,Y,Dark-Road Lighted,NEW YORK,OTHER,NEW YORK,Straight and Grade,Snow,Traffic Signal,Wet,"Crossing, With Signal","Pedestrian, Collision With",1
 Accident,17:32,05/05/2014,Monday,Y,Daylight,KINGS,OTHER,KINGS,Straight and Level,Cloudy,None,Dry,Riding/Walking/Skating Along Highway With Traffic,"Bicyclist, Collision With",1
 Damage & Injury Accident,15:11,11/12/2014,Wednesday,Y,Daylight,JEFFERSON,HEAD ON,SCHOHARIE,Curve and Grade,Clear,None,Dry,Not Applicable,"Other Motor Vehicle, Collision With",2
 Damage & Injury Accident,18:00,01/07/2014,Tuesday,Y,Dark-Road Lighted,IRONDEQUOIT,REAR END,MONROE,Straight and Level,Cloudy,Traffic Signal,Wet,Not Applicable,"Other Motor Vehicle, Collision With",2
 Damage Accident,10:11,04/28/2014,Monday,Y,Daylight,HUNTINGTON,REAR END,SUFFOLK,Straight and Level,Clear,None,Dry,Not Applicable,"Other Motor Vehicle, Collision With",2
 Damage & Injury Accident,20:00,04/18/2014,Friday,Y,Dark-Road Unlighted,NORTH SALEM,OTHER,WESTCHESTER,Curve and Level,Clear,None,Dry,Not Applicable,"Earth Embankment/Rock Cut/Ditch, Collision With Fixed Object",1
 Accident,7:50,03/31/2014,Monday,Y,Daylight,RICHMOND,OVERTAKING,RICHMOND,Straight and Level,Rain,Traffic Signal,Wet,Not Applicable,"Other Motor Vehicle, Collision With",2
 Damage Accident,23:00,12/30/2014,Tuesday,Y,Dark-Road Lighted,SOUTHOLD,OTHER,SUFFOLK,Curve and Level,Clear,None,Wet,Not Applicable,"Other Fixed Object*, Collision With Fixed Object",1
 Accident,14:28,04/15/2014,Tuesday,Y,Daylight,BRONX,RIGHT ANGLE,BRONX,Straight and Level,Rain,Stop Sign,Wet,Not Applicable,"Other Motor Vehicle, Collision With",2
 Accident,13:39,06/21/2014,Saturday,Y,Daylight,ROCHESTER,LEFT TURN (3),MONROE,Straight and Level,Clear,Stop Sign,Dry,Not Applicable,"Other Motor Vehicle, Collision With",2
 Damage Accident,9:38,06/14/2014,Saturday,Y,Daylight,SOUTHAMPTON,Unknown,SUFFOLK,Straight and Level,Clear,None,Dry,Not Applicable,"Other Motor Vehicle, Collision With",2
 Accident,6:45,10/07/2014,Tuesday,Y,Dawn,WHITESTOWN,OTHER,ONEIDA,Straight and Level,Cloudy,Traffic Signal,Dry,"Crossing, With Signal","Bicyclist, Collision With",1
 Accident,16:19,07/31/2014,Thursday,Y,Daylight,ROCHESTER,OTHER,MONROE,Straight at Hill Crest,Clear,Traffic Signal,Dry,"Crossing, Against Signal","Bicyclist, Collision With",1
 Damage Accident,8:20,08/04/2014,Monday,Y,Daylight,HENRIETTA,OTHER,MONROE,Straight and Level,Clear,Traffic Signal,Dry,Not Applicable,"Curbing, Collision With Fixed Object",1
 Accident,15:10,10/08/2014,Wednesday,N,Daylight,QUEENS,OTHER,QUEENS,Straight and Level,Clear,Stop Sign,Dry,Not Applicable,"Other Motor Vehicle, Collision With",3
 Damage Accident,15:45,11/06/2014,Thursday,Y,Daylight,EAST ROCHESTER,SIDESWIPE,MONROE,Straight and Level,Rain,Stop Sign,Wet,Not Applicable,"Other Motor Vehicle, Collision With",2
 Damage & Injury Accident,22:38,06/07/2014,Saturday,Y,Dark-Road Unlighted,CHAUTAUQUA,OTHER,CHAUTAUQUA,Straight and Grade,Clear,No Passing Zone,Dry,Not Applicable,"Animal, Collision With",1
 Accident,16:44,10/03/2014,Friday,Y,Daylight,JAMESTOWN,OTHER,CHAUTAUQUA,Straight and Grade,Rain,Traffic Signal,Wet,"Crossing, With Signal","Pedestrian, Collision With",1
 Damage Accident,0:00,11/09/2014,Sunday,N,Daylight,KINGS,RIGHT ANGLE,KINGS,Straight and Level,Clear,Traffic Signal,Dry,Not Applicable,"Other Motor Vehicle, Collision With",2
 Accident,0:00,09/30/2014,Tuesday,Y,Daylight,QUEENS,REAR END,QUEENS,Straight and Level,Rain,Traffic Signal,Wet,Not Applicable,"Other Motor Vehicle, Collision With",2
 Damage Accident,12:18,05/30/2014,Friday,Y,Daylight,ROSLYN,SIDESWIPE,NASSAU,Straight and Grade,Cloudy,None,Dry,Not Applicable,"Other Motor Vehicle, Collision With",2
 Damage Accident,17:10,09/23/2014,Tuesday,Y,Daylight,QUEENS,REAR END,QUEENS,Straight and Level,Clear,Traffic Signal,Dry,Not Applicable,"Other Motor Vehicle, Collision With",2
 Damage Accident,17:30,01/09/2014,Thursday,Y,Dark-Road Unlighted,WESTBURY,REAR END,NASSAU,Straight and Level,Clear,None,Dry,Not Applicable,"Other Motor Vehicle, Collision With",2
 Damage Accident,20:26,02/14/2014,Friday,Y,Dark-Road Unlighted,CAIRO,LEFT TURN (0),GREENE,Straight and Grade,Cloudy,None,Wet,Not Applicable,"Other Motor Vehicle, Collision With",2
 Accident,15:00,08/27/2014,Wednesday,Y,Daylight,BRONX,REAR END,BRONX,Straight and Level,Clear,Traffic Signal,Dry,Not Applicable,"Other Motor Vehicle, Collision With",2
 Damage Accident,15:12,11/15/2014,Saturday,Y,Daylight,QUEENS,REAR END,QUEENS,Straight and Level,Clear,Traffic Signal,Dry,Not Applicable,"Other Motor Vehicle, Collision With",2
 Damage & Injury Accident,2:00,10/27/2014,Monday,Y,Dark-Road Unlighted,JASPER,OTHER,STEUBEN,Curve and Grade,Cloudy,None,Dry,Not Applicable,"Earth Embankment/Rock Cut/Ditch, Collision With Fixed Object",1
 Damage Accident,18:14,09/27/2014,Saturday,Y,Daylight,FREDONIA,LEFT TURN (3),CHAUTAUQUA,Straight and Level,Clear,Traffic Signal,Dry,Not Applicable,"Other Motor Vehicle, Collision With",2
 Damage Accident,18:06,03/04/2014,Tuesday,Y,Dusk,NEWFIELD,OTHER,TOMPKINS,Straight and Grade,Clear,None,Dry,Not Applicable,Deer,1
 Damage Accident,15:30,07/31/2014,Thursday,Y,Daylight,CORTLANDT,REAR END,WESTCHESTER,Straight and Grade,Clear,None,Dry,Not Applicable,"Other Motor Vehicle, Collision With",2
 Accident,21:17,07/02/2014,Wednesday,Y,Dark-Road Lighted,QUEENS,OVERTAKING,QUEENS,Straight and Level,Rain,None,Wet,Not Applicable,"Other Motor Vehicle, Collision With",2
 Damage Accident,15:07,07/11/2014,Friday,N,Unknown,LA GRANGE,REAR END,DUTCHESS,Unknown,Unknown,Unknown,Unknown,Not Applicable,"Other Motor Vehicle, Collision With",2
 Accident,20:41,04/26/2014,Saturday,Y,Dark-Road Lighted,TARRYTOWN,REAR END,WESTCHESTER,Straight and Level,Cloudy,Traffic Signal,Wet,Not Applicable,"Other Motor Vehicle, Collision With",2