 Descriptor,Time,Date,Day of Week,Police Report,Lighting Conditions,Municipality,Collision Type Descriptor,County Name,Road Descriptor,Weather Conditions,Traffic Control Device,Road Surface Conditions,Pedestrian Bicyclist Action,Event Descriptor,Number of Vehicles Involved
 Damage Accident,19:00,02/20/2014,Thursday,N,Dark-Road Unlighted,YORKTOWN,OTHER,WESTCHESTER,Straight and Level,Clear,Unknown,Dry,Not Applicable,"Other*, Non-Collision",1
 Damage & Injury Accident,9:00,01/04/2014,Saturday,Y,Daylight,PENFIELD,RIGHT ANGLE,MONROE,Straight and Level,Clear,None,Snow/Ice,Not Applicable,"Other Motor Vehicle, Collision With",2
 Damage Accident,20:00,01/01/2014,Wednesday,Y,Dark-Road Unlighted,ANCRAM,OTHER,COLUMBIA,Straight and Level,Snow,None,Snow/Ice,Not Applicable,Deer,1
 Damage Accident,4:39,10/31/2014,Friday,Y,Dark-Road Unlighted,FARMINGTON,OTHER,ONTARIO,Straight and Level,Cloudy,None,Dry,Not Applicable,Deer,1
 Damage Accident,17:10,05/01/2014,Thursday,Y,Daylight,YORKVILLE,REAR END,ONEIDA,Straight and Level,Cloudy,None,Wet,Not Applicable,"Other Motor Vehicle, Collision With",2
 Damage Accident,19:15,12/07/2014,Sunday,Y,Dark-Road Lighted,HEMPSTEAD,REAR END,NASSAU,Straight and Level,Cloudy,None,Dry,Not Applicable,"Other Motor Vehicle, Collision With",2
 Damage Accident,17:25,03/12/2014,Wednesday,Y,Daylight,WARWICK,OTHER,ORANGE,Straight and Grade,Rain,None,Wet,Not Applicable,Deer,1
 Damage Accident,6:15,05/29/2014,Thursday,Y,Daylight,MOUNT HOPE,OVERTAKING,ORANGE,Straight and Level,Clear,None,Dry,Not Applicable,"Other Motor Vehicle, Collision With",2
 Damage Accident,19:50,09/18/2014,Thursday,Y,Dark-Road Unlighted,BABYLON,OTHER,SUFFOLK,Curve and Level,Clear,None,Dry,Not Applicable,"Other Fixed Object*, Collision With Fixed Object",1
 Damage Accident,17:06,01/24/2014,Friday,Y,Dawn,BROOKHAVEN,Unknown,SUFFOLK,Straight and Level,Cloudy,None,Dry,Not Applicable,"Other Motor Vehicle, Collision With",2
 Damage Accident,9:00,04/21/2014,Monday,N,Unknown,NEW YORK,Unknown,NEW YORK,Unknown,Unknown,Unknown,Unknown,Not Applicable,"Other Motor Vehicle, Collision With",2
 Accident,12:15,07/10/2014,Thursday,Y,Daylight,LYNBROOK,REAR END,NASSAU,Straight and Level,Cloudy,None,Dry,Not Applicable,"Other Motor Vehicle, Collision With",2
 Damage Accident,5:53,07/31/2014,Thursday,Y,Dawn,ARCADIA,OTHER,WAYNE,Straight and Level,Rain,No Passing Zone,Wet,Not Applicable,Deer,1
 Damage Accident,9:29,11/03/2014,Monday,Y,Daylight,NEWBURGH,OVERTAKING,ORANGE,Straight and Level,Clear,Traffic Signal,Dry,Not Applicable,"Other Motor Vehicle, Collision With",2
 Damage & Injury Accident,23:56,11/02/2014,Sunday,Y,Dark-Road Lighted,ALBANY,OTHER,ALBANY,Straight and Level,Cloudy,None,Dry,Not Applicable,"Tree, Collision With Fixed Object",1
 Accident,9:45,02/11/2014,Tuesday,Y,Daylight,QUEENS,REAR END,QUEENS,Straight and Level,Clear,None,Dry,Not Applicable,"Other Motor Vehicle, Collision With",2
 Damage & Injury Accident,15:29,06/19/2014,Thursday,Y,Daylight,BROOKHAVEN,OTHER,SUFFOLK,Straight and Level,Cloudy,Traffic Signal,Dry,Not Applicable,"Other Object (Not Fixed)*, Collision With",4
 Damage Accident,10:00,08/26/2014,Tuesday,Y,Daylight,ISLIP,OVERTAKING,SUFFOLK,Straight and Level,Clear,Traffic Signal,Dry,Not Applicable,"Other Motor Vehicle, Collision With",2
 Accident,8:11,02/03/2014,Monday,Y,Daylight,HARRISON,REAR END,WESTCHESTER,Straight and Level,Snow,None,Slush,Not Applicable,"Other Motor Vehicle, Collision With",2
 Damage Accident,5:40,12/20/2014,Saturday,Y,Dark-Road Unlighted,MARCY,OTHER,ONEIDA,Straight and Level,Cloudy,No Passing Zone,Dry,Not Applicable,"Animal, Collision With",1
 Damage & Injury Accident,19:20,05/23/2014,Friday,N,Unknown,KINGS,OTHER,KINGS,Unknown,Unknown,Unknown,Unknown,Not Applicable,"Other Motor Vehicle, Collision With",3
 Damage Accident,11:15,07/10/2014,Thursday,Y,Daylight,NEW YORK,OVERTAKING,NEW YORK,Straight and Level,Clear,None,Dry,Not Applicable,"Other Motor Vehicle, Collision With",2
 Damage & Injury Accident,12:05,08/14/2014,Thursday,Y,Daylight,QUEENS,OTHER,QUEENS,Straight and Level,Clear,Stop Sign,Dry,Not Applicable,"Other Motor Vehicle, Collision With",3
 Damage & Injury Accident,8:25,10/16/2014,Thursday,Y,Daylight,KINGSTON,LEFT TURN (3),ULSTER,Straight and Level,Rain,None,Wet,Not Applicable,"Other Motor Vehicle, Collision With",2
 Damage Accident,15:30,02/20/2014,Thursday,N,Daylight,MT. MORRIS,OTHER,LIVINGSTON,Straight and Level,Sleet/Hail/Freezing Rain,None,Snow/Ice,Not Applicable,"Earth Embankment/Rock Cut/Ditch, Collision With Fixed Object",1
 Damage Accident,12:07,03/20/2014,Thursday,Y,Daylight,COLONIE,REAR END,ALBANY,Straight and Level,Cloudy,Traffic Signal,Dry,Not Applicable,"Other Motor Vehicle, Collision With",2
 Damage Accident,20:33,11/09/2014,Sunday,Y,Dark-Road Lighted,ROUSES POINT,REAR END,CLINTON,Curve and Level,Cloudy,No Passing Zone,Dry,Not Applicable,"Other Motor Vehicle, Collision With",2
 Damage Accident,12:30,02/15/2014,Saturday,Y,Daylight,HAMBURG,OTHER,ERIE,Straight and Level,Clear,None,Wet,Not Applicable,"Other Motor Vehicle, Collision With",3
 Accident,13:05,06/26/2014,Thursday,Y,Daylight,KINGS,LEFT TURN (3),KINGS,Straight and Level,Clear,Traffic Signal,Dry,Not Applicable,"Other Motor Vehicle, Collision With",2
 Damage Accident,17:20,12/27/2014,Saturday,Y,Dark-Road Lighted,NORTH HEMPSTEAD,OTHER,NASSAU,Straight and Level,Clear,Traffic Signal,Dry,Not Applicable,"Other Motor Vehicle, Collision With",3
 Damage Accident,22:43,01/02/2014,Thursday,Y,Dark-Road Unlighted,BRUTUS,OTHER,CAYUGA,Straight and Grade,Snow,None,Snow/Ice,Not Applicable,"Guide Rail - Not At End, Collision With Fixed Object",1
 Accident,14:10,10/01/2014,Wednesday,Y,Daylight,NEW YORK,Unknown,NEW YORK,Straight and Level,Cloudy,None,Dry,Not Applicable,"Other Motor Vehicle, Collision With",2
 Damage & Injury Accident,20:27,09/11/2014,Thursday,Y,Dark-Road Unlighted,GARDEN CITY,SIDESWIPE,NASSAU,Curve and Level,Clear,None,Dry,Not Applicable,"Other Motor Vehicle, Collision With",2
 Damage Accident,1:00,07/19/2014,Saturday,Y,Dark-Road Unlighted,LEXINGTON,OTHER,GREENE,Curve and Level,Clear,None,Dry,Not Applicable,"Sign Post, Collision With Fixed Object",1
 Damage Accident,7:40,02/21/2014,Friday,Y,Daylight,DUNKIRK,OVERTAKING,CHAUTAUQUA,Straight and Level,Rain,None,Wet,Not Applicable,"Other Motor Vehicle, Collision With",2
 Accident,19:55,11/05/2014,Wednesday,Y,Dark-Road Unlighted,DICKINSON,OTHER,FRANKLIN,Straight and Grade,Clear,None,Dry,Not Applicable,Deer,1
 Damage Accident,0:00,11/26/2014,Wednesday,N,Unknown,HEMPSTEAD,OTHER,NASSAU,Unknown,Unknown,Unknown,Unknown,Not Applicable,"Other Fixed Object*, Collision With Fixed Object",1
 Damage & Injury Accident,9:00,04/03/2014,Thursday,Y,Daylight,OYSTER BAY,LEFT TURN (3),NASSAU,Straight and Level,Clear,None,Dry,Not Applicable,"Other Motor Vehicle, Collision With",2
 Damage Accident,23:00,01/05/2014,Sunday,Y,Dark-Road Lighted,,RIGHT ANGLE,UNKNOWN,Straight and Level,Clear,None,Snow/Ice,Not Applicable,"Other Motor Vehicle, Collision With",2
 Damage & Injury Accident,16:31,06/30/2014,Monday,Y,Daylight,GLEN COVE,REAR END,NASSAU,Straight and Level,Clear,Traffic Signal,Dry,Not Applicable,"Other Motor Vehicle, Collision With",2
 Damage & Injury Accident,16:54,01/29/2014,Wednesday,Y,Daylight,ROCHESTER,OVERTAKING,MONROE,Straight and Grade,Cloudy,None,Dry,Not Applicable,"Other Motor Vehicle, Collision With",2
 Damage Accident,2:30,05/09/2014,Friday,Y,Dark-Road Lighted,OYSTER BAY,OTHER,NASSAU,Straight and Level,Rain,None,Wet,Not Applicable,"Light Support/Utility Pole, Collision With Fixed Object",1
 Damage Accident,12:40,03/13/2014,Thursday,N,Unknown,BROOKHAVEN,OVERTAKING,SUFFOLK,Unknown,Unknown,Unknown,Unknown,Not Applicable,"Other Motor Vehicle, Collision With",2
 Damage Accident,18:33,08/01/2014,Friday,Y,Daylight,NORWICH,RIGHT ANGLE,CHENANGO,Straight and Level,Clear,None,Dry,Not Applicable,"Other Motor Vehicle, Collision With",2
 Damage Accident,19:20,12/21/2014,Sunday,Y,Dark-Road Lighted,CLIFTON PARK,REAR END,SARATOGA,Curve and Level,Clear,Yield Sign,Dry,Not Applicable,"Other Motor Vehicle, Collision With",2
 Damage Accident,11:50,06/20/2014,Friday,Y,Daylight,HEMPSTEAD,OVERTAKING,NASSAU,Straight and Level,Clear,None,Dry,Not Applicable,"Other Motor Vehicle, Collision With",2
 Accident,1:01,06/01/2014,Sunday,Y,Dark-Road Lighted,QUEENS,Unknown,QUEENS,Curve and Level,Clear,Unknown,Dry,Not Applicable,"Other Motor Vehicle, Collision With",2
 Damage Accident,20:30,01/10/2014,Friday,Y,Dark-Road Unlighted,WILTON,OTHER,SARATOGA,Straight and Level,Cloudy,None,Wet,Not Applicable,Deer,1
 Damage Accident,19:15,09/17/2014,Wednesday,N,Unknown,BRONX,Unknown,BRONX,Unknown,Unknown,Unknown,Unknown,Not Applicable,"Other Motor Vehicle, Collision With",2
 Damage Accident,22:17,10/22/2014,Wednesday,Y,Dark-Road Lighted,HUNTINGTON,OTHER,SUFFOLK,Straight and Level,Rain,None,Wet,Not Applicable,"Barrier, Collision With Fixed Object",1
 Accident,6:38,08/10/2014,Sunday,Y,Daylight,KINGS,RIGHT ANGLE,KINGS,Straight and Level,Clear,Traffic Signal,Dry,Not Applicable,"Other Motor Vehicle, Collision With",2
 Damage Accident,7:50,03/27/2014,Thursday,Y,Daylight,COLONIE,OVERTAKING,ALBANY,Curve and Grade,Clear,Yield Sign,Dry,Not Applicable,"Other Motor Vehicle, Collision With",2
 Damage Accident,21:10,08/23/2014,Saturday,N,Unknown,QUEENS,RIGHT ANGLE,QUEENS,Unknown,Unknown,Unknown,Unknown,Not Applicable,"Other Motor Vehicle, Collision With",2
 Accident,12:41,10/12/2014,Sunday,Y,Daylight,BRONX,RIGHT ANGLE,BRONX,Straight and Grade,Clear,Stop Sign,Dry,Not Applicable,"Other Motor Vehicle, Collision With",2
 Damage Accident,6:30,10/27/2014,Monday,N,Dawn,MALONE,OTHER,FRANKLIN,Straight and Level,Clear,Unknown,Dry,Not Applicable,Deer,1
 Damage & Injury Accident,19:01,08/28/2014,Thursday,Y,Daylight,LLOYD,OTHER,ULSTER,Straight and Level,Clear,No Passing Zone,Dry,Not Applicable,"Tree, Collision With Fixed Object",1
 Accident,18:48,02/18/2014,Tuesday,Y,Dark-Road Lighted,KINGS,REAR END,KINGS,Straight and Level,Clear,None,Dry,Not Applicable,"Other Motor Vehicle, Collision With",2
 Damage & Injury Accident,18:45,08/16/2014,Saturday,Y,Daylight,QUEENS,OTHER,QUEENS,Straight and Level,Clear,None,Dry,Not Applicable,"Other Motor Vehicle, Collision With",3
 Damage Accident,0:00,10/24/2014,Friday,N,Unknown,BUTLER,OTHER,WAYNE,Unknown,Unknown,Unknown,Unknown,Not Applicable,"Tree, Collision With Fixed Object",1
 Damage Accident,17:20,11/06/2014,Thursday,Y,Dark-Road Unlighted,HIGHLANDS,OVERTAKING,ORANGE,Curve and Level,Rain,None,Wet,Not Applicable,"Other Motor Vehicle, Collision With",2
 Accident,10:05,10/22/2014,Wednesday,Y,Daylight,BABYLON,Unknown,SUFFOLK,Straight and Level,Rain,Stop Sign,Wet,Not Applicable,"Other Motor Vehicle, Collision With",2
 Accident,12:28,05/18/2014,Sunday,Y,Daylight,LEWIS,OTHER,ESSEX,Straight and Level,Clear,No Passing Zone,Dry,Not Applicable,"Guide Rail - End, Collision With Fixed Object",1
 Damage Accident,0:00,05/09/2014,Friday,N,Dawn,QUEENS,REAR END,QUEENS,Straight and Grade,Cloudy,None,Wet,Not Applicable,"Other Motor Vehicle, Collision With",2
 Damage Accident,20:05,03/25/2014,Tuesday,Y,Dark-Road Unlighted,COEYMANS,OTHER,ALBANY,Straight and Level,Cloudy,None,Dry,Not Applicable,"Animal, Collision With",1
 Damage & Injury Accident,21:50,11/06/2014,Thursday,Y,Dark-Road Lighted,LYNBROOK,RIGHT ANGLE,NASSAU,Straight and Level,Cloudy,Stop Sign,Wet,Not Applicable,"Other Motor Vehicle, Collision With",2
 Damage Accident,21:35,05/01/2014,Thursday,Y,Dark-Road Lighted,BROOKHAVEN,Unknown,SUFFOLK,Straight and Level,Clear,Stop Sign,Dry,Not Applicable,"Other Motor Vehicle, Collision With",2
 Damage Accident,8:37,01/02/2014,Thursday,Y,Daylight,BABYLON,RIGHT ANGLE,SUFFOLK,Straight and Level,Sleet/Hail/Freezing Rain,Stop Sign,Snow/Ice,Not Applicable,"Other Motor Vehicle, Collision With",2
 Damage Accident,16:20,08/22/2014,Friday,Y,Daylight,LIBERTY,REAR END,SULLIVAN,Straight and Level,Cloudy,Traffic Signal,Wet,Not Applicable,"Other Motor Vehicle, Collision With",2
 Damage & Injury Accident,2:41,12/27/2014,Saturday,Y,Dark-Road Unlighted,WILMINGTON,OTHER,ESSEX,Straight and Grade,Clear,No Passing Zone,Dry,Not Applicable,"Earth Embankment/Rock Cut/Ditch, Collision With Fixed Object",1
 Damage Accident,13:05,04/30/2014,Wednesday,Y,Daylight,ORANGETOWN,REAR END,ROCKLAND,Straight and Grade,Rain,None,Wet,Not Applicable,"Other Motor Vehicle, Collision With",2
 Damage Accident,11:36,11/22/2014,Saturday,Y,Daylight,NEWCOMB,OTHER,ESSEX,Curve at Hill Crest,Cloudy,No Passing Zone,Wet,Not Applicable,Deer,1
 Damage Accident,17:40,03/02/2014,Sunday,Y,Dusk,LINCKLAEN,OTHER,CHENANGO,Curve and Level,Cloudy,None,Snow/Ice,Not Applicable,"Tree, Collision With Fixed Object",1
 Damage Accident,6:50,02/13/2014,Thursday,Y,Dawn,ISLIP,RIGHT TURN (6),SUFFOLK,Straight and Grade,Snow,Traffic Signal,Snow/Ice,Not Applicable,"Other Motor Vehicle, Collision With",2
 Damage & Injury Accident,16:18,11/28/2014,Friday,Y,Dusk,GREENBURGH,RIGHT ANGLE,WESTCHESTER,Straight and Level,Clear,Traffic Signal,Dry,Not Applicable,"Other Motor Vehicle, Collision With",2
 Damage & Injury Accident,13:38,02/15/2014,Saturday,Y,Daylight,GRAND ISLAND,HEAD ON,ERIE,Curve and Level,Clear,None,Dry,Not Applicable,"Other Motor Vehicle, Collision With",2
 Damage & Injury Accident,12:29,07/19/2014,Saturday,Y,Daylight,HEMPSTEAD,OVERTAKING,NASSAU,Straight and Level,Cloudy,None,Dry,Not Applicable,"Other Motor Vehicle, Collision With",2
 Damage Accident,12:40,10/15/2014,Wednesday,N,Daylight,BRONX,OVERTAKING,BRONX,Straight and Grade,Cloudy,None,Wet,Not Applicable,"Other Motor Vehicle, Collision With",2
 Damage & Injury Accident,17:20,03/03/2014,Monday,Y,Daylight,HUNTINGTON,OTHER,SUFFOLK,Curve and Level,Cloudy,None,Snow/Ice,Not Applicable,"Other Motor Vehicle, Collision With",3
 Damage Accident,15:31,04/27/2014,Sunday,Y,Daylight,ORWELL,OTHER,OSWEGO,Curve and Level,Cloudy,No Passing Zone,Dry,Not Applicable,"Earth Embankment/Rock Cut/Ditch, Collision With Fixed Object",1
 Damage & Injury Accident,10:20,06/14/2014,Saturday,Y,Daylight,HALFMOON,OTHER,SARATOGA,Curve and Grade,Cloudy,None,Dry,Riding/Walking/Skating Along Highway With Traffic,"Bicyclist, Collision With",1
 Damage Accident,13:28,10/11/2014,Saturday,Y,Daylight,SHELTER ISLAND,RIGHT ANGLE,SUFFOLK,Straight and Level,Rain,No Passing Zone,Wet,Not Applicable,"Other Motor Vehicle, Collision With",2
 Damage Accident,19:00,10/28/2014,Tuesday,Y,Dark-Road Lighted,ARCADE,OTHER,WYOMING,Curve and Level,Rain,None,Wet,Not Applicable,"Guide Rail - End, Collision With Fixed Object",1
 Damage & Injury Accident,19:22,11/04/2014,Tuesday,Y,Dark-Road Unlighted,HENRIETTA,RIGHT ANGLE,MONROE,Straight and Level,Clear,None,Dry,Not Applicable,"Other Motor Vehicle, Collision With",2
 Accident,7:20,03/27/2014,Thursday,N,Unknown,KINGS,REAR END,KINGS,Unknown,Unknown,Unknown,Unknown,Not Applicable,"Other Motor Vehicle, Collision With",2
 Damage Accident,15:10,10/28/2014,Tuesday,Y,Daylight,AMHERST,OVERTAKING,ERIE,Straight and Level,Cloudy,None,Dry,Not Applicable,"Other Motor Vehicle, Collision With",2
 Damage Accident,16:59,06/19/2014,Thursday,Y,Daylight,,OVERTAKING,SUFFOLK,Straight and Level,Clear,None,Dry,Not Applicable,"Other Motor Vehicle, Collision With",2
 Damage Accident,23:50,05/04/2014,Sunday,Y,Dark-Road Lighted,HEMPSTEAD,OTHER,NASSAU,Straight and Level,Cloudy,None,Wet,Not Applicable,"Other Motor Vehicle, Collision With",4
 Accident,16:50,07/04/2014,Friday,Y,Daylight,RICHMOND,Unknown,RICHMOND,Curve and Grade,Cloudy,None,Dry,Not Applicable,"Other Motor Vehicle, Collision With",2
 Damage Accident,23:35,04/20/2014,Sunday,Y,Dark-Road Unlighted,WESTFIELD,OTHER,CHAUTAUQUA,Straight and Level,Clear,None,Dry,Not Applicable,Deer,1
 Accident,10:45,08/26/2014,Tuesday,Y,Daylight,BRONX,OTHER,BRONX,Straight and Level,Clear,Traffic Signal,Dry,"Crossing, Against Signal","Pedestrian, Collision With",1
 Damage Accident,8:00,12/16/2014,Tuesday,Y,Daylight,WALLKILL,OTHER,ORANGE,Straight and Level,Cloudy,None,Dry,Not Applicable,Deer,1
 Damage Accident,10:03,01/25/2014,Saturday,Y,Daylight,KINGSTON,SIDESWIPE,ULSTER,Straight and Level,Snow,None,Snow/Ice,Not Applicable,"Other Motor Vehicle, Collision With",2
 Damage Accident,19:00,11/09/2014,Sunday,Y,Dark-Road Unlighted,MARATHON,OTHER,CORTLAND,Straight and Level,Clear,None,Dry,Not Applicable,"Animal, Collision With",1
 Damage & Injury Accident,18:12,12/15/2014,Monday,Y,Dark-Road Lighted,YONKERS,OTHER,WESTCHESTER,Straight and Level,Cloudy,None,Dry,Not Applicable,"Other Motor Vehicle, Collision With",3
 Damage & Injury Accident,12:58,06/16/2014,Monday,Y,Daylight,NEW WINDSOR,REAR END,ORANGE,Straight and Grade,Clear,None,Dry,Not Applicable,"Other Motor Vehicle, Collision With",2
 Damage Accident,17:42,06/09/2014,Monday,Y,Daylight,ELMIRA,REAR END,CHEMUNG,Straight and Level,Rain,None,Wet,Not Applicable,"Other Motor Vehicle, Collision With",2
 Damage Accident,16:44,06/05/2014,Thursday,Y,Daylight,GUILDERLAND,OVERTAKING,ALBANY,Curve and Grade,Clear,None,Dry,Not Applicable,"Other Motor Vehicle, Collision With",2
 Damage Accident,13:00,04/13/2014,Sunday,Y,Daylight,HEMPSTEAD,OTHER,NASSAU,Curve and Level,Clear,None,Dry,Not Applicable,"Guide Rail - End, Collision With Fixed Object",1
 Damage Accident,15:58,06/18/2014,Wednesday,Y,Daylight,COLONIE,REAR END,ALBANY,Straight and Grade,Clear,None,Dry,Not Applicable,"Other Motor Vehicle, Collision With",2
 Damage Accident,23:30,12/12/2014,Friday,Y,Dark-Road Lighted,VALLEY STREAM,REAR END,NASSAU,Straight and Level,Clear,None,Dry,Not Applicable,"Other Motor Vehicle, Collision With",2
 Damage Accident,19:35,01/29/2014,Wednesday,Y,Dark-Road Lighted,ROCHESTER,OTHER,MONROE,Straight and Level,Cloudy,None,Wet,Not Applicable,"Guide Rail - Not At End, Collision With Fixed Object",1
 Damage & Injury Accident,19:15,06/07/2014,Saturday,Y,Daylight,ISLIP,RIGHT ANGLE,SUFFOLK,Straight and Level,Clear,None,Dry,Not Applicable,"Other Motor Vehicle, Collision With",2
 Damage Accident,18:00,11/08/2014,Saturday,Y,Dark-Road Unlighted,BLOOMING GROVE,OTHER,ORANGE,Curve and Grade,Cloudy,No Passing Zone,Dry,Not Applicable,Deer,1
 Damage & Injury Accident,6:58,06/26/2014,Thursday,Y,Daylight,SEMPRONIUS,RIGHT ANGLE,CAYUGA,Straight and Level,Fog/Smog/Smoke,Stop Sign,Wet,Not Applicable,"Other Motor Vehicle, Collision With",2
 Damage Accident,15:05,02/16/2014,Sunday,Y,Daylight,BROOKHAVEN,RIGHT ANGLE,SUFFOLK,Straight and Level,Cloudy,Traffic Signal,Slush,Not Applicable,"Other Motor Vehicle, Collision With",2
 Damage Accident,12:06,07/31/2014,Thursday,Y,Daylight,PEMBROKE,RIGHT ANGLE,GENESEE,Straight and Level,Clear,None,Dry,Not Applicable,"Other Motor Vehicle, Collision With",2
 Accident,20:25,08/23/2014,Saturday,Y,Dusk,LINDENHURST,REAR END,SUFFOLK,Straight and Level,Cloudy,None,Dry,Not Applicable,"Other Motor Vehicle, Collision With",2
 Damage & Injury Accident,13:00,05/09/2014,Friday,Y,Daylight,ROCHESTER,LEFT TURN (0),MONROE,Straight and Level,Clear,Traffic Signal,Dry,Not Applicable,"Other Motor Vehicle, Collision With",2
 Damage Accident,12:18,02/18/2014,Tuesday,Y,Daylight,,RIGHT ANGLE,UNKNOWN,Straight and Level,Snow,Traffic Signal,Wet,Not Applicable,"Other Motor Vehicle, Collision With",2
 Damage & Injury Accident,22:30,05/31/2014,Saturday,Y,Dark-Road Lighted,KINGS,OTHER,KINGS,Straight and Level,Clear,None,Dry,Not Applicable,"Other Motor Vehicle, Collision With",4
 Damage & Injury Accident,17:22,11/10/2014,Monday,Y,Dark-Road Unlighted,GREECE,OTHER,MONROE,Straight and Level,Clear,None,Dry,Not Applicable,"Other Motor Vehicle, Collision With",3
 Damage Accident,12:30,04/15/2014,Tuesday,Y,Daylight,BABYLON,REAR END,SUFFOLK,Straight and Level,Rain,None,Wet,Not Applicable,"Other Motor Vehicle, Collision With",2
 Damage & Injury Accident,16:30,07/24/2014,Thursday,Y,Daylight,QUEENS,OTHER,QUEENS,Straight and Level,Clear,None,Dry,Not Applicable,"Other Motor Vehicle, Collision With",3
 Accident,14:42,09/01/2014,Monday,Y,Daylight,KINGS,OTHER,KINGS,Straight and Level,Clear,Traffic Signal,Dry,"Crossing, Against Signal","Bicyclist, Collision With",1
 Damage & Injury Accident,20:15,08/21/2014,Thursday,Y,Dark-Road Lighted,HEMPSTEAD,RIGHT ANGLE,NASSAU,Straight and Level,Clear,Traffic Signal,Dry,Not Applicable,"Other Motor Vehicle, Collision With",2
 Accident,15:25,03/21/2014,Friday,Y,Daylight,RICHMOND,OTHER,RICHMOND,Straight and Level,Clear,None,Dry,"Crossing, No Signal or Crosswalk","Pedestrian, Collision With",1
 Damage Accident,13:20,05/15/2014,Thursday,Y,Daylight,NORTH HEMPSTEAD,OVERTAKING,NASSAU,Straight and Level,Clear,None,Dry,Not Applicable,"Other Motor Vehicle, Collision With",2
 Damage Accident,12:46,07/12/2014,Saturday,Y,Daylight,AMHERST,OVERTAKING,ERIE,Straight and Level,Clear,Traffic Signal,Dry,Not Applicable,"Other Motor Vehicle, Collision With",2
 Accident,11:15,12/01/2014,Monday,Y,Daylight,BUFFALO,RIGHT ANGLE,ERIE,Straight and Level,Clear,Stop Sign,Dry,Not Applicable,"Other Motor Vehicle, Collision With",2
 Damage Accident,19:20,06/24/2014,Tuesday,Y,Daylight,FALLSBURGH,OTHER,SULLIVAN,Straight and Grade,Clear,No Passing Zone,Dry,Not Applicable,"Earth Embankment/Rock Cut/Ditch, Collision With Fixed Object",1
 Damage & Injury Accident,12:55,07/09/2014,Wednesday,Y,Daylight,FREEPORT,OTHER,NASSAU,Straight and Level,Cloudy,Traffic Signal,Dry,Not Applicable,"Other Motor Vehicle, Collision With",3
 Damage Accident,10:57,11/21/2014,Friday,Y,Daylight,JACKSON,OTHER,WASHINGTON,Straight and Level,Cloudy,None,Dry,Not Applicable,Deer,1
 Damage & Injury Accident,8:10,09/17/2014,Wednesday,Y,Daylight,SMITHTOWN,REAR END,SUFFOLK,Straight and Level,Clear,Traffic Signal,Dry,Not Applicable,"Other Motor Vehicle, Collision With",2
 Damage Accident,12:40,02/03/2014,Monday,Y,Daylight,OYSTER BAY,REAR END,NASSAU,Straight and Level,Snow,Traffic Signal,Snow/Ice,Not Applicable,"Other Motor Vehicle, Collision With",2
 Accident,14:15,06/08/2014,Sunday,Y,Daylight,ISLIP,REAR END,SUFFOLK,Straight and Level,Clear,Traffic Signal,Dry,Not Applicable,"Other Motor Vehicle, Collision With",2
 Damage Accident,7:27,06/17/2014,Tuesday,Y,Daylight,NORTH CASTLE,RIGHT ANGLE,WESTCHESTER,Straight and Level,Clear,Stop Sign,Dry,Not Applicable,"Other Motor Vehicle, Collision With",2
 Damage Accident,9:30,01/18/2014,Saturday,N,Unknown,MONROE,RIGHT TURN (6),ORANGE,Unknown,Unknown,Unknown,Unknown,Not Applicable,"Other Motor Vehicle, Collision With",2
 Accident,4:50,02/24/2014,Monday,N,Unknown,KINGS,Unknown,KINGS,Unknown,Unknown,Unknown,Unknown,Not Applicable,"Other Motor Vehicle, Collision With",2
 Damage Accident,19:24,01/02/2014,Thursday,Y,Dark-Road Unlighted,CAMBRIDGE,RIGHT ANGLE,WASHINGTON,Straight and Level,Snow,None,Snow/Ice,Not Applicable,"Other Motor Vehicle, Collision With",2
 Damage Accident,20:20,06/14/2014,Saturday,Y,Dusk,HAVERSTRAW,OTHER,ROCKLAND,Straight and Grade,Clear,None,Dry,Not Applicable,"Curbing, Collision With Fixed Object",1
 Damage & Injury Accident,18:06,11/05/2014,Wednesday,Y,Dark-Road Lighted,OYSTER BAY,REAR END,NASSAU,Straight and Level,Clear,None,Dry,Not Applicable,"Other Motor Vehicle, Collision With",2
 Damage & Injury Accident,13:30,02/22/2014,Saturday,Y,Daylight,BABYLON,RIGHT ANGLE,SUFFOLK,Straight and Level,Clear,Traffic Signal,Dry,Not Applicable,"Other Motor Vehicle, Collision With",2
 Accident,16:10,01/11/2014,Saturday,Y,Dusk,KINGS,OTHER,KINGS,Straight and Level,Rain,Stop Sign,Wet,"Crossing, With Signal","Pedestrian, Collision With",1
 Accident,0:00,04/04/2014,Friday,N,Unknown,QUEENS,OVERTAKING,QUEENS,Unknown,Unknown,Unknown,Unknown,Not Applicable,"Other Motor Vehicle, Collision With",2
 Damage Accident,14:00,08/17/2014,Sunday,Y,Daylight,NEW YORK,OVERTAKING,NEW YORK,Straight and Level,Clear,None,Dry,Not Applicable,"Other Motor Vehicle, Collision With",2
 Damage Accident,14:10,02/25/2014,Tuesday,N,Daylight,CANISTEO,OTHER,STEUBEN,Curve and Grade,Snow,None,Snow/Ice,Not Applicable,"Guide Rail - Not At End, Collision With Fixed Object",1
 Damage Accident,14:50,11/03/2014,Monday,Y,Daylight,DEWITT,REAR END,ONONDAGA,Straight and Level,Cloudy,None,Dry,Not Applicable,"Other Motor Vehicle, Collision With",2