 Descriptor,Time,Date,Day of Week,Police Report,Lighting Conditions,Municipality,Collision Type Descriptor,County Name,Road Descriptor,Weather Conditions,Traffic Control Device,Road Surface Conditions,Pedestrian Bicyclist Action,Event Descriptor,Number of Vehicles Involved
 Damage Accident,19:20,11/23/2014,Sunday,N,Unknown,MOUNT PLEASANT,OTHER,WESTCHESTER,Unknown,Unknown,Unknown,Unknown,Not Applicable,Deer,1
 Damage & Injury Accident,12:08,06/17/2014,Tuesday,Y,Daylight,GEDDES,REAR END,ONONDAGA,Straight and Level,Clear,Traffic Signal,Dry,Not Applicable,"Other Motor Vehicle, Collision With",2
 Damage Accident,22:15,05/29/2014,Thursday,Y,Dark-Road Lighted,RICHMOND,OTHER,RICHMOND,Straight and Grade,Clear,None,Dry,Not Applicable,"Other Motor Vehicle, Collision With",4
 Damage Accident,21:00,12/22/2014,Monday,N,Dark-Road Lighted,VESTAL,REAR END,BROOME,Curve and Level,Clear,Yield Sign,Wet,Not Applicable,"Other Motor Vehicle, Collision With",2
 Damage Accident,6:50,11/19/2014,Wednesday,N,Daylight,RICHMOND,Unknown,RICHMOND,Straight and Level,Clear,Traffic Signal,Dry,Not Applicable,"Other Motor Vehicle, Collision With",2
 Damage & Injury Accident,14:45,09/16/2014,Tuesday,Y,Daylight,WESTBURY,LEFT TURN (3),NASSAU,Straight and Level,Clear,Traffic Signal,Dry,Not Applicable,"Other Motor Vehicle, Collision With",2
 Accident,9:40,05/11/2014,Sunday,Y,Daylight,GREENBURGH,OTHER,WESTCHESTER,Curve and Level,Clear,None,Dry,Not Applicable,"Tree, Collision With Fixed Object",1
 Damage Accident,10:43,11/26/2014,Wednesday,Y,Daylight,BARTON,OTHER,TIOGA,Straight and Level,Cloudy,None,Dry,Not Applicable,"Guide Rail - End, Collision With Fixed Object",1
 Damage & Injury Accident,8:25,05/15/2014,Thursday,Y,Daylight,QUEENS,OTHER,QUEENS,Straight at Hill Crest,Cloudy,Traffic Signal,Wet,Not Applicable,"Other Motor Vehicle, Collision With",3
 Damage Accident,7:30,06/25/2014,Wednesday,N,Unknown,NEW YORK,Unknown,NEW YORK,Unknown,Unknown,Unknown,Unknown,Not Applicable,"Other Motor Vehicle, Collision With",2
 Damage Accident,5:45,08/26/2014,Tuesday,N,Dawn,CAMPBELL,OTHER,STEUBEN,Straight and Level,Fog/Smog/Smoke,Unknown,Dry,Not Applicable,Deer,1
 Damage & Injury Accident,14:13,03/07/2014,Friday,Y,Daylight,WAPPINGER,LEFT TURN (3),DUTCHESS,Curve and Level,Clear,None,Dry,Not Applicable,"Other Motor Vehicle, Collision With",2
 Damage Accident,14:24,09/08/2014,Monday,Y,Daylight,CAMILLUS,OTHER,ONONDAGA,Straight and Level,Clear,None,Dry,Not Applicable,"Other*, Non-Collision",1
 Damage Accident,16:39,04/09/2014,Wednesday,Y,Daylight,TONAWANDA,OVERTAKING,ERIE,Straight and Level,Clear,None,Dry,Not Applicable,"Other Motor Vehicle, Collision With",2
 Damage Accident,14:10,04/08/2014,Tuesday,Y,Daylight,NORTH HEMPSTEAD,LEFT TURN (3),NASSAU,Straight and Level,Clear,Traffic Signal,Dry,Not Applicable,"Other Motor Vehicle, Collision With",2
 Accident,13:40,02/17/2014,Monday,Y,Daylight,BROOKHAVEN,REAR END,SUFFOLK,Straight and Level,Clear,None,Dry,Not Applicable,"Other Motor Vehicle, Collision With",2
 Damage Accident,16:45,05/20/2014,Tuesday,Y,Daylight,UTICA,OTHER,ONEIDA,Straight and Level,Clear,Traffic Signal,Dry,Not Applicable,"Barrier, Collision With Fixed Object",1
 Damage & Injury Accident,12:17,02/15/2014,Saturday,Y,Daylight,ULSTER,OVERTAKING,ULSTER,Straight and Level,Snow,None,Snow/Ice,Not Applicable,"Other Motor Vehicle, Collision With",2
 Accident,11:40,04/01/2014,Tuesday,Y,Daylight,KINGS,RIGHT ANGLE,KINGS,Straight and Level,Clear,Traffic Signal,Dry,Not Applicable,"Other Motor Vehicle, Collision With",2
 Damage Accident,19:00,10/26/2014,Sunday,Y,Dark-Road Unlighted,LYSANDER,SIDESWIPE,ONONDAGA,Straight and Level,Rain,None,Wet,Not Applicable,"Other Motor Vehicle, Collision With",2
 Damage Accident,6:58,09/03/2014,Wednesday,Y,Daylight,ISLIP,OVERTAKING,SUFFOLK,Straight and Level,Clear,Traffic Signal,Dry,Not Applicable,"Other Motor Vehicle, Collision With",2
 Accident,0:00,11/21/2014,Friday,Y,Dark-Road Lighted,QUEENS,OTHER,QUEENS,Straight and Level,Clear,None,Dry,Not Applicable,"Other Motor Vehicle, Collision With",3
 Damage & Injury Accident,4:49,04/04/2014,Friday,Y,Dark-Road Lighted,NEW YORK,RIGHT TURN (6),NEW YORK,Straight and Level,Rain,Traffic Signal,Wet,Not Applicable,"Other Motor Vehicle, Collision With",2
 Damage Accident,22:50,01/13/2014,Monday,Y,Dark-Road Unlighted,LANSING,OTHER,TOMPKINS,Straight and Level,Rain,None,Wet,Not Applicable,Deer,1
 Damage Accident,15:41,11/12/2014,Wednesday,Y,Daylight,RIVERHEAD,REAR END,SUFFOLK,Straight and Level,Cloudy,Traffic Signal,Dry,Not Applicable,"Other Motor Vehicle, Collision With",2
 Damage Accident,21:00,04/03/2014,Thursday,N,Dark-Road Unlighted,DRESDEN,OTHER,WASHINGTON,Straight and Grade,Cloudy,None,Dry,Not Applicable,Deer,1
 Damage Accident,15:00,09/22/2014,Monday,Y,Daylight,VALLEY STREAM,RIGHT TURN (6),NASSAU,Straight and Level,Clear,Traffic Signal,Dry,Not Applicable,"Other Motor Vehicle, Collision With",2
 Damage & Injury Accident,1:07,07/01/2014,Tuesday,Y,Dark-Road Unlighted,SYRACUSE,OTHER,ONONDAGA,Curve and Level,Cloudy,None,Dry,Not Applicable,"Tree, Collision With Fixed Object",1
 Damage Accident,15:30,03/14/2014,Friday,Y,Daylight,GREENBURGH,SIDESWIPE,WESTCHESTER,Straight and Level,Clear,None,Dry,Not Applicable,"Other Motor Vehicle, Collision With",2
 Damage Accident,19:21,10/29/2014,Wednesday,Y,Dark-Road Unlighted,MARLBOROUGH,OVERTAKING,ULSTER,Curve and Level,Rain,No Passing Zone,Wet,Not Applicable,"Other Motor Vehicle, Collision With",2
 Damage Accident,8:10,12/10/2014,Wednesday,Y,Daylight,HIGHLAND,OTHER,SULLIVAN,Straight and Level,Snow,None,Snow/Ice,Not Applicable,Deer,1
 Damage Accident,15:02,09/02/2014,Tuesday,Y,Daylight,OYSTER BAY,RIGHT ANGLE,NASSAU,Straight and Level,Clear,None,Dry,Not Applicable,"Other Motor Vehicle, Collision With",2
 Damage Accident,0:00,10/07/2014,Tuesday,N,Daylight,RICHMOND,REAR END,RICHMOND,Straight and Level,Clear,Traffic Signal,Dry,Not Applicable,"Other Motor Vehicle, Collision With",2
 Accident,0:00,05/19/2014,Monday,Y,Dark-Road Lighted,NEW YORK,OTHER,NEW YORK,Straight and Level,Clear,None,Dry,Riding/Walking/Skating Along Highway With Traffic,"Bicyclist, Collision With",1
 Damage Accident,5:30,06/02/2014,Monday,Y,Daylight,CORNWALL,OTHER,ORANGE,Straight and Level,Clear,Unknown,Dry,Not Applicable,Deer,1
 Damage & Injury Accident,8:15,01/22/2014,Wednesday,N,Daylight,CHEEKTOWAGA,REAR END,ERIE,Straight and Level,Cloudy,Traffic Signal,Snow/Ice,Not Applicable,"Other Motor Vehicle, Collision With",2
 Damage Accident,15:27,04/24/2014,Thursday,Y,Daylight,FLORIDA,OTHER,MONTGOMERY,Straight and Level,Clear,None,Dry,Not Applicable,"Guide Rail - Not At End, Collision With Fixed Object",1
 Damage Accident,11:15,06/22/2014,Sunday,N,Daylight,QUEENS,REAR END,QUEENS,Straight at Hill Crest,Clear,None,Dry,Not Applicable,"Other Motor Vehicle, Collision With",2
 Damage & Injury Accident,17:00,06/10/2014,Tuesday,Y,Daylight,BROOKHAVEN,Unknown,SUFFOLK,Straight and Level,Cloudy,None,Dry,Not Applicable,"Other Motor Vehicle, Collision With",2
 Damage Accident,20:45,07/14/2014,Monday,Y,Dark-Road Unlighted,BRIDGEWATER,OTHER,ONEIDA,Straight and Level,Cloudy,None,Wet,Not Applicable,Deer,1
 Damage Accident,8:52,10/30/2014,Thursday,Y,Daylight,BUFFALO,OVERTAKING,ERIE,Straight and Level,Clear,None,Dry,Not Applicable,"Other Motor Vehicle, Collision With",2
 Damage Accident,17:52,10/12/2014,Sunday,N,Daylight,KINGS,Unknown,KINGS,Straight and Level,Clear,None,Dry,Not Applicable,"Other Motor Vehicle, Collision With",2
 Damage Accident,11:38,09/16/2014,Tuesday,N,Unknown,QUEENS,Unknown,QUEENS,Unknown,Unknown,Unknown,Unknown,Not Applicable,"Other Motor Vehicle, Collision With",2
 Damage Accident,9:20,01/07/2014,Tuesday,Y,Daylight,QUEENS,REAR END,QUEENS,Straight and Level,Clear,None,Dry,Not Applicable,"Other Motor Vehicle, Collision With",2
 Damage Accident,15:30,07/12/2014,Saturday,Y,Daylight,QUEENS,REAR END,QUEENS,Curve and Grade,Clear,None,Dry,Not Applicable,"Other Motor Vehicle, Collision With",2
 Damage Accident,18:00,02/13/2014,Thursday,Y,Dark-Road Lighted,CANANDAIGUA,RIGHT ANGLE,ONTARIO,Straight and Grade,Snow,Traffic Signal,Snow/Ice,Not Applicable,"Other Motor Vehicle, Collision With",2
 Damage Accident,13:30,11/21/2014,Friday,N,Daylight,BUFFALO,Unknown,ERIE,Straight and Level,Clear,Traffic Signal,Snow/Ice,Not Applicable,"Other Motor Vehicle, Collision With",2
 Damage Accident,13:14,05/26/2014,Monday,Y,Daylight,HERKIMER,OTHER,HERKIMER,Curve and Level,Clear,None,Dry,Not Applicable,"Guide Rail - Not At End, Collision With Fixed Object",1
 Damage Accident,8:41,07/19/2014,Saturday,Y,Daylight,BLASDELL,OTHER,ERIE,Straight and Level,Clear,None,Dry,Not Applicable,"Building/Wall, Collision With Fixed Object",1
 Damage Accident,19:50,04/24/2014,Thursday,Y,Daylight,HEMPSTEAD,RIGHT ANGLE,NASSAU,Straight and Level,Clear,None,Dry,Not Applicable,"Other Motor Vehicle, Collision With",2
 Damage Accident,18:53,07/02/2014,Wednesday,Y,Daylight,NYACK,REAR END,ROCKLAND,Straight and Level,Rain,None,Wet,Not Applicable,"Other Motor Vehicle, Collision With",2
 Damage & Injury Accident,14:19,12/10/2014,Wednesday,Y,Daylight,SCRIBA,SIDESWIPE,OSWEGO,Straight and Level,Snow,None,Snow/Ice,Not Applicable,"Other Motor Vehicle, Collision With",2
 Accident,17:10,09/16/2014,Tuesday,Y,Daylight,KINGS,REAR END,KINGS,Straight and Level,Clear,None,Dry,Not Applicable,"Other Motor Vehicle, Collision With",2
 Accident,13:10,02/26/2014,Wednesday,Y,Daylight,SULLIVAN,OTHER,MADISON,Straight and Grade,Clear,No Passing Zone,Wet,Not Applicable,"Earth Embankment/Rock Cut/Ditch, Collision With Fixed Object",1
 Damage Accident,12:04,12/09/2014,Tuesday,Y,Daylight,ALBANY,OVERTAKING,ALBANY,Straight and Level,Rain,None,Wet,Not Applicable,"Other Motor Vehicle, Collision With",2
 Damage & Injury Accident,16:55,08/01/2014,Friday,Y,Daylight,HUNTINGTON,OTHER,SUFFOLK,Straight and Level,Cloudy,Traffic Signal,Dry,Not Applicable,"Other Motor Vehicle, Collision With",3
 Damage Accident,9:07,02/08/2014,Saturday,Y,Daylight,KINGS,REAR END,KINGS,Straight and Level,Snow,Traffic Signal,Snow/Ice,Not Applicable,"Other Motor Vehicle, Collision With",2
 Damage Accident,19:35,09/17/2014,Wednesday,Y,Dark-Road Unlighted,HILLBURN,OTHER,ROCKLAND,Straight and Level,Clear,None,Dry,Not Applicable,"Other Object (Not Fixed)*, Collision With",1
 Damage Accident,22:00,12/19/2014,Friday,Y,Dark-Road Lighted,FULTON,OTHER,OSWEGO,Curve and Grade,Cloudy,None,Snow/Ice,Not Applicable,"Light Support/Utility Pole, Collision With Fixed Object",1
 Damage Accident,21:08,05/10/2014,Saturday,Y,Dark-Road Lighted,GARDEN CITY,REAR END,NASSAU,Straight and Grade,Cloudy,Traffic Signal,Dry,Not Applicable,"Other Motor Vehicle, Collision With",2
 Damage Accident,18:55,11/21/2014,Friday,Y,Dark-Road Unlighted,NYACK,REAR END,ROCKLAND,Straight and Level,Clear,Traffic Signal,Dry,Not Applicable,"Other Motor Vehicle, Collision With",2
 Damage Accident,1:45,02/01/2014,Saturday,Y,Dark-Road Lighted,RICHMOND,HEAD ON,RICHMOND,Straight and Level,Clear,None,Dry,Not Applicable,"Other Motor Vehicle, Collision With",2
 Damage Accident,14:15,12/12/2014,Friday,Y,Daylight,BROOKHAVEN,Unknown,SUFFOLK,Straight and Level,Clear,None,Dry,Not Applicable,"Other Motor Vehicle, Collision With",2
 Damage Accident,13:32,11/17/2014,Monday,Y,Daylight,CAIRO,OTHER,GREENE,Curve and Grade,Rain,No Passing Zone,Wet,Not Applicable,"Earth Embankment/Rock Cut/Ditch, Collision With Fixed Object",1
 Damage & Injury Accident,16:30,03/02/2014,Sunday,N,Unknown,QUEENS,RIGHT ANGLE,QUEENS,Unknown,Unknown,Unknown,Unknown,Not Applicable,"Other Motor Vehicle, Collision With",2
 Damage Accident,15:49,12/26/2014,Friday,Y,Daylight,NORTH HILLS,REAR END,NASSAU,Curve and Level,Clear,None,Dry,Not Applicable,"Other Motor Vehicle, Collision With",2
 Damage Accident,20:00,04/16/2014,Wednesday,N,Daylight,TONAWANDA,RIGHT ANGLE,ERIE,Straight and Level,Clear,Traffic Signal,Wet,Not Applicable,"Other Motor Vehicle, Collision With",2
 Damage Accident,16:56,12/29/2014,Monday,Y,Dark-Road Lighted,NIAGARA FALLS,RIGHT ANGLE,NIAGARA,Straight and Level,Cloudy,Traffic Signal,Dry,Not Applicable,"Other Motor Vehicle, Collision With",2
 Damage & Injury Accident,14:54,01/20/2014,Monday,Y,Daylight,GLENVILLE,OTHER,SCHENECTADY,Straight and Level,Cloudy,Traffic Signal,Dry,Not Applicable,"Other Motor Vehicle, Collision With",3
 Accident,12:00,07/02/2014,Wednesday,Y,Daylight,KINGS,OVERTAKING,KINGS,Straight and Level,Clear,None,Dry,Not Applicable,"Other Motor Vehicle, Collision With",2
 Damage & Injury Accident,17:59,10/12/2014,Sunday,Y,Dark-Road Unlighted,NORTH COLLINS,OTHER,ERIE,Straight at Hill Crest,Clear,None,Dry,Not Applicable,"Tree, Collision With Fixed Object",1
 Damage Accident,18:05,07/24/2014,Thursday,Y,Daylight,AMHERST,REAR END,ERIE,Straight and Level,Clear,None,Dry,Not Applicable,"Other Motor Vehicle, Collision With",2
 Damage Accident,0:00,09/03/2014,Wednesday,N,Daylight,GOSHEN,Unknown,ORANGE,Straight and Level,Clear,Unknown,Dry,Not Applicable,"Other Motor Vehicle, Collision With",2
 Damage Accident,18:41,02/26/2014,Wednesday,Y,Dark-Road Lighted,NORTH HEMPSTEAD,REAR END,NASSAU,Straight and Grade,Clear,None,Wet,Not Applicable,"Other Motor Vehicle, Collision With",2
 Accident,12:25,04/17/2014,Thursday,Y,Daylight,BROOKHAVEN,Unknown,SUFFOLK,Straight and Level,Clear,None,Dry,Not Applicable,"Other Motor Vehicle, Collision With",2
 Damage & Injury Accident,18:54,02/20/2014,Thursday,Y,Dark-Road Unlighted,FAYETTE,OTHER,SENECA,Straight and Level,Sleet/Hail/Freezing Rain,None,Snow/Ice,Not Applicable,"Earth Embankment/Rock Cut/Ditch, Collision With Fixed Object",1
 Damage Accident,0:00,02/18/2014,Tuesday,N,Daylight,YONKERS,OTHER,WESTCHESTER,Unknown,Clear,Other,Snow/Ice,Not Applicable,"Other Object (Not Fixed)*, Collision With",1
 Damage Accident,15:10,07/12/2014,Saturday,Y,Daylight,CORTLANDVILLE,OTHER,CORTLAND,Straight and Level,Clear,None,Dry,Not Applicable,"Light Support/Utility Pole, Collision With Fixed Object",1
 Damage Accident,10:30,06/02/2014,Monday,Y,Daylight,NORTH HEMPSTEAD,LEFT TURN (3),NASSAU,Straight and Level,Clear,None,Dry,Not Applicable,"Other Motor Vehicle, Collision With",2
 Damage Accident,9:02,12/10/2014,Wednesday,Y,Daylight,ROME,SIDESWIPE,ONEIDA,Straight and Grade,Snow,Stop Sign,Snow/Ice,Not Applicable,"Other Motor Vehicle, Collision With",2
 Damage Accident,4:52,03/15/2014,Saturday,Y,Dark-Road Unlighted,ISLIP,OTHER,SUFFOLK,Straight and Level,Cloudy,None,Dry,Not Applicable,"Light Support/Utility Pole, Collision With Fixed Object",1
 Damage & Injury Accident,9:10,09/18/2014,Thursday,Y,Daylight,MOUNT VERNON,OTHER,WESTCHESTER,Straight and Grade,Clear,None,Dry,Not Applicable,"Other Motor Vehicle, Collision With",3
 Damage Accident,20:00,07/22/2014,Tuesday,Y,Dusk,ELLICOTTVILLE,OTHER,CATTARAUGUS,Straight and Level,Clear,None,Dry,Not Applicable,Deer,1
 Accident,1:42,07/24/2014,Thursday,Y,Dark-Road Unlighted,WALLKILL,OTHER,ORANGE,Curve and Level,Cloudy,None,Wet,Not Applicable,"Light Support/Utility Pole, Collision With Fixed Object",1
 Damage Accident,10:35,01/10/2014,Friday,Y,Daylight,HEMPSTEAD,RIGHT ANGLE,NASSAU,Curve and Level,Rain,None,Snow/Ice,Not Applicable,"Light Support/Utility Pole, Collision With Fixed Object",2
 Accident,18:15,01/21/2014,Tuesday,Y,Dusk,KINGS,OTHER,KINGS,Straight and Level,Snow,None,Wet,Other Actions in Roadway,"Pedestrian, Collision With",1
 Damage Accident,5:30,11/09/2014,Sunday,Y,Dark-Road Lighted,HEMPSTEAD,OTHER,NASSAU,Straight and Level,Cloudy,None,Dry,Not Applicable,"Curbing, Collision With Fixed Object",1
 Damage Accident,13:20,05/24/2014,Saturday,Y,Daylight,WALLKILL,OTHER,ORANGE,Straight and Level,Cloudy,None,Dry,Not Applicable,"Other Motor Vehicle, Collision With",2
 Damage Accident,0:00,03/04/2014,Tuesday,N,Unknown,OYSTER BAY,OTHER,NASSAU,Unknown,Unknown,Unknown,Unknown,Not Applicable,"Snow Embankment, Collision With Fixed Object",1
 Damage & Injury Accident,7:45,03/03/2014,Monday,Y,Daylight,NEW WINDSOR,REAR END,ORANGE,Straight and Grade,Cloudy,None,Dry,Not Applicable,"Other Motor Vehicle, Collision With",2
 Damage & Injury Accident,8:00,09/18/2014,Thursday,Y,Daylight,HEMPSTEAD,REAR END,NASSAU,Straight and Level,Clear,None,Dry,Not Applicable,"Other Motor Vehicle, Collision With",2
 Damage Accident,17:28,08/25/2014,Monday,Y,Daylight,FREEVILLE,RIGHT ANGLE,TOMPKINS,Straight and Level,Clear,Stop Sign,Dry,Not Applicable,"Other Motor Vehicle, Collision With",2
 Damage & Injury Accident,14:32,07/08/2014,Tuesday,Y,Daylight,HEMPSTEAD,REAR END,NASSAU,Straight and Level,Cloudy,Traffic Signal,Dry,Not Applicable,"Other Motor Vehicle, Collision With",2
 Damage Accident,21:00,01/04/2014,Saturday,N,Dark-Road Unlighted,POMONA,OTHER,ROCKLAND,Curve and Grade,Clear,None,Dry,Not Applicable,"Animal, Collision With",1
 Damage Accident,9:13,01/10/2014,Friday,Y,Daylight,BINGHAMTON,SIDESWIPE,BROOME,Straight and Level,Clear,Stop Sign,Dry,Not Applicable,"Other Motor Vehicle, Collision With",2
 Damage & Injury Accident,8:45,11/13/2014,Thursday,Y,Daylight,RAMAPO,REAR END,ROCKLAND,Curve and Grade,Cloudy,Traffic Signal,Dry,Not Applicable,"Other Motor Vehicle, Collision With",2
 Damage Accident,13:25,05/22/2014,Thursday,Y,Daylight,VALLEY STREAM,RIGHT ANGLE,NASSAU,Straight and Level,Cloudy,None,Dry,Not Applicable,"Other Motor Vehicle, Collision With",2
 Damage Accident,13:55,06/17/2014,Tuesday,Y,Daylight,GARDEN CITY,OVERTAKING,NASSAU,Straight and Level,Clear,None,Dry,Not Applicable,"Other Motor Vehicle, Collision With",2
 Accident,17:40,11/13/2014,Thursday,Y,Dark-Road Lighted,BRONX,REAR END,BRONX,Straight at Hill Crest,Rain,None,Wet,Not Applicable,"Other Motor Vehicle, Collision With",2
 Damage & Injury Accident,20:00,04/25/2014,Friday,N,Dusk,BUFFALO,RIGHT ANGLE,ERIE,Straight and Level,Rain,Traffic Signal,Wet,Not Applicable,"Other Motor Vehicle, Collision With",2
 Damage Accident,10:10,09/07/2014,Sunday,Y,Daylight,BATAVIA,RIGHT ANGLE,GENESEE,Straight and Level,Clear,Stop Sign,Dry,Not Applicable,"Other Motor Vehicle, Collision With",2
 Damage Accident,15:35,10/08/2014,Wednesday,Y,Daylight,HEMPSTEAD,Unknown,NASSAU,Straight and Level,Clear,None,Dry,Not Applicable,"Other Motor Vehicle, Collision With",2
 Damage Accident,20:38,01/19/2014,Sunday,Y,Dark-Road Lighted,GATES,OTHER,MONROE,Curve and Level,Cloudy,None,Wet,Not Applicable,"Light Support/Utility Pole, Collision With Fixed Object",1
 Damage Accident,5:59,05/02/2014,Friday,Y,Dawn,UNION SPRINGS,OTHER,CAYUGA,Straight and Level,Cloudy,No Passing Zone,Dry,Not Applicable,Deer,1
 Damage & Injury Accident,2:38,08/30/2014,Saturday,Y,Dark-Road Lighted,BROOKHAVEN,OTHER,SUFFOLK,Curve and Level,Clear,None,Dry,Not Applicable,"Tree, Collision With Fixed Object",1
 Accident,14:10,05/23/2014,Friday,Y,Daylight,KINGS,OTHER,KINGS,Straight and Level,Clear,Traffic Signal,Dry,"Crossing, With Signal","Bicyclist, Collision With",1
 Damage Accident,17:25,12/07/2014,Sunday,Y,Dark-Road Lighted,BROOKHAVEN,RIGHT TURN (5),SUFFOLK,Straight and Level,Clear,Stop Sign,Dry,Not Applicable,"Other Motor Vehicle, Collision With",2
 Damage Accident,14:25,10/29/2014,Wednesday,Y,Daylight,ORCHARD PARK,REAR END,ERIE,Straight and Level,Cloudy,None,Dry,Not Applicable,"Other Motor Vehicle, Collision With",2
 Damage Accident,2:40,01/31/2014,Friday,Y,Dark-Road Unlighted,VERONA,OTHER,ONEIDA,Curve and Level,Cloudy,No Passing Zone,Dry,Not Applicable,"Tree, Collision With Fixed Object",1
 Accident,22:45,05/18/2014,Sunday,Y,Dark-Road Lighted,KINGS,RIGHT ANGLE,KINGS,Straight and Level,Clear,Traffic Signal,Dry,Not Applicable,"Other Motor Vehicle, Collision With",2
 Damage & Injury Accident,12:40,02/12/2014,Wednesday,Y,Daylight,BROOKHAVEN,Unknown,SUFFOLK,Straight and Level,Cloudy,Traffic Signal,Dry,Not Applicable,"Other Motor Vehicle, Collision With",2
 Damage Accident,9:00,01/29/2014,Wednesday,Y,Daylight,BALLSTON,REAR END,SARATOGA,Straight and Level,Clear,None,Dry,Not Applicable,"Other Motor Vehicle, Collision With",2
 Damage Accident,17:27,01/05/2014,Sunday,Y,Dark-Road Unlighted,CATSKILL,OTHER,GREENE,Straight and Level,Rain,None,Snow/Ice,Not Applicable,"Guide Rail - Not At End, Collision With Fixed Object",1
 Damage Accident,9:05,02/27/2014,Thursday,Y,Daylight,BATAVIA,REAR END,GENESEE,Straight and Level,Snow,Stop Sign,Snow/Ice,Not Applicable,"Other Motor Vehicle, Collision With",2
 Accident,15:00,10/12/2014,Sunday,Y,Daylight,QUEENS,OTHER,QUEENS,Straight and Level,Clear,Stop Sign,Dry,Riding/Walking/Skating Along Highway With Traffic,"Bicyclist, Collision With",1
 Damage Accident,2:55,05/22/2014,Thursday,Y,Dark-Road Lighted,LOCKPORT,OTHER,NIAGARA,Straight and Grade,Cloudy,None,Dry,Not Applicable,"Earth Embankment/Rock Cut/Ditch, Collision With Fixed Object",1
 Damage Accident,17:23,08/03/2014,Sunday,Y,Daylight,ORANGETOWN,RIGHT TURN (5),ROCKLAND,Straight and Level,Clear,Stop Sign,Dry,Not Applicable,"Other Motor Vehicle, Collision With",2
 Damage Accident,12:55,11/03/2014,Monday,Y,Daylight,HEMPSTEAD,OVERTAKING,NASSAU,Straight and Level,Clear,Traffic Signal,Dry,Not Applicable,"Other Motor Vehicle, Collision With",2
 Damage Accident,16:28,06/10/2014,Tuesday,Y,Daylight,SYRACUSE,OVERTAKING,ONONDAGA,Straight and Level,Clear,None,Dry,Not Applicable,"Other Motor Vehicle, Collision With",2
 Accident,8:02,02/03/2014,Monday,Y,Daylight,QUEENS,OTHER,QUEENS,Straight and Level,Snow,None,Snow/Ice,Not Applicable,"Other Motor Vehicle, Collision With",4
 Damage & Injury Accident,14:56,08/20/2014,Wednesday,Y,Daylight,GREENBURGH,OTHER,WESTCHESTER,Straight and Level,Clear,None,Dry,Not Applicable,"Guide Rail - Not At End, Collision With Fixed Object",1
 Accident,17:30,10/22/2014,Wednesday,Y,Daylight,KINGS,OTHER,KINGS,Straight and Level,Rain,Stop Sign,Wet,Going to/From Stopped School Bus,"Pedestrian, Collision With",1
 Damage Accident,17:23,11/12/2014,Wednesday,Y,Dusk,WEST CARTHAGE,OTHER,JEFFERSON,Straight and Grade,Cloudy,None,Dry,Not Applicable,"Animal, Collision With",1
 Damage Accident,16:17,01/20/2014,Monday,Y,Daylight,ROTTERDAM,REAR END,SCHENECTADY,Straight and Level,Cloudy,Traffic Signal,Wet,Not Applicable,"Other Motor Vehicle, Collision With",2
 Damage & Injury Accident,10:25,04/01/2014,Tuesday,Y,Daylight,CLARKSTOWN,OTHER,ROCKLAND,Curve and Level,Clear,None,Dry,Not Applicable,"Overturned, Non-Collision",1
 Damage Accident,12:50,03/20/2014,Thursday,Y,Daylight,,OTHER,UNKNOWN,Straight and Level,Cloudy,None,Dry,Not Applicable,"Other Motor Vehicle, Collision With",3
 Damage Accident,23:36,05/26/2014,Monday,Y,Dark-Road Lighted,CHENANGO,OTHER,BROOME,Straight and Level,Cloudy,Other,Dry,Not Applicable,Deer,1
 Accident,11:15,04/28/2014,Monday,Y,Daylight,UTICA,RIGHT ANGLE,ONEIDA,Straight and Level,Clear,Traffic Signal,Dry,Not Applicable,"Other Motor Vehicle, Collision With",2
 Accident,8:11,06/23/2014,Monday,Y,Daylight,BRONX,OVERTAKING,BRONX,Straight at Hill Crest,Clear,None,Dry,Not Applicable,"Other Motor Vehicle, Collision With",2
 Damage Accident,0:00,11/20/2014,Thursday,N,Daylight,MARCELLUS,OTHER,ONONDAGA,Straight and Level,Snow,None,Snow/Ice,Not Applicable,"Building/Wall, Collision With Fixed Object",1
 Damage Accident,14:35,09/22/2014,Monday,Y,Daylight,WATERTOWN,LEFT TURN (3),JEFFERSON,Straight and Level,Clear,None,Dry,Not Applicable,"Other Motor Vehicle, Collision With",2
 Damage Accident,15:50,12/04/2014,Thursday,Y,Daylight,PENDLETON,RIGHT ANGLE,NIAGARA,Straight and Level,Clear,None,Dry,Not Applicable,"Other Motor Vehicle, Collision With",2
 Accident,8:14,01/24/2014,Friday,Y,Daylight,BRONX,OTHER,BRONX,Straight and Level,Clear,Traffic Signal,Unknown,"Crossing, With Signal","Pedestrian, Collision With",1
 Accident,12:00,05/13/2014,Tuesday,Y,Daylight,QUEENS,OVERTAKING,QUEENS,Straight and Level,Clear,None,Dry,Not Applicable,"Other Motor Vehicle, Collision With",2
 Damage & Injury Accident,4:55,11/23/2014,Sunday,Y,Dark-Road Lighted,BABYLON,OTHER,SUFFOLK,Straight and Level,Cloudy,None,Dry,Not Applicable,"Other Motor Vehicle, Collision With",3
 Damage Accident,16:34,10/30/2014,Thursday,Y,Daylight,SWEDEN,REAR END,MONROE,Straight and Level,Clear,None,Dry,Not Applicable,"Other Motor Vehicle, Collision With",2