 Descriptor,Time,Date,Day of Week,Police Report,Lighting Conditions,Municipality,Collision Type Descriptor,County Name,Road Descriptor,Weather Conditions,Traffic Control Device,Road Surface Conditions,Pedestrian Bicyclist Action,Event Descriptor,Number of Vehicles Involved
 Damage Accident,10:40,12/06/2014,Saturday,Y,Daylight,JAY,OTHER,ESSEX,Curve and Grade,Snow,No Passing Zone,Snow/Ice,Not Applicable,"Earth Embankment/Rock Cut/Ditch, Collision With Fixed Object",1
 Damage Accident,14:30,07/02/2014,Wednesday,Y,Daylight,HUDSON,Unknown,COLUMBIA,Straight and Level,Cloudy,None,Wet,Not Applicable,"Other Motor Vehicle, Collision With",2
 Accident,15:40,03/21/2014,Friday,Y,Daylight,QUEENS,OTHER,QUEENS,Straight and Level,Clear,None,Dry,Not Applicable,"Other Motor Vehicle, Collision With",3
 Damage Accident,10:40,12/07/2014,Sunday,Y,Daylight,HEMPSTEAD,OVERTAKING,NASSAU,Straight and Level,Clear,None,Dry,Not Applicable,"Other Motor Vehicle, Collision With",2
 Damage Accident,16:05,11/04/2014,Tuesday,Y,Daylight,ISLIP,RIGHT TURN (5),SUFFOLK,Straight and Level,Clear,None,Dry,Not Applicable,"Other Motor Vehicle, Collision With",2
 Damage Accident,0:28,02/28/2014,Friday,Y,Dark-Road Lighted,SYRACUSE,OTHER,ONONDAGA,Straight and Level,Snow,Stop Sign,Snow/Ice,Not Applicable,"Sign Post, Collision With Fixed Object",1
 Damage Accident,7:37,05/12/2014,Monday,Y,Daylight,MACHIAS,OTHER,CATTARAUGUS,Straight and Level,Cloudy,No Passing Zone,Dry,Not Applicable,"Other Fixed Object*, Collision With Fixed Object",1
 Damage Accident,16:10,11/13/2014,Thursday,Y,Daylight,CAMILLUS,SIDESWIPE,ONONDAGA,Straight and Grade,Snow,No Passing Zone,Wet,Not Applicable,"Other Motor Vehicle, Collision With",2
 Damage & Injury Accident,16:30,12/18/2014,Thursday,Y,Dark-Road Lighted,HEMPSTEAD,OVERTAKING,NASSAU,Straight and Level,Clear,None,Dry,Not Applicable,"Other Motor Vehicle, Collision With",2
 Damage Accident,14:13,01/08/2014,Wednesday,Y,Daylight,NEW YORK,Unknown,NEW YORK,Straight and Level,Clear,Traffic Signal,Dry,Not Applicable,"Other Motor Vehicle, Collision With",2
 Damage Accident,21:40,08/20/2014,Wednesday,Y,Dark-Road Unlighted,WALLKILL,OTHER,ORANGE,Straight and Level,Clear,None,Dry,Not Applicable,Deer,1
 Damage Accident,7:00,12/11/2014,Thursday,Y,Dusk,SYRACUSE,OVERTAKING,ONONDAGA,Straight and Level,Snow,None,Snow/Ice,Not Applicable,"Other Motor Vehicle, Collision With",2
 Accident,7:00,02/03/2014,Monday,N,Unknown,MOUNT VERNON,Unknown,WESTCHESTER,Unknown,Unknown,Unknown,Unknown,Not Applicable,"Other Motor Vehicle, Collision With",2
 Damage Accident,8:05,01/15/2014,Wednesday,N,Daylight,OYSTER BAY,REAR END,NASSAU,Straight and Level,Clear,None,Dry,Not Applicable,"Other Motor Vehicle, Collision With",2
 Accident,17:50,02/01/2014,Saturday,N,Dusk,NEW YORK,OTHER,NEW YORK,Straight and Level,Clear,Traffic Signal,Dry,"Crossing, With Signal","Pedestrian, Collision With",1
 Damage Accident,10:10,10/28/2014,Tuesday,Y,Daylight,KINGS,REAR END,KINGS,Straight and Level,Clear,None,Dry,Not Applicable,"Other Motor Vehicle, Collision With",2
 Accident,19:20,05/30/2014,Friday,N,Unknown,BRONX,Unknown,BRONX,Unknown,Unknown,Unknown,Unknown,Not Applicable,"Other Motor Vehicle, Collision With",2
 Damage Accident,9:27,02/04/2014,Tuesday,Y,Daylight,SPENCER,OTHER,TIOGA,Curve and Grade,Clear,None,Dry,Not Applicable,"Fire/Explosion, Non-Collision",1
 Damage Accident,6:54,04/14/2014,Monday,Y,Daylight,NEW YORK,OVERTAKING,NEW YORK,Straight and Level,Cloudy,None,Dry,Not Applicable,"Other Motor Vehicle, Collision With",2
 Damage Accident,6:10,12/08/2014,Monday,Y,Dark-Road Unlighted,AURORA,OTHER,ERIE,Straight and Level,Cloudy,None,Dry,Not Applicable,Deer,1
 Damage Accident,6:35,12/01/2014,Monday,Y,Dawn,CARMEL,OTHER,PUTNAM,Curve and Grade,Cloudy,No Passing Zone,Dry,Not Applicable,Deer,1
 Accident,2:15,06/02/2014,Monday,Y,Dark-Road Lighted,WATERTOWN,OTHER,JEFFERSON,Straight and Level,Clear,None,Dry,Riding/Walking/Skating Along Highway Against Traffic,"Pedestrian, Collision With",1
 Damage & Injury Accident,15:30,06/03/2014,Tuesday,Y,Daylight,BLOOMING GROVE,OVERTAKING,ORANGE,Curve and Grade,Cloudy,None,Dry,Not Applicable,"Other Motor Vehicle, Collision With",2
 Accident,16:49,12/03/2014,Wednesday,Y,Dark-Road Lighted,SCHENECTADY,OTHER,SCHENECTADY,Straight and Grade,Rain,Stop Sign,Wet,"Crossing, No Signal, Marked Crosswalk","Bicyclist, Collision With",1
 Damage Accident,7:30,12/11/2014,Thursday,N,Unknown,KINGS,Unknown,KINGS,Unknown,Unknown,Unknown,Unknown,Not Applicable,"Other Motor Vehicle, Collision With",2
 Accident,15:30,09/22/2014,Monday,N,Daylight,BABYLON,REAR END,SUFFOLK,Straight and Level,Clear,Unknown,Dry,Not Applicable,"Other Motor Vehicle, Collision With",2
 Damage Accident,2:30,10/07/2014,Tuesday,Y,Dark-Road Lighted,HEMPSTEAD,REAR END,NASSAU,Straight and Level,Cloudy,None,Dry,Not Applicable,"Other Motor Vehicle, Collision With",2
 Damage Accident,7:04,11/26/2014,Wednesday,Y,Dawn,ADAMS,OTHER,JEFFERSON,Straight and Level,Cloudy,None,Dry,Not Applicable,Deer,1
 Accident,17:00,05/26/2014,Monday,N,Unknown,KINGS,OVERTAKING,KINGS,Unknown,Unknown,Unknown,Unknown,Not Applicable,"Other Motor Vehicle, Collision With",2
 Damage & Injury Accident,15:25,09/07/2014,Sunday,Y,Daylight,BROOKHAVEN,OTHER,SUFFOLK,Straight and Level,Clear,Traffic Signal,Dry,Not Applicable,"Other Motor Vehicle, Collision With",5
 Damage Accident,8:02,01/29/2014,Wednesday,Y,Daylight,GLENS FALLS,RIGHT ANGLE,WARREN,Straight and Level,Clear,None,Snow/Ice,Not Applicable,"Other Motor Vehicle, Collision With",2
 Accident,9:40,04/23/2014,Wednesday,Y,Daylight,QUEENS,OTHER,QUEENS,Straight and Level,Clear,Unknown,Dry,Not Applicable,"Fence, Collision With Fixed Object",4
 Damage Accident,15:10,08/22/2014,Friday,Y,Daylight,WAWARSING,REAR END,ULSTER,Straight and Level,Rain,None,Wet,Not Applicable,"Other Motor Vehicle, Collision With",2
 Damage & Injury Accident,9:18,07/01/2014,Tuesday,Y,Daylight,COLONIE,REAR END,ALBANY,Straight and Grade,Clear,None,Dry,Not Applicable,"Other Motor Vehicle, Collision With",2
 Damage Accident,19:56,11/26/2014,Wednesday,Y,Dark-Road Unlighted,ANTWERP,OTHER,JEFFERSON,Straight and Level,Snow,None,Snow/Ice,Not Applicable,Deer,1
 Damage Accident,12:00,05/11/2014,Sunday,Y,Daylight,HUNTINGTON,OVERTAKING,SUFFOLK,Straight and Level,Clear,None,Dry,Not Applicable,"Other Motor Vehicle, Collision With",2
 Damage Accident,15:15,04/16/2014,Wednesday,Y,Daylight,SCHENECTADY,REAR END,SCHENECTADY,Straight and Level,Clear,Yield Sign,Dry,Not Applicable,"Other Motor Vehicle, Collision With",2
 Damage Accident,19:11,11/25/2014,Tuesday,Y,Dark-Road Unlighted,TUXEDO,REAR END,ORANGE,Straight and Level,Clear,None,Dry,Not Applicable,"Other Motor Vehicle, Collision With",2
 Damage Accident,11:10,04/07/2014,Monday,Y,Daylight,OYSTER BAY,RIGHT ANGLE,NASSAU,Straight and Level,Cloudy,Stop Sign,Dry,Not Applicable,"Other Motor Vehicle, Collision With",2
 Damage Accident,8:11,09/08/2014,Monday,Y,Daylight,POUGHKEEPSIE,REAR END,DUTCHESS,Curve and Grade,Clear,Yield Sign,Dry,Not Applicable,"Other Motor Vehicle, Collision With",2
 Damage & Injury Accident,16:15,01/27/2014,Monday,Y,Daylight,CLARKSTOWN,REAR END,ROCKLAND,Curve and Level,Cloudy,None,Dry,Not Applicable,"Other Motor Vehicle, Collision With",2
 Damage Accident,19:40,01/24/2014,Friday,Y,Dark-Road Unlighted,HORSEHEADS,OTHER,CHEMUNG,Straight and Level,Cloudy,None,Dry,Not Applicable,Deer,1
 Damage & Injury Accident,10:50,12/09/2014,Tuesday,Y,Daylight,OYSTER BAY,REAR END,NASSAU,Straight and Level,Rain,Traffic Signal,Wet,Not Applicable,"Other Motor Vehicle, Collision With",2
 Damage & Injury Accident,13:27,09/13/2014,Saturday,Y,Daylight,NORTH HEMPSTEAD,RIGHT ANGLE,NASSAU,Curve and Level,Cloudy,None,Dry,Not Applicable,"Other Motor Vehicle, Collision With",2
 Damage & Injury Accident,7:18,10/12/2014,Sunday,Y,Dark-Road Unlighted,WESTERLO,OTHER,ALBANY,Straight and Level,Clear,None,Dry,Not Applicable,"Tree, Collision With Fixed Object",1
 Accident,15:30,06/21/2014,Saturday,Y,Daylight,NEW YORK,OTHER,NEW YORK,Straight and Level,Clear,Unknown,Dry,"Crossing, With Signal","Pedestrian, Collision With",1
 Accident,8:11,07/07/2014,Monday,Y,Daylight,KINGS,OVERTAKING,KINGS,Straight and Level,Clear,Traffic Signal,Dry,Not Applicable,"Other Motor Vehicle, Collision With",2
 Damage Accident,14:20,03/14/2014,Friday,N,Unknown,BRONX,REAR END,BRONX,Unknown,Unknown,Unknown,Unknown,Not Applicable,"Other Motor Vehicle, Collision With",2
 Damage Accident,7:47,12/11/2014,Thursday,Y,Daylight,TONAWANDA,RIGHT ANGLE,ERIE,Straight and Level,Snow,None,Snow/Ice,Not Applicable,"Other Motor Vehicle, Collision With",2
 Damage Accident,21:00,06/02/2014,Monday,Y,Dark-Road Unlighted,CAMILLUS,OTHER,ONONDAGA,Curve and Level,Cloudy,None,Dry,Not Applicable,Deer,1
 Damage Accident,14:00,01/09/2014,Thursday,Y,Daylight,DEWITT,OTHER,ONONDAGA,Straight and Level,Cloudy,None,Dry,Not Applicable,"Other Motor Vehicle, Collision With",2
 Damage Accident,21:41,10/20/2014,Monday,Y,Dark-Road Unlighted,SOUTHAMPTON,OTHER,SUFFOLK,Straight and Level,Clear,No Passing Zone,Dry,Not Applicable,Deer,1
 Damage Accident,13:50,01/05/2014,Sunday,Y,Daylight,CLARKSTOWN,RIGHT ANGLE,ROCKLAND,Straight and Grade,Rain,Stop Sign,Wet,Not Applicable,"Other Motor Vehicle, Collision With",2
 Damage Accident,17:29,06/17/2014,Tuesday,Y,Daylight,MIDDLETOWN,RIGHT ANGLE,ORANGE,Straight and Level,Clear,None,Dry,Not Applicable,"Other Motor Vehicle, Collision With",2
 Damage Accident,2:00,02/10/2014,Monday,Y,Dark-Road Lighted,HEMPSTEAD,RIGHT TURN (5),NASSAU,Straight and Level,Snow,None,Snow/Ice,Not Applicable,"Other Motor Vehicle, Collision With",2
 Damage Accident,23:30,01/10/2014,Friday,N,Dark-Road Unlighted,COVENTRY,OTHER,CHENANGO,Straight and Level,Clear,None,Dry,Not Applicable,Deer,1
 Damage Accident,4:50,03/02/2014,Sunday,Y,Dark-Road Unlighted,NORWOOD,OTHER,ST. LAWRENCE,Straight and Grade,Snow,None,Snow/Ice,Not Applicable,"Guide Rail - Not At End, Collision With Fixed Object",1
 Damage Accident,16:30,12/21/2014,Sunday,N,Daylight,YONKERS,Unknown,WESTCHESTER,Straight and Level,Cloudy,Traffic Signal,Dry,Not Applicable,"Other Motor Vehicle, Collision With",2
 Damage Accident,16:50,03/14/2014,Friday,Y,Daylight,FONDA,RIGHT TURN (6),MONTGOMERY,Straight and Level,Clear,Traffic Signal,Dry,Not Applicable,"Other Motor Vehicle, Collision With",2
 Accident,19:50,03/30/2014,Sunday,Y,Dark-Road Unlighted,WEST SENECA,OTHER,ERIE,Curve and Level,Clear,None,Dry,Not Applicable,"Overturned, Non-Collision",1
 Damage Accident,17:53,07/10/2014,Thursday,Y,Daylight,CLARENCE,RIGHT ANGLE,ERIE,Straight and Level,Clear,None,Dry,Not Applicable,"Other Motor Vehicle, Collision With",2
 Accident,0:10,08/28/2014,Thursday,Y,Dark-Road Lighted,NEW YORK,REAR END,NEW YORK,Straight and Level,Clear,None,Dry,Not Applicable,"Other Motor Vehicle, Collision With",2
 Damage Accident,7:00,08/24/2014,Sunday,Y,Dawn,ONEONTA,OTHER,OTSEGO,Curve and Grade,Cloudy,None,Wet,Not Applicable,"Light Support/Utility Pole, Collision With Fixed Object",1
 Damage Accident,10:00,06/17/2014,Tuesday,Y,Daylight,FLOWER HILL,OTHER,NASSAU,Straight and Level,Clear,None,Dry,Not Applicable,"Other Motor Vehicle, Collision With",3
 Damage Accident,16:20,10/13/2014,Monday,Y,Daylight,BABYLON,OVERTAKING,SUFFOLK,Straight and Level,Clear,None,Dry,Not Applicable,"Other Motor Vehicle, Collision With",2
 Damage Accident,18:02,09/14/2014,Sunday,Y,Dusk,SOUTHEAST,SIDESWIPE,PUTNAM,Curve at Hill Crest,Rain,No Passing Zone,Wet,Not Applicable,"Other Motor Vehicle, Collision With",2
 Accident,0:41,11/08/2014,Saturday,Y,Dark-Road Unlighted,NEW ALBION,OTHER,CATTARAUGUS,Straight and Level,Clear,None,Wet,Not Applicable,"Ran Off Roadway Only, Non-Collision",1
 Damage & Injury Accident,18:25,10/26/2014,Sunday,Y,Daylight,NIAGARA FALLS,OTHER,NIAGARA,Straight and Level,Cloudy,None,Dry,Not Applicable,"Other Motor Vehicle, Collision With",3
 Damage & Injury Accident,23:28,08/09/2014,Saturday,Y,Dark-Road Lighted,RAMAPO,RIGHT ANGLE,ROCKLAND,Straight and Level,Clear,Traffic Signal,Dry,Not Applicable,"Other Motor Vehicle, Collision With",2
 Damage Accident,18:01,08/29/2014,Friday,Y,Daylight,LIMA,REAR END,LIVINGSTON,Straight and Level,Clear,Stop Sign,Dry,Not Applicable,"Other Motor Vehicle, Collision With",2
 Damage Accident,21:40,04/18/2014,Friday,N,Daylight,LONG BEACH,OTHER,NASSAU,Straight and Level,Clear,None,Dry,Not Applicable,"Other Motor Vehicle, Collision With",2
 Accident,16:05,09/19/2014,Friday,N,Unknown,KINGS,Unknown,KINGS,Unknown,Unknown,Unknown,Unknown,Not Applicable,"Other Motor Vehicle, Collision With",2
 Damage & Injury Accident,16:00,01/31/2014,Friday,Y,Daylight,BUFFALO,OTHER,ERIE,Straight and Level,Clear,None,Wet,Not Applicable,"Other Motor Vehicle, Collision With",3
 Accident,18:55,12/31/2014,Wednesday,N,Unknown,QUEENS,Unknown,QUEENS,Unknown,Unknown,Unknown,Unknown,Not Applicable,"Other Motor Vehicle, Collision With",2
 Damage Accident,21:15,02/11/2014,Tuesday,Y,Dark-Road Lighted,VESTAL,REAR END,BROOME,Straight and Level,Clear,Traffic Signal,Dry,Not Applicable,"Other Motor Vehicle, Collision With",2
 Damage Accident,15:05,03/22/2014,Saturday,Y,Daylight,SARATOGA SPRINGS,RIGHT ANGLE,SARATOGA,Straight and Grade,Cloudy,Stop Sign,Dry,Not Applicable,"Other Motor Vehicle, Collision With",2
 Damage Accident,6:45,04/16/2014,Wednesday,Y,Dawn,HEMPSTEAD,OVERTAKING,NASSAU,Straight and Level,Clear,None,Dry,Not Applicable,"Other Motor Vehicle, Collision With",2
 Damage Accident,9:59,02/05/2014,Wednesday,Y,Daylight,WEST SENECA,REAR END,ERIE,Curve and Level,Snow,None,Snow/Ice,Not Applicable,"Other Motor Vehicle, Collision With",2
 Damage & Injury Accident,6:25,09/29/2014,Monday,N,Unknown,NEW YORK,Unknown,NEW YORK,Unknown,Unknown,Unknown,Unknown,Not Applicable,"Other Motor Vehicle, Collision With",2
 Damage & Injury Accident,17:20,12/03/2014,Wednesday,Y,Dark-Road Unlighted,AMHERST,LEFT TURN (0),ERIE,Straight and Grade,Cloudy,Traffic Signal,Wet,Not Applicable,"Other Motor Vehicle, Collision With",2
 Damage & Injury Accident,15:43,11/28/2014,Friday,Y,Dark-Road Lighted,HEMPSTEAD,OTHER,NASSAU,Straight and Level,Clear,Traffic Signal,Dry,Not Applicable,"Other Motor Vehicle, Collision With",3
 Damage & Injury Accident,12:56,06/18/2014,Wednesday,Y,Daylight,HAMBURG,REAR END,ERIE,Straight and Level,Clear,Traffic Signal,Dry,Not Applicable,"Other Motor Vehicle, Collision With",2
 Damage Accident,12:11,09/13/2014,Saturday,Y,Daylight,ROCHESTER,OVERTAKING,MONROE,Straight and Level,Cloudy,None,Dry,Not Applicable,"Other Motor Vehicle, Collision With",2
 Accident,15:15,03/24/2014,Monday,N,Unknown,QUEENS,Unknown,QUEENS,Unknown,Unknown,Unknown,Unknown,Not Applicable,"Other Motor Vehicle, Collision With",2
 Accident,19:00,12/16/2014,Tuesday,N,Unknown,BRONX,OTHER,BRONX,Unknown,Rain,Unknown,Wet,Unknown,"Pedestrian, Collision With",1
 Damage & Injury Accident,0:58,09/28/2014,Sunday,Y,Dark-Road Lighted,HEMPSTEAD,OTHER,NASSAU,Straight and Level,Clear,None,Dry,Not Applicable,"Tree, Collision With Fixed Object",1
 Damage Accident,0:00,01/17/2014,Friday,N,Unknown,,Unknown,SUFFOLK,Unknown,Unknown,Unknown,Unknown,Not Applicable,"Other Motor Vehicle, Collision With",2
 Damage & Injury Accident,17:21,05/09/2014,Friday,Y,Daylight,ALBANY,OTHER,ALBANY,Curve and Level,Cloudy,None,Dry,Not Applicable,"Other Motor Vehicle, Collision With",3
 Damage Accident,19:02,03/29/2014,Saturday,Y,Dark-Road Lighted,BROOKHAVEN,RIGHT ANGLE,SUFFOLK,Straight and Level,Rain,Traffic Signal,Wet,Not Applicable,"Other Motor Vehicle, Collision With",2
 Damage & Injury Accident,14:54,08/06/2014,Wednesday,Y,Daylight,EAST HAMPTON,OTHER,SUFFOLK,Curve and Grade,Clear,None,Dry,Not Applicable,"Tree, Collision With Fixed Object",1
 Accident,20:21,08/08/2014,Friday,Y,Dark-Road Lighted,KINGS,LEFT TURN (3),KINGS,Straight and Level,Clear,Traffic Signal,Dry,Not Applicable,"Other Motor Vehicle, Collision With",2
 Damage & Injury Accident,17:15,05/12/2014,Monday,Y,Daylight,NEW PALTZ,REAR END,ULSTER,Curve and Level,Clear,No Passing Zone,Dry,Not Applicable,"Other Motor Vehicle, Collision With",2
 Damage & Injury Accident,14:50,11/17/2014,Monday,Y,Daylight,KINGS,RIGHT ANGLE,KINGS,Straight and Level,Rain,Traffic Signal,Wet,Not Applicable,"Other Motor Vehicle, Collision With",2
 Damage & Injury Accident,13:50,05/17/2014,Saturday,Y,Dark-Road Lighted,KINGS,REAR END,KINGS,Straight and Grade,Clear,Other,Dry,Not Applicable,"Other Motor Vehicle, Collision With",2
 Damage & Injury Accident,16:54,12/13/2014,Saturday,Y,Dark-Road Unlighted,PEMBROKE,OTHER,GENESEE,Straight and Grade,Rain,No Passing Zone,Wet,Not Applicable,"Other Fixed Object*, Collision With Fixed Object",1
 Accident,14:30,06/25/2014,Wednesday,Y,Daylight,JAMESTOWN,OTHER,CHAUTAUQUA,Straight and Grade,Rain,Traffic Signal,Wet,Riding/Walking/Skating Along Highway With Traffic,"Bicyclist, Collision With",1
 Damage Accident,21:33,12/21/2014,Sunday,Y,Dark-Road Unlighted,SENNETT,OTHER,CAYUGA,Straight and Level,Cloudy,None,Dry,Not Applicable,Deer,1
 Damage Accident,6:10,05/15/2014,Thursday,Y,Dawn,UTICA,OTHER,ONEIDA,Straight and Level,Clear,None,Dry,Not Applicable,"Light Support/Utility Pole, Collision With Fixed Object",1
 Accident,11:43,05/24/2014,Saturday,Y,Daylight,HEMPSTEAD,OTHER,NASSAU,Straight and Level,Clear,None,Dry,Other Actions in Roadway,"Pedestrian, Collision With",1
 Accident,10:15,09/25/2014,Thursday,Y,Daylight,HEMPSTEAD,SIDESWIPE,NASSAU,Straight and Level,Rain,None,Wet,Not Applicable,"Other Motor Vehicle, Collision With",2
 Damage Accident,9:39,02/03/2014,Monday,Y,Daylight,OLD WESTBURY,OTHER,NASSAU,Straight and Level,Snow,Unknown,Snow/Ice,Not Applicable,"Curbing, Collision With Fixed Object",1
 Damage & Injury Accident,18:46,06/02/2014,Monday,Y,Daylight,CHEEKTOWAGA,REAR END,ERIE,Straight and Level,Clear,Traffic Signal,Wet,Not Applicable,"Other Motor Vehicle, Collision With",2
 Damage Accident,15:00,06/27/2014,Friday,Y,Daylight,SOUTHEAST,REAR END,PUTNAM,Straight and Level,Clear,None,Dry,Not Applicable,"Other Motor Vehicle, Collision With",2
 Damage Accident,22:40,11/27/2014,Thursday,Y,Dark-Road Unlighted,MACEDON,OTHER,WAYNE,Straight and Level,Cloudy,None,Dry,Not Applicable,"Animal, Collision With",1
 Accident,18:00,10/05/2014,Sunday,Y,Dusk,BRONX,REAR END,BRONX,Straight at Hill Crest,Clear,None,Dry,Not Applicable,"Other Motor Vehicle, Collision With",2
 Damage Accident,16:16,03/07/2014,Friday,Y,Daylight,HIGHLANDS,SIDESWIPE,ORANGE,Straight and Level,Clear,None,Dry,Not Applicable,"Other Motor Vehicle, Collision With",2
 Damage Accident,18:30,04/24/2014,Thursday,Y,Daylight,BUFFALO,OVERTAKING,ERIE,Straight and Level,Clear,None,Dry,Not Applicable,"Other Motor Vehicle, Collision With",2
 Damage Accident,5:55,06/02/2014,Monday,N,Unknown,MIDDLETOWN,OTHER,ORANGE,Unknown,Unknown,Unknown,Unknown,Not Applicable,Deer,1
 Damage Accident,14:23,12/08/2014,Monday,Y,Daylight,NEW HARTFORD,REAR END,ONEIDA,Straight and Grade,Cloudy,None,Dry,Not Applicable,"Other Motor Vehicle, Collision With",2
 Damage Accident,23:00,05/16/2014,Friday,Y,Dark-Road Lighted,COHOCTON,RIGHT ANGLE,STEUBEN,Straight and Level,Unknown,None,Dry,Not Applicable,"Other Motor Vehicle, Collision With",2
 Accident,3:11,12/12/2014,Friday,Y,Dark-Road Lighted,KINGS,REAR END,KINGS,Straight and Level,Clear,Traffic Signal,Dry,Not Applicable,"Other Motor Vehicle, Collision With",2
 Damage Accident,3:40,10/05/2014,Sunday,Y,Dark-Road Lighted,BROOKHAVEN,OTHER,SUFFOLK,Curve and Level,Clear,None,Dry,Not Applicable,"Curbing, Collision With Fixed Object",1
 Damage Accident,19:00,12/24/2014,Wednesday,N,Dark-Road Lighted,NEW YORK,OVERTAKING,NEW YORK,Straight and Level,Rain,Construction Work Area,Wet,Not Applicable,"Other Motor Vehicle, Collision With",2
 Damage Accident,22:03,06/07/2014,Saturday,Y,Dark-Road Unlighted,ORLEANS,OTHER,JEFFERSON,Straight and Level,Clear,None,Dry,Not Applicable,"Animal, Collision With",1
 Damage Accident,18:36,08/12/2014,Tuesday,Y,Daylight,JACKSON,OTHER,WASHINGTON,Straight and Level,Cloudy,None,Dry,Not Applicable,Deer,1
 Accident,9:35,02/14/2014,Friday,N,Daylight,KINGS,REAR END,KINGS,Straight and Level,Clear,None,Dry,Not Applicable,"Other Motor Vehicle, Collision With",2
 Accident,10:06,02/07/2014,Friday,Y,Daylight,GORHAM,REAR END,ONTARIO,Straight and Grade,Clear,Stop Sign,Dry,Not Applicable,"Other Motor Vehicle, Collision With",2
 Accident,15:00,03/21/2014,Friday,N,Daylight,CLIFTON PARK,REAR END,SARATOGA,Curve at Hill Crest,Clear,Traffic Signal,Dry,Not Applicable,"Other Motor Vehicle, Collision With",2
 Damage Accident,21:15,03/10/2014,Monday,Y,Dark-Road Unlighted,ANNSVILLE,OTHER,ONEIDA,Straight and Level,Cloudy,No Passing Zone,Wet,Not Applicable,Deer,1
 Damage Accident,2:01,10/11/2014,Saturday,Y,Dark-Road Unlighted,OYSTER BAY,OTHER,NASSAU,Curve and Grade,Rain,None,Wet,Not Applicable,"Barrier, Collision With Fixed Object",1
 Accident,2:00,08/02/2014,Saturday,Y,Dark-Road Lighted,NEW YORK,OTHER,NEW YORK,Straight and Level,Clear,Traffic Signal,Dry,"Crossing, Against Signal","Bicyclist, Collision With",1
 Damage Accident,6:35,06/15/2014,Sunday,Y,Daylight,SOLON,OTHER,CORTLAND,Straight and Level,Cloudy,None,Dry,Not Applicable,Deer,1
 Damage & Injury Accident,16:13,12/23/2014,Tuesday,Y,Dusk,LONG BEACH,LEFT TURN (3),NASSAU,Straight and Level,Rain,Traffic Signal,Wet,Not Applicable,"Other Motor Vehicle, Collision With",2
 Accident,21:55,06/16/2014,Monday,Y,Dark-Road Lighted,NEW YORK,Unknown,NEW YORK,Straight and Level,Clear,Traffic Signal,Dry,Not Applicable,"Other Motor Vehicle, Collision With",2
 Accident,12:20,06/30/2014,Monday,N,Daylight,BROOKHAVEN,OTHER,SUFFOLK,Straight and Level,Clear,Traffic Signal,Dry,Not Applicable,"Other Motor Vehicle, Collision With",3
 Accident,4:15,02/03/2014,Monday,Y,Dark-Road Lighted,NEW YORK,OTHER,NEW YORK,Straight and Level,Snow,None,Snow/Ice,"Crossing, No Signal or Crosswalk","Pedestrian, Collision With",1
 Damage Accident,8:30,11/21/2014,Friday,Y,Daylight,DUNKIRK,Unknown,CHAUTAUQUA,Straight and Level,Cloudy,None,Snow/Ice,Not Applicable,"Other Motor Vehicle, Collision With",2
 Damage Accident,7:00,12/11/2014,Thursday,N,Daylight,ROCKVILLE CENTRE,Unknown,NASSAU,Straight and Level,Clear,None,Dry,Not Applicable,"Other Motor Vehicle, Collision With",2
 Damage & Injury Accident,18:39,09/20/2014,Saturday,Y,Daylight,GREECE,LEFT TURN (0),MONROE,Straight and Level,Clear,Traffic Signal,Dry,Not Applicable,"Other Motor Vehicle, Collision With",2
 Damage & Injury Accident,15:50,11/18/2014,Tuesday,Y,Daylight,LAKE LUZERNE,REAR END,WARREN,Straight and Level,Clear,None,Dry,Not Applicable,"Other Motor Vehicle, Collision With",2
 Damage Accident,12:29,08/04/2014,Monday,Y,Daylight,NEW WINDSOR,RIGHT ANGLE,ORANGE,Straight and Level,Clear,None,Dry,Not Applicable,"Other Motor Vehicle, Collision With",2
 Damage Accident,15:15,02/09/2014,Sunday,Y,Daylight,ITHACA,SIDESWIPE,TOMPKINS,Curve and Grade,Snow,None,Snow/Ice,Not Applicable,"Other Motor Vehicle, Collision With",2
 Damage Accident,15:23,10/10/2014,Friday,Y,Daylight,OGDENSBURG,Unknown,ST. LAWRENCE,Straight and Level,Cloudy,None,Dry,Not Applicable,"Other Motor Vehicle, Collision With",2
 Damage Accident,22:19,10/18/2014,Saturday,Y,Daylight,BROOKHAVEN,OTHER,SUFFOLK,Straight and Level,Clear,None,Dry,Not Applicable,Deer,1
 Damage Accident,20:36,07/05/2014,Saturday,Y,Dusk,AMHERST,OTHER,ERIE,Straight and Level,Clear,None,Dry,Not Applicable,Deer,1
 Damage Accident,18:20,02/18/2014,Tuesday,Y,Daylight,NEW YORK,OVERTAKING,NEW YORK,Straight and Grade,Clear,Traffic Signal,Wet,Not Applicable,"Other Motor Vehicle, Collision With",2
 Damage Accident,1:10,10/14/2014,Tuesday,N,Unknown,QUEENS,RIGHT TURN (5),QUEENS,Straight and Level,Rain,None,Wet,Not Applicable,"Other Motor Vehicle, Collision With",2
 Accident,15:50,07/12/2014,Saturday,Y,Daylight,ALBANY,REAR END,ALBANY,Straight and Level,Clear,Traffic Signal,Dry,Not Applicable,"Other Motor Vehicle, Collision With",2
 Accident,11:20,06/16/2014,Monday,Y,Daylight,BRONX,LEFT TURN (0),BRONX,Straight and Level,Clear,Traffic Signal,Dry,Not Applicable,"Other Motor Vehicle, Collision With",2