 Descriptor,Time,Date,Day of Week,Police Report,Lighting Conditions,Municipality,Collision Type Descriptor,County Name,Road Descriptor,Weather Conditions,Traffic Control Device,Road Surface Conditions,Pedestrian Bicyclist Action,Event Descriptor,Number of Vehicles Involved
 Accident,12:58,09/28/2014,Sunday,Y,Daylight,HEMPSTEAD,RIGHT ANGLE,NASSAU,Straight and Level,Clear,None,Dry,Not Applicable,"Other Motor Vehicle, Collision With",2
 Damage & Injury Accident,17:30,12/28/2014,Sunday,Y,Dark-Road Lighted,ONONDAGA,RIGHT ANGLE,ONONDAGA,Straight and Grade,Clear,Traffic Signal,Dry,Not Applicable,"Other Motor Vehicle, Collision With",2
 Damage Accident,10:10,06/13/2014,Friday,Y,Daylight,HYDE PARK,OTHER,DUTCHESS,Straight and Level,Rain,Traffic Signal,Wet,Not Applicable,"Other Motor Vehicle, Collision With",3
 Damage Accident,8:14,05/22/2014,Thursday,Y,Daylight,RAMAPO,LEFT TURN (3),ROCKLAND,Straight and Level,Cloudy,None,Wet,Not Applicable,"Other Motor Vehicle, Collision With",2
 Accident,16:10,07/05/2014,Saturday,Y,Daylight,SKANEATELES,OTHER,ONONDAGA,Straight and Level,Clear,Traffic Signal,Dry,Not Applicable,"Other*, Non-Collision",1
 Damage Accident,4:30,07/26/2014,Saturday,Y,Dark-Road Unlighted,RATHBONE,OTHER,STEUBEN,Curve and Level,Cloudy,None,Dry,Not Applicable,"Culver/Head Wall, Collision With Fixed Object",1
 Damage Accident,7:00,11/14/2014,Friday,Y,Daylight,HILTON,OTHER,MONROE,Straight and Grade,Cloudy,None,Dry,Not Applicable,"Other Motor Vehicle, Collision With",2
 Accident,11:55,05/21/2014,Wednesday,Y,Daylight,HUNTINGTON,LEFT TURN (3),SUFFOLK,Straight and Level,Cloudy,Traffic Signal,Dry,Not Applicable,"Other Motor Vehicle, Collision With",2
 Accident,17:20,01/29/2014,Wednesday,Y,Dark-Road Lighted,KINGS,OTHER,KINGS,Straight and Level,Clear,None,Dry,Getting On/Off Vehicle Other than School Bus,"Pedestrian, Collision With",1
 Accident,21:00,08/05/2014,Tuesday,N,Unknown,NEW YORK,Unknown,NEW YORK,Unknown,Unknown,Unknown,Unknown,Not Applicable,"Other Motor Vehicle, Collision With",2
 Damage Accident,19:15,05/20/2014,Tuesday,Y,Daylight,RIVERHEAD,OTHER,SUFFOLK,Curve and Level,Clear,None,Dry,Not Applicable,"Animal, Collision With",1
 Damage & Injury Accident,10:41,08/15/2014,Friday,Y,Daylight,BROOKHAVEN,Unknown,SUFFOLK,Straight and Level,Clear,None,Dry,Not Applicable,"Other Motor Vehicle, Collision With",2
 Damage & Injury Accident,20:30,05/16/2014,Friday,Y,Dark-Road Lighted,PLEASANT VALLEY,OTHER,DUTCHESS,Curve and Grade,Rain,None,Wet,Not Applicable,"Tree, Collision With Fixed Object",1
 Accident,20:00,12/15/2014,Monday,Y,Dark-Road Lighted,KINGS,REAR END,KINGS,Straight and Level,Clear,None,Dry,Not Applicable,"Other Motor Vehicle, Collision With",2
 Damage Accident,19:10,04/16/2014,Wednesday,Y,Dusk,GREENBURGH,REAR END,WESTCHESTER,Curve and Grade,Clear,Stop Sign,Wet,Not Applicable,"Other Motor Vehicle, Collision With",2
 Damage Accident,12:30,09/09/2014,Tuesday,N,Daylight,NEW YORK,OVERTAKING,NEW YORK,Straight and Level,Clear,Traffic Signal,Dry,Not Applicable,"Other Motor Vehicle, Collision With",2
 Damage Accident,0:00,05/14/2014,Wednesday,N,Unknown,HEMPSTEAD,OTHER,NASSAU,Unknown,Unknown,Unknown,Unknown,Not Applicable,"Other*, Non-Collision",1
 Damage Accident,9:00,08/12/2014,Tuesday,Y,Daylight,EAST HILLS,OVERTAKING,NASSAU,Straight and Level,Cloudy,None,Dry,Not Applicable,"Other Motor Vehicle, Collision With",2
 Damage & Injury Accident,11:55,11/01/2014,Saturday,Y,Daylight,OYSTER BAY,OTHER,NASSAU,Straight and Level,Rain,None,Wet,Not Applicable,"Median - Not At End, Collision With Fixed Object",1
 Accident,21:30,03/20/2014,Thursday,N,Dark-Road Lighted,KINGS,REAR END,KINGS,Straight and Level,Clear,Traffic Signal,Dry,Not Applicable,"Other Motor Vehicle, Collision With",2
 Damage Accident,17:05,11/27/2014,Thursday,Y,Dark-Road Unlighted,UNADILLA,OTHER,OTSEGO,Straight and Level,Snow,None,Snow/Ice,Not Applicable,"Guide Rail - Not At End, Collision With Fixed Object",1
 Damage Accident,19:27,12/29/2014,Monday,Y,Dark-Road Unlighted,JAVA,OTHER,WYOMING,Straight and Grade,Snow,None,Snow/Ice,Not Applicable,"Earth Embankment/Rock Cut/Ditch, Collision With Fixed Object",1
 Damage Accident,10:39,12/25/2014,Thursday,Y,Daylight,IRONDEQUOIT,SIDESWIPE,MONROE,Straight and Level,Cloudy,None,Dry,Not Applicable,"Other Motor Vehicle, Collision With",2
 Damage Accident,13:20,02/28/2014,Friday,Y,Daylight,BROOKHAVEN,Unknown,SUFFOLK,Straight and Level,Clear,None,Dry,Not Applicable,"Other Motor Vehicle, Collision With",2
 Damage Accident,14:05,11/21/2014,Friday,Y,Daylight,KINGS,LEFT TURN (3),KINGS,Straight and Level,Clear,Traffic Signal,Dry,Not Applicable,"Other Motor Vehicle, Collision With",2
 Accident,18:00,05/16/2014,Friday,Y,Daylight,RICHMOND,Unknown,RICHMOND,Curve and Level,Rain,None,Wet,Not Applicable,"Other Motor Vehicle, Collision With",2
 Damage & Injury Accident,17:51,09/16/2014,Tuesday,N,Unknown,RIVERHEAD,Unknown,SUFFOLK,Unknown,Unknown,Unknown,Unknown,Not Applicable,"Other Motor Vehicle, Collision With",2
 Damage Accident,14:15,10/04/2014,Saturday,N,Daylight,SMITHFIELD,Unknown,MADISON,Straight and Level,Clear,None,Dry,Not Applicable,"Other Motor Vehicle, Collision With",2
 Accident,9:00,05/01/2014,Thursday,N,Unknown,NEW YORK,REAR END,NEW YORK,Unknown,Unknown,Unknown,Unknown,Not Applicable,"Other Motor Vehicle, Collision With",2
 Damage Accident,17:04,12/21/2014,Sunday,Y,Dark-Road Unlighted,NEW HARTFORD,OTHER,ONEIDA,Straight and Level,Clear,None,Dry,Not Applicable,Deer,1
 Accident,12:30,06/02/2014,Monday,Y,Daylight,RICHMOND,OVERTAKING,RICHMOND,Straight and Level,Clear,None,Dry,Not Applicable,"Other Motor Vehicle, Collision With",2
 Damage Accident,23:45,10/31/2014,Friday,Y,Dark-Road Lighted,HEMPSTEAD,RIGHT ANGLE,NASSAU,Straight and Level,Rain,None,Wet,Not Applicable,"Other Motor Vehicle, Collision With",2
 Damage Accident,11:45,12/16/2014,Tuesday,Y,Daylight,GATES,RIGHT ANGLE,MONROE,Straight and Level,Rain,Traffic Signal,Wet,Not Applicable,"Other Motor Vehicle, Collision With",2
 Accident,14:50,06/30/2014,Monday,Y,Daylight,BROOKHAVEN,OTHER,SUFFOLK,Straight and Level,Clear,None,Dry,Not Applicable,"Other*, Non-Collision",1
 Accident,17:30,12/19/2014,Friday,N,Unknown,KINGS,Unknown,KINGS,Unknown,Unknown,Unknown,Unknown,Not Applicable,"Other Motor Vehicle, Collision With",2
 Damage Accident,19:45,03/12/2014,Wednesday,Y,Dark-Road Unlighted,OHIO,REAR END,HERKIMER,Curve and Level,Snow,No Passing Zone,Snow/Ice,Not Applicable,"Other Motor Vehicle, Collision With",2
 Damage Accident,21:35,01/10/2014,Friday,Y,Dark-Road Lighted,UTICA,RIGHT ANGLE,ONEIDA,Straight and Grade,Cloudy,Stop Sign,Wet,Not Applicable,"Other Motor Vehicle, Collision With",2
 Damage Accident,18:32,03/27/2014,Thursday,Y,Dusk,HUNTINGTON,OVERTAKING,SUFFOLK,Straight and Grade,Cloudy,None,Dry,Not Applicable,"Other Motor Vehicle, Collision With",2
 Damage Accident,18:45,12/13/2014,Saturday,Y,Dark-Road Lighted,PATCHOGUE,Unknown,SUFFOLK,Straight and Level,Clear,None,Dry,Not Applicable,"Other Motor Vehicle, Collision With",2
 Accident,18:00,07/30/2014,Wednesday,Y,Daylight,QUEENS,REAR END,QUEENS,Straight and Level,Clear,None,Dry,Not Applicable,"Other Motor Vehicle, Collision With",2
 Damage Accident,17:40,03/10/2014,Monday,Y,Daylight,NORTH HILLS,REAR END,NASSAU,Straight and Level,Clear,None,Dry,Not Applicable,"Other Motor Vehicle, Collision With",2
 Accident,8:45,10/20/2014,Monday,Y,Daylight,HEMPSTEAD,OVERTAKING,NASSAU,Straight and Level,Clear,Traffic Signal,Dry,Not Applicable,"Other Motor Vehicle, Collision With",2
 Damage Accident,2:38,02/23/2014,Sunday,Y,Dark-Road Unlighted,BROOKHAVEN,OTHER,SUFFOLK,Curve and Grade,Clear,None,Snow/Ice,Not Applicable,"Tree, Collision With Fixed Object",1
 Damage Accident,9:51,10/23/2014,Thursday,N,Daylight,KINGS,REAR END,KINGS,Unknown,Rain,Traffic Signal,Wet,Not Applicable,"Other Motor Vehicle, Collision With",2
 Damage Accident,10:04,07/24/2014,Thursday,Y,Daylight,ULSTER,OVERTAKING,ULSTER,Straight and Level,Clear,None,Dry,Not Applicable,"Other Motor Vehicle, Collision With",2
 Damage Accident,13:00,07/10/2014,Thursday,N,Unknown,RICHMOND,Unknown,RICHMOND,Unknown,Unknown,Unknown,Unknown,Not Applicable,"Other Motor Vehicle, Collision With",2
 Damage Accident,18:30,02/11/2014,Tuesday,Y,Dark-Road Unlighted,DIX,REAR END,SCHUYLER,Straight and Grade,Clear,None,Dry,Not Applicable,"Other Motor Vehicle, Collision With",2
 Damage Accident,21:30,11/27/2014,Thursday,Y,Dark-Road Lighted,LANCASTER,SIDESWIPE,ERIE,Straight and Level,Snow,None,Snow/Ice,Not Applicable,"Other Motor Vehicle, Collision With",2
 Damage Accident,11:17,06/16/2014,Monday,Y,Daylight,DEERPARK,REAR END,ORANGE,Straight and Level,Clear,No Passing Zone,Dry,Not Applicable,"Other Motor Vehicle, Collision With",2
 Accident,0:40,04/08/2014,Tuesday,Y,Dark-Road Lighted,KINGS,RIGHT ANGLE,KINGS,Straight and Level,Rain,Stop Sign,Wet,Not Applicable,"Other Motor Vehicle, Collision With",2
 Damage & Injury Accident,20:45,01/28/2014,Tuesday,Y,Dark-Road Unlighted,HARRISON,OVERTAKING,WESTCHESTER,Straight and Level,Clear,Traffic Signal,Dry,Not Applicable,"Other Motor Vehicle, Collision With",2
 Accident,9:00,07/21/2014,Monday,Y,Daylight,BRONX,OTHER,BRONX,Straight and Grade,Clear,None,Dry,Not in Roadway (Indicate),"Pedestrian, Collision With",1
 Damage Accident,20:00,08/17/2014,Sunday,N,Dark-Road Lighted,NEW YORK,OTHER,NEW YORK,Straight and Level,Clear,None,Dry,Not Applicable,"Other Motor Vehicle, Collision With",4
 Accident,12:50,10/09/2014,Thursday,Y,Daylight,BUFFALO,REAR END,ERIE,Straight and Level,Clear,Traffic Signal,Dry,Not Applicable,"Other Motor Vehicle, Collision With",2
 Damage Accident,21:52,09/12/2014,Friday,Y,Dark-Road Lighted,NEW CASTLE,OVERTAKING,WESTCHESTER,Curve and Grade,Clear,No Passing Zone,Dry,Not Applicable,"Other Motor Vehicle, Collision With",2
 Damage Accident,8:46,11/24/2014,Monday,Y,Daylight,GARDEN CITY,REAR END,NASSAU,Curve and Level,Rain,Traffic Signal,Wet,Not Applicable,"Other Motor Vehicle, Collision With",2
 Damage Accident,13:40,01/09/2014,Thursday,Y,Daylight,OYSTER BAY,LEFT TURN (0),NASSAU,Straight and Level,Clear,Traffic Signal,Dry,Not Applicable,"Other Motor Vehicle, Collision With",2
 Damage Accident,19:49,03/31/2014,Monday,Y,Dark-Road Lighted,ROCHESTER,LEFT TURN (0),MONROE,Straight and Level,Clear,Traffic Signal,Dry,Not Applicable,"Other Motor Vehicle, Collision With",2
 Damage Accident,3:25,11/02/2014,Sunday,Y,Dark-Road Unlighted,LAFAYETTE,OTHER,ONONDAGA,Straight and Grade,Cloudy,None,Wet,Not Applicable,Deer,1
 Accident,12:50,04/24/2014,Thursday,Y,Daylight,ISLIP,OTHER,SUFFOLK,Curve and Grade,Clear,None,Dry,Not Applicable,"Light Support/Utility Pole, Collision With Fixed Object",1
 Accident,15:15,01/21/2014,Tuesday,N,Unknown,GARDEN CITY,Unknown,NASSAU,Unknown,Unknown,Unknown,Unknown,Not Applicable,"Other Motor Vehicle, Collision With",2
 Damage & Injury Accident,15:55,12/10/2014,Wednesday,Y,Dusk,THOMPSON,HEAD ON,SULLIVAN,Curve and Grade,Snow,None,Snow/Ice,Not Applicable,"Other Motor Vehicle, Collision With",2
 Damage & Injury Accident,18:18,07/14/2014,Monday,Y,Daylight,AMHERST,HEAD ON,ERIE,Straight and Level,Clear,Traffic Signal,Dry,Not Applicable,"Other Motor Vehicle, Collision With",2
 Damage Accident,12:25,11/19/2014,Wednesday,Y,Daylight,BALLSTON SPA,LEFT TURN (3),SARATOGA,Straight and Level,Cloudy,None,Dry,Not Applicable,"Other Motor Vehicle, Collision With",2
 Damage Accident,15:11,05/05/2014,Monday,Y,Daylight,WHEATFIELD,REAR END,NIAGARA,Straight and Level,Clear,No Passing Zone,Dry,Not Applicable,"Other Motor Vehicle, Collision With",2
 Accident,6:15,08/25/2014,Monday,Y,Dawn,FREEPORT,RIGHT ANGLE,NASSAU,Straight and Level,Clear,Traffic Signal,Dry,Not Applicable,"Other Motor Vehicle, Collision With",2
 Damage & Injury Accident,12:34,01/23/2014,Thursday,Y,Daylight,SOUTHAMPTON,Unknown,SUFFOLK,Curve and Level,Clear,None,Snow/Ice,Not Applicable,"Other Motor Vehicle, Collision With",2
 Damage Accident,14:25,02/16/2014,Sunday,Y,Daylight,RIVERHEAD,REAR END,SUFFOLK,Straight and Level,Clear,Traffic Signal,Dry,Not Applicable,"Other Motor Vehicle, Collision With",2
 Damage Accident,23:10,06/22/2014,Sunday,Y,Dark-Road Lighted,AUBURN,REAR END,CAYUGA,Straight and Level,Clear,None,Dry,Not Applicable,"Other Motor Vehicle, Collision With",2
 Damage Accident,17:51,02/06/2014,Thursday,Y,Dark-Road Lighted,TROY,OVERTAKING,RENSSELAER,Straight and Level,Cloudy,Stop Sign,Snow/Ice,Not Applicable,"Other Motor Vehicle, Collision With",2
 Damage Accident,14:58,03/27/2014,Thursday,Y,Daylight,ST. REGIS,Unknown,FRANKLIN,Straight and Level,Cloudy,None,Dry,Not Applicable,"Other Motor Vehicle, Collision With",2
 Accident,17:58,04/18/2014,Friday,Y,Daylight,QUEENS,OTHER,QUEENS,Straight and Level,Clear,None,Dry,Not Applicable,"Tree, Collision With Fixed Object",1
 Damage Accident,17:07,01/01/2014,Wednesday,Y,Dark-Road Lighted,NEWBURGH,REAR END,ORANGE,Straight and Level,Cloudy,Traffic Signal,Dry,Not Applicable,"Other Motor Vehicle, Collision With",2
 Damage & Injury Accident,12:15,07/25/2014,Friday,Y,Daylight,BRONX,REAR END,BRONX,Straight and Level,Clear,None,Dry,Not Applicable,"Other Motor Vehicle, Collision With",2
 Damage & Injury Accident,17:28,06/30/2014,Monday,Y,Daylight,BABYLON,RIGHT ANGLE,SUFFOLK,Straight and Level,Clear,Stop Sign,Dry,Not Applicable,"Other Motor Vehicle, Collision With",2
 Accident,16:30,03/19/2014,Wednesday,Y,Daylight,NEW YORK,LEFT TURN (3),NEW YORK,Straight and Level,Rain,Traffic Signal,Wet,Not Applicable,"Other Motor Vehicle, Collision With",2
 Accident,16:05,08/23/2014,Saturday,Y,Daylight,NEW YORK,LEFT TURN (3),NEW YORK,Straight and Level,Clear,Traffic Signal,Dry,Not Applicable,"Other Motor Vehicle, Collision With",2
 Accident,9:53,06/19/2014,Thursday,Y,Daylight,NEW YORK,LEFT TURN (3),NEW YORK,Straight and Level,Clear,Traffic Signal,Dry,Not Applicable,"Other Motor Vehicle, Collision With",2
 Damage Accident,8:32,09/22/2014,Monday,Y,Daylight,HEMPSTEAD,REAR END,NASSAU,Straight at Hill Crest,Clear,None,Dry,Not Applicable,"Other Motor Vehicle, Collision With",2
 Damage Accident,15:38,05/01/2014,Thursday,Y,Daylight,GHENT,REAR END,COLUMBIA,Straight and Level,Clear,None,Dry,Not Applicable,"Other Motor Vehicle, Collision With",2
 Accident,14:06,02/17/2014,Monday,Y,Daylight,NIAGARA FALLS,REAR END,NIAGARA,Straight and Level,Clear,Traffic Signal,Dry,Not Applicable,"Other Motor Vehicle, Collision With",2
 Damage & Injury Accident,7:45,08/14/2014,Thursday,Y,Daylight,COLONIE,OVERTAKING,ALBANY,Curve and Grade,Cloudy,None,Dry,Not Applicable,"Other Motor Vehicle, Collision With",2
 Accident,19:00,05/04/2014,Sunday,Y,Daylight,KINGS,OTHER,KINGS,Straight and Level,Clear,None,Dry,Not Applicable,"Other Motor Vehicle, Collision With",4
 Damage Accident,12:30,07/31/2014,Thursday,Y,Daylight,NEW YORK,Unknown,NEW YORK,Straight and Level,Clear,Traffic Signal,Dry,Not Applicable,"Other Motor Vehicle, Collision With",2
 Accident,8:45,01/21/2014,Tuesday,Y,Daylight,NEW YORK,OTHER,NEW YORK,Straight and Level,Snow,Maintenance Work Area,Wet,Working in Roadway,"Pedestrian, Collision With",1
 Damage Accident,14:06,12/03/2014,Wednesday,Y,Daylight,HEMPSTEAD,REAR END,NASSAU,Straight and Level,Rain,None,Wet,Not Applicable,"Other Motor Vehicle, Collision With",2
 Accident,13:00,12/12/2014,Friday,N,Unknown,KINGS,RIGHT ANGLE,KINGS,Unknown,Unknown,Stop Sign,Unknown,Not Applicable,"Other Motor Vehicle, Collision With",2
 Damage Accident,13:05,01/02/2014,Thursday,Y,Daylight,MILLBROOK,OTHER,DUTCHESS,Curve and Grade,Snow,None,Snow/Ice,Not Applicable,"Tree, Collision With Fixed Object",1
 Damage Accident,13:52,01/11/2014,Saturday,Y,Daylight,CLARKSTOWN,OVERTAKING,ROCKLAND,Straight and Level,Rain,None,Wet,Not Applicable,"Other Motor Vehicle, Collision With",2
 Damage Accident,15:50,05/05/2014,Monday,Y,Daylight,HUNTINGTON,Unknown,SUFFOLK,Straight and Level,Clear,Stop Sign,Dry,Not Applicable,"Other Motor Vehicle, Collision With",2
 Damage Accident,0:00,10/17/2014,Friday,N,Unknown,OGDENSBURG,OTHER,ST. LAWRENCE,Unknown,Unknown,Unknown,Unknown,Not Applicable,"Other*, Non-Collision",1
 Damage & Injury Accident,11:50,01/26/2014,Sunday,Y,Daylight,BUFFALO,RIGHT ANGLE,ERIE,Straight and Level,Clear,None,Snow/Ice,Not Applicable,"Other Motor Vehicle, Collision With",2
 Damage Accident,15:26,09/12/2014,Friday,Y,Daylight,WHITE PLAINS,REAR END,WESTCHESTER,Straight and Level,Clear,Traffic Signal,Dry,Not Applicable,"Other Motor Vehicle, Collision With",2
 Damage Accident,12:50,02/20/2014,Thursday,Y,Daylight,MENANDS,REAR END,ALBANY,Straight and Level,Clear,None,Dry,Not Applicable,"Other Motor Vehicle, Collision With",2
 Damage Accident,17:44,02/24/2014,Monday,Y,Dark-Road Lighted,MINEOLA,OTHER,NASSAU,Straight and Level,Clear,Stop Sign,Dry,Not Applicable,"Other Motor Vehicle, Collision With",3
 Damage Accident,17:31,12/16/2014,Tuesday,Y,Dark-Road Unlighted,POTSDAM,OTHER,ST. LAWRENCE,Straight and Grade,Cloudy,None,Wet,Not Applicable,Deer,1
 Damage Accident,18:15,02/12/2014,Wednesday,Y,Dark-Road Unlighted,CATSKILL,OTHER,GREENE,Straight and Level,Clear,No Passing Zone,Dry,Not Applicable,Deer,1
 Accident,23:50,07/11/2014,Friday,Y,Dark-Road Lighted,NEW YORK,OTHER,NEW YORK,Straight and Level,Clear,None,Dry,Unknown,"Bicyclist, Collision With",1
 Damage Accident,17:34,01/25/2014,Saturday,Y,Dark-Road Unlighted,ORANGEVILLE,OTHER,WYOMING,Straight and Grade,Snow,No Passing Zone,Snow/Ice,Not Applicable,"Ran Off Roadway Only, Non-Collision",1
 Damage Accident,18:32,06/22/2014,Sunday,Y,Daylight,ELMSFORD,OVERTAKING,WESTCHESTER,Curve and Level,Clear,Construction Work Area,Dry,Not Applicable,"Other Motor Vehicle, Collision With",2
 Damage Accident,15:26,01/23/2014,Thursday,N,Unknown,FREEPORT,OVERTAKING,NASSAU,Unknown,Unknown,Unknown,Unknown,Not Applicable,"Other Motor Vehicle, Collision With",2
 Damage & Injury Accident,15:00,04/12/2014,Saturday,Y,Daylight,KORTRIGHT,OTHER,DELAWARE,Curve and Grade,Clear,None,Dry,Not Applicable,"Earth Embankment/Rock Cut/Ditch, Collision With Fixed Object",1
 Damage & Injury Accident,18:20,05/24/2014,Saturday,Y,Daylight,BROOKHAVEN,OTHER,SUFFOLK,Straight and Level,Cloudy,Stop Sign,Dry,Not Applicable,"Other Motor Vehicle, Collision With",4
 Accident,15:33,11/21/2014,Friday,N,Unknown,BROOKHAVEN,Unknown,SUFFOLK,Unknown,Unknown,Unknown,Unknown,Not Applicable,"Other Motor Vehicle, Collision With",2
 Damage Accident,8:24,04/10/2014,Thursday,Y,Daylight,EAST HILLS,REAR END,NASSAU,Straight and Level,Clear,None,Dry,Not Applicable,"Other Motor Vehicle, Collision With",2
 Damage & Injury Accident,2:10,07/10/2014,Thursday,Y,Dark-Road Lighted,KINGS,OTHER,KINGS,Straight and Level,Rain,Traffic Signal,Wet,Not Applicable,"Other Motor Vehicle, Collision With",3
 Damage Accident,17:30,03/14/2014,Friday,N,Unknown,GARDEN CITY,Unknown,NASSAU,Unknown,Unknown,Unknown,Unknown,Not Applicable,"Other Motor Vehicle, Collision With",2
 Damage Accident,22:40,03/28/2014,Friday,Y,Dark-Road Lighted,ISLIP,RIGHT ANGLE,SUFFOLK,Straight and Level,Cloudy,Traffic Signal,Dry,Not Applicable,"Other Motor Vehicle, Collision With",2
 Damage & Injury Accident,23:41,09/19/2014,Friday,Y,Dark-Road Lighted,NIAGARA FALLS,RIGHT ANGLE,NIAGARA,Straight and Level,Clear,Stop Sign,Dry,Not Applicable,"Other Motor Vehicle, Collision With",2
 Damage Accident,7:45,06/09/2014,Monday,N,Dawn,QUEENS,OVERTAKING,QUEENS,Straight and Grade,Rain,Stop Sign,Wet,Not Applicable,"Other Motor Vehicle, Collision With",2
 Damage Accident,17:00,09/17/2014,Wednesday,Y,Daylight,OYSTER BAY,REAR END,NASSAU,Straight and Level,Clear,None,Dry,Not Applicable,"Other Motor Vehicle, Collision With",2
 Damage & Injury Accident,11:59,01/27/2014,Monday,Y,Daylight,MILTON,OTHER,SARATOGA,Curve and Level,Cloudy,None,Snow/Ice,Not Applicable,"Light Support/Utility Pole, Collision With Fixed Object",1
 Damage Accident,15:50,11/24/2014,Monday,Y,Daylight,SLEEPY HOLLOW,RIGHT ANGLE,WESTCHESTER,Straight and Grade,Cloudy,None,Dry,Not Applicable,"Other Motor Vehicle, Collision With",2
 Accident,16:00,01/12/2014,Sunday,N,Daylight,QUEENS,REAR END,QUEENS,Straight and Level,Clear,Traffic Signal,Dry,Not Applicable,"Other Motor Vehicle, Collision With",2
 Accident,13:15,05/17/2014,Saturday,Y,Daylight,NEW YORK,Unknown,NEW YORK,Straight and Level,Clear,None,Dry,Not Applicable,"Other Motor Vehicle, Collision With",2
 Damage Accident,21:43,12/03/2014,Wednesday,Y,Dark-Road Unlighted,CANTON,OTHER,ST. LAWRENCE,Curve and Grade,Cloudy,None,Snow/Ice,Not Applicable,"Light Support/Utility Pole, Collision With Fixed Object",1
 Damage Accident,16:00,01/13/2014,Monday,N,Unknown,,Unknown,ERIE,Unknown,Unknown,Unknown,Unknown,Not Applicable,"Other Motor Vehicle, Collision With",2
 Damage Accident,9:35,01/18/2014,Saturday,Y,Daylight,CLARKSTOWN,RIGHT ANGLE,ROCKLAND,Straight and Grade,Snow,Stop Sign,Snow/Ice,Not Applicable,"Other Motor Vehicle, Collision With",2
 Damage & Injury Accident,23:30,10/10/2014,Friday,Y,Dark-Road Unlighted,MORIAH,OTHER,ESSEX,Straight and Level,Clear,None,Dry,Not in Roadway (Indicate),"Pedestrian, Collision With",1
 Damage Accident,12:40,03/20/2014,Thursday,Y,Daylight,NORTH HEMPSTEAD,RIGHT ANGLE,NASSAU,Straight and Level,Clear,None,Dry,Not Applicable,"Other Motor Vehicle, Collision With",2
 Damage Accident,10:30,09/17/2014,Wednesday,Y,Daylight,BROOKHAVEN,OVERTAKING,SUFFOLK,Straight and Grade,Clear,None,Dry,Not Applicable,"Other Motor Vehicle, Collision With",2
 Damage Accident,9:52,10/16/2014,Thursday,Y,Daylight,ELMSFORD,OVERTAKING,WESTCHESTER,Curve and Grade,Rain,None,Wet,Not Applicable,"Other Motor Vehicle, Collision With",2
 Damage Accident,18:45,12/31/2014,Wednesday,N,Dark-Road Lighted,ROCHESTER,OTHER,MONROE,Straight and Grade,Snow,None,Snow/Ice,Not Applicable,"Tree, Collision With Fixed Object",1
 Damage Accident,13:55,06/14/2014,Saturday,Y,Daylight,BIG FLATS,RIGHT ANGLE,CHEMUNG,Straight and Level,Cloudy,Stop Sign,Dry,Not Applicable,"Other Motor Vehicle, Collision With",2
 Damage Accident,17:25,12/14/2014,Sunday,Y,Dark-Road Unlighted,WILLING,OTHER,ALLEGANY,Straight and Grade,Cloudy,No Passing Zone,Wet,Not Applicable,Deer,1
 Accident,6:10,05/17/2014,Saturday,N,Unknown,QUEENS,Unknown,QUEENS,Unknown,Unknown,Unknown,Unknown,Not Applicable,"Other Motor Vehicle, Collision With",2
 Accident,12:39,10/10/2014,Friday,Y,Daylight,CLARKSTOWN,OTHER,ROCKLAND,Straight and Level,Clear,Traffic Signal,Dry,Other Actions in Roadway,"Pedestrian, Collision With",1
 Damage Accident,0:00,04/16/2014,Wednesday,N,Daylight,CICERO,OTHER,ONONDAGA,Straight and Level,Cloudy,Stop Sign,Snow/Ice,Not Applicable,"Sign Post, Collision With Fixed Object",1
 Damage Accident,10:55,10/09/2014,Thursday,Y,Daylight,COLONIE,OTHER,ALBANY,Straight and Grade,Clear,Traffic Signal,Dry,Not Applicable,"Other Motor Vehicle, Collision With",3
 Damage Accident,22:40,08/24/2014,Sunday,N,Dark-Road Lighted,NEW YORK,OVERTAKING,NEW YORK,Curve and Level,Clear,Traffic Signal,Dry,Not Applicable,"Other Motor Vehicle, Collision With",2
 Damage Accident,11:15,12/03/2014,Wednesday,Y,Daylight,HEMPSTEAD,OVERTAKING,NASSAU,Straight and Level,Rain,None,Wet,Not Applicable,"Other Motor Vehicle, Collision With",2
 Accident,20:00,01/26/2014,Sunday,Y,Dark-Road Lighted,BRONX,OTHER,BRONX,Straight and Level,Clear,Traffic Signal,Dry,"Crossing, With Signal","Pedestrian, Collision With",1
 Damage Accident,2:00,04/13/2014,Sunday,Y,Dark-Road Lighted,KINGS,OTHER,KINGS,Curve and Level,Clear,None,Dry,Not Applicable,"Other Fixed Object*, Collision With Fixed Object",1
 Damage & Injury Accident,1:30,11/22/2014,Saturday,Y,Dark-Road Lighted,KINGS,REAR END,KINGS,Straight and Level,Clear,None,Dry,Not Applicable,"Other Motor Vehicle, Collision With",2
 Damage Accident,0:00,09/27/2014,Saturday,N,Dusk,SYRACUSE,Unknown,ONONDAGA,Straight and Level,Clear,Unknown,Dry,Not Applicable,"Other Motor Vehicle, Collision With",2
 Damage & Injury Accident,18:00,12/19/2014,Friday,Y,Dark-Road Lighted,VICTOR,OTHER,ONTARIO,Straight and Grade,Cloudy,None,Wet,Not Applicable,"Other Motor Vehicle, Collision With",3