 Descriptor,Time,Date,Day of Week,Police Report,Lighting Conditions,Municipality,Collision Type Descriptor,County Name,Road Descriptor,Weather Conditions,Traffic Control Device,Road Surface Conditions,Pedestrian Bicyclist Action,Event Descriptor,Number of Vehicles Involved
 Accident,1:20,11/16/2014,Sunday,Y,Dark-Road Lighted,QUEENS,REAR END,QUEENS,Straight and Level,Clear,None,Dry,Not Applicable,"Other Motor Vehicle, Collision With",2
 Accident,7:45,03/06/2014,Thursday,Y,Daylight,QUEENS,Unknown,QUEENS,Straight and Level,Clear,Traffic Signal,Dry,Not Applicable,"Other Motor Vehicle, Collision With",2
 Accident,11:40,07/29/2014,Tuesday,Y,Daylight,BROOKHAVEN,REAR END,SUFFOLK,Straight and Level,Clear,Traffic Signal,Dry,Not Applicable,"Other Motor Vehicle, Collision With",2
 Damage Accident,17:13,01/16/2014,Thursday,Y,Dusk,MANLIUS,REAR END,ONONDAGA,Straight and Level,Clear,None,Dry,Not Applicable,"Other Motor Vehicle, Collision With",2
 Damage Accident,12:30,07/18/2014,Friday,N,Daylight,KINGS,REAR END,KINGS,Straight and Level,Clear,Traffic Signal,Dry,Not Applicable,"Other Motor Vehicle, Collision With",2
 Damage Accident,13:42,01/07/2014,Tuesday,Y,Daylight,ROCHESTER,REAR END,MONROE,Straight and Level,Cloudy,None,Snow/Ice,Not Applicable,"Other Motor Vehicle, Collision With",2
 Damage Accident,21:36,04/18/2014,Friday,Y,Dark-Road Lighted,FAIRPORT,LEFT TURN (3),MONROE,Straight and Level,Clear,Traffic Signal,Dry,Not Applicable,"Other Motor Vehicle, Collision With",2
 Damage Accident,0:10,10/12/2014,Sunday,N,Unknown,TUPPER LAKE,OTHER,FRANKLIN,Unknown,Unknown,Unknown,Unknown,Not Applicable,Deer,1
 Damage & Injury Accident,19:33,07/12/2014,Saturday,Y,Daylight,BATH,OTHER,STEUBEN,Straight and Level,Cloudy,None,Dry,Not Applicable,"Guide Rail - End, Collision With Fixed Object",1
 Damage & Injury Accident,1:15,08/24/2014,Sunday,Y,Dark-Road Lighted,WEST HAVERSTRAW,HEAD ON,ROCKLAND,Straight and Grade,Cloudy,Traffic Signal,Dry,Not Applicable,"Other Motor Vehicle, Collision With",2
 Damage Accident,15:49,03/07/2014,Friday,Y,Daylight,JAMESTOWN,RIGHT ANGLE,CHAUTAUQUA,Straight and Grade,Clear,None,Dry,Not Applicable,"Other Motor Vehicle, Collision With",2
 Damage Accident,0:29,12/25/2014,Thursday,Y,Dark-Road Lighted,IRONDEQUOIT,OTHER,MONROE,Straight and Grade,Rain,None,Wet,Not Applicable,"Other Motor Vehicle, Collision With",3
 Accident,14:40,03/12/2014,Wednesday,Y,Daylight,BRONX,OTHER,BRONX,Straight and Level,Cloudy,Traffic Signal,Dry,"Crossing, With Signal","Pedestrian, Collision With",1
 Damage Accident,17:33,11/07/2014,Friday,Y,Dark-Road Lighted,SOUTH NYACK,REAR END,ROCKLAND,Straight and Level,Cloudy,None,Dry,Not Applicable,"Other Motor Vehicle, Collision With",2
 Accident,22:50,05/14/2014,Wednesday,Y,Dark-Road Lighted,QUEENS,OTHER,QUEENS,Straight and Level,Clear,Stop Sign,Dry,Riding/Walking/Skating Along Highway With Traffic,"Bicyclist, Collision With",1
 Damage Accident,18:19,10/30/2014,Thursday,Y,Dark-Road Unlighted,HEBRON,OTHER,WASHINGTON,Curve and Grade,Clear,None,Wet,Not Applicable,"Earth Embankment/Rock Cut/Ditch, Collision With Fixed Object",1
 Damage Accident,9:59,01/11/2014,Saturday,Y,Daylight,WOODSTOCK,REAR END,ULSTER,Straight and Level,Rain,None,Wet,Not Applicable,"Other Motor Vehicle, Collision With",2
 Damage Accident,16:40,08/27/2014,Wednesday,N,Daylight,QUEENS,REAR END,QUEENS,Straight and Level,Clear,None,Dry,Not Applicable,"Other Motor Vehicle, Collision With",2
 Damage & Injury Accident,18:22,03/11/2014,Tuesday,Y,Dusk,BROOKVILLE,SIDESWIPE,NASSAU,Curve and Level,Clear,None,Dry,Not Applicable,"Other Motor Vehicle, Collision With",2
 Damage Accident,23:13,06/06/2014,Friday,Y,Dark-Road Lighted,ISLIP,OTHER,SUFFOLK,Straight and Level,Clear,None,Dry,Not Applicable,"Tree, Collision With Fixed Object",1
 Damage Accident,4:22,03/23/2014,Sunday,Y,Dark-Road Unlighted,GERRY,OTHER,CHAUTAUQUA,Curve and Grade,Cloudy,None,Snow/Ice,Not Applicable,"Tree, Collision With Fixed Object",1
 Accident,16:00,05/31/2014,Saturday,N,Daylight,CARMEL,OTHER,PUTNAM,Curve and Level,Clear,None,Dry,Not Applicable,"Other*, Non-Collision",1
 Damage & Injury Accident,12:24,08/08/2014,Friday,Y,Daylight,CATT.,HEAD ON,ERIE,Straight and Grade,Clear,None,Dry,Not Applicable,"Other Motor Vehicle, Collision With",2
 Damage & Injury Accident,22:35,04/13/2014,Sunday,Y,Dark-Road Lighted,NEW YORK,REAR END,NEW YORK,Straight and Level,Clear,None,Dry,Not Applicable,"Other Motor Vehicle, Collision With",2
 Damage Accident,22:20,06/26/2014,Thursday,Y,Dark-Road Unlighted,SALINA,RIGHT ANGLE,ONONDAGA,Straight and Level,Clear,None,Dry,Not Applicable,"Other Motor Vehicle, Collision With",2
 Accident,19:00,08/28/2014,Thursday,N,Daylight,NEW YORK,Unknown,NEW YORK,Straight and Level,Clear,Traffic Signal,Dry,Not Applicable,"Other Motor Vehicle, Collision With",2
 Damage Accident,18:00,10/23/2014,Thursday,Y,Dusk,ORANGETOWN,OVERTAKING,ROCKLAND,Straight and Level,Cloudy,None,Dry,Not Applicable,"Other Motor Vehicle, Collision With",2
 Damage Accident,11:05,01/03/2014,Friday,Y,Daylight,SOUTH GLENS FALLS,REAR END,SARATOGA,Straight and Level,Clear,None,Snow/Ice,Not Applicable,"Other Motor Vehicle, Collision With",2
 Damage Accident,11:34,01/19/2014,Sunday,Y,Daylight,MARBLETOWN,Unknown,ULSTER,Straight and Level,Clear,None,Snow/Ice,Not Applicable,"Other Motor Vehicle, Collision With",2
 Accident,0:00,11/17/2014,Monday,N,Unknown,KINGS,Unknown,KINGS,Unknown,Unknown,Unknown,Unknown,Not Applicable,"Other Motor Vehicle, Collision With",2
 Damage Accident,0:00,01/30/2014,Thursday,N,Dark-Road Unlighted,MARYLAND,OTHER,OTSEGO,Straight and Level,Clear,None,Dry,Not Applicable,"Animal, Collision With",1
 Damage Accident,22:30,03/01/2014,Saturday,Y,Dark-Road Lighted,EAST HILLS,RIGHT ANGLE,NASSAU,Straight and Level,Cloudy,Other,Dry,Not Applicable,"Other Motor Vehicle, Collision With",2
 Accident,18:11,06/12/2014,Thursday,Y,Daylight,BUFFALO,RIGHT ANGLE,ERIE,Straight and Grade,Rain,Stop Sign,Wet,Not Applicable,"Other Motor Vehicle, Collision With",2
 Accident,20:13,09/27/2014,Saturday,Y,Dark-Road Lighted,TUCKAHOE,OVERTAKING,WESTCHESTER,Straight and Level,Clear,None,Dry,Not Applicable,"Other Motor Vehicle, Collision With",2
 Damage Accident,22:01,08/26/2014,Tuesday,Y,Dark-Road Lighted,HEMPSTEAD,REAR END,NASSAU,Straight and Level,Clear,None,Dry,Not Applicable,"Other Motor Vehicle, Collision With",2
 Accident,20:00,08/28/2014,Thursday,N,Unknown,NEW YORK,Unknown,NEW YORK,Unknown,Unknown,Unknown,Unknown,Not Applicable,"Other Motor Vehicle, Collision With",2
 Damage & Injury Accident,17:04,08/14/2014,Thursday,Y,Daylight,FABIUS,RIGHT ANGLE,ONONDAGA,Straight and Level,Clear,Stop Sign,Dry,Not Applicable,"Other Motor Vehicle, Collision With",2
 Damage Accident,0:38,03/09/2014,Sunday,Y,Dark-Road Unlighted,SAVANNAH,OTHER,WAYNE,Straight and Level,Cloudy,None,Wet,Not Applicable,Deer,1
 Damage Accident,10:40,03/12/2014,Wednesday,Y,Daylight,SKANEATELES,OTHER,ONONDAGA,Straight and Grade,Snow,None,Snow/Ice,Not Applicable,"Sign Post, Collision With Fixed Object",1
 Damage & Injury Accident,16:48,03/20/2014,Thursday,Y,Daylight,ROCHESTER,OTHER,MONROE,Straight and Level,Snow,None,Wet,Not Applicable,"Other Motor Vehicle, Collision With",3
 Damage Accident,14:00,01/02/2014,Thursday,Y,Daylight,PLATTSBURG,Unknown,CLINTON,Straight and Level,Snow,None,Snow/Ice,Not Applicable,"Other Motor Vehicle, Collision With",2
 Accident,14:27,05/21/2014,Wednesday,N,Unknown,RICHMOND,OTHER,RICHMOND,Unknown,Unknown,Unknown,Unknown,Not Applicable,"Other Motor Vehicle, Collision With",3
 Damage & Injury Accident,8:54,08/29/2014,Friday,Y,Daylight,OYSTER BAY,REAR END,NASSAU,Straight and Level,Clear,Traffic Signal,Dry,Not Applicable,"Other Motor Vehicle, Collision With",2
 Accident,14:40,10/03/2014,Friday,Y,Daylight,NEW YORK,REAR END,NEW YORK,Straight and Level,Clear,Traffic Signal,Dry,Not Applicable,Unknown,2
 Damage Accident,15:30,09/20/2014,Saturday,N,Daylight,KINGS,OVERTAKING,KINGS,Straight and Level,Clear,Traffic Signal,Dry,Not Applicable,"Other Motor Vehicle, Collision With",2
 Damage & Injury Accident,17:20,08/05/2014,Tuesday,Y,Daylight,BUFFALO,RIGHT ANGLE,ERIE,Straight and Level,Cloudy,Stop Sign,Dry,Not Applicable,"Other Motor Vehicle, Collision With",2
 Accident,12:53,04/01/2014,Tuesday,Y,Daylight,PAMELIA,RIGHT ANGLE,JEFFERSON,Straight and Level,Clear,No Passing Zone,Dry,Not Applicable,"Other Motor Vehicle, Collision With",2
 Damage Accident,18:25,10/22/2014,Wednesday,Y,Daylight,LYNBROOK,OVERTAKING,NASSAU,Straight and Level,Rain,None,Wet,Not Applicable,"Other Motor Vehicle, Collision With",2
 Damage Accident,8:00,01/15/2014,Wednesday,Y,Daylight,BROOKHAVEN,OTHER,SUFFOLK,Straight and Grade,Fog/Smog/Smoke,None,Snow/Ice,Not Applicable,"Ran Off Roadway Only, Non-Collision",1
 Damage Accident,23:23,04/23/2014,Wednesday,Y,Dark-Road Unlighted,NUNDA,OTHER,LIVINGSTON,Straight and Level,Clear,None,Dry,Not Applicable,Deer,1
 Damage Accident,15:52,04/09/2014,Wednesday,Y,Daylight,BABYLON,OVERTAKING,SUFFOLK,Straight and Level,Clear,Traffic Signal,Dry,Not Applicable,"Other Motor Vehicle, Collision With",2
 Damage Accident,13:30,01/30/2014,Thursday,Y,Daylight,LAKE SUCCESS,HEAD ON,NASSAU,Straight and Level,Clear,None,Dry,Not Applicable,"Other Motor Vehicle, Collision With",2
 Accident,23:45,06/21/2014,Saturday,Y,Dark-Road Lighted,BRONX,OTHER,BRONX,Straight and Level,Clear,None,Dry,Not Applicable,"Light Support/Utility Pole, Collision With Fixed Object",1
 Damage Accident,20:00,02/08/2014,Saturday,Y,Dark-Road Lighted,ISLIP,REAR END,SUFFOLK,Straight and Level,Clear,Traffic Signal,Dry,Not Applicable,"Other Motor Vehicle, Collision With",2
 Damage Accident,9:00,01/18/2014,Saturday,N,Daylight,BUFFALO,OTHER,ERIE,Curve and Level,Snow,None,Snow/Ice,Not Applicable,"Guide Rail - Not At End, Collision With Fixed Object",1
 Accident,21:42,07/19/2014,Saturday,Y,Dark-Road Lighted,GREECE,REAR END,MONROE,Straight and Level,Rain,Traffic Signal,Wet,Not Applicable,"Other Motor Vehicle, Collision With",2
 Damage & Injury Accident,22:23,04/21/2014,Monday,Y,Dark-Road Lighted,UTICA,OTHER,ONEIDA,Straight and Grade,Clear,None,Dry,Not Applicable,"Light Support/Utility Pole, Collision With Fixed Object",1
 Damage Accident,13:43,10/31/2014,Friday,Y,Daylight,QUEENS,OVERTAKING,QUEENS,Straight and Level,Clear,Traffic Signal,Dry,Not Applicable,"Other Motor Vehicle, Collision With",2
 Damage Accident,9:04,08/17/2014,Sunday,Y,Daylight,LANCASTER,REAR END,ERIE,Straight and Level,Clear,None,Dry,Not Applicable,"Other Motor Vehicle, Collision With",2
 Accident,16:15,08/14/2014,Thursday,Y,Daylight,NIAGARA FALLS,OTHER,NIAGARA,Straight and Level,Cloudy,None,Dry,"Crossing, No Signal or Crosswalk","Pedestrian, Collision With",1
 Damage Accident,17:40,11/04/2014,Tuesday,Y,Dusk,CAIRO,OTHER,GREENE,Straight and Level,Clear,None,Dry,Not Applicable,"Animal, Collision With",1
 Damage Accident,18:07,01/30/2014,Thursday,Y,Dark-Road Lighted,NORTH GREENBUSH,LEFT TURN (0),RENSSELAER,Straight and Level,Clear,Stop Sign,Dry,Not Applicable,"Other Motor Vehicle, Collision With",2
 Damage Accident,22:30,11/01/2014,Saturday,N,Dark-Road Unlighted,ODESSA,OTHER,SCHUYLER,Straight and Grade,Rain,Unknown,Wet,Not Applicable,Deer,1
 Damage Accident,14:42,01/04/2014,Saturday,Y,Daylight,KENT,OTHER,PUTNAM,Curve and Grade,Clear,No Passing Zone,Snow/Ice,Not Applicable,"Snow Embankment, Collision With Fixed Object",1
 Damage Accident,20:27,08/03/2014,Sunday,Y,Dusk,AUBURN,OTHER,CAYUGA,Straight and Level,Rain,None,Wet,Not Applicable,Deer,1
 Accident,12:50,10/17/2014,Friday,Y,Daylight,NEW YORK,OTHER,NEW YORK,Straight and Level,Clear,Traffic Signal,Dry,"Crossing, With Signal","Pedestrian, Collision With",1
 Damage & Injury Accident,0:10,12/07/2014,Sunday,Y,Dark-Road Lighted,HEMPSTEAD,OTHER,NASSAU,Straight and Level,Sleet/Hail/Freezing Rain,None,Wet,Not Applicable,"Light Support/Utility Pole, Collision With Fixed Object",1
 Damage Accident,16:19,03/24/2014,Monday,Y,Daylight,COLONIE,REAR END,ALBANY,Straight and Level,Clear,None,Dry,Not Applicable,"Other Motor Vehicle, Collision With",2
 Damage Accident,19:00,01/29/2014,Wednesday,Y,Dark-Road Unlighted,AMHERST,OTHER,ERIE,Straight and Level,Snow,None,Snow/Ice,Not Applicable,"Other Motor Vehicle, Collision With",3
 Damage Accident,20:45,04/09/2014,Wednesday,Y,Dark-Road Unlighted,HORSEHEADS,OTHER,CHEMUNG,Straight and Level,Clear,None,Dry,Not Applicable,Deer,1
 Damage Accident,10:30,01/27/2014,Monday,N,Daylight,PORT DICKINSON,OVERTAKING,BROOME,Straight and Level,Snow,None,Snow/Ice,Not Applicable,"Other Motor Vehicle, Collision With",2
 Damage Accident,22:06,12/03/2014,Wednesday,Y,Dark-Road Lighted,OYSTER BAY,LEFT TURN (3),NASSAU,Straight at Hill Crest,Clear,Traffic Signal,Dry,Not Applicable,"Other Motor Vehicle, Collision With",2
 Damage & Injury Accident,16:07,05/26/2014,Monday,Y,Daylight,CONCORD,RIGHT ANGLE,ERIE,Straight and Level,Clear,Stop Sign,Dry,Not Applicable,"Other Motor Vehicle, Collision With",2
 Damage Accident,13:30,06/23/2014,Monday,N,Unknown,TUSTEN,RIGHT ANGLE,SULLIVAN,Straight at Hill Crest,Clear,Traffic Signal,Dry,Not Applicable,"Other Motor Vehicle, Collision With",2
 Damage Accident,8:15,03/04/2014,Tuesday,Y,Daylight,TRENTON,OTHER,ONEIDA,Straight and Grade,Cloudy,None,Dry,Not Applicable,"Other*, Non-Collision",1
 Damage Accident,0:15,12/22/2014,Monday,Y,Dark-Road Lighted,NORTH HEMPSTEAD,OTHER,NASSAU,Straight and Level,Cloudy,None,Dry,Not Applicable,"Tree, Collision With Fixed Object",1
 Damage Accident,17:40,06/22/2014,Sunday,Y,Daylight,BRONX,OVERTAKING,BRONX,Straight and Grade,Clear,None,Dry,Not Applicable,"Other Motor Vehicle, Collision With",2
 Damage & Injury Accident,9:15,08/13/2014,Wednesday,Y,Daylight,HEMPSTEAD,RIGHT ANGLE,NASSAU,Straight and Level,Rain,Traffic Signal,Wet,Not Applicable,"Other Motor Vehicle, Collision With",2
 Damage Accident,12:30,01/31/2014,Friday,Y,Daylight,QUEENS,Unknown,QUEENS,Straight and Level,Clear,None,Dry,Not Applicable,"Other Motor Vehicle, Collision With",2
 Damage Accident,5:15,01/31/2014,Friday,Y,Dark-Road Unlighted,VERNON,OTHER,ONEIDA,Straight and Grade,Cloudy,No Passing Zone,Dry,Not Applicable,Deer,1
 Accident,17:20,07/15/2014,Tuesday,Y,Daylight,QUEENS,OTHER,QUEENS,Curve and Grade,Cloudy,None,Wet,Not Applicable,"Light Support/Utility Pole, Collision With Fixed Object",1
 Damage Accident,6:54,06/19/2014,Thursday,Y,Daylight,HORSEHEADS,RIGHT ANGLE,CHEMUNG,Straight and Level,Cloudy,Traffic Signal,Dry,Not Applicable,"Other Motor Vehicle, Collision With",2
 Damage Accident,20:20,04/02/2014,Wednesday,Y,Dark-Road Unlighted,WESTMORELAND,OTHER,ONEIDA,Straight and Level,Clear,None,Dry,Not Applicable,Deer,1
 Damage Accident,17:45,11/06/2014,Thursday,N,Dark-Road Unlighted,MARION,OTHER,WAYNE,Straight and Level,Clear,None,Dry,Not Applicable,Deer,1
 Damage Accident,15:15,11/10/2014,Monday,N,Daylight,HEMPSTEAD,Unknown,NASSAU,Straight and Level,Clear,School Zone,Dry,Not Applicable,"Other Motor Vehicle, Collision With",2
 Damage Accident,8:21,04/29/2014,Tuesday,Y,Daylight,CHESTNUT RIDGE,OTHER,ROCKLAND,Straight and Level,Cloudy,Stop Sign,Dry,Not Applicable,"Other Motor Vehicle, Collision With",2
 Damage Accident,20:56,05/21/2014,Wednesday,Y,Dark-Road Unlighted,KEENE,OTHER,ESSEX,Curve and Grade,Cloudy,No Passing Zone,Dry,Not Applicable,Deer,1
 Damage & Injury Accident,17:20,08/08/2014,Friday,Y,Daylight,PEEKSKILL,REAR END,WESTCHESTER,Straight and Grade,Clear,None,Dry,Not Applicable,"Other Motor Vehicle, Collision With",2
 Damage Accident,16:39,12/11/2014,Thursday,Y,Dark-Road Lighted,LACKAWANNA,OTHER,ERIE,Straight and Level,Snow,None,Snow/Ice,Not Applicable,"Fire Hydrant, Collision With Fixed Object",1
 Damage Accident,6:30,07/08/2014,Tuesday,Y,Daylight,HOLLAND,OTHER,ERIE,Straight and Grade,Cloudy,None,Wet,Not Applicable,"Other*, Non-Collision",1
 Damage Accident,3:20,10/30/2014,Thursday,Y,Dark-Road Unlighted,EATON,OTHER,MADISON,Curve and Level,Cloudy,None,Dry,Not Applicable,"Sign Post, Collision With Fixed Object",1
 Damage Accident,15:12,03/24/2014,Monday,Y,Daylight,AMHERST,OTHER,ERIE,Straight and Level,Cloudy,None,Dry,Not Applicable,"Building/Wall, Collision With Fixed Object",1
 Damage & Injury Accident,15:13,10/06/2014,Monday,Y,Daylight,CLINTON,LEFT TURN (0),DUTCHESS,Straight and Level,Clear,None,Dry,Not Applicable,"Other Motor Vehicle, Collision With",2
 Damage Accident,15:59,09/18/2014,Thursday,Y,Daylight,AMHERST,OTHER,ERIE,Straight and Level,Cloudy,None,Dry,Not Applicable,"Building/Wall, Collision With Fixed Object",1
 Damage Accident,23:10,05/21/2014,Wednesday,Y,Dark-Road Lighted,NORTH HEMPSTEAD,HEAD ON,NASSAU,Straight and Level,Cloudy,None,Dry,Not Applicable,"Other Motor Vehicle, Collision With",2
 Damage & Injury Accident,16:12,05/31/2014,Saturday,Y,Daylight,BROOKHAVEN,OTHER,SUFFOLK,Straight and Level,Clear,None,Dry,Not Applicable,"Light Support/Utility Pole, Collision With Fixed Object",1
 Accident,23:55,04/19/2014,Saturday,Y,Dark-Road Unlighted,BRONX,OTHER,BRONX,Straight and Level,Clear,None,Dry,Other Actions in Roadway,"Pedestrian, Collision With",1
 Damage Accident,19:13,12/10/2014,Wednesday,Y,Dark-Road Unlighted,DEERPARK,OVERTAKING,ORANGE,Straight and Grade,Snow,None,Wet,Not Applicable,"Other Motor Vehicle, Collision With",2
 Damage & Injury Accident,16:07,06/08/2014,Sunday,Y,Daylight,SYRACUSE,OVERTAKING,ONONDAGA,Straight and Level,Cloudy,None,Dry,Not Applicable,"Other Motor Vehicle, Collision With",2
 Accident,17:00,04/15/2014,Tuesday,Y,Daylight,QUEENS,REAR END,QUEENS,Straight and Level,Rain,No Passing Zone,Wet,Not Applicable,"Other Motor Vehicle, Collision With",2
 Damage Accident,16:45,10/23/2014,Thursday,Y,Daylight,BUFFALO,Unknown,ERIE,Straight and Level,Clear,None,Dry,Not Applicable,"Other Motor Vehicle, Collision With",2
 Damage Accident,8:45,04/07/2014,Monday,Y,Daylight,HEMPSTEAD,REAR END,NASSAU,Curve and Level,Clear,None,Dry,Not Applicable,"Other Motor Vehicle, Collision With",2
 Damage Accident,22:37,03/30/2014,Sunday,Y,Dark-Road Unlighted,AURELIUS,OTHER,CAYUGA,Straight and Level,Cloudy,None,Dry,Not Applicable,Deer,1
 Damage Accident,8:20,09/30/2014,Tuesday,Y,Dawn,OYSTER BAY,OVERTAKING,NASSAU,Straight and Level,Cloudy,None,Dry,Not Applicable,"Other Motor Vehicle, Collision With",2
 Accident,12:25,02/12/2014,Wednesday,Y,Daylight,NEW YORK,OTHER,NEW YORK,Straight and Level,Clear,Traffic Signal,Dry,"Crossing, With Signal","Pedestrian, Collision With",1
 Damage Accident,9:30,10/12/2014,Sunday,N,Daylight,GENESEO,REAR END,LIVINGSTON,Straight and Level,Cloudy,Traffic Signal,Dry,Not Applicable,"Other Motor Vehicle, Collision With",2
 Damage Accident,10:30,03/12/2014,Wednesday,Y,Daylight,NORTH COLLINS,OTHER,ERIE,Curve and Grade,Sleet/Hail/Freezing Rain,None,Snow/Ice,Not Applicable,"Sign Post, Collision With Fixed Object",1
 Accident,19:40,07/22/2014,Tuesday,Y,Daylight,NEW YORK,REAR END,NEW YORK,Straight and Level,Clear,None,Dry,Not Applicable,"Other Motor Vehicle, Collision With",2
 Damage Accident,18:39,10/20/2014,Monday,Y,Dark-Road Unlighted,CUYLER,OTHER,CORTLAND,Straight and Level,Cloudy,None,Dry,Not Applicable,Deer,1
 Damage Accident,6:30,07/11/2014,Friday,Y,Daylight,HEMPSTEAD,OVERTAKING,NASSAU,Straight and Level,Cloudy,None,Dry,Not Applicable,"Other Motor Vehicle, Collision With",2
 Accident,13:18,08/03/2014,Sunday,Y,Daylight,WEBSTER,REAR END,MONROE,Straight and Level,Clear,Yield Sign,Dry,Not Applicable,"Other Motor Vehicle, Collision With",2
 Damage Accident,7:30,04/21/2014,Monday,Y,Dawn,LYSANDER,RIGHT ANGLE,ONONDAGA,Straight and Level,Clear,Traffic Signal,Dry,Not Applicable,"Other Motor Vehicle, Collision With",2
 Damage Accident,8:30,07/25/2014,Friday,Y,Daylight,ITHACA,OTHER,TOMPKINS,Straight and Grade,Cloudy,None,Dry,Not Applicable,"Other Motor Vehicle, Collision With",2
 Accident,18:45,01/11/2014,Saturday,N,Dark-Road Lighted,KINGS,OTHER,KINGS,Straight and Level,Rain,Traffic Signal,Wet,"Crossing, With Signal","Pedestrian, Collision With",1
 Damage Accident,9:14,11/18/2014,Tuesday,Y,Daylight,ROCHESTER,SIDESWIPE,MONROE,Straight and Level,Clear,Stop Sign,Snow/Ice,Not Applicable,"Other Motor Vehicle, Collision With",2
 Accident,22:37,10/24/2014,Friday,Y,Dark-Road Unlighted,WALLKILL,OTHER,ORANGE,Straight and Level,Clear,None,Dry,Not Applicable,Deer,1
 Accident,5:50,02/20/2014,Thursday,Y,Dark-Road Lighted,BRONX,OTHER,BRONX,Curve and Grade,Clear,None,Snow/Ice,Not Applicable,"Curbing, Collision With Fixed Object",1
 Damage & Injury Accident,18:46,03/14/2014,Friday,Y,Dusk,WALLKILL,LEFT TURN (0),ORANGE,Straight and Grade,Clear,None,Dry,Not Applicable,"Other Motor Vehicle, Collision With",2
 Accident,13:20,03/27/2014,Thursday,Y,Daylight,OYSTER BAY,REAR END,NASSAU,Straight and Level,Clear,Traffic Signal,Dry,Not Applicable,"Other Motor Vehicle, Collision With",2
 Damage Accident,17:10,10/10/2014,Friday,Y,Dark-Road Lighted,OLEAN,LEFT TURN (0),CATTARAUGUS,Straight and Level,Clear,Traffic Signal,Dry,Not Applicable,"Other Motor Vehicle, Collision With",2
 Damage Accident,9:00,02/13/2014,Thursday,Y,Daylight,BABYLON,OVERTAKING,SUFFOLK,Straight and Level,Snow,None,Snow/Ice,Not Applicable,"Other Motor Vehicle, Collision With",2
 Damage & Injury Accident,22:43,04/03/2014,Thursday,Y,Dark-Road Lighted,,OTHER,SUFFOLK,Straight and Level,Cloudy,None,Dry,Not Applicable,"Fire Hydrant, Collision With Fixed Object",1
 Damage Accident,13:27,01/04/2014,Saturday,Y,Daylight,EVANS,RIGHT ANGLE,ERIE,Straight and Grade,Clear,Stop Sign,Wet,Not Applicable,"Other Motor Vehicle, Collision With",2
 Damage & Injury Accident,8:00,03/06/2014,Thursday,Y,Daylight,HAMBURG,RIGHT ANGLE,ERIE,Straight and Level,Clear,Stop Sign,Dry,Not Applicable,"Other Motor Vehicle, Collision With",2
 Damage Accident,9:30,08/25/2014,Monday,N,Daylight,MAMARONECK,Unknown,WESTCHESTER,Straight and Level,Clear,None,Dry,Not Applicable,"Other Motor Vehicle, Collision With",2
 Accident,7:40,03/24/2014,Monday,Y,Daylight,BRONX,OVERTAKING,BRONX,Straight and Level,Clear,None,Dry,Not Applicable,"Other Motor Vehicle, Collision With",2
 Damage & Injury Accident,8:55,11/29/2014,Saturday,Y,Daylight,DEERPARK,HEAD ON,ORANGE,Curve and Grade,Cloudy,None,Dry,Not Applicable,"Other Motor Vehicle, Collision With",2
 Damage Accident,18:45,08/16/2014,Saturday,Y,Daylight,MINEOLA,OTHER,NASSAU,Straight and Level,Cloudy,None,Dry,Not Applicable,"Other Motor Vehicle, Collision With",3
 Accident,2:10,04/26/2014,Saturday,N,Dark-Road Lighted,KINGS,RIGHT ANGLE,KINGS,Straight and Level,Rain,Stop Sign,Wet,Not Applicable,"Other Motor Vehicle, Collision With",2
 Damage Accident,8:00,07/10/2014,Thursday,N,Unknown,RICHMOND,OVERTAKING,RICHMOND,Unknown,Unknown,Unknown,Unknown,Not Applicable,"Other Motor Vehicle, Collision With",2
 Damage Accident,17:50,01/31/2014,Friday,Y,Dark-Road Unlighted,ANNSVILLE,OTHER,ONEIDA,Straight and Level,Cloudy,None,Dry,Not Applicable,Deer,1
 Damage & Injury Accident,17:26,08/25/2014,Monday,Y,Daylight,LISBON,REAR END,ST. LAWRENCE,Straight and Level,Clear,None,Dry,Not Applicable,"Other Motor Vehicle, Collision With",2
 Damage Accident,12:36,03/03/2014,Monday,N,Daylight,UTICA,OTHER,ONEIDA,Straight and Level,Cloudy,Unknown,Wet,Not Applicable,"Fire/Explosion, Non-Collision",1
 Damage Accident,21:52,05/24/2014,Saturday,Y,Dark-Road Unlighted,WESTVILLE,OTHER,FRANKLIN,Straight and Level,Cloudy,None,Wet,Not Applicable,"Earth Embankment/Rock Cut/Ditch, Collision With Fixed Object",1
 Damage Accident,11:29,04/05/2014,Saturday,Y,Daylight,FISHKILL,REAR END,DUTCHESS,Straight and Level,Clear,None,Dry,Not Applicable,"Other Motor Vehicle, Collision With",2
 Damage Accident,17:29,11/06/2014,Thursday,Y,Dark-Road Unlighted,LOCKPORT,OTHER,NIAGARA,Straight and Level,Cloudy,None,Dry,Not Applicable,Deer,1
 Damage Accident,13:14,05/31/2014,Saturday,Y,Daylight,GREECE,HEAD ON,MONROE,Straight and Level,Clear,None,Dry,Not Applicable,"Other Motor Vehicle, Collision With",2
 Damage Accident,18:10,09/27/2014,Saturday,Y,Daylight,EAST HILLS,REAR END,NASSAU,Straight and Level,Clear,None,Dry,Not Applicable,"Other Motor Vehicle, Collision With",2