 Descriptor,Time,Date,Day of Week,Police Report,Lighting Conditions,Municipality,Collision Type Descriptor,County Name,Road Descriptor,Weather Conditions,Traffic Control Device,Road Surface Conditions,Pedestrian Bicyclist Action,Event Descriptor,Number of Vehicles Involved
 Damage Accident,21:31,09/20/2014,Saturday,Y,Dark-Road Unlighted,INDEPENDENCE,OTHER,ALLEGANY,Curve and Level,Cloudy,None,Dry,Not Applicable,"Earth Embankment/Rock Cut/Ditch, Collision With Fixed Object",1
 Damage Accident,19:20,11/01/2014,Saturday,Y,Dark-Road Unlighted,DEERPARK,OVERTAKING,ORANGE,Straight and Level,Cloudy,Construction Work Area,Dry,Not Applicable,"Other Motor Vehicle, Collision With",2
 Accident,16:50,09/26/2014,Friday,Y,Daylight,BABYLON,OTHER,SUFFOLK,Straight and Level,Clear,None,Dry,Other Actions in Roadway,Other Pedestrian,1
 Damage Accident,8:10,04/22/2014,Tuesday,Y,Daylight,HEMPSTEAD,RIGHT TURN (5),NASSAU,Straight and Level,Clear,None,Dry,Not Applicable,"Other Motor Vehicle, Collision With",2
 Accident,14:05,08/04/2014,Monday,Y,Daylight,CLAVERACK,OTHER,COLUMBIA,Straight and Grade,Cloudy,None,Dry,Not Applicable,"Earth Embankment/Rock Cut/Ditch, Collision With Fixed Object",1
 Damage Accident,0:00,05/02/2014,Friday,N,Unknown,RICHMOND,OVERTAKING,RICHMOND,Unknown,Unknown,Unknown,Unknown,Not Applicable,"Other Motor Vehicle, Collision With",2
 Damage Accident,18:15,01/22/2014,Wednesday,N,Dark-Road Unlighted,KENMORE,Unknown,ERIE,Straight and Level,Clear,None,Snow/Ice,Not Applicable,"Other Motor Vehicle, Collision With",2
 Accident,11:00,01/31/2014,Friday,Y,Daylight,KINGS,OTHER,KINGS,Straight and Level,Clear,None,Dry,"Crossing, No Signal or Crosswalk","Pedestrian, Collision With",1
 Damage Accident,15:27,08/29/2014,Friday,Y,Daylight,BARKER,REAR END,BROOME,Straight and Level,Clear,None,Dry,Not Applicable,"Other Motor Vehicle, Collision With",2
 Damage Accident,14:00,04/07/2014,Monday,N,Daylight,KINGS,OVERTAKING,KINGS,Straight and Level,Clear,None,Dry,Not Applicable,"Other Motor Vehicle, Collision With",2
 Accident,2:35,04/27/2014,Sunday,Y,Dark-Road Lighted,SPRING VALLEY,OTHER,ROCKLAND,Straight and Level,Clear,None,Dry,"Crossing, No Signal or Crosswalk","Pedestrian, Collision With",1
 Damage & Injury Accident,5:44,10/26/2014,Sunday,Y,Dark-Road Lighted,HASTINGS ON HUDSON,OTHER,WESTCHESTER,Curve and Grade,Clear,Traffic Signal,Dry,Not Applicable,"Tree, Collision With Fixed Object",1
 Damage Accident,19:42,03/14/2014,Friday,Y,Dark-Road Lighted,PEEKSKILL,RIGHT ANGLE,WESTCHESTER,Straight and Level,Clear,Stop Sign,Dry,Not Applicable,"Other Motor Vehicle, Collision With",2
 Damage & Injury Accident,11:30,09/16/2014,Tuesday,Y,Daylight,HEMPSTEAD,OVERTAKING,NASSAU,Straight and Level,Rain,Traffic Signal,Wet,Not Applicable,"Other Motor Vehicle, Collision With",2
 Damage Accident,7:15,09/12/2014,Friday,Y,Daylight,HEMPSTEAD,RIGHT ANGLE,NASSAU,Straight and Level,Clear,Stop Sign,Dry,Not Applicable,"Other Motor Vehicle, Collision With",2
 Accident,20:10,08/07/2014,Thursday,Y,Dawn,BUFFALO,OTHER,ERIE,Straight and Level,Clear,Stop Sign,Dry,Not Applicable,"Other Motor Vehicle, Collision With",3
 Damage Accident,19:05,11/12/2014,Wednesday,Y,Dark-Road Lighted,NORTH HILLS,OTHER,NASSAU,Straight and Level,Clear,None,Dry,Not Applicable,"Other Motor Vehicle, Collision With",3
 Damage Accident,4:12,06/06/2014,Friday,Y,Daylight,CLARKSTOWN,RIGHT TURN (6),ROCKLAND,Straight and Level,Clear,None,Dry,Not Applicable,"Other Motor Vehicle, Collision With",2
 Accident,0:00,02/13/2014,Thursday,Y,Dark-Road Lighted,QUEENS,REAR END,QUEENS,Straight and Level,Cloudy,None,Dry,Not Applicable,"Other Motor Vehicle, Collision With",2
 Damage & Injury Accident,4:16,11/24/2014,Monday,Y,Dark-Road Unlighted,ULSTER,OTHER,ULSTER,Straight and Level,Clear,None,Wet,Not Applicable,"Overturned, Non-Collision",1
 Damage Accident,11:20,01/02/2014,Thursday,Y,Daylight,BUFFALO,OTHER,ERIE,Straight and Level,Snow,None,Snow/Ice,Not Applicable,"Median - Not At End, Collision With Fixed Object",1
 Damage Accident,21:50,08/05/2014,Tuesday,Y,Dark-Road Lighted,HUNTINGTON,OTHER,SUFFOLK,Straight and Grade,Clear,None,Dry,Not Applicable,"Other Fixed Object*, Collision With Fixed Object",1
 Damage Accident,14:40,12/30/2014,Tuesday,Y,Daylight,HEMPSTEAD,REAR END,NASSAU,Straight and Level,Clear,None,Dry,Not Applicable,"Other Motor Vehicle, Collision With",2
 Damage Accident,16:08,05/20/2014,Tuesday,Y,Daylight,HEMPSTEAD,REAR END,NASSAU,Straight and Level,Clear,Traffic Signal,Dry,Not Applicable,"Other Motor Vehicle, Collision With",2
 Damage & Injury Accident,14:10,08/31/2014,Sunday,Y,Daylight,BUFFALO,Unknown,ERIE,Straight and Level,Cloudy,None,Dry,Not Applicable,"Other Motor Vehicle, Collision With",2
 Damage Accident,9:50,01/03/2014,Friday,Y,Daylight,HUNTINGTON,Unknown,SUFFOLK,Straight and Level,Snow,None,Snow/Ice,Not Applicable,"Other Motor Vehicle, Collision With",2
 Damage Accident,11:06,02/16/2014,Sunday,Y,Daylight,HYDE PARK,OTHER,DUTCHESS,Straight and Level,Clear,None,Dry,Not Applicable,Deer,1
 Damage Accident,6:44,01/13/2014,Monday,Y,Dawn,ROMULUS,OTHER,SENECA,Straight and Grade,Cloudy,None,Wet,Not Applicable,Deer,1
 Accident,11:05,05/13/2014,Tuesday,Y,Daylight,BRONX,Unknown,BRONX,Straight and Grade,Clear,None,Dry,Not Applicable,"Other Motor Vehicle, Collision With",2
 Damage & Injury Accident,10:05,08/18/2014,Monday,Y,Daylight,BROOKHAVEN,Unknown,SUFFOLK,Straight and Level,Clear,Stop Sign,Dry,Not Applicable,"Other Motor Vehicle, Collision With",2
 Damage & Injury Accident,15:43,03/15/2014,Saturday,Y,Daylight,ULYSSES,OTHER,TOMPKINS,Straight and Level,Cloudy,None,Dry,Not Applicable,"Tree, Collision With Fixed Object",1
 Damage Accident,15:55,11/04/2014,Tuesday,Y,Daylight,ALDEN,REAR END,ERIE,Straight and Level,Clear,None,Dry,Not Applicable,"Other Motor Vehicle, Collision With",2
 Damage Accident,18:09,01/09/2014,Thursday,Y,Dark-Road Lighted,ROCHESTER,LEFT TURN (3),MONROE,Straight and Level,Cloudy,None,Dry,Not Applicable,"Other Motor Vehicle, Collision With",2
 Accident,12:00,03/01/2014,Saturday,Y,Daylight,NEW YORK,OTHER,NEW YORK,Curve and Level,Clear,None,Dry,Not Applicable,"Barrier, Collision With Fixed Object",1
 Damage Accident,8:00,12/15/2014,Monday,Y,Daylight,HEMPSTEAD,REAR END,NASSAU,Straight and Level,Clear,Traffic Signal,Wet,Not Applicable,"Other Motor Vehicle, Collision With",2
 Damage Accident,8:25,07/02/2014,Wednesday,Y,Daylight,POTSDAM,RIGHT ANGLE,ST. LAWRENCE,Straight and Level,Clear,None,Dry,Not Applicable,"Other Motor Vehicle, Collision With",2
 Damage Accident,11:10,10/03/2014,Friday,Y,Daylight,HUDSON FALLS,RIGHT ANGLE,WASHINGTON,Straight and Level,Clear,Stop Sign,Dry,Not Applicable,"Other Motor Vehicle, Collision With",2
 Damage Accident,19:43,06/05/2014,Thursday,Y,Dusk,GALLATIN,OTHER,COLUMBIA,Straight and Level,Clear,None,Dry,Not Applicable,"Light Support/Utility Pole, Collision With Fixed Object",1
 Damage Accident,7:14,12/31/2014,Wednesday,Y,Dawn,BRIGHTON,OTHER,MONROE,Straight and Level,Cloudy,None,Dry,Not Applicable,"Fire Hydrant, Collision With Fixed Object",1
 Accident,18:10,12/13/2014,Saturday,N,Unknown,SOUTH NYACK,OVERTAKING,ROCKLAND,Unknown,Unknown,Unknown,Unknown,Not Applicable,"Other Motor Vehicle, Collision With",2
 Damage Accident,14:10,02/01/2014,Saturday,Y,Daylight,MONROE,RIGHT ANGLE,ORANGE,Straight and Level,Cloudy,None,Dry,Not Applicable,"Other Motor Vehicle, Collision With",2
 Damage Accident,19:38,04/25/2014,Friday,Y,Dusk,HEMPSTEAD,REAR END,NASSAU,Curve and Grade,Clear,Yield Sign,Dry,Not Applicable,"Other Motor Vehicle, Collision With",2
 Damage Accident,19:03,06/28/2014,Saturday,Y,Daylight,BABYLON,OVERTAKING,SUFFOLK,Straight and Level,Cloudy,None,Dry,Not Applicable,"Other Motor Vehicle, Collision With",2
 Accident,10:04,02/16/2014,Sunday,Y,Daylight,LYME,LEFT TURN (3),JEFFERSON,Straight and Level,Clear,None,Dry,Not Applicable,"Other Motor Vehicle, Collision With",2
 Accident,13:57,03/26/2014,Wednesday,N,Unknown,BRONX,Unknown,BRONX,Unknown,Unknown,Unknown,Unknown,Not Applicable,"Other Motor Vehicle, Collision With",2
 Damage & Injury Accident,17:09,04/08/2014,Tuesday,Y,Daylight,MANHEIM,RIGHT TURN (5),HERKIMER,Straight and Level,Cloudy,No Passing Zone,Wet,Not Applicable,"Other Motor Vehicle, Collision With",2
 Damage Accident,7:25,01/23/2014,Thursday,N,Unknown,GUILDERLAND,REAR END,ALBANY,Unknown,Unknown,Unknown,Unknown,Not Applicable,"Other Motor Vehicle, Collision With",2
 Damage Accident,17:30,11/24/2014,Monday,N,Unknown,CLARKSTOWN,REAR END,ROCKLAND,Unknown,Unknown,Unknown,Unknown,Not Applicable,"Other Motor Vehicle, Collision With",2
 Accident,17:59,10/20/2014,Monday,Y,Dusk,GLEN COVE,OTHER,NASSAU,Straight and Level,Clear,None,Dry,"Crossing, No Signal or Crosswalk","Bicyclist, Collision With",1
 Damage & Injury Accident,16:47,11/15/2014,Saturday,Y,Dusk,HUNTINGTON,OTHER,SUFFOLK,Straight and Level,Clear,None,Dry,Not Applicable,"Light Support/Utility Pole, Collision With Fixed Object",1
 Accident,4:00,03/23/2014,Sunday,Y,Daylight,RICHMOND,OTHER,RICHMOND,Straight and Level,Clear,Traffic Signal,Dry,Not Applicable,"Other Motor Vehicle, Collision With",3
 Damage Accident,5:00,07/01/2014,Tuesday,Y,Dawn,BOONVILLE,OTHER,ONEIDA,Straight and Level,Cloudy,No Passing Zone,Dry,Not Applicable,"Fence, Collision With Fixed Object",1
 Damage & Injury Accident,14:09,03/12/2014,Wednesday,Y,Daylight,CLAY,RIGHT ANGLE,ONONDAGA,Straight and Level,Snow,None,Snow/Ice,Not Applicable,"Other Motor Vehicle, Collision With",2
 Accident,10:30,09/16/2014,Tuesday,N,Unknown,KINGS,Unknown,KINGS,Unknown,Unknown,Unknown,Unknown,Not Applicable,"Other Motor Vehicle, Collision With",2
 Damage Accident,21:00,08/06/2014,Wednesday,Y,Dark-Road Unlighted,QUEENS,RIGHT ANGLE,QUEENS,Straight and Level,Clear,Traffic Signal,Dry,Not Applicable,"Other Motor Vehicle, Collision With",2
 Damage Accident,8:45,08/14/2014,Thursday,N,Daylight,KINGS,OVERTAKING,KINGS,Curve and Level,Clear,Unknown,Dry,Not Applicable,"Other Motor Vehicle, Collision With",2
 Damage Accident,14:32,01/20/2014,Monday,Y,Daylight,PENFIELD,OTHER,MONROE,Curve and Level,Cloudy,Other,Snow/Ice,Not Applicable,"Sign Post, Collision With Fixed Object",1
 Accident,18:40,01/29/2014,Wednesday,Y,Dark-Road Lighted,KINGS,OTHER,KINGS,Straight and Level,Clear,Traffic Signal,Dry,Riding/Walking/Skating Along Highway With Traffic,"Bicyclist, Collision With",1
 Damage & Injury Accident,5:45,03/28/2014,Friday,Y,Dark-Road Lighted,SOUTH NYACK,OTHER,ROCKLAND,Curve and Grade,Clear,None,Dry,Not Applicable,"Curbing, Collision With Fixed Object",1
 Damage Accident,22:05,10/03/2014,Friday,Y,Dark-Road Unlighted,GREENE,OTHER,CHENANGO,Straight and Level,Cloudy,No Passing Zone,Dry,Not Applicable,Deer,1
 Damage Accident,12:00,06/13/2014,Friday,Y,Daylight,HEMPSTEAD,LEFT TURN (3),NASSAU,Straight and Level,Cloudy,None,Dry,Not Applicable,"Other Motor Vehicle, Collision With",2
 Accident,23:23,08/07/2014,Thursday,Y,Dark-Road Lighted,ALBANY,OTHER,ALBANY,Straight and Grade,Cloudy,None,Dry,Not Applicable,"Other Fixed Object*, Collision With Fixed Object",1
 Accident,18:55,07/22/2014,Tuesday,Y,Daylight,KINGS,OVERTAKING,KINGS,Straight and Level,Clear,None,Dry,Not Applicable,"Other Motor Vehicle, Collision With",2
 Accident,17:00,11/05/2014,Wednesday,N,Dusk,SMITHTOWN,REAR END,SUFFOLK,Straight and Level,Clear,Stop Sign,Dry,Not Applicable,"Other Motor Vehicle, Collision With",2
 Damage Accident,5:10,08/11/2014,Monday,Y,Daylight,LA GRANGE,REAR END,DUTCHESS,Straight and Level,Clear,Stop Sign,Dry,Not Applicable,"Other Motor Vehicle, Collision With",2
 Accident,21:04,08/22/2014,Friday,Y,Dusk,BUFFALO,RIGHT ANGLE,ERIE,Straight and Level,Clear,Stop Sign,Dry,Not Applicable,"Other Motor Vehicle, Collision With",2
 Damage Accident,21:42,02/04/2014,Tuesday,Y,Dark-Road Unlighted,EDEN,OTHER,ERIE,Straight and Level,Cloudy,None,Dry,Not Applicable,Deer,1
 Damage Accident,13:25,12/19/2014,Friday,Y,Daylight,HEMPSTEAD,LEFT TURN (0),NASSAU,Straight and Level,Clear,Traffic Signal,Dry,Not Applicable,"Other Motor Vehicle, Collision With",2
 Damage Accident,8:40,10/21/2014,Tuesday,Y,Daylight,KINGS,REAR END,KINGS,Straight and Level,Clear,None,Dry,Not Applicable,"Other Motor Vehicle, Collision With",2
 Damage Accident,15:45,10/15/2014,Wednesday,Y,Daylight,UNION,RIGHT ANGLE,BROOME,Straight and Level,Rain,Stop Sign,Wet,Not Applicable,"Other Motor Vehicle, Collision With",2
 Damage Accident,8:30,04/09/2014,Wednesday,N,Daylight,LISBON,OTHER,ST. LAWRENCE,Straight and Level,Clear,Unknown,Other,Not Applicable,Deer,1
 Damage Accident,19:45,08/18/2014,Monday,N,Dark-Road Lighted,CHEEKTOWAGA,Unknown,ERIE,Straight and Level,Clear,None,Dry,Not Applicable,"Other Motor Vehicle, Collision With",2
 Damage Accident,17:54,10/24/2014,Friday,N,Daylight,COLONIE,REAR END,ALBANY,Straight and Grade,Cloudy,Stop Sign,Dry,Not Applicable,"Other Motor Vehicle, Collision With",2
 Accident,10:31,11/30/2014,Sunday,Y,Daylight,KINGS,OTHER,KINGS,Straight and Level,Clear,None,Dry,Not Applicable,"Other Motor Vehicle, Collision With",4
 Damage Accident,13:45,04/26/2014,Saturday,Y,Daylight,HEMPSTEAD,SIDESWIPE,NASSAU,Straight and Level,Clear,None,Dry,Not Applicable,"Other Motor Vehicle, Collision With",2
 Damage & Injury Accident,14:50,07/07/2014,Monday,Y,Daylight,SULLIVAN,RIGHT ANGLE,MADISON,Straight and Level,Cloudy,Stop Sign,Wet,Not Applicable,"Other Motor Vehicle, Collision With",2
 Damage & Injury Accident,21:36,06/18/2014,Wednesday,Y,Dark-Road Lighted,CLARKSTOWN,OTHER,ROCKLAND,Straight and Level,Clear,Stop Sign,Dry,"Crossing, No Signal or Crosswalk","Pedestrian, Collision With",1
 Damage Accident,0:15,04/26/2014,Saturday,Y,Dark-Road Unlighted,RICHFORD,OTHER,TIOGA,Straight and Level,Rain,No Passing Zone,Wet,Not Applicable,"Guide Rail - Not At End, Collision With Fixed Object",1
 Damage Accident,7:25,02/03/2014,Monday,Y,Daylight,BABYLON,Unknown,SUFFOLK,Straight and Level,Snow,Stop Sign,Snow/Ice,Not Applicable,"Other Motor Vehicle, Collision With",2
 Damage Accident,9:56,12/17/2014,Wednesday,Y,Daylight,VICTOR,OTHER,ONTARIO,Straight and Grade,Rain,None,Wet,Not Applicable,"Guide Rail - Not At End, Collision With Fixed Object",1
 Damage & Injury Accident,7:53,01/27/2014,Monday,Y,Daylight,MANLIUS,REAR END,ONONDAGA,Straight and Level,Snow,None,Snow/Ice,Not Applicable,"Other Motor Vehicle, Collision With",2
 Damage Accident,8:45,11/09/2014,Sunday,Y,Daylight,BLOOMING GROVE,REAR END,ORANGE,Straight and Level,Clear,Traffic Signal,Dry,Not Applicable,"Other Motor Vehicle, Collision With",2
 Damage Accident,13:07,08/07/2014,Thursday,Y,Daylight,AMSTERDAM,OTHER,MONTGOMERY,Straight and Level,Clear,Traffic Signal,Dry,Not Applicable,"Other Motor Vehicle, Collision With",3
 Damage Accident,0:53,10/18/2014,Saturday,Y,Dark-Road Lighted,EAST HILLS,OTHER,NASSAU,Curve and Grade,Clear,None,Dry,Not Applicable,"Barrier, Collision With Fixed Object",1
 Accident,16:40,12/22/2014,Monday,Y,Dusk,BUFFALO,OTHER,ERIE,Straight and Level,Cloudy,None,Dry,Not Applicable,"Other Motor Vehicle, Collision With",3
 Damage Accident,22:55,11/04/2014,Tuesday,Y,Dark-Road Lighted,IRONDEQUOIT,OTHER,MONROE,Curve and Grade,Clear,None,Dry,Not Applicable,Deer,1
 Damage Accident,13:45,02/20/2014,Thursday,Y,Daylight,WALLKILL,REAR END,ORANGE,Straight and Level,Clear,None,Wet,Not Applicable,"Other Motor Vehicle, Collision With",2
 Accident,12:57,09/23/2014,Tuesday,Y,Daylight,NEW YORK,REAR END,NEW YORK,Straight and Level,Clear,Traffic Signal,Dry,Not Applicable,"Other Motor Vehicle, Collision With",2
 Damage Accident,12:00,04/15/2014,Tuesday,N,Unknown,KINGS,Unknown,KINGS,Unknown,Unknown,Unknown,Unknown,Not Applicable,"Other Motor Vehicle, Collision With",2
 Damage Accident,15:00,08/08/2014,Friday,N,Daylight,QUEENS,Unknown,QUEENS,Straight and Level,Clear,Traffic Signal,Dry,Not Applicable,"Other Motor Vehicle, Collision With",2
 Damage Accident,0:00,05/18/2014,Sunday,N,Unknown,HANCOCK,OVERTAKING,DELAWARE,Unknown,Unknown,Unknown,Unknown,Not Applicable,"Other Motor Vehicle, Collision With",2
 Damage & Injury Accident,12:20,08/12/2014,Tuesday,Y,Daylight,ROCHESTER,SIDESWIPE,MONROE,Straight and Level,Cloudy,Traffic Signal,Dry,Not Applicable,"Other Motor Vehicle, Collision With",2
 Damage Accident,8:05,01/02/2014,Thursday,Y,Daylight,COLONIE,OTHER,ALBANY,Straight and Level,Snow,None,Snow/Ice,Not Applicable,"Guide Rail - Not At End, Collision With Fixed Object",1
 Damage Accident,12:53,01/02/2014,Thursday,Y,Daylight,SCHENECTADY,REAR END,SCHENECTADY,Straight and Grade,Snow,None,Snow/Ice,Not Applicable,"Other Motor Vehicle, Collision With",2
 Damage Accident,0:04,08/28/2014,Thursday,Y,Dark-Road Unlighted,BIG FLATS,OTHER,CHEMUNG,Straight and Level,Cloudy,None,Dry,Not Applicable,Deer,1
 Damage Accident,8:30,11/17/2014,Monday,Y,Daylight,WESTBURY,OVERTAKING,NASSAU,Straight and Level,Rain,None,Wet,Not Applicable,"Other Motor Vehicle, Collision With",2
 Damage Accident,10:30,01/22/2014,Wednesday,N,Unknown,QUEENS,OVERTAKING,QUEENS,Unknown,Unknown,Unknown,Snow/Ice,Not Applicable,"Other Motor Vehicle, Collision With",2
 Damage Accident,7:29,12/15/2014,Monday,Y,Daylight,ROTTERDAM,RIGHT TURN (5),SCHENECTADY,Straight and Level,Cloudy,Traffic Signal,Dry,Not Applicable,"Other Motor Vehicle, Collision With",2
 Damage Accident,17:49,04/01/2014,Tuesday,Y,Daylight,RAMAPO,REAR END,ROCKLAND,Straight and Level,Clear,None,Dry,Not Applicable,"Other Motor Vehicle, Collision With",2
 Damage & Injury Accident,1:15,12/18/2014,Thursday,N,Unknown,BRONX,Unknown,BRONX,Unknown,Unknown,Unknown,Unknown,Not Applicable,"Other Motor Vehicle, Collision With",2
 Damage & Injury Accident,1:43,01/19/2014,Sunday,Y,Dark-Road Lighted,MOUNT PLEASANT,OTHER,WESTCHESTER,Curve and Grade,Clear,None,Dry,Not Applicable,"Light Support/Utility Pole, Collision With Fixed Object",1
 Damage Accident,21:00,10/16/2014,Thursday,N,Dark-Road Unlighted,,Unknown,UNKNOWN,Straight and Level,Clear,Unknown,Dry,Not Applicable,"Other Motor Vehicle, Collision With",2
 Damage Accident,17:29,05/13/2014,Tuesday,Y,Daylight,HAMILTON,RIGHT ANGLE,MADISON,Straight and Level,Clear,Traffic Signal,Dry,Not Applicable,"Other Motor Vehicle, Collision With",2
 Damage Accident,12:01,11/13/2014,Thursday,Y,Daylight,HUDSON,OTHER,COLUMBIA,Straight and Level,Clear,None,Dry,Not Applicable,"Other Motor Vehicle, Collision With",4
 Damage Accident,16:57,07/10/2014,Thursday,Y,Daylight,NORTH HEMPSTEAD,Unknown,NASSAU,Straight and Level,Clear,None,Dry,Not Applicable,"Other Motor Vehicle, Collision With",2
 Damage Accident,19:57,11/11/2014,Tuesday,Y,Dark-Road Unlighted,NORTH SALEM,OVERTAKING,WESTCHESTER,Curve and Grade,Clear,None,Dry,Not Applicable,"Other Motor Vehicle, Collision With",2
 Damage Accident,18:49,11/05/2014,Wednesday,Y,Dark-Road Unlighted,PALMYRA,OTHER,WAYNE,Straight and Level,Clear,None,Dry,Not Applicable,Deer,1
 Damage Accident,18:00,03/02/2014,Sunday,Y,Dark-Road Lighted,BROOKHAVEN,Unknown,SUFFOLK,Straight and Level,Cloudy,Traffic Signal,Dry,Not Applicable,"Other Motor Vehicle, Collision With",2
 Damage Accident,15:05,12/25/2014,Thursday,Y,Daylight,BABYLON,REAR END,SUFFOLK,Straight and Level,Clear,None,Dry,Not Applicable,"Other Motor Vehicle, Collision With",2
 Damage Accident,12:13,02/11/2014,Tuesday,Y,Daylight,NORTH SYRACUSE,REAR END,ONONDAGA,Straight and Level,Snow,None,Snow/Ice,Not Applicable,"Other Motor Vehicle, Collision With",2
 Damage & Injury Accident,17:30,08/19/2014,Tuesday,Y,Daylight,HEMPSTEAD,OTHER,NASSAU,Straight and Level,Clear,None,Dry,Not Applicable,"Other Motor Vehicle, Collision With",3
 Damage Accident,5:44,09/30/2014,Tuesday,Y,Dark-Road Lighted,NYACK,OVERTAKING,ROCKLAND,Straight and Level,Clear,None,Dry,Not Applicable,"Other Motor Vehicle, Collision With",2
 Accident,18:24,06/03/2014,Tuesday,Y,Daylight,OLEAN,REAR END,CATTARAUGUS,Straight and Level,Clear,None,Dry,Not Applicable,"Other Motor Vehicle, Collision With",2
 Accident,14:08,01/24/2014,Friday,Y,Daylight,SYRACUSE,REAR END,ONONDAGA,Straight and Level,Clear,Traffic Signal,Snow/Ice,Not Applicable,"Other Motor Vehicle, Collision With",2
 Damage Accident,17:15,01/19/2014,Sunday,Y,Dark-Road Unlighted,WESTPORT,OTHER,ESSEX,Straight and Level,Snow,No Passing Zone,Wet,Not Applicable,Deer,1
 Accident,17:38,05/01/2014,Thursday,N,Unknown,KINGS,OTHER,KINGS,Unknown,Unknown,Unknown,Unknown,Unknown,"Pedestrian, Collision With",1
 Damage Accident,1:31,01/01/2014,Wednesday,Y,Dark-Road Unlighted,BANGOR,OTHER,FRANKLIN,Straight and Level,Cloudy,No Passing Zone,Snow/Ice,Not Applicable,Deer,1
 Damage Accident,13:43,08/27/2014,Wednesday,Y,Daylight,SOUTHAMPTON,OTHER,SUFFOLK,Straight and Level,Clear,None,Dry,Not Applicable,"Culver/Head Wall, Collision With Fixed Object",1
 Accident,15:21,04/30/2014,Wednesday,Y,Daylight,WHITE PLAINS,OTHER,WESTCHESTER,Straight and Level,Rain,Traffic Signal,Wet,"Crossing, No Signal, Marked Crosswalk","Pedestrian, Collision With",1
 Damage Accident,17:40,09/17/2014,Wednesday,Y,Daylight,PORT CHESTER,REAR END,WESTCHESTER,Straight and Level,Clear,None,Dry,Not Applicable,"Other Motor Vehicle, Collision With",2
 Damage Accident,0:33,08/05/2014,Tuesday,Y,Dark-Road Unlighted,FARMINGTON,OTHER,ONTARIO,Straight and Level,Fog/Smog/Smoke,None,Dry,Not Applicable,Deer,1
 Damage Accident,15:00,01/26/2014,Sunday,N,Unknown,HAMBURG,OTHER,ERIE,Unknown,Unknown,Unknown,Unknown,Not Applicable,"Snow Embankment, Collision With Fixed Object",1
 Damage Accident,16:55,02/19/2014,Wednesday,N,Dusk,COLONIE,REAR END,ALBANY,Unknown,Rain,Traffic Signal,Wet,Not Applicable,"Other Motor Vehicle, Collision With",2
 Damage Accident,13:46,09/08/2014,Monday,Y,Daylight,AMHERST,OVERTAKING,ERIE,Straight and Level,Clear,Traffic Signal,Dry,Not Applicable,"Other Motor Vehicle, Collision With",2
 Damage Accident,7:00,01/16/2014,Thursday,N,Unknown,ROCHESTER,OTHER,MONROE,Unknown,Unknown,Unknown,Unknown,Not Applicable,"Fence, Collision With Fixed Object",1
 Damage Accident,12:27,11/07/2014,Friday,Y,Daylight,CANISTEO,OTHER,STEUBEN,Straight and Grade,Snow,No Passing Zone,Wet,Not Applicable,Deer,1
 Damage & Injury Accident,6:55,11/06/2014,Thursday,Y,Daylight,OYSTER BAY,RIGHT ANGLE,NASSAU,Straight and Level,Rain,Stop Sign,Wet,Not Applicable,"Other Motor Vehicle, Collision With",2
 Damage Accident,22:06,11/27/2014,Thursday,Y,Dark-Road Unlighted,WEBB,OTHER,HERKIMER,Curve and Grade,Snow,None,Snow/Ice,Not Applicable,"Earth Embankment/Rock Cut/Ditch, Collision With Fixed Object",1
 Damage & Injury Accident,16:52,05/04/2014,Sunday,Y,Daylight,KINGS,Unknown,KINGS,Straight and Level,Clear,Traffic Signal,Dry,Not Applicable,"Other Motor Vehicle, Collision With",2
 Damage & Injury Accident,21:40,03/02/2014,Sunday,Y,Dark-Road Unlighted,RUSHFORD,OTHER,ALLEGANY,Curve and Grade,Cloudy,None,Snow/Ice,Not Applicable,"Earth Embankment/Rock Cut/Ditch, Collision With Fixed Object",1
 Damage Accident,7:11,06/04/2014,Wednesday,Y,Daylight,DANSVILLE,OTHER,STEUBEN,Straight and Grade,Clear,None,Dry,Not Applicable,Deer,1
 Damage Accident,7:53,11/14/2014,Friday,Y,Daylight,ELMIRA,OVERTAKING,CHEMUNG,Straight and Level,Cloudy,Traffic Signal,Dry,Not Applicable,"Other Motor Vehicle, Collision With",2
 Damage Accident,15:10,05/31/2014,Saturday,Y,Daylight,UNION,OTHER,BROOME,Straight and Level,Cloudy,None,Dry,Not Applicable,"Light Support/Utility Pole, Collision With Fixed Object",1
 Damage Accident,5:30,07/11/2014,Friday,Y,Dawn,SARATOGA,OTHER,SARATOGA,Straight and Grade,Clear,None,Dry,Not Applicable,"Animal, Collision With",1
 Damage Accident,8:26,12/03/2014,Wednesday,Y,Daylight,MOUNT VERNON,OTHER,WESTCHESTER,Straight and Grade,Rain,None,Wet,Not Applicable,"Other Motor Vehicle, Collision With",3
 Accident,20:40,01/16/2014,Thursday,Y,Dark-Road Lighted,ROCHESTER,OTHER,MONROE,Straight and Level,Clear,None,Dry,"Crossing, No Signal or Crosswalk","Pedestrian, Collision With",1
 Damage & Injury Accident,14:41,10/31/2014,Friday,Y,Daylight,HEMPSTEAD,OTHER,NASSAU,Straight and Level,Cloudy,None,Dry,Not Applicable,"Other Motor Vehicle, Collision With",3
 Damage Accident,19:35,08/24/2014,Sunday,Y,Daylight,BARKER,OTHER,BROOME,Straight and Grade,Clear,None,Dry,Not Applicable,"Fire/Explosion, Non-Collision",1