 Descriptor,Time,Date,Day of Week,Police Report,Lighting Conditions,Municipality,Collision Type Descriptor,County Name,Road Descriptor,Weather Conditions,Traffic Control Device,Road Surface Conditions,Pedestrian Bicyclist Action,Event Descriptor,Number of Vehicles Involved
 Damage Accident,16:15,06/06/2014,Friday,Y,Daylight,UTICA,LEFT TURN (3),ONEIDA,Straight and Level,Clear,Traffic Signal,Dry,Not Applicable,"Other Motor Vehicle, Collision With",2
 Damage & Injury Accident,4:40,05/02/2014,Friday,Y,Dark-Road Lighted,CORNING,OTHER,STEUBEN,Straight and Level,Clear,No Passing Zone,Dry,Not Applicable,"Light Support/Utility Pole, Collision With Fixed Object",1
 Damage Accident,18:24,03/16/2014,Sunday,Y,Dusk,NASSAU,OTHER,RENSSELAER,Straight and Grade,Cloudy,No Passing Zone,Dry,Not Applicable,"Fence, Collision With Fixed Object",1
 Accident,23:04,09/24/2014,Wednesday,Y,Dark-Road Lighted,KINGS,Unknown,KINGS,Straight and Level,Cloudy,Traffic Signal,Dry,Not Applicable,"Other Motor Vehicle, Collision With",2
 Damage Accident,19:15,09/26/2014,Friday,Y,Dusk,GAINESVILLE,OTHER,WYOMING,Straight and Level,Clear,None,Dry,Not Applicable,Deer,1
 Damage & Injury Accident,16:40,05/03/2014,Saturday,Y,Daylight,ALBANY,OTHER,ALBANY,Curve and Grade,Rain,None,Wet,Not Applicable,"Guide Rail - Not At End, Collision With Fixed Object",1
 Accident,16:30,10/19/2014,Sunday,Y,Daylight,BRONX,Unknown,BRONX,Straight and Level,Clear,Unknown,Dry,Not Applicable,"Other Motor Vehicle, Collision With",2
 Damage Accident,17:16,12/15/2014,Monday,Y,Dark-Road Lighted,GREECE,Unknown,MONROE,Straight and Level,Cloudy,None,Wet,Not Applicable,"Other Motor Vehicle, Collision With",2
 Accident,9:20,11/17/2014,Monday,Y,Dark-Road Lighted,QUEENS,Unknown,QUEENS,Straight and Level,Cloudy,Traffic Signal,Wet,Not Applicable,"Other Motor Vehicle, Collision With",2
 Accident,16:00,07/09/2014,Wednesday,N,Unknown,NEW YORK,RIGHT ANGLE,NEW YORK,Unknown,Unknown,Traffic Signal,Unknown,Not Applicable,"Other Motor Vehicle, Collision With",2
 Damage Accident,4:49,10/19/2014,Sunday,Y,Dark-Road Unlighted,HALFMOON,OTHER,SARATOGA,Straight and Grade,Clear,Traffic Signal,Dry,Not Applicable,"Animal, Collision With",1
 Damage Accident,10:40,01/02/2014,Thursday,Y,Daylight,SYRACUSE,RIGHT ANGLE,ONONDAGA,Straight and Level,Snow,Stop Sign,Snow/Ice,Not Applicable,"Other Motor Vehicle, Collision With",2
 Damage Accident,7:10,03/06/2014,Thursday,Y,Daylight,KIRKWOOD,OTHER,BROOME,Straight and Level,Clear,None,Dry,Not Applicable,"Guide Rail - End, Collision With Fixed Object",1
 Damage Accident,23:55,08/08/2014,Friday,Y,Dark-Road Unlighted,DARIEN,REAR END,GENESEE,Straight and Level,Clear,None,Dry,Not Applicable,"Other Motor Vehicle, Collision With",2
 Damage Accident,17:04,07/15/2014,Tuesday,Y,Daylight,HAGUE,OTHER,WARREN,Curve and Grade,Clear,None,Dry,Not Applicable,"Earth Embankment/Rock Cut/Ditch, Collision With Fixed Object",1
 Damage Accident,15:40,05/29/2014,Thursday,Y,Daylight,ORANGETOWN,REAR END,ROCKLAND,Curve and Level,Clear,Yield Sign,Dry,Not Applicable,"Other Motor Vehicle, Collision With",2
 Damage Accident,16:15,08/13/2014,Wednesday,N,Unknown,BROOKHAVEN,REAR END,SUFFOLK,Unknown,Unknown,Unknown,Unknown,Not Applicable,"Other Motor Vehicle, Collision With",2
 Accident,11:00,05/20/2014,Tuesday,Y,Daylight,NEW YORK,REAR END,NEW YORK,Straight and Level,Clear,None,Dry,Not Applicable,"Other Motor Vehicle, Collision With",2
 Damage Accident,22:20,11/03/2014,Monday,Y,Dark-Road Unlighted,NEWBURGH,OTHER,ORANGE,Straight and Level,Clear,None,Dry,Not Applicable,"Earth Embankment/Rock Cut/Ditch, Collision With Fixed Object",1
 Damage Accident,0:00,11/06/2014,Thursday,N,Unknown,BROOKHAVEN,OVERTAKING,SUFFOLK,Unknown,Unknown,Unknown,Unknown,Not Applicable,"Other Motor Vehicle, Collision With",2
 Accident,21:39,05/24/2014,Saturday,Y,Dark-Road Unlighted,KINGS,OTHER,KINGS,Curve and Level,Cloudy,None,Wet,"Crossing, Against Signal","Pedestrian, Collision With",1
 Damage Accident,20:45,06/20/2014,Friday,N,Unknown,TOMPKINS,OTHER,DELAWARE,Unknown,Unknown,Unknown,Unknown,Not Applicable,Deer,1
 Damage & Injury Accident,22:54,08/08/2014,Friday,Y,Dark-Road Unlighted,MARCELLUS,OTHER,ONONDAGA,Straight and Level,Cloudy,None,Dry,Not Applicable,"Earth Embankment/Rock Cut/Ditch, Collision With Fixed Object",1
 Damage Accident,23:00,07/25/2014,Friday,Y,Dark-Road Unlighted,CAROGA,OTHER,FULTON,Curve and Level,Clear,None,Dry,Not Applicable,"Other Fixed Object*, Collision With Fixed Object",1
 Damage Accident,18:15,10/05/2014,Sunday,Y,Dusk,RIVERHEAD,REAR END,SUFFOLK,Straight and Level,Clear,No Passing Zone,Dry,Not Applicable,"Other Motor Vehicle, Collision With",2
 Damage & Injury Accident,19:00,09/22/2014,Monday,Y,Daylight,KINGS,LEFT TURN (0),KINGS,Straight and Level,Clear,Traffic Signal,Dry,Not Applicable,"Other Motor Vehicle, Collision With",2
 Damage Accident,10:25,10/05/2014,Sunday,Y,Daylight,OYSTER BAY,OTHER,NASSAU,Straight and Level,Clear,None,Dry,Not Applicable,"Other Motor Vehicle, Collision With",3
 Damage & Injury Accident,9:03,01/24/2014,Friday,Y,Daylight,HEMPSTEAD,OVERTAKING,NASSAU,Straight and Level,Clear,None,Dry,Not Applicable,"Other Motor Vehicle, Collision With",2
 Damage Accident,8:00,11/29/2014,Saturday,Y,Daylight,LYNBROOK,REAR END,NASSAU,Straight and Level,Clear,Traffic Signal,Dry,Not Applicable,"Other Motor Vehicle, Collision With",2
 Accident,16:12,05/01/2014,Thursday,Y,Daylight,ALBANY,OTHER,ALBANY,Straight and Level,Cloudy,Traffic Signal,Dry,Riding/Walking/Skating Along Highway With Traffic,"Bicyclist, Collision With",1
 Damage Accident,15:00,01/02/2014,Thursday,N,Daylight,FARMINGTON,OTHER,ONTARIO,Curve and Level,Snow,None,Snow/Ice,Not Applicable,"Other Object (Not Fixed)*, Collision With",1
 Damage Accident,8:12,10/07/2014,Tuesday,Y,Daylight,AMITYVILLE,OTHER,SUFFOLK,Straight and Level,Clear,Stop Sign,Dry,Not Applicable,"Other Motor Vehicle, Collision With",2
 Damage & Injury Accident,12:15,03/13/2014,Thursday,Y,Daylight,MENDON,RIGHT ANGLE,MONROE,Straight at Hill Crest,Cloudy,Stop Sign,Wet,Not Applicable,"Other Motor Vehicle, Collision With",2
 Damage Accident,7:01,04/12/2014,Saturday,Y,Daylight,NEW HAVEN,REAR END,OSWEGO,Straight and Level,Clear,Stop Sign,Dry,Not Applicable,"Other Motor Vehicle, Collision With",2
 Damage Accident,0:30,01/01/2014,Wednesday,Y,Dark-Road Lighted,LIBERTY,OTHER,SULLIVAN,Straight and Level,Clear,Other,Wet,Not Applicable,"Fire Hydrant, Collision With Fixed Object",1
 Damage Accident,19:30,02/20/2014,Thursday,Y,Dark-Road Unlighted,OSSINING,OVERTAKING,WESTCHESTER,Straight and Level,Rain,None,Wet,Not Applicable,"Other Motor Vehicle, Collision With",2
 Damage Accident,18:40,09/12/2014,Friday,Y,Daylight,HEMPSTEAD,RIGHT ANGLE,NASSAU,Straight and Level,Clear,Traffic Signal,Dry,Not Applicable,"Other Motor Vehicle, Collision With",2
 Accident,18:00,10/08/2014,Wednesday,N,Daylight,CRAWFORD,REAR END,ORANGE,Curve and Grade,Cloudy,Stop Sign,Dry,Not Applicable,"Other Motor Vehicle, Collision With",2
 Damage Accident,20:20,05/09/2014,Friday,Y,Dark-Road Lighted,HEMPSTEAD,RIGHT ANGLE,NASSAU,Straight and Level,Cloudy,None,Dry,Not Applicable,"Other Motor Vehicle, Collision With",2
 Damage Accident,12:19,02/10/2014,Monday,Y,Daylight,NEWBURGH,REAR END,ORANGE,Straight and Level,Clear,None,Dry,Not Applicable,"Other Motor Vehicle, Collision With",2
 Damage Accident,13:05,12/22/2014,Monday,Y,Daylight,MINEOLA,RIGHT ANGLE,NASSAU,Straight and Level,Cloudy,Stop Sign,Dry,Not Applicable,"Other Motor Vehicle, Collision With",2
 Damage Accident,18:00,05/19/2014,Monday,N,Daylight,CALEDONIA,OTHER,LIVINGSTON,Curve and Level,Clear,Stop Sign,Dry,Not Applicable,Deer,1
 Accident,19:45,03/13/2014,Thursday,Y,Dark-Road Lighted,KINGS,OTHER,KINGS,Straight and Level,Clear,None,Dry,"Crossing, With Signal","Pedestrian, Collision With",1
 Damage Accident,15:26,09/08/2014,Monday,Y,Daylight,ROTTERDAM,OVERTAKING,SCHENECTADY,Straight and Level,Clear,None,Dry,Not Applicable,"Other Motor Vehicle, Collision With",2
 Damage Accident,20:40,11/10/2014,Monday,Y,Dark-Road Lighted,KINGS,OVERTAKING,KINGS,Straight and Level,Clear,None,Dry,Not Applicable,"Other Motor Vehicle, Collision With",2
 Accident,16:35,04/25/2014,Friday,Y,Daylight,HEMPSTEAD,OVERTAKING,NASSAU,Straight and Level,Clear,None,Dry,Not Applicable,"Other Motor Vehicle, Collision With",2
 Damage Accident,16:27,01/09/2014,Thursday,Y,Daylight,BUFFALO,Unknown,ERIE,Straight and Level,Sleet/Hail/Freezing Rain,Traffic Signal,Slush,Not Applicable,"Other Motor Vehicle, Collision With",2
 Accident,15:00,04/09/2014,Wednesday,Y,Daylight,NEW YORK,OTHER,NEW YORK,Straight and Level,Clear,None,Dry,"Crossing, No Signal or Crosswalk","Pedestrian, Collision With",1
 Damage Accident,18:57,12/27/2014,Saturday,Y,Dark-Road Unlighted,PARISHVILLE,REAR END,ST. LAWRENCE,Straight and Level,Clear,None,Dry,Not Applicable,"Other Motor Vehicle, Collision With",2
 Damage Accident,14:00,12/19/2014,Friday,Y,Daylight,BABYLON,RIGHT ANGLE,SUFFOLK,Straight and Level,Clear,None,Dry,Not Applicable,"Other Motor Vehicle, Collision With",2
 Damage & Injury Accident,10:04,06/06/2014,Friday,Y,Daylight,MOHAWK,OTHER,MONTGOMERY,Curve and Level,Clear,No Passing Zone,Dry,Not Applicable,"Earth Embankment/Rock Cut/Ditch, Collision With Fixed Object",1
 Damage Accident,11:42,04/11/2014,Friday,Y,Daylight,ALBANY,OVERTAKING,ALBANY,Straight and Level,Clear,None,Dry,Not Applicable,"Other Motor Vehicle, Collision With",2
 Damage Accident,0:00,11/27/2014,Thursday,N,Unknown,WAPPINGER,OTHER,DUTCHESS,Unknown,Unknown,Unknown,Unknown,Not Applicable,Deer,1
 Damage Accident,15:00,07/25/2014,Friday,Y,Daylight,MUTTONTOWN,SIDESWIPE,NASSAU,Straight and Level,Clear,None,Dry,Not Applicable,"Other Motor Vehicle, Collision With",2
 Damage Accident,11:46,09/05/2014,Friday,Y,Daylight,ANGELICA,OTHER,ALLEGANY,Straight and Level,Clear,None,Dry,Not Applicable,"Guide Rail - Not At End, Collision With Fixed Object",1
 Damage Accident,9:22,10/20/2014,Monday,Y,Daylight,NEW WINDSOR,REAR END,ORANGE,Straight and Level,Cloudy,None,Dry,Not Applicable,"Other Motor Vehicle, Collision With",2
 Damage Accident,20:30,07/21/2014,Monday,Y,Dark-Road Unlighted,HOPE,OTHER,HAMILTON,Straight and Level,Cloudy,No Passing Zone,Dry,Not Applicable,"Animal, Collision With",1
 Damage & Injury Accident,9:07,09/03/2014,Wednesday,Y,Daylight,OYSTER BAY,REAR END,NASSAU,Curve and Level,Clear,None,Dry,Not Applicable,"Other Motor Vehicle, Collision With",2
 Damage Accident,21:25,12/03/2014,Wednesday,Y,Dark-Road Lighted,SCOTTSVILLE,OTHER,MONROE,Curve and Level,Clear,None,Dry,Not Applicable,"Light Support/Utility Pole, Collision With Fixed Object",1
 Damage Accident,17:45,10/07/2014,Tuesday,N,Unknown,,REAR END,UNKNOWN,Unknown,Unknown,Unknown,Unknown,Not Applicable,"Other Motor Vehicle, Collision With",2
 Damage Accident,12:36,07/21/2014,Monday,Y,Daylight,BRIGHTON,LEFT TURN (3),MONROE,Straight and Level,Cloudy,Traffic Signal,Dry,Not Applicable,"Other Motor Vehicle, Collision With",2
 Damage & Injury Accident,9:20,04/26/2014,Saturday,Y,Daylight,SMITHTOWN,RIGHT ANGLE,SUFFOLK,Straight and Level,Rain,Traffic Signal,Wet,Not Applicable,"Other Motor Vehicle, Collision With",2
 Damage Accident,13:10,10/09/2014,Thursday,Y,Daylight,NORTH HEMPSTEAD,REAR END,NASSAU,Straight and Level,Clear,Traffic Signal,Dry,Not Applicable,"Other Motor Vehicle, Collision With",2
 Accident,15:05,09/06/2014,Saturday,Y,Daylight,VALLEY STREAM,OTHER,NASSAU,Straight and Grade,Cloudy,None,Dry,Other Actions in Roadway,"Pedestrian, Collision With",1
 Damage Accident,16:31,12/16/2014,Tuesday,Y,Dark-Road Lighted,LLOYD,REAR END,ULSTER,Straight and Level,Rain,Traffic Signal,Wet,Not Applicable,"Other Motor Vehicle, Collision With",2
 Damage Accident,5:40,10/06/2014,Monday,Y,Dark-Road Lighted,EVANS,OTHER,ERIE,Straight and Level,Cloudy,None,Dry,Not Applicable,Deer,1
 Accident,18:05,01/10/2014,Friday,N,Dark-Road Lighted,KINGS,Unknown,KINGS,Straight and Level,Rain,None,Wet,Not Applicable,"Other Motor Vehicle, Collision With",2
 Damage & Injury Accident,14:50,08/18/2014,Monday,Y,Daylight,ISLIP,OTHER,SUFFOLK,Straight and Level,Clear,None,Dry,Not Applicable,"Other Motor Vehicle, Collision With",4
 Damage Accident,6:40,08/22/2014,Friday,N,Daylight,KINGS,Unknown,KINGS,Straight and Level,Unknown,None,Dry,Not Applicable,"Other Motor Vehicle, Collision With",2
 Accident,17:20,03/28/2014,Friday,Y,Daylight,QUEENS,OTHER,QUEENS,Curve and Level,Cloudy,None,Dry,Not Applicable,"Other Motor Vehicle, Collision With",3
 Damage & Injury Accident,21:45,06/05/2014,Thursday,Y,Dark-Road Unlighted,NEWBURGH,OTHER,ORANGE,Straight and Level,Clear,Traffic Signal,Dry,Not Applicable,"Other Motor Vehicle, Collision With",4
 Damage & Injury Accident,8:30,08/10/2014,Sunday,Y,Daylight,BUFFALO,OTHER,ERIE,Curve and Level,Clear,None,Dry,Not Applicable,"Guide Rail - Not At End, Collision With Fixed Object",1
 Accident,9:30,06/08/2014,Sunday,Y,Daylight,QUEENS,OTHER,QUEENS,Straight and Level,Clear,None,Dry,Not Applicable,"Other Fixed Object*, Collision With Fixed Object",1
 Accident,8:03,01/08/2014,Wednesday,Y,Daylight,QUEENS,OTHER,QUEENS,Straight and Level,Clear,Traffic Signal,Dry,"Crossing, With Signal","Pedestrian, Collision With",1
 Damage Accident,16:39,07/04/2014,Friday,Y,Daylight,,REAR END,UNKNOWN,Straight and Level,Clear,Stop Sign,Dry,Not Applicable,"Other Motor Vehicle, Collision With",2
 Damage Accident,18:01,08/04/2014,Monday,Y,Daylight,ADAMS,OTHER,JEFFERSON,Straight and Level,Clear,None,Dry,Not Applicable,"Bridge Structure, Collision With Fixed Object",2
 Damage Accident,15:02,01/25/2014,Saturday,Y,Daylight,ARCADIA,SIDESWIPE,WAYNE,Straight and Grade,Cloudy,Stop Sign,Dry,Not Applicable,"Other Motor Vehicle, Collision With",2
 Accident,7:50,01/24/2014,Friday,Y,Daylight,CAMILLUS,OTHER,ONONDAGA,Curve and Grade,Cloudy,None,Snow/Ice,Not Applicable,"Guide Rail - Not At End, Collision With Fixed Object",1
 Damage Accident,9:34,02/26/2014,Wednesday,Y,Daylight,EAST FISHKILL,RIGHT ANGLE,DUTCHESS,Straight and Level,Clear,None,Dry,Not Applicable,"Other Motor Vehicle, Collision With",2
 Damage Accident,17:00,01/04/2014,Saturday,N,Dark-Road Lighted,OYSTER BAY,Unknown,NASSAU,Straight and Level,Cloudy,None,Snow/Ice,Not Applicable,"Other Motor Vehicle, Collision With",2
 Damage Accident,16:21,12/04/2014,Thursday,Y,Daylight,TARRYTOWN,REAR END,WESTCHESTER,Straight and Level,Clear,None,Dry,Not Applicable,"Other Motor Vehicle, Collision With",2
 Damage Accident,19:00,09/29/2014,Monday,N,Unknown,GERMANTOWN,Unknown,COLUMBIA,Unknown,Unknown,Unknown,Unknown,Not Applicable,"Other Motor Vehicle, Collision With",2
 Damage Accident,20:02,03/15/2014,Saturday,Y,Dark-Road Lighted,POTSDAM,OVERTAKING,ST. LAWRENCE,Straight and Grade,Snow,Traffic Signal,Snow/Ice,Not Applicable,"Other Motor Vehicle, Collision With",2
 Damage Accident,16:05,03/17/2014,Monday,Y,Daylight,HEMPSTEAD,LEFT TURN (3),NASSAU,Straight and Level,Clear,None,Dry,Not Applicable,"Other Motor Vehicle, Collision With",2
 Accident,15:53,08/27/2014,Wednesday,Y,Daylight,CHEEKTOWAGA,OTHER,ERIE,Straight and Level,Clear,None,Dry,Not Applicable,"Other Motor Vehicle, Collision With",3
 Damage Accident,8:45,08/24/2014,Sunday,Y,Daylight,SLOATSBURG,OVERTAKING,ROCKLAND,Straight and Level,Clear,None,Dry,Not Applicable,"Other Motor Vehicle, Collision With",2
 Damage & Injury Accident,11:25,04/14/2014,Monday,Y,Daylight,SARANAC LAKE,REAR END,FRANKLIN,Straight and Grade,Clear,None,Dry,Not Applicable,"Other Motor Vehicle, Collision With",2
 Damage Accident,9:00,03/27/2014,Thursday,N,Daylight,HIGHLANDS,REAR END,ORANGE,Straight and Grade,Clear,Unknown,Dry,Not Applicable,"Other Motor Vehicle, Collision With",2
 Damage Accident,8:20,07/21/2014,Monday,Y,Daylight,SMITHTOWN,RIGHT ANGLE,SUFFOLK,Straight and Level,Clear,Traffic Signal,Dry,Not Applicable,"Other Motor Vehicle, Collision With",2
 Damage & Injury Accident,23:43,11/28/2014,Friday,Y,Dark-Road Lighted,WALDEN,OTHER,ORANGE,Curve and Level,Clear,None,Dry,Not Applicable,"Other*, Non-Collision",1
 Damage Accident,21:49,11/21/2014,Friday,Y,Dark-Road Lighted,BRIGHTON,OTHER,MONROE,Straight and Level,Clear,None,Dry,Not Applicable,Deer,1
 Damage Accident,15:48,01/05/2014,Sunday,Y,Daylight,NEWARK,REAR END,WAYNE,Straight and Level,Cloudy,No Passing Zone,Dry,Not Applicable,"Other Motor Vehicle, Collision With",2
 Damage Accident,6:10,01/22/2014,Wednesday,Y,Dark-Road Unlighted,HOPEWELL,OTHER,ONTARIO,Straight and Level,Cloudy,None,Wet,Not Applicable,"Other*, Non-Collision",1
 Accident,11:15,01/30/2014,Thursday,Y,Daylight,BROOKHAVEN,OTHER,SUFFOLK,Straight and Level,Clear,Stop Sign,Snow/Ice,Not Applicable,"Tree, Collision With Fixed Object",1
 Damage Accident,8:20,05/23/2014,Friday,Y,Daylight,BROOKHAVEN,RIGHT TURN (5),SUFFOLK,Straight and Level,Cloudy,Traffic Signal,Wet,Not Applicable,"Other Motor Vehicle, Collision With",2
 Damage & Injury Accident,14:45,04/26/2014,Saturday,Y,Daylight,MIDDLETOWN,OTHER,ORANGE,Straight and Grade,Clear,Traffic Signal,Dry,Not Applicable,"Light Support/Utility Pole, Collision With Fixed Object",1
 Damage Accident,19:30,06/20/2014,Friday,N,Unknown,MALTA,OTHER,SARATOGA,Unknown,Unknown,Unknown,Unknown,Not Applicable,Deer,1
 Accident,17:42,06/03/2014,Tuesday,Y,Daylight,CLIFTON PARK,RIGHT ANGLE,SARATOGA,Straight and Level,Rain,Stop Sign,Wet,Not Applicable,"Other Motor Vehicle, Collision With",2
 Accident,17:35,06/20/2014,Friday,Y,Daylight,HUNTINGTON,OTHER,SUFFOLK,Curve at Hill Crest,Clear,None,Dry,"Crossing, No Signal or Crosswalk","Bicyclist, Collision With",1
 Damage Accident,19:45,05/04/2014,Sunday,Y,Dusk,MOUNT VERNON,OTHER,WESTCHESTER,Straight and Level,Clear,None,Dry,Not Applicable,"Sign Post, Collision With Fixed Object",1
 Damage Accident,3:28,07/09/2014,Wednesday,Y,Dark-Road Lighted,BUFFALO,REAR END,ERIE,Straight and Level,Clear,None,Dry,Not Applicable,"Other Motor Vehicle, Collision With",2
 Damage Accident,22:00,09/12/2014,Friday,Y,Dark-Road Lighted,VESTAL,OTHER,BROOME,Straight and Level,Cloudy,Traffic Signal,Dry,Not Applicable,"Other Motor Vehicle, Collision With",3
 Damage & Injury Accident,19:20,08/09/2014,Saturday,Y,Dusk,BABYLON,OTHER,SUFFOLK,Straight and Level,Clear,None,Dry,Not Applicable,"Light Support/Utility Pole, Collision With Fixed Object",1
 Damage Accident,17:50,01/03/2014,Friday,Y,Dark-Road Lighted,MALTA,REAR END,SARATOGA,Straight and Level,Cloudy,Traffic Signal,Snow/Ice,Not Applicable,"Other Motor Vehicle, Collision With",2
 Accident,21:30,07/25/2014,Friday,Y,Dark-Road Lighted,NEW YORK,OTHER,NEW YORK,Straight and Level,Clear,Traffic Signal,Dry,"Crossing, With Signal","Pedestrian, Collision With",1
 Damage & Injury Accident,14:28,10/07/2014,Tuesday,Y,Daylight,LANSING,OTHER,TOMPKINS,Straight and Level,Clear,None,Dry,Not Applicable,Deer,1
 Damage Accident,17:25,12/30/2014,Tuesday,N,Unknown,KINGS,Unknown,KINGS,Unknown,Unknown,Unknown,Unknown,Not Applicable,"Other Motor Vehicle, Collision With",2
 Damage & Injury Accident,15:39,03/24/2014,Monday,Y,Daylight,SCHUYLER FALLS,OTHER,CLINTON,Curve and Grade,Clear,No Passing Zone,Wet,Not Applicable,"Guide Rail - Not At End, Collision With Fixed Object",1
 Damage & Injury Accident,16:57,05/05/2014,Monday,Y,Daylight,HUNTINGTON,RIGHT ANGLE,SUFFOLK,Straight and Level,Clear,None,Dry,Not Applicable,"Other Motor Vehicle, Collision With",2
 Damage Accident,10:33,05/23/2014,Friday,Y,Daylight,GLOVERSVILLE,OTHER,FULTON,Straight and Level,Cloudy,Traffic Signal,Dry,Not Applicable,"Other Motor Vehicle, Collision With",3
 Damage Accident,17:15,12/08/2014,Monday,Y,Dark-Road Unlighted,MINISINK,OTHER,ORANGE,Curve and Level,Cloudy,None,Dry,Not Applicable,Deer,1
 Accident,10:50,12/11/2014,Thursday,Y,Daylight,QUEENS,Unknown,QUEENS,Straight and Level,Cloudy,Traffic Signal,Wet,Not Applicable,"Other Motor Vehicle, Collision With",2
 Damage Accident,15:05,06/10/2014,Tuesday,Y,Daylight,ELMIRA,RIGHT ANGLE,CHEMUNG,Straight and Level,Cloudy,None,Dry,Not Applicable,"Other Motor Vehicle, Collision With",2
 Damage Accident,6:57,10/20/2014,Monday,Y,Dawn,POTSDAM,OTHER,ST. LAWRENCE,Straight and Level,Cloudy,No Passing Zone,Dry,Not Applicable,Deer,1
 Damage Accident,9:13,11/13/2014,Thursday,Y,Daylight,SOMERS,RIGHT ANGLE,WESTCHESTER,Straight and Level,Clear,None,Dry,Not Applicable,"Other Motor Vehicle, Collision With",2
 Accident,6:00,03/26/2014,Wednesday,Y,Dark-Road Lighted,BRONX,HEAD ON,BRONX,Straight and Grade,Clear,Traffic Signal,Dry,Not Applicable,"Other Motor Vehicle, Collision With",2
 Damage & Injury Accident,8:35,10/26/2014,Sunday,Y,Daylight,NORTH HEMPSTEAD,RIGHT ANGLE,NASSAU,Straight and Level,Clear,Traffic Signal,Dry,Not Applicable,"Other Motor Vehicle, Collision With",2
 Damage & Injury Accident,13:45,10/08/2014,Wednesday,Y,Daylight,GREENBURGH,OVERTAKING,WESTCHESTER,Straight and Grade,Clear,None,Dry,Not Applicable,"Other Fixed Object*, Collision With Fixed Object",2
 Damage & Injury Accident,12:30,12/13/2014,Saturday,Y,Daylight,SCHUYLER FALLS,REAR END,CLINTON,Straight and Grade,Clear,No Passing Zone,Dry,Not Applicable,"Other Motor Vehicle, Collision With",2
 Damage Accident,15:54,10/10/2014,Friday,Y,Daylight,LINDENHURST,Unknown,SUFFOLK,Straight and Level,Clear,Stop Sign,Dry,Not Applicable,"Other Motor Vehicle, Collision With",2
 Damage Accident,23:10,08/27/2014,Wednesday,Y,Dark-Road Lighted,OYSTER BAY,RIGHT ANGLE,NASSAU,Straight and Level,Clear,Traffic Signal,Dry,Not Applicable,"Other Motor Vehicle, Collision With",2
 Accident,6:01,10/24/2014,Friday,Y,Dark-Road Lighted,BRONX,OTHER,BRONX,Straight and Level,Clear,None,Dry,Not Applicable,"Other Motor Vehicle, Collision With",4
 Accident,20:20,02/14/2014,Friday,N,Unknown,QUEENS,Unknown,QUEENS,Unknown,Unknown,Unknown,Unknown,Not Applicable,"Other Motor Vehicle, Collision With",2
 Damage & Injury Accident,11:22,03/13/2014,Thursday,Y,Daylight,BABYLON,OTHER,SUFFOLK,Straight and Level,Cloudy,Traffic Signal,Dry,Not Applicable,"Other Motor Vehicle, Collision With",3
 Damage & Injury Accident,14:15,06/07/2014,Saturday,Y,Daylight,CLAY,OTHER,ONONDAGA,Straight and Level,Clear,None,Dry,Not Applicable,"Other Motor Vehicle, Collision With",3
 Damage & Injury Accident,19:57,01/02/2014,Thursday,Y,Dark-Road Unlighted,BROOKHAVEN,OTHER,SUFFOLK,Straight and Level,Snow,None,Snow/Ice,Not Applicable,"Tree, Collision With Fixed Object",1
 Damage & Injury Accident,15:50,04/07/2014,Monday,Y,Daylight,BABYLON,RIGHT TURN (5),SUFFOLK,Straight and Level,Cloudy,Unknown,Dry,Not Applicable,"Other Motor Vehicle, Collision With",2
 Damage Accident,10:40,05/28/2014,Wednesday,Y,Daylight,AMSTERDAM,LEFT TURN (0),MONTGOMERY,Straight and Level,Cloudy,Traffic Signal,Dry,Not Applicable,"Other Motor Vehicle, Collision With",2
 Damage Accident,2:30,09/20/2014,Saturday,N,Daylight,CLARENCE,Unknown,ERIE,Straight and Level,Clear,Traffic Signal,Dry,Not Applicable,"Other Motor Vehicle, Collision With",2
 Damage Accident,18:30,04/29/2014,Tuesday,N,Unknown,QUEENS,OTHER,QUEENS,Unknown,Unknown,Unknown,Unknown,Not Applicable,"Other Fixed Object*, Collision With Fixed Object",1
 Damage Accident,21:43,01/14/2014,Tuesday,Y,Dark-Road Unlighted,MENANDS,REAR END,ALBANY,Straight and Level,Clear,None,Wet,Not Applicable,"Other Motor Vehicle, Collision With",2
 Accident,15:15,08/24/2014,Sunday,Y,Daylight,QUEENS,Unknown,QUEENS,Straight and Level,Clear,Traffic Signal,Dry,Not Applicable,"Other Motor Vehicle, Collision With",2
 Damage & Injury Accident,9:40,02/26/2014,Wednesday,Y,Daylight,RICHMOND,OTHER,RICHMOND,Straight and Level,Snow,Construction Work Area,Wet,Not Applicable,"Crash Cushion, Collision With Fixed Object",1
 Damage Accident,8:30,06/22/2014,Sunday,Y,Daylight,KENT,OTHER,PUTNAM,Straight and Grade,Clear,None,Dry,Not Applicable,Deer,1
 Damage Accident,11:35,01/18/2014,Saturday,Y,Daylight,EAST HILLS,HEAD ON,NASSAU,Straight and Level,Snow,None,Snow/Ice,Not Applicable,"Other Motor Vehicle, Collision With",2
 Damage Accident,8:00,10/18/2014,Saturday,Y,Daylight,HEMPSTEAD,RIGHT ANGLE,NASSAU,Straight and Level,Clear,Traffic Signal,Dry,Not Applicable,"Other Motor Vehicle, Collision With",2