 Descriptor,Time,Date,Day of Week,Police Report,Lighting Conditions,Municipality,Collision Type Descriptor,County Name,Road Descriptor,Weather Conditions,Traffic Control Device,Road Surface Conditions,Pedestrian Bicyclist Action,Event Descriptor,Number of Vehicles Involved
 Damage Accident,20:30,11/13/2014,Thursday,Y,Dark-Road Unlighted,,OTHER,ORANGE,Straight and Grade,Snow,None,Wet,Not Applicable,"Guide Rail - Not At End, Collision With Fixed Object",1
 Damage Accident,17:46,12/06/2014,Saturday,Y,Dark-Road Lighted,HEMPSTEAD,OTHER,NASSAU,Straight and Level,Rain,Traffic Signal,Wet,Not Applicable,"Light Support/Utility Pole, Collision With Fixed Object",1
 Damage & Injury Accident,19:36,01/16/2014,Thursday,Y,Dark-Road Lighted,BABYLON,Unknown,SUFFOLK,Straight and Level,Clear,None,Dry,Not Applicable,"Other Motor Vehicle, Collision With",2
 Damage & Injury Accident,1:42,04/12/2014,Saturday,Y,Dark-Road Lighted,LOCKPORT,HEAD ON,NIAGARA,Curve and Level,Rain,Unknown,Wet,Not Applicable,"Other Motor Vehicle, Collision With",2
 Damage & Injury Accident,20:00,01/09/2014,Thursday,Y,Dark-Road Lighted,SCHUYLERVILLE,RIGHT ANGLE,SARATOGA,Straight and Level,Clear,Traffic Signal,Dry,Not Applicable,"Other Motor Vehicle, Collision With",2
 Damage Accident,20:45,08/26/2014,Tuesday,Y,Dark-Road Lighted,BROADALBIN,OTHER,FULTON,Straight and Level,Clear,Stop Sign,Dry,Not Applicable,"Culver/Head Wall, Collision With Fixed Object",1
 Damage Accident,10:37,12/12/2014,Friday,Y,Daylight,FLOWER HILL,OTHER,NASSAU,Straight and Level,Clear,None,Dry,Not Applicable,"Other Motor Vehicle, Collision With",3
 Damage Accident,10:51,12/23/2014,Tuesday,Y,Daylight,SCHUYLER FALLS,OVERTAKING,CLINTON,Straight and Level,Cloudy,None,Slush,Not Applicable,"Other Motor Vehicle, Collision With",2
 Damage & Injury Accident,6:55,03/14/2014,Friday,Y,Dawn,SHERIDAN,OTHER,CHAUTAUQUA,Straight and Level,Cloudy,No Passing Zone,Wet,Not Applicable,"Tree, Collision With Fixed Object",1
 Damage Accident,22:03,10/13/2014,Monday,Y,Dark-Road Unlighted,PLATTSBURG,OTHER,CLINTON,Straight and Level,Clear,None,Dry,Not Applicable,Deer,1
 Accident,10:54,03/10/2014,Monday,Y,Daylight,KINGS,RIGHT ANGLE,KINGS,Straight and Level,Clear,Traffic Signal,Dry,Not Applicable,"Other Motor Vehicle, Collision With",2
 Damage Accident,7:50,05/05/2014,Monday,Y,Daylight,GAINESVILLE,RIGHT ANGLE,WYOMING,Curve and Level,Cloudy,None,Dry,Not Applicable,"Other Motor Vehicle, Collision With",2
 Damage Accident,21:06,07/15/2014,Tuesday,Y,Dark-Road Unlighted,NEW PALTZ,OTHER,ULSTER,Straight and Level,Cloudy,None,Dry,Not Applicable,Deer,1
 Damage Accident,0:55,09/04/2014,Thursday,Y,Dark-Road Lighted,ISLIP,Unknown,SUFFOLK,Straight and Level,Clear,Traffic Signal,Dry,Not Applicable,"Light Support/Utility Pole, Collision With Fixed Object",2
 Damage Accident,19:40,09/11/2014,Thursday,Y,Dark-Road Unlighted,WAYLAND,OTHER,STEUBEN,Straight and Level,Cloudy,None,Dry,Not Applicable,Deer,1
 Damage Accident,13:55,10/01/2014,Wednesday,Y,Daylight,ULSTER,REAR END,ULSTER,Straight and Level,Cloudy,None,Wet,Not Applicable,"Other Motor Vehicle, Collision With",2
 Damage Accident,21:30,12/06/2014,Saturday,N,Dark-Road Unlighted,QUEENSBURY,OTHER,WARREN,Curve and Level,Sleet/Hail/Freezing Rain,None,Slush,Not Applicable,"Earth Embankment/Rock Cut/Ditch, Collision With Fixed Object",1
 Damage Accident,14:08,09/05/2014,Friday,Y,Daylight,HYDE PARK,OTHER,DUTCHESS,Curve and Grade,Cloudy,None,Dry,Not Applicable,"Guide Rail - Not At End, Collision With Fixed Object",1
 Damage Accident,16:15,12/15/2014,Monday,N,Unknown,BRONX,REAR END,BRONX,Unknown,Unknown,Unknown,Unknown,Not Applicable,"Other Motor Vehicle, Collision With",2
 Accident,8:17,07/25/2014,Friday,Y,Daylight,OYSTER BAY,REAR END,NASSAU,Straight and Level,Clear,None,Dry,Not Applicable,"Other Motor Vehicle, Collision With",2
 Accident,12:00,11/15/2014,Saturday,Y,Daylight,KINGS,OTHER,KINGS,Straight and Level,Clear,None,Dry,Not Applicable,"Other Motor Vehicle, Collision With",4
 Accident,17:00,12/13/2014,Saturday,Y,Dawn,ONEONTA,OTHER,OTSEGO,Straight and Level,Cloudy,None,Wet,Not in Roadway (Indicate),"Pedestrian, Collision With",1
 Accident,13:58,05/04/2014,Sunday,Y,Daylight,QUEENS,REAR END,QUEENS,Straight and Level,Cloudy,None,Dry,Not Applicable,"Other Motor Vehicle, Collision With",2
 Accident,16:50,06/12/2014,Thursday,Y,Daylight,QUEENS,Unknown,QUEENS,Straight and Level,Cloudy,Traffic Signal,Dry,Not Applicable,"Other Motor Vehicle, Collision With",2
 Damage Accident,7:43,01/22/2014,Wednesday,Y,Daylight,BRIGHTON,LEFT TURN (3),MONROE,Straight and Level,Snow,Stop Sign,Snow/Ice,Not Applicable,"Other Motor Vehicle, Collision With",2
 Accident,12:23,05/22/2014,Thursday,Y,Daylight,KINGS,OTHER,KINGS,Straight and Level,Cloudy,Traffic Signal,Dry,"Crossing, With Signal","Pedestrian, Collision With",1
 Damage & Injury Accident,0:00,07/07/2014,Monday,N,Unknown,,OVERTAKING,BROOME,Unknown,Unknown,Unknown,Unknown,Not Applicable,"Other Motor Vehicle, Collision With",2
 Damage Accident,7:51,03/06/2014,Thursday,Y,Daylight,MAMARONECK,OVERTAKING,WESTCHESTER,Straight and Level,Clear,None,Dry,Not Applicable,"Other Motor Vehicle, Collision With",2
 Damage Accident,13:15,10/20/2014,Monday,Y,Daylight,GATES,OTHER,MONROE,Straight and Level,Clear,None,Dry,Not Applicable,Deer,1
 Damage & Injury Accident,17:38,11/05/2014,Wednesday,Y,Dark-Road Lighted,ROTTERDAM,RIGHT ANGLE,SCHENECTADY,Straight and Level,Clear,Traffic Signal,Dry,Not Applicable,"Other Motor Vehicle, Collision With",2
 Accident,17:40,07/05/2014,Saturday,Y,Daylight,QUEENS,Unknown,QUEENS,Straight and Level,Clear,None,Dry,Not Applicable,"Other Motor Vehicle, Collision With",2
 Damage Accident,13:48,05/09/2014,Friday,Y,Daylight,JAMESTOWN,OTHER,CHAUTAUQUA,Straight and Grade,Clear,None,Dry,Not Applicable,"Sign Post, Collision With Fixed Object",1
 Damage Accident,0:00,09/05/2014,Friday,N,Unknown,DEWITT,Unknown,ONONDAGA,Unknown,Unknown,Unknown,Unknown,Not Applicable,"Other Motor Vehicle, Collision With",2
 Accident,13:45,11/01/2014,Saturday,Y,Daylight,BRONX,OTHER,BRONX,Straight at Hill Crest,Rain,Traffic Signal,Wet,"Crossing, With Signal","Pedestrian, Collision With",1
 Accident,19:20,08/07/2014,Thursday,Y,Daylight,KINGS,REAR END,KINGS,Straight and Level,Clear,Unknown,Dry,Not Applicable,"Other Motor Vehicle, Collision With",2
 Accident,12:50,05/17/2014,Saturday,Y,Daylight,NEW YORK,Unknown,NEW YORK,Straight and Level,Clear,Traffic Signal,Dry,Not Applicable,"Other Motor Vehicle, Collision With",2
 Damage & Injury Accident,19:10,05/28/2014,Wednesday,Y,Dusk,WAWAYANDA,LEFT TURN (0),ORANGE,Straight and Level,Cloudy,Stop Sign,Dry,Not Applicable,"Other Motor Vehicle, Collision With",2
 Damage Accident,18:35,03/24/2014,Monday,Y,Daylight,MARLBOROUGH,OTHER,ULSTER,Curve and Grade,Clear,No Passing Zone,Dry,Not Applicable,"Building/Wall, Collision With Fixed Object",1
 Damage Accident,4:25,09/30/2014,Tuesday,Y,Dark-Road Lighted,ALLEGANY,OTHER,CATTARAUGUS,Straight and Level,Fog/Smog/Smoke,Stop Sign,Dry,Not Applicable,"Earth Embankment/Rock Cut/Ditch, Collision With Fixed Object",1
 Damage Accident,14:30,12/23/2014,Tuesday,Y,Daylight,AMENIA,OTHER,DUTCHESS,Curve and Grade,Rain,No Passing Zone,Wet,Not Applicable,"Tree, Collision With Fixed Object",1
 Damage Accident,20:24,12/05/2014,Friday,Y,Dark-Road Unlighted,COLONIE,OTHER,ALBANY,Straight and Level,Sleet/Hail/Freezing Rain,None,Snow/Ice,Not Applicable,"Guide Rail - Not At End, Collision With Fixed Object",1
 Damage Accident,23:50,06/29/2014,Sunday,Y,Dark-Road Unlighted,RHINEBECK,OTHER,DUTCHESS,Curve and Level,Clear,None,Dry,Not Applicable,"Tree, Collision With Fixed Object",1
 Damage & Injury Accident,14:50,04/19/2014,Saturday,Y,Daylight,QUEENS,OTHER,QUEENS,Straight and Level,Clear,None,Dry,Not Applicable,"Other Motor Vehicle, Collision With",4
 Damage & Injury Accident,19:10,03/04/2014,Tuesday,Y,Dark-Road Lighted,HEMPSTEAD,REAR END,NASSAU,Straight and Level,Clear,None,Dry,Not Applicable,"Other Motor Vehicle, Collision With",2
 Damage Accident,7:00,01/30/2014,Thursday,Y,Daylight,SCHODACK,REAR END,RENSSELAER,Straight and Level,Clear,No Passing Zone,Dry,Not Applicable,"Other Motor Vehicle, Collision With",2
 Damage Accident,7:39,01/15/2014,Wednesday,Y,Daylight,LLOYD,SIDESWIPE,ULSTER,Curve at Hill Crest,Fog/Smog/Smoke,None,Snow/Ice,Not Applicable,"Other Motor Vehicle, Collision With",2
 Damage Accident,17:41,04/25/2014,Friday,Y,Daylight,COLONIE,REAR END,ALBANY,Straight and Grade,Cloudy,None,Dry,Not Applicable,"Other Motor Vehicle, Collision With",2
 Damage Accident,0:00,05/19/2014,Monday,N,Unknown,BUFFALO,REAR END,ERIE,Unknown,Unknown,Unknown,Unknown,Not Applicable,"Other Motor Vehicle, Collision With",2
 Damage & Injury Accident,15:45,05/04/2014,Sunday,Y,Daylight,SOMERS,OTHER,WESTCHESTER,Straight and Level,Rain,None,Wet,Not Applicable,"Tree, Collision With Fixed Object",1
 Damage & Injury Accident,19:08,08/27/2014,Wednesday,Y,Dawn,NEW YORK,RIGHT ANGLE,NEW YORK,Straight and Level,Clear,Traffic Signal,Dry,Not Applicable,"Other Motor Vehicle, Collision With",2
 Damage Accident,18:50,02/15/2014,Saturday,N,Dark-Road Unlighted,BROOKHAVEN,OTHER,SUFFOLK,Straight and Level,Snow,None,Snow/Ice,Not Applicable,"Barrier, Collision With Fixed Object",1
 Damage Accident,22:00,11/21/2014,Friday,Y,Dark-Road Lighted,SYRACUSE,OTHER,ONONDAGA,Straight and Level,Snow,No Passing Zone,Wet,Not Applicable,"Light Support/Utility Pole, Collision With Fixed Object",1
 Damage & Injury Accident,16:11,02/19/2014,Wednesday,Y,Daylight,COLONIE,LEFT TURN (3),ALBANY,Straight and Level,Snow,Traffic Signal,Wet,Not Applicable,"Other Motor Vehicle, Collision With",2
 Damage & Injury Accident,14:13,03/17/2014,Monday,N,Unknown,BUFFALO,Unknown,ERIE,Unknown,Unknown,Unknown,Unknown,Not Applicable,"Other Motor Vehicle, Collision With",2
 Damage Accident,11:56,04/24/2014,Thursday,Y,Daylight,HEMPSTEAD,OVERTAKING,NASSAU,Straight and Level,Clear,Traffic Signal,Dry,Not Applicable,"Other Motor Vehicle, Collision With",2
 Damage Accident,11:25,05/06/2014,Tuesday,Y,Daylight,RAMAPO,REAR END,ROCKLAND,Straight and Level,Clear,Stop Sign,Dry,Not Applicable,"Other Motor Vehicle, Collision With",2
 Damage Accident,8:26,02/08/2014,Saturday,Y,Daylight,EVANS,LEFT TURN (0),ERIE,Straight and Level,Cloudy,Traffic Signal,Snow/Ice,Not Applicable,"Other Motor Vehicle, Collision With",2
 Damage & Injury Accident,15:46,01/22/2014,Wednesday,Y,Daylight,NEW YORK MILLS,REAR END,ONEIDA,Straight and Level,Clear,None,Dry,Not Applicable,"Other Motor Vehicle, Collision With",2
 Damage Accident,7:05,09/03/2014,Wednesday,Y,Daylight,IRONDEQUOIT,REAR END,MONROE,Straight and Level,Clear,No Passing Zone,Dry,Not Applicable,"Other Motor Vehicle, Collision With",2
 Damage Accident,10:00,11/26/2014,Wednesday,Y,Daylight,PHILLIPSTOWN,OTHER,PUTNAM,Curve and Level,Snow,No Passing Zone,Snow/Ice,Not Applicable,"Other Fixed Object*, Collision With Fixed Object",1
 Damage Accident,8:00,09/15/2014,Monday,N,Unknown,ALBANY,REAR END,ALBANY,Unknown,Unknown,Unknown,Unknown,Not Applicable,"Other Motor Vehicle, Collision With",2
 Damage & Injury Accident,17:55,07/22/2014,Tuesday,Y,Daylight,ISLIP,REAR END,SUFFOLK,Straight and Level,Clear,None,Dry,Not Applicable,"Other Motor Vehicle, Collision With",2
 Damage Accident,12:15,06/25/2014,Wednesday,Y,Daylight,ROCHESTER,LEFT TURN (3),MONROE,Straight and Level,Rain,Stop Sign,Wet,Not Applicable,"Other Motor Vehicle, Collision With",2
 Damage Accident,23:09,02/09/2014,Sunday,Y,Dark-Road Unlighted,CHEEKTOWAGA,OTHER,ERIE,Straight and Level,Snow,RR Crossing Gates,Wet,Not Applicable,"Sign Post, Collision With Fixed Object",1
 Damage Accident,16:00,10/01/2014,Wednesday,Y,Daylight,LA GRANGE,OTHER,DUTCHESS,Curve and Grade,Cloudy,None,Wet,Not Applicable,"Guide Rail - Not At End, Collision With Fixed Object",1
 Accident,20:50,02/28/2014,Friday,Y,Dark-Road Lighted,KINGS,OVERTAKING,KINGS,Straight and Level,Clear,None,Dry,Not Applicable,"Other Motor Vehicle, Collision With",2
 Damage & Injury Accident,16:54,05/10/2014,Saturday,Y,Daylight,BROOKHAVEN,Unknown,SUFFOLK,Straight and Level,Cloudy,None,Dry,Not Applicable,"Other Motor Vehicle, Collision With",2
 Damage Accident,13:20,08/20/2014,Wednesday,N,Daylight,LANCASTER,REAR END,ERIE,Straight and Level,Cloudy,Unknown,Dry,Not Applicable,"Other Motor Vehicle, Collision With",2
 Damage & Injury Accident,14:35,06/22/2014,Sunday,Y,Daylight,DEERPARK,HEAD ON,ORANGE,Curve and Grade,Clear,No Passing Zone,Dry,Not Applicable,"Other Motor Vehicle, Collision With",2
 Damage Accident,0:00,03/15/2014,Saturday,N,Unknown,QUEENS,Unknown,QUEENS,Unknown,Unknown,Unknown,Unknown,Not Applicable,"Other Motor Vehicle, Collision With",2
 Damage & Injury Accident,15:45,02/27/2014,Thursday,N,Daylight,TONAWANDA,OTHER,ERIE,Straight and Level,Clear,Traffic Signal,Wet,Not Applicable,"Other Motor Vehicle, Collision With",3
 Damage Accident,20:35,12/13/2014,Saturday,Y,Dark-Road Lighted,SYRACUSE,OVERTAKING,ONONDAGA,Straight and Level,Sleet/Hail/Freezing Rain,None,Wet,Not Applicable,"Other Motor Vehicle, Collision With",2
 Damage Accident,7:44,12/11/2014,Thursday,N,Daylight,HUNTINGTON,Unknown,SUFFOLK,Straight and Level,Cloudy,None,Snow/Ice,Not Applicable,"Other Motor Vehicle, Collision With",2
 Damage Accident,12:00,08/08/2014,Friday,N,Unknown,KINGS,OVERTAKING,KINGS,Unknown,Unknown,Unknown,Unknown,Not Applicable,"Other Motor Vehicle, Collision With",2
 Damage Accident,20:14,12/10/2014,Wednesday,Y,Dark-Road Unlighted,OWEGO,REAR END,TIOGA,Straight and Level,Snow,None,Snow/Ice,Not Applicable,"Other Motor Vehicle, Collision With",2
 Damage Accident,8:04,11/28/2014,Friday,Y,Daylight,UNION,OTHER,BROOME,Curve and Grade,Cloudy,None,Snow/Ice,Not Applicable,"Earth Embankment/Rock Cut/Ditch, Collision With Fixed Object",1
 Damage Accident,0:00,04/21/2014,Monday,N,Daylight,KINGS,Unknown,KINGS,Straight and Level,Clear,None,Dry,Not Applicable,"Other Motor Vehicle, Collision With",2
 Accident,3:06,09/21/2014,Sunday,Y,Dark-Road Unlighted,MEXICO,OTHER,OSWEGO,Curve at Hill Crest,Clear,No Passing Zone,Dry,Not Applicable,"Other Fixed Object*, Collision With Fixed Object",1
 Accident,19:03,06/08/2014,Sunday,Y,Daylight,NEW YORK,Unknown,NEW YORK,Straight and Level,Clear,Traffic Signal,Dry,Not Applicable,"Other Motor Vehicle, Collision With",2
 Accident,13:36,09/04/2014,Thursday,Y,Daylight,MAMARONECK,OTHER,WESTCHESTER,Straight and Level,Clear,None,Dry,Not in Roadway (Indicate),"Bicyclist, Collision With",1
 Damage & Injury Accident,12:10,03/01/2014,Saturday,Y,Daylight,HUNTINGTON,REAR END,SUFFOLK,Straight and Level,Clear,Traffic Signal,Dry,Not Applicable,"Other Motor Vehicle, Collision With",2
 Damage Accident,14:50,09/23/2014,Tuesday,N,Daylight,KINGS,Unknown,KINGS,Straight and Level,Clear,Unknown,Dry,Not Applicable,"Other Motor Vehicle, Collision With",2
 Damage Accident,10:46,06/17/2014,Tuesday,Y,Daylight,CLARKSTOWN,RIGHT TURN (6),ROCKLAND,Straight and Level,Cloudy,None,Dry,Not Applicable,"Other Motor Vehicle, Collision With",2
 Accident,12:30,06/22/2014,Sunday,Y,Daylight,NEWBURGH,LEFT TURN (3),ORANGE,Straight and Grade,Clear,Stop Sign,Dry,Not Applicable,"Other Motor Vehicle, Collision With",2
 Damage Accident,16:30,01/15/2014,Wednesday,Y,Dusk,FRANKLIN,OTHER,DELAWARE,Straight and Grade,Cloudy,No Passing Zone,Wet,Not Applicable,"Earth Embankment/Rock Cut/Ditch, Collision With Fixed Object",1
 Damage Accident,15:14,11/12/2014,Wednesday,Y,Daylight,HAMBURG,LEFT TURN (3),ERIE,Straight and Level,Cloudy,None,Dry,Not Applicable,"Other Motor Vehicle, Collision With",2
 Damage Accident,8:00,01/29/2014,Wednesday,Y,Daylight,WATERTOWN,REAR END,JEFFERSON,Straight and Level,Snow,None,Snow/Ice,Not Applicable,"Other Motor Vehicle, Collision With",2
 Accident,15:25,12/15/2014,Monday,Y,Daylight,QUEENS,RIGHT ANGLE,QUEENS,Straight and Level,Clear,Stop Sign,Dry,Not Applicable,"Other Motor Vehicle, Collision With",2
 Damage & Injury Accident,16:00,11/01/2014,Saturday,Y,Daylight,EASTCHESTER,RIGHT ANGLE,WESTCHESTER,Straight and Level,Rain,Stop Sign,Wet,Not Applicable,"Other Motor Vehicle, Collision With",2
 Damage Accident,18:30,02/22/2014,Saturday,N,Dark-Road Unlighted,SPENCERPORT,OTHER,MONROE,Straight and Level,Cloudy,None,Dry,Not Applicable,Deer,1
 Damage Accident,12:45,05/17/2014,Saturday,Y,Daylight,FAIRPORT,REAR END,MONROE,Straight and Level,Cloudy,None,Dry,Not Applicable,"Other Motor Vehicle, Collision With",2
 Damage Accident,7:44,07/25/2014,Friday,Y,Daylight,CANANDAIGUA,OTHER,ONTARIO,Straight and Grade,Clear,No Passing Zone,Dry,Not Applicable,Deer,1
 Damage Accident,16:30,02/06/2014,Thursday,Y,Daylight,HEMPSTEAD,LEFT TURN (3),NASSAU,Straight and Level,Cloudy,None,Dry,Not Applicable,"Other Motor Vehicle, Collision With",2
 Accident,14:40,07/18/2014,Friday,Y,Daylight,QUEENS,OTHER,QUEENS,Straight and Level,Clear,Traffic Signal,Dry,Not Applicable,"Other Motor Vehicle, Collision With",4
 Damage Accident,15:53,08/20/2014,Wednesday,Y,Daylight,ROCHESTER,REAR END,MONROE,Straight and Level,Rain,None,Wet,Not Applicable,"Other Motor Vehicle, Collision With",2
 Damage & Injury Accident,15:40,01/16/2014,Thursday,Y,Daylight,BUFFALO,REAR END,ERIE,Straight and Level,Clear,Traffic Signal,Dry,Not Applicable,"Other Motor Vehicle, Collision With",2
 Damage Accident,0:00,09/20/2014,Saturday,N,Daylight,QUEENS,Unknown,QUEENS,Straight and Grade,Clear,None,Dry,Not Applicable,"Other Motor Vehicle, Collision With",2
 Damage Accident,13:10,04/08/2014,Tuesday,Y,Daylight,BROOKHAVEN,OTHER,SUFFOLK,Straight and Level,Cloudy,None,Dry,Not Applicable,"Other Motor Vehicle, Collision With",3
 Damage Accident,12:35,01/29/2014,Wednesday,Y,Daylight,CLAYTON,REAR END,JEFFERSON,Straight and Level,Snow,None,Snow/Ice,Not Applicable,"Other Motor Vehicle, Collision With",2
 Accident,18:40,12/23/2014,Tuesday,Y,Dark-Road Unlighted,QUEENS,OTHER,QUEENS,Straight and Level,Cloudy,None,Wet,Not Applicable,"Other Motor Vehicle, Collision With",3
 Damage Accident,13:35,10/27/2014,Monday,N,Daylight,GARDEN CITY,LEFT TURN (3),NASSAU,Straight and Level,Clear,Traffic Signal,Dry,Not Applicable,"Other Motor Vehicle, Collision With",2
 Accident,14:20,12/17/2014,Wednesday,Y,Daylight,NORTH HEMPSTEAD,OTHER,NASSAU,Straight and Level,Cloudy,Traffic Signal,Dry,"Crossing, Against Signal","Pedestrian, Collision With",1
 Damage Accident,12:15,12/29/2014,Monday,Y,Daylight,HEMPSTEAD,OTHER,NASSAU,Straight and Level,Cloudy,None,Dry,Not Applicable,"Other Motor Vehicle, Collision With",2
 Accident,11:30,08/12/2014,Tuesday,N,Unknown,QUEENS,Unknown,QUEENS,Unknown,Unknown,Unknown,Unknown,Not Applicable,"Other Motor Vehicle, Collision With",2
 Damage & Injury Accident,14:57,03/14/2014,Friday,Y,Daylight,AUBURN,OTHER,CAYUGA,Straight and Grade,Clear,None,Dry,Not Applicable,"Other Motor Vehicle, Collision With",3
 Damage Accident,11:51,02/11/2014,Tuesday,Y,Daylight,LOCKPORT,REAR END,NIAGARA,Straight and Level,Cloudy,None,Wet,Not Applicable,"Other Motor Vehicle, Collision With",2
 Damage & Injury Accident,12:54,02/11/2014,Tuesday,Y,Daylight,MOUNT PLEASANT,Unknown,WESTCHESTER,Curve and Level,Clear,None,Dry,Not Applicable,"Other Motor Vehicle, Collision With",2
 Damage Accident,17:30,04/21/2014,Monday,N,Unknown,QUEENS,RIGHT ANGLE,QUEENS,Unknown,Unknown,Unknown,Unknown,Not Applicable,"Other Motor Vehicle, Collision With",2
 Damage Accident,15:50,07/13/2014,Sunday,Y,Daylight,ALBION,HEAD ON,ORLEANS,Straight and Level,Cloudy,None,Wet,Not Applicable,"Other Motor Vehicle, Collision With",2
 Damage Accident,0:20,05/18/2014,Sunday,Y,Dark-Road Lighted,SMITHTOWN,OTHER,SUFFOLK,Straight and Level,Clear,None,Dry,Not Applicable,"Curbing, Collision With Fixed Object",1
 Damage Accident,10:30,05/10/2014,Saturday,Y,Daylight,GUILDERLAND,REAR END,ALBANY,Straight and Grade,Cloudy,None,Dry,Not Applicable,"Other Motor Vehicle, Collision With",2
 Accident,13:00,09/20/2014,Saturday,Y,Daylight,QUEENS,Unknown,QUEENS,Straight and Level,Clear,Traffic Signal,Dry,Not Applicable,"Other Motor Vehicle, Collision With",2
 Damage Accident,11:00,02/15/2014,Saturday,N,Unknown,QUEENS,REAR END,QUEENS,Unknown,Unknown,Unknown,Unknown,Not Applicable,"Other Motor Vehicle, Collision With",2
 Damage Accident,10:13,08/25/2014,Monday,Y,Daylight,ROCKVILLE CENTRE,REAR END,NASSAU,Curve and Level,Clear,Stop Sign,Dry,Not Applicable,"Other Motor Vehicle, Collision With",2
 Accident,18:45,01/18/2014,Saturday,Y,Dark-Road Lighted,BRONX,REAR END,BRONX,Straight and Level,Clear,Traffic Signal,Dry,Not Applicable,"Other Motor Vehicle, Collision With",2
 Damage & Injury Accident,10:10,06/17/2014,Tuesday,Y,Daylight,BURKE,REAR END,FRANKLIN,Straight and Level,Clear,None,Dry,Not Applicable,"Other Motor Vehicle, Collision With",2
 Accident,12:16,09/08/2014,Monday,Y,Daylight,NEW YORK,OTHER,NEW YORK,Straight and Level,Clear,Traffic Signal,Dry,"Crossing, With Signal","Bicyclist, Collision With",1
 Damage Accident,10:02,02/26/2014,Wednesday,Y,Daylight,ALBANY,RIGHT TURN (5),ALBANY,Straight and Level,Cloudy,Traffic Signal,Dry,Not Applicable,"Other Motor Vehicle, Collision With",2
 Damage & Injury Accident,20:52,05/15/2014,Thursday,Y,Dark-Road Lighted,LAFAYETTE,RIGHT ANGLE,ONONDAGA,Straight and Grade,Clear,Stop Sign,Dry,Not Applicable,"Other Motor Vehicle, Collision With",2
 Damage Accident,17:09,08/22/2014,Friday,Y,Daylight,OWASCO,OTHER,CAYUGA,Straight and Level,Rain,No Passing Zone,Wet,Not Applicable,Deer,1
 Damage Accident,16:19,06/06/2014,Friday,N,Unknown,HEMPSTEAD,Unknown,NASSAU,Unknown,Unknown,Unknown,Unknown,Not Applicable,"Other Motor Vehicle, Collision With",2
 Damage & Injury Accident,15:25,08/01/2014,Friday,Y,Daylight,HEMPSTEAD,REAR END,NASSAU,Straight at Hill Crest,Cloudy,None,Dry,Not Applicable,"Other Motor Vehicle, Collision With",2
 Accident,15:30,02/28/2014,Friday,Y,Daylight,NEW YORK,Unknown,NEW YORK,Straight and Level,Clear,None,Dry,Not Applicable,"Other Motor Vehicle, Collision With",2
 Damage Accident,12:15,08/03/2014,Sunday,Y,Daylight,PERRY,HEAD ON,WYOMING,Straight and Level,Cloudy,None,Dry,Not Applicable,"Other Motor Vehicle, Collision With",2
 Damage Accident,20:06,09/21/2014,Sunday,Y,Dark-Road Lighted,SOUTHOLD,OTHER,SUFFOLK,Straight and Level,Clear,No Passing Zone,Dry,Not Applicable,Deer,1
 Damage & Injury Accident,16:30,01/12/2014,Sunday,Y,Daylight,KINGS,OTHER,KINGS,Straight and Level,Clear,Stop Sign,Dry,Not Applicable,"Other Motor Vehicle, Collision With",3
 Damage Accident,14:00,06/09/2014,Monday,N,Unknown,NORTH HEMPSTEAD,OVERTAKING,NASSAU,Unknown,Unknown,Unknown,Unknown,Not Applicable,"Other Motor Vehicle, Collision With",2
 Damage & Injury Accident,7:45,10/05/2014,Sunday,Y,Daylight,SOUTHEAST,OTHER,PUTNAM,Curve and Grade,Clear,None,Dry,Not Applicable,"Overturned, Non-Collision",1
 Damage Accident,17:44,01/29/2014,Wednesday,Y,Dark-Road Unlighted,GUILDERLAND,OTHER,ALBANY,Straight and Level,Clear,None,Dry,Not Applicable,"Other Motor Vehicle, Collision With",5
 Damage Accident,17:20,01/08/2014,Wednesday,Y,Dark-Road Lighted,AMHERST,LEFT TURN (3),ERIE,Straight and Level,Cloudy,Traffic Signal,Snow/Ice,Not Applicable,"Other Motor Vehicle, Collision With",2
 Damage Accident,15:19,08/18/2014,Monday,Y,Daylight,RAMAPO,RIGHT ANGLE,ROCKLAND,Straight and Level,Cloudy,Stop Sign,Dry,Not Applicable,"Other Motor Vehicle, Collision With",2
 Accident,7:15,07/16/2014,Wednesday,Y,Daylight,HUNTINGTON,RIGHT ANGLE,SUFFOLK,Straight and Level,Cloudy,None,Dry,Not Applicable,"Other Motor Vehicle, Collision With",2
 Damage Accident,22:36,12/03/2014,Wednesday,Y,Dark-Road Lighted,OWEGO,OTHER,TIOGA,Straight and Level,Cloudy,None,Dry,Not Applicable,"Earth Embankment/Rock Cut/Ditch, Collision With Fixed Object",1
 Accident,7:00,11/24/2014,Monday,Y,Daylight,RICHMOND,OTHER,RICHMOND,Straight and Level,Rain,Traffic Signal,Wet,"Crossing, Against Signal","Pedestrian, Collision With",1
 Damage & Injury Accident,6:00,10/16/2014,Thursday,Y,Dark-Road Lighted,CLARKSTOWN,OTHER,ROCKLAND,Straight and Grade,Rain,None,Wet,Not Applicable,"Guide Rail - Not At End, Collision With Fixed Object",1