 Descriptor,Time,Date,Day of Week,Police Report,Lighting Conditions,Municipality,Collision Type Descriptor,County Name,Road Descriptor,Weather Conditions,Traffic Control Device,Road Surface Conditions,Pedestrian Bicyclist Action,Event Descriptor,Number of Vehicles Involved
 Damage Accident,17:40,12/21/2014,Sunday,Y,Dark-Road Unlighted,BANGOR,OTHER,FRANKLIN,Straight and Level,Clear,None,Dry,Not Applicable,"Animal, Collision With",1
 Damage Accident,16:41,02/25/2014,Tuesday,N,Daylight,KINGS,OVERTAKING,KINGS,Straight and Level,Clear,Traffic Signal,Dry,Not Applicable,"Other Motor Vehicle, Collision With",2
 Damage Accident,16:20,06/03/2014,Tuesday,N,Daylight,BINGHAMTON,RIGHT ANGLE,BROOME,Straight and Level,Clear,Traffic Signal,Dry,Not Applicable,"Other Motor Vehicle, Collision With",2
 Accident,11:30,11/19/2014,Wednesday,N,Unknown,RICHMOND,Unknown,RICHMOND,Unknown,Unknown,Unknown,Unknown,Not Applicable,"Other Motor Vehicle, Collision With",2
 Accident,19:26,01/20/2014,Monday,Y,Dark-Road Lighted,BUFFALO,RIGHT ANGLE,ERIE,Straight and Level,Snow,Traffic Signal,Slush,Not Applicable,"Other Motor Vehicle, Collision With",2
 Damage & Injury Accident,8:27,10/16/2014,Thursday,Y,Daylight,NORTH HEMPSTEAD,OVERTAKING,NASSAU,Straight and Level,Rain,None,Wet,Not Applicable,"Other Motor Vehicle, Collision With",2
 Damage Accident,13:45,05/27/2014,Tuesday,Y,Daylight,RENSSELAER,OTHER,RENSSELAER,Straight and Level,Clear,None,Dry,Not Applicable,"Building/Wall, Collision With Fixed Object",1
 Damage & Injury Accident,11:02,06/06/2014,Friday,Y,Daylight,GORHAM,RIGHT ANGLE,ONTARIO,Straight and Level,Cloudy,Stop Sign,Dry,Not Applicable,"Other Motor Vehicle, Collision With",2
 Damage Accident,12:30,06/27/2014,Friday,N,Unknown,BUFFALO,OTHER,ERIE,Unknown,Unknown,Unknown,Unknown,Not Applicable,"Other Motor Vehicle, Collision With",2
 Accident,0:00,04/07/2014,Monday,Y,Daylight,QUEENS,Unknown,QUEENS,Straight and Level,Cloudy,None,Dry,Not Applicable,"Other Motor Vehicle, Collision With",2
 Accident,12:25,07/23/2014,Wednesday,Y,Daylight,GARDEN CITY,Unknown,NASSAU,Straight and Level,Clear,None,Dry,Not Applicable,"Other Motor Vehicle, Collision With",2
 Damage Accident,13:59,09/10/2014,Wednesday,Y,Daylight,CANTON,RIGHT ANGLE,ST. LAWRENCE,Straight and Level,Cloudy,Stop Sign,Dry,Not Applicable,"Other Motor Vehicle, Collision With",2
 Damage Accident,0:00,10/02/2014,Thursday,N,Unknown,KINGS,OVERTAKING,KINGS,Unknown,Unknown,Unknown,Unknown,Not Applicable,"Other Motor Vehicle, Collision With",2
 Damage & Injury Accident,17:50,12/22/2014,Monday,Y,Dark-Road Lighted,HEMPSTEAD,OTHER,NASSAU,Straight and Level,Clear,None,Dry,Not Applicable,"Other Motor Vehicle, Collision With",3
 Accident,17:35,11/19/2014,Wednesday,Y,Daylight,BRONX,OTHER,BRONX,Straight and Level,Clear,Traffic Signal,Dry,"Crossing, Against Signal","Pedestrian, Collision With",1
 Damage Accident,18:00,11/13/2014,Thursday,Y,Dark-Road Unlighted,LOUISVILLE,OTHER,ST. LAWRENCE,Straight and Level,Cloudy,None,Dry,Not Applicable,Deer,1
 Damage Accident,14:52,03/20/2014,Thursday,Y,Daylight,STOCKHOLM,OTHER,ST. LAWRENCE,Straight and Grade,Cloudy,No Passing Zone,Dry,Not Applicable,Deer,1
 Damage Accident,23:45,07/11/2014,Friday,N,Dark-Road Unlighted,LANSING,OTHER,TOMPKINS,Curve at Hill Crest,Clear,None,Dry,Not Applicable,Deer,1
 Damage Accident,6:50,10/03/2014,Friday,Y,Dawn,EAST AURORA,REAR END,ERIE,Straight and Grade,Clear,None,Dry,Not Applicable,"Other Motor Vehicle, Collision With",2
 Damage Accident,13:21,07/20/2014,Sunday,Y,Daylight,NEW WINDSOR,RIGHT ANGLE,ORANGE,Straight and Level,Clear,Other,Dry,Not Applicable,"Other Motor Vehicle, Collision With",2
 Damage & Injury Accident,14:12,04/25/2014,Friday,Y,Daylight,GUILDERLAND,OTHER,ALBANY,Straight and Level,Clear,Traffic Signal,Dry,Not Applicable,"Other Motor Vehicle, Collision With",3
 Damage & Injury Accident,5:26,06/01/2014,Sunday,Y,Daylight,NEWBURGH,HEAD ON,ORANGE,Straight and Level,Clear,None,Dry,Not Applicable,"Other Motor Vehicle, Collision With",2
 Accident,18:52,04/28/2014,Monday,Y,Daylight,HEMPSTEAD,REAR END,NASSAU,Straight and Level,Clear,Traffic Signal,Dry,Not Applicable,"Other Motor Vehicle, Collision With",2
 Damage Accident,18:21,12/05/2014,Friday,N,Unknown,BRONX,OVERTAKING,BRONX,Unknown,Unknown,Unknown,Unknown,Not Applicable,"Other Motor Vehicle, Collision With",2
 Damage Accident,17:45,10/01/2014,Wednesday,N,Dusk,WAPPINGER FALLS,OTHER,DUTCHESS,Straight and Level,Rain,None,Wet,Not Applicable,Deer,1
 Damage Accident,13:50,08/20/2014,Wednesday,Y,Daylight,QUEENS,Unknown,QUEENS,Straight and Level,Clear,None,Dry,Not Applicable,"Other Motor Vehicle, Collision With",2
 Damage Accident,19:36,01/07/2014,Tuesday,Y,Dark-Road Lighted,BABYLON,REAR END,SUFFOLK,Straight and Level,Clear,Traffic Signal,Dry,Not Applicable,"Other Motor Vehicle, Collision With",2
 Damage Accident,0:00,11/22/2014,Saturday,Y,Dark-Road Lighted,WEST SENECA,Unknown,ERIE,Straight and Level,Snow,None,Snow/Ice,Not Applicable,"Other Motor Vehicle, Collision With",2
 Damage & Injury Accident,7:30,05/18/2014,Sunday,N,Daylight,NEW YORK,RIGHT ANGLE,NEW YORK,Straight and Level,Clear,Traffic Signal,Dry,Not Applicable,"Other Motor Vehicle, Collision With",2
 Damage Accident,16:03,06/09/2014,Monday,Y,Daylight,ASHLAND,REAR END,CHEMUNG,Straight and Level,Rain,No Passing Zone,Wet,Not Applicable,"Other Motor Vehicle, Collision With",2
 Accident,19:00,05/14/2014,Wednesday,Y,Dusk,NEW YORK,REAR END,NEW YORK,Straight and Level,Cloudy,None,Dry,Not Applicable,"Other Motor Vehicle, Collision With",2
 Damage Accident,10:45,11/14/2014,Friday,Y,Daylight,MONROE,REAR END,ORANGE,Straight and Level,Clear,No Passing Zone,Dry,Not Applicable,"Other Motor Vehicle, Collision With",2
 Damage & Injury Accident,20:53,08/11/2014,Monday,Y,Dark-Road Lighted,STONY POINT,RIGHT ANGLE,ROCKLAND,Straight and Level,Clear,Flashing Light,Dry,Not Applicable,"Other Motor Vehicle, Collision With",2
 Accident,18:00,10/16/2014,Thursday,Y,Daylight,BRONX,OTHER,BRONX,Straight and Level,Clear,Traffic Signal,Dry,Unknown,"Pedestrian, Collision With",1
 Damage & Injury Accident,18:04,10/27/2014,Monday,Y,Dusk,MOUNT PLEASANT,LEFT TURN (3),WESTCHESTER,Straight and Level,Clear,Traffic Signal,Dry,Not Applicable,"Other Motor Vehicle, Collision With",2
 Damage Accident,15:30,09/10/2014,Wednesday,N,Unknown,CAMILLUS,Unknown,ONONDAGA,Unknown,Unknown,Unknown,Unknown,Not Applicable,"Other Motor Vehicle, Collision With",2
 Accident,18:30,08/07/2014,Thursday,Y,Daylight,NEW YORK,Unknown,NEW YORK,Straight and Level,Clear,None,Dry,Not Applicable,"Other Motor Vehicle, Collision With",2
 Damage Accident,15:21,10/31/2014,Friday,Y,Daylight,MOUNT PLEASANT,OTHER,WESTCHESTER,Straight and Level,Cloudy,None,Dry,Not Applicable,"Other Motor Vehicle, Collision With",3
 Damage Accident,18:00,12/14/2014,Sunday,N,Unknown,GREECE,OTHER,MONROE,Unknown,Unknown,Unknown,Snow/Ice,Not Applicable,"Curbing, Collision With Fixed Object",1
 Damage Accident,20:07,10/18/2014,Saturday,Y,Dark-Road Lighted,HAMBURG,REAR END,ERIE,Straight and Level,Cloudy,Traffic Signal,Dry,Not Applicable,"Other Motor Vehicle, Collision With",2
 Damage Accident,9:57,05/04/2014,Sunday,Y,Daylight,WEBSTER,OVERTAKING,MONROE,Straight and Level,Clear,None,Dry,Not Applicable,"Other Motor Vehicle, Collision With",2
 Damage Accident,18:00,10/14/2014,Tuesday,Y,Dusk,HUDSON FALLS,OTHER,WASHINGTON,Straight and Level,Clear,None,Dry,Not Applicable,"Other Motor Vehicle, Collision With",3
 Damage Accident,2:28,08/18/2014,Monday,Y,Dark-Road Unlighted,GREENVILLE,OTHER,GREENE,Straight and Grade,Clear,No Passing Zone,Dry,Not Applicable,"Earth Embankment/Rock Cut/Ditch, Collision With Fixed Object",1
 Damage Accident,13:29,05/11/2014,Sunday,Y,Daylight,HEMPSTEAD,REAR END,NASSAU,Straight and Level,Clear,None,Dry,Not Applicable,"Other Motor Vehicle, Collision With",2
 Damage & Injury Accident,17:52,11/07/2014,Friday,Y,Dark-Road Lighted,ISLIP,LEFT TURN (3),SUFFOLK,Straight and Level,Clear,Traffic Signal,Dry,Not Applicable,"Other Motor Vehicle, Collision With",2
 Damage Accident,13:59,11/21/2014,Friday,Y,Daylight,ITHACA,RIGHT ANGLE,TOMPKINS,Straight and Grade,Cloudy,Stop Sign,Dry,Not Applicable,"Other Motor Vehicle, Collision With",2
 Damage Accident,6:20,01/22/2014,Wednesday,N,Dark-Road Unlighted,SALAMANCA,OTHER,CATTARAUGUS,Straight and Level,Snow,None,Snow/Ice,Not Applicable,Deer,1
 Damage & Injury Accident,20:00,07/25/2014,Friday,Y,Dusk,DE KALB,OTHER,ST. LAWRENCE,Straight and Grade,Clear,No Passing Zone,Dry,Not Applicable,"Ran Off Roadway Only, Non-Collision",1
 Damage Accident,16:07,11/18/2014,Tuesday,Y,Dawn,ALBANY,OTHER,ALBANY,Straight and Level,Clear,None,Dry,Not Applicable,"Sign Post, Collision With Fixed Object",1
 Damage Accident,8:30,05/07/2014,Wednesday,N,Unknown,QUEENS,REAR END,QUEENS,Unknown,Unknown,Unknown,Unknown,Not Applicable,"Other Motor Vehicle, Collision With",2
 Damage Accident,15:06,06/13/2014,Friday,Y,Daylight,YORKTOWN,Unknown,WESTCHESTER,Straight and Level,Cloudy,Traffic Signal,Dry,Not Applicable,"Other Motor Vehicle, Collision With",2
 Damage Accident,19:50,03/03/2014,Monday,Y,Unknown,BRONX,REAR END,BRONX,Unknown,Unknown,Unknown,Unknown,Not Applicable,"Other Motor Vehicle, Collision With",2
 Damage Accident,16:15,10/08/2014,Wednesday,Y,Daylight,BRUNSWICK,REAR END,RENSSELAER,Straight and Level,Clear,None,Dry,Not Applicable,"Other Motor Vehicle, Collision With",2
 Damage Accident,20:00,04/21/2014,Monday,N,Unknown,DURHAM,OTHER,GREENE,Unknown,Unknown,Unknown,Unknown,Not Applicable,Deer,1
 Damage Accident,17:28,12/24/2014,Wednesday,Y,Dark-Road Unlighted,EAST GREENBUSH,OTHER,RENSSELAER,Straight at Hill Crest,Rain,None,Wet,Not Applicable,Deer,1
 Accident,14:56,10/19/2014,Sunday,N,Unknown,QUEENS,LEFT TURN (3),QUEENS,Unknown,Unknown,Unknown,Unknown,Not Applicable,"Other Motor Vehicle, Collision With",2
 Damage Accident,21:43,06/26/2014,Thursday,Y,Dark-Road Unlighted,MANLIUS,RIGHT ANGLE,ONONDAGA,Straight and Level,Clear,Stop Sign,Dry,Not Applicable,"Other Motor Vehicle, Collision With",2
 Damage & Injury Accident,13:55,11/30/2014,Sunday,Y,Daylight,NORTH HEMPSTEAD,REAR END,NASSAU,Straight at Hill Crest,Cloudy,None,Dry,Not Applicable,"Other Motor Vehicle, Collision With",2
 Damage Accident,15:22,05/15/2014,Thursday,Y,Daylight,SOUTHAMPTON,Unknown,SUFFOLK,Straight and Level,Clear,No Passing Zone,Dry,Not Applicable,"Other Motor Vehicle, Collision With",2
 Damage Accident,19:30,09/14/2014,Sunday,N,Dark-Road Unlighted,HIGHLAND,OTHER,SULLIVAN,Straight at Hill Crest,Clear,Unknown,Dry,Not Applicable,"Fence, Collision With Fixed Object",1
 Damage & Injury Accident,15:40,10/04/2014,Saturday,Y,Daylight,GEDDES,OTHER,ONONDAGA,Curve and Grade,Rain,None,Wet,Not Applicable,"Sign Post, Collision With Fixed Object",1
 Damage Accident,13:31,05/08/2014,Thursday,Y,Daylight,ELMSFORD,OVERTAKING,WESTCHESTER,Straight and Level,Rain,Traffic Signal,Wet,Not Applicable,"Other Motor Vehicle, Collision With",2
 Damage Accident,16:27,01/02/2014,Thursday,Y,Dusk,RUSH,Unknown,MONROE,Straight and Grade,Snow,Traffic Signal,Snow/Ice,Not Applicable,"Other Motor Vehicle, Collision With",2
 Damage Accident,13:20,01/06/2014,Monday,Y,Daylight,LYNBROOK,OVERTAKING,NASSAU,Straight and Level,Rain,Traffic Signal,Wet,Not Applicable,"Other Motor Vehicle, Collision With",2
 Damage & Injury Accident,12:14,07/03/2014,Thursday,Y,Daylight,HEMPSTEAD,RIGHT ANGLE,NASSAU,Straight and Level,Clear,Stop Sign,Dry,Not Applicable,"Other Motor Vehicle, Collision With",2
 Accident,23:28,04/08/2014,Tuesday,Y,Dark-Road Lighted,BROOKHAVEN,OTHER,SUFFOLK,Straight and Level,Clear,None,Dry,Not Applicable,"Tree, Collision With Fixed Object",1
 Damage & Injury Accident,0:00,12/22/2014,Monday,N,Unknown,BEDFORD,Unknown,WESTCHESTER,Unknown,Unknown,Unknown,Unknown,Not Applicable,"Other Motor Vehicle, Collision With",2
 Damage Accident,17:35,01/21/2014,Tuesday,Y,Dark-Road Unlighted,NORTHUMBERLAND,OTHER,SARATOGA,Straight and Grade,Cloudy,None,Dry,Not Applicable,Deer,1
 Damage Accident,12:00,07/13/2014,Sunday,Y,Daylight,WHITE PLAINS,OTHER,WESTCHESTER,Straight and Level,Clear,None,Dry,Not Applicable,"Other Motor Vehicle, Collision With",3
 Damage Accident,7:43,09/26/2014,Friday,Y,Dawn,UTICA,RIGHT ANGLE,ONEIDA,Straight and Level,Fog/Smog/Smoke,Traffic Signal,Dry,Not Applicable,"Other Motor Vehicle, Collision With",2
 Damage Accident,1:30,01/18/2014,Saturday,Y,Dark-Road Unlighted,SHAWANGUNK,OTHER,ULSTER,Straight and Level,Cloudy,Stop Sign,Wet,Not Applicable,"Sign Post, Collision With Fixed Object",1
 Damage & Injury Accident,10:40,05/08/2014,Thursday,Y,Daylight,LLOYD,HEAD ON,ULSTER,Straight and Level,Cloudy,Traffic Signal,Dry,Not Applicable,"Other Motor Vehicle, Collision With",2
 Damage Accident,8:00,10/21/2014,Tuesday,Y,Daylight,QUEENS,Unknown,QUEENS,Straight and Level,Clear,None,Dry,Not Applicable,"Other Motor Vehicle, Collision With",2
 Accident,16:30,09/11/2014,Thursday,Y,Daylight,RICHMOND,Unknown,RICHMOND,Straight and Level,Clear,Stop Sign,Dry,Not Applicable,"Other Motor Vehicle, Collision With",2
 Damage Accident,20:00,06/21/2014,Saturday,Y,Daylight,BROOKHAVEN,Unknown,SUFFOLK,Straight and Level,Clear,None,Dry,Not Applicable,"Other Motor Vehicle, Collision With",2
 Damage & Injury Accident,17:13,08/21/2014,Thursday,Y,Daylight,WHITE PLAINS,OTHER,WESTCHESTER,Curve at Hill Crest,Clear,None,Dry,Not Applicable,"Other Motor Vehicle, Collision With",5
 Damage Accident,7:30,02/19/2014,Wednesday,Y,Daylight,LONG BEACH,RIGHT ANGLE,NASSAU,Straight and Level,Cloudy,None,Wet,Not Applicable,"Other Motor Vehicle, Collision With",2
 Accident,12:25,01/11/2014,Saturday,Y,Daylight,RICHMOND,OTHER,RICHMOND,Straight and Level,Rain,None,Wet,Not in Roadway (Indicate),"Pedestrian, Collision With",1
 Accident,20:30,12/08/2014,Monday,Y,Dark-Road Lighted,QUEENS,OTHER,QUEENS,Straight and Level,Clear,None,Dry,Riding/Walking/Skating Along Highway With Traffic,"Bicyclist, Collision With",1
 Damage Accident,11:53,04/30/2014,Wednesday,Y,Daylight,BABYLON,LEFT TURN (3),SUFFOLK,Straight and Level,Rain,Stop Sign,Wet,Not Applicable,"Other Motor Vehicle, Collision With",2
 Damage Accident,16:40,02/15/2014,Saturday,Y,Dusk,SADDLE ROCK,RIGHT TURN (6),NASSAU,Straight and Grade,Snow,Traffic Signal,Snow/Ice,Not Applicable,"Other Motor Vehicle, Collision With",2
 Damage Accident,18:25,11/13/2014,Thursday,N,Unknown,OGDEN,OTHER,MONROE,Unknown,Unknown,Unknown,Unknown,Not Applicable,Deer,1
 Damage Accident,1:55,11/23/2014,Sunday,Y,Dark-Road Unlighted,SALISBURY,OTHER,HERKIMER,Curve and Grade,Rain,No Passing Zone,Snow/Ice,Not Applicable,"Tree, Collision With Fixed Object",1
 Damage Accident,5:36,04/14/2014,Monday,Y,Dawn,BRASHER,OTHER,ST. LAWRENCE,Straight and Level,Cloudy,No Passing Zone,Wet,Not Applicable,Deer,1
 Damage Accident,5:20,01/04/2014,Saturday,Y,Dark-Road Unlighted,MARCY,OTHER,ONEIDA,Straight and Grade,Cloudy,No Passing Zone,Snow/Ice,Not Applicable,Deer,1
 Damage Accident,8:15,08/07/2014,Thursday,Y,Daylight,BUFFALO,OVERTAKING,ERIE,Curve at Hill Crest,Clear,Traffic Signal,Dry,Not Applicable,"Other Motor Vehicle, Collision With",2
 Damage Accident,15:12,07/19/2014,Saturday,Y,Daylight,BUFFALO,REAR END,ERIE,Curve and Grade,Rain,None,Wet,Not Applicable,"Other Motor Vehicle, Collision With",2
 Damage Accident,7:45,09/08/2014,Monday,N,Unknown,WATERFORD,REAR END,SARATOGA,Unknown,Unknown,Unknown,Unknown,Not Applicable,"Other Motor Vehicle, Collision With",2
 Damage & Injury Accident,16:25,08/15/2014,Friday,Y,Daylight,CHILI,LEFT TURN (3),MONROE,Straight and Level,Clear,None,Dry,Not Applicable,"Other Motor Vehicle, Collision With",2
 Damage Accident,14:27,02/24/2014,Monday,Y,Daylight,YORKTOWN,Unknown,WESTCHESTER,Straight and Level,Clear,Traffic Signal,Dry,Not Applicable,"Other Motor Vehicle, Collision With",2
 Damage Accident,22:09,02/14/2014,Friday,Y,Dark-Road Unlighted,CLARKSTOWN,OTHER,ROCKLAND,Straight and Level,Cloudy,None,Wet,Not Applicable,"Other Object (Not Fixed)*, Collision With",1
 Damage Accident,12:03,02/07/2014,Friday,Y,Daylight,KENMORE,RIGHT TURN (6),ERIE,Straight and Level,Clear,Traffic Signal,Wet,Not Applicable,"Other Motor Vehicle, Collision With",2
 Damage & Injury Accident,23:00,05/19/2014,Monday,Y,Dark-Road Lighted,SCOTTSVILLE,OTHER,MONROE,Curve and Level,Clear,No Passing Zone,Dry,Not Applicable,"Sign Post, Collision With Fixed Object",1
 Damage & Injury Accident,15:55,07/03/2014,Thursday,Y,Daylight,CARMEL,RIGHT TURN (5),PUTNAM,Straight and Level,Cloudy,Stop Sign,Dry,Not Applicable,"Other Motor Vehicle, Collision With",2
 Damage & Injury Accident,8:40,12/18/2014,Thursday,Y,Daylight,BRONX,REAR END,BRONX,Straight and Level,Clear,None,Dry,Not Applicable,"Other Motor Vehicle, Collision With",2
 Damage Accident,11:45,10/12/2014,Sunday,Y,Daylight,CLARKSTOWN,OVERTAKING,ROCKLAND,Straight and Level,Clear,None,Dry,Not Applicable,"Other Motor Vehicle, Collision With",2
 Damage Accident,2:01,06/26/2014,Thursday,Y,Dark-Road Unlighted,YONKERS,OTHER,WESTCHESTER,Curve and Level,Rain,None,Wet,Not Applicable,"Building/Wall, Collision With Fixed Object",1
 Damage & Injury Accident,8:06,11/12/2014,Wednesday,Y,Daylight,CHEEKTOWAGA,REAR END,ERIE,Straight and Level,Cloudy,None,Dry,Not Applicable,"Other Motor Vehicle, Collision With",2
 Damage Accident,17:48,06/25/2014,Wednesday,Y,Daylight,HARRISON,REAR END,WESTCHESTER,Curve and Level,Clear,Stop Sign,Dry,Not Applicable,"Other Motor Vehicle, Collision With",2
 Accident,18:12,03/12/2014,Wednesday,Y,Daylight,KINGS,REAR END,KINGS,Straight and Level,Rain,Traffic Signal,Wet,Not Applicable,"Other Motor Vehicle, Collision With",2
 Damage Accident,2:05,06/24/2014,Tuesday,Y,Dark-Road Unlighted,WAWAYANDA,OTHER,ORANGE,Straight and Level,Clear,None,Dry,Not Applicable,"Sign Post, Collision With Fixed Object",1
 Damage Accident,12:35,06/02/2014,Monday,N,Daylight,BUFFALO,Unknown,ERIE,Straight and Level,Clear,None,Dry,Not Applicable,"Other Motor Vehicle, Collision With",2
 Damage Accident,7:00,09/03/2014,Wednesday,N,Unknown,LE RAY,Unknown,JEFFERSON,Unknown,Unknown,Unknown,Unknown,Not Applicable,"Other Motor Vehicle, Collision With",2
 Damage & Injury Accident,9:41,03/25/2014,Tuesday,Y,Daylight,DUNKIRK,RIGHT ANGLE,CHAUTAUQUA,Straight and Level,Clear,Stop Sign,Dry,Not Applicable,"Other Motor Vehicle, Collision With",2
 Damage Accident,12:28,05/02/2014,Friday,Y,Daylight,AMHERST,REAR END,ERIE,Straight and Level,Clear,Other,Dry,Not Applicable,"Other Motor Vehicle, Collision With",2
 Damage & Injury Accident,13:24,03/06/2014,Thursday,Y,Daylight,SCHENECTADY,REAR END,SCHENECTADY,Straight and Level,Clear,None,Dry,Not Applicable,"Other Motor Vehicle, Collision With",2
 Damage Accident,8:20,02/05/2014,Wednesday,Y,Daylight,ALBANY,OTHER,ALBANY,Straight and Grade,Snow,None,Snow/Ice,Not Applicable,"Fence, Collision With Fixed Object",1
 Damage Accident,0:01,01/01/2014,Wednesday,Y,Dark-Road Lighted,BROOKHAVEN,OTHER,SUFFOLK,Straight and Level,Unknown,None,Unknown,Not Applicable,Unknown,1
 Damage Accident,19:08,01/04/2014,Saturday,Y,Dark-Road Unlighted,HANNIBAL,OTHER,OSWEGO,Straight and Level,Clear,None,Dry,Not Applicable,Deer,1
 Damage Accident,19:12,07/31/2014,Thursday,Y,Daylight,FISHKILL,LEFT TURN (0),DUTCHESS,Straight and Level,Clear,No Passing Zone,Dry,Not Applicable,"Other Motor Vehicle, Collision With",2
 Damage Accident,10:50,07/31/2014,Thursday,Y,Daylight,HEMPSTEAD,REAR END,NASSAU,Straight and Level,Clear,None,Dry,Not Applicable,"Other Motor Vehicle, Collision With",2
 Damage Accident,21:21,11/04/2014,Tuesday,Y,Dark-Road Unlighted,LANSING,OTHER,TOMPKINS,Straight and Level,Cloudy,None,Dry,Not Applicable,Deer,1
 Accident,1:58,06/28/2014,Saturday,Y,Dark-Road Lighted,ROCHESTER,RIGHT ANGLE,MONROE,Straight and Level,Clear,None,Dry,Not Applicable,"Other Motor Vehicle, Collision With",2
 Damage Accident,16:10,08/11/2014,Monday,Y,Daylight,GREENBURGH,RIGHT ANGLE,WESTCHESTER,Straight and Level,Clear,Stop Sign,Dry,Not Applicable,"Other Motor Vehicle, Collision With",2
 Damage Accident,10:14,07/10/2014,Thursday,Y,Daylight,LEWISTON,LEFT TURN (3),NIAGARA,Straight and Level,Clear,None,Dry,Not Applicable,"Other Motor Vehicle, Collision With",2
 Accident,18:00,11/11/2014,Tuesday,Y,Dark-Road Unlighted,MARBLETOWN,OTHER,ULSTER,Curve and Grade,Clear,None,Dry,Not Applicable,Deer,1
 Damage Accident,16:30,01/28/2014,Tuesday,N,Daylight,PARISHVILLE,OTHER,ST. LAWRENCE,Straight and Level,Clear,None,Snow/Ice,Not Applicable,Deer,1
 Accident,20:22,01/17/2014,Friday,Y,Dark-Road Lighted,BRONX,HEAD ON,BRONX,Straight and Level,Clear,None,Dry,Not Applicable,"Other Motor Vehicle, Collision With",2
 Damage & Injury Accident,16:20,12/12/2014,Friday,Y,Dark-Road Lighted,SYRACUSE,RIGHT ANGLE,ONONDAGA,Straight and Level,Clear,None,Snow/Ice,Not Applicable,"Other Motor Vehicle, Collision With",2
 Damage & Injury Accident,10:50,08/07/2014,Thursday,Y,Daylight,CEDARHURST,RIGHT ANGLE,NASSAU,Straight and Level,Clear,None,Dry,Not Applicable,"Other Motor Vehicle, Collision With",2
 Damage & Injury Accident,21:40,02/05/2014,Wednesday,Y,Dark-Road Lighted,HEMPSTEAD,RIGHT ANGLE,NASSAU,Straight and Level,Cloudy,Stop Sign,Snow/Ice,Not Applicable,"Other Motor Vehicle, Collision With",2
 Damage Accident,11:30,07/22/2014,Tuesday,Y,Daylight,NORTH HEMPSTEAD,OVERTAKING,NASSAU,Straight and Level,Clear,Traffic Signal,Dry,Not Applicable,"Other Motor Vehicle, Collision With",2
 Damage Accident,17:30,06/12/2014,Thursday,Y,Daylight,ROCHESTER,REAR END,MONROE,Straight and Level,Clear,None,Dry,Not Applicable,"Other Motor Vehicle, Collision With",2
 Damage & Injury Accident,19:02,07/12/2014,Saturday,Y,Daylight,ROSENDALE,OTHER,ULSTER,Straight and Grade,Clear,No Passing Zone,Dry,Not Applicable,"Overturned, Non-Collision",1
 Accident,9:57,01/31/2014,Friday,Y,Daylight,BROADALBIN,RIGHT ANGLE,FULTON,Straight and Grade,Cloudy,None,Dry,Not Applicable,"Other Motor Vehicle, Collision With",2
 Damage Accident,10:23,06/23/2014,Monday,N,Daylight,YONKERS,REAR END,WESTCHESTER,Straight and Grade,Clear,Traffic Signal,Dry,Not Applicable,"Other Motor Vehicle, Collision With",2
 Damage Accident,15:11,07/31/2014,Thursday,Y,Daylight,FORT EDWARD,OVERTAKING,WASHINGTON,Straight and Level,Clear,None,Dry,Not Applicable,"Other Motor Vehicle, Collision With",2
 Damage & Injury Accident,14:51,08/31/2014,Sunday,Y,Daylight,BROOKHAVEN,Unknown,SUFFOLK,Straight and Level,Cloudy,None,Dry,Not Applicable,"Other Motor Vehicle, Collision With",2
 Accident,17:00,12/05/2014,Friday,Y,Dark-Road Lighted,FISHKILL,RIGHT ANGLE,DUTCHESS,Straight and Level,Cloudy,Stop Sign,Wet,Not Applicable,"Other Motor Vehicle, Collision With",2
 Damage Accident,12:22,07/07/2014,Monday,Y,Daylight,WEBSTER,OTHER,MONROE,Straight and Grade,Cloudy,None,Dry,Not Applicable,"Animal, Collision With",1
 Damage Accident,21:13,12/11/2014,Thursday,Y,Dark-Road Lighted,KIRKLAND,OVERTAKING,ONEIDA,Straight and Level,Snow,None,Snow/Ice,Not Applicable,"Other Motor Vehicle, Collision With",2
 Damage Accident,0:50,03/03/2014,Monday,Y,Dark-Road Unlighted,MONTGOMERY,OTHER,ORANGE,Straight and Level,Clear,None,Dry,Not Applicable,Deer,1
 Damage & Injury Accident,19:23,06/03/2014,Tuesday,Y,Daylight,SOUTHEAST,OTHER,PUTNAM,Curve and Grade,Rain,None,Wet,Not Applicable,"Tree, Collision With Fixed Object",1
 Damage Accident,18:11,10/24/2014,Friday,Y,Dark-Road Lighted,MILFORD,LEFT TURN (0),OTSEGO,Straight and Level,Clear,Traffic Signal,Dry,Not Applicable,"Other Motor Vehicle, Collision With",2
 Damage Accident,20:00,08/10/2014,Sunday,N,Unknown,AMHERST,Unknown,ERIE,Unknown,Unknown,Unknown,Unknown,Not Applicable,"Other Motor Vehicle, Collision With",2
 Damage Accident,8:00,12/13/2014,Saturday,N,Daylight,BROOKHAVEN,OVERTAKING,SUFFOLK,Straight and Level,Clear,None,Dry,Not Applicable,"Other Motor Vehicle, Collision With",2
 Damage & Injury Accident,8:32,04/05/2014,Saturday,Y,Daylight,FRIENDSHIP,OTHER,ALLEGANY,Curve at Hill Crest,Cloudy,No Passing Zone,Snow/Ice,Not Applicable,"Earth Embankment/Rock Cut/Ditch, Collision With Fixed Object",1
 Damage Accident,18:44,11/14/2014,Friday,Y,Dark-Road Lighted,GREENBURGH,RIGHT TURN (6),WESTCHESTER,Straight and Level,Clear,Traffic Signal,Dry,Not Applicable,"Other Motor Vehicle, Collision With",2