 Descriptor,Time,Date,Day of Week,Police Report,Lighting Conditions,Municipality,Collision Type Descriptor,County Name,Road Descriptor,Weather Conditions,Traffic Control Device,Road Surface Conditions,Pedestrian Bicyclist Action,Event Descriptor,Number of Vehicles Involved
 Damage Accident,6:55,10/27/2014,Monday,Y,Daylight,LONG BEACH,OTHER,NASSAU,Straight and Level,Clear,Traffic Signal,Dry,Not Applicable,"Other Motor Vehicle, Collision With",2
 Damage Accident,5:51,04/27/2014,Sunday,Y,Dawn,BRIARCLIFF MANOR,REAR END,WESTCHESTER,Straight and Level,Clear,Traffic Signal,Dry,Not Applicable,"Other Motor Vehicle, Collision With",2
 Damage Accident,11:30,02/27/2014,Thursday,N,Daylight,,Unknown,UNKNOWN,Straight and Level,Snow,None,Snow/Ice,Not Applicable,"Other Motor Vehicle, Collision With",2
 Damage Accident,6:11,01/11/2014,Saturday,Y,Dark-Road Unlighted,TUXEDO,OTHER,ORANGE,Straight at Hill Crest,Sleet/Hail/Freezing Rain,No Passing Zone,Snow/Ice,Not Applicable,"Earth Embankment/Rock Cut/Ditch, Collision With Fixed Object",1
 Damage Accident,10:00,06/26/2014,Thursday,Y,Daylight,BRIGHTWATERS,REAR END,SUFFOLK,Straight and Level,Cloudy,Traffic Signal,Dry,Not Applicable,"Other Motor Vehicle, Collision With",2
 Damage Accident,13:01,06/07/2014,Saturday,Y,Daylight,NEW WINDSOR,REAR END,ORANGE,Straight and Level,Clear,None,Dry,Not Applicable,"Other Motor Vehicle, Collision With",2
 Damage Accident,17:15,01/22/2014,Wednesday,Y,Dusk,BUFFALO,Unknown,ERIE,Straight and Level,Cloudy,None,Snow/Ice,Not Applicable,"Other Motor Vehicle, Collision With",2
 Damage & Injury Accident,6:31,10/27/2014,Monday,Y,Dark-Road Lighted,FREEPORT,OTHER,NASSAU,Straight and Level,Clear,None,Dry,Not Applicable,"Curbing, Collision With Fixed Object",1
 Accident,17:00,07/09/2014,Wednesday,Y,Daylight,NEW YORK,OTHER,NEW YORK,Straight and Level,Clear,Traffic Signal,Dry,Not Applicable,"Other Motor Vehicle, Collision With",3
 Damage Accident,9:25,01/15/2014,Wednesday,Y,Daylight,BROOKHAVEN,REAR END,SUFFOLK,Straight and Level,Clear,None,Dry,Not Applicable,"Other Motor Vehicle, Collision With",2
 Damage Accident,19:16,03/17/2014,Monday,Y,Dark-Road Unlighted,CORNWALL,OTHER,ORANGE,Curve and Grade,Cloudy,None,Dry,Not Applicable,"Earth Embankment/Rock Cut/Ditch, Collision With Fixed Object",1
 Damage Accident,16:48,05/02/2014,Friday,Y,Daylight,BROOKHAVEN,REAR END,SUFFOLK,Straight and Level,Clear,None,Dry,Not Applicable,"Other Motor Vehicle, Collision With",2
 Damage Accident,18:17,12/22/2014,Monday,Y,Dark-Road Unlighted,FABIUS,OTHER,ONONDAGA,Curve and Level,Cloudy,No Passing Zone,Dry,Not Applicable,Deer,1
 Damage Accident,0:00,06/26/2014,Thursday,N,Unknown,KINGS,Unknown,KINGS,Straight and Level,Clear,None,Dry,Not Applicable,"Other Motor Vehicle, Collision With",2
 Damage & Injury Accident,11:36,03/04/2014,Tuesday,Y,Daylight,OWEGO,REAR END,TIOGA,Straight and Level,Cloudy,None,Dry,Not Applicable,"Other Motor Vehicle, Collision With",2
 Accident,16:10,11/21/2014,Friday,Y,Daylight,QUEENS,REAR END,QUEENS,Straight and Level,Clear,Traffic Signal,Dry,Not Applicable,"Other Motor Vehicle, Collision With",2
 Accident,13:15,04/01/2014,Tuesday,Y,Daylight,BRONX,OTHER,BRONX,Straight and Level,Clear,Traffic Signal,Dry,Unknown,"Bicyclist, Collision With",1
 Damage Accident,7:35,03/25/2014,Tuesday,Y,Daylight,ONEONTA,OTHER,OTSEGO,Straight and Level,Clear,None,Dry,Not Applicable,"Other Motor Vehicle, Collision With",4
 Accident,11:34,07/10/2014,Thursday,Y,Daylight,ISLIP,REAR END,SUFFOLK,Straight and Level,Cloudy,None,Dry,Not Applicable,"Other Motor Vehicle, Collision With",2
 Damage Accident,18:27,08/02/2014,Saturday,Y,Daylight,ROTTERDAM,RIGHT TURN (6),SCHENECTADY,Straight and Grade,Cloudy,None,Dry,Not Applicable,"Other Motor Vehicle, Collision With",2
 Damage Accident,16:03,01/19/2014,Sunday,Y,Daylight,EAST BLOOMFIELD,OTHER,ONTARIO,Straight at Hill Crest,Snow,No Passing Zone,Snow/Ice,Not Applicable,"Earth Embankment/Rock Cut/Ditch, Collision With Fixed Object",1
 Damage Accident,16:00,01/22/2014,Wednesday,N,Daylight,PERINTON,OTHER,MONROE,Unknown,Clear,None,Dry,Not Applicable,"Other Fixed Object*, Collision With Fixed Object",1
 Damage Accident,8:05,01/30/2014,Thursday,Y,Daylight,LEWISBORO,REAR END,WESTCHESTER,Curve and Level,Clear,None,Dry,Not Applicable,"Other Motor Vehicle, Collision With",2
 Damage Accident,13:30,04/03/2014,Thursday,Y,Daylight,QUEENS,REAR END,QUEENS,Straight and Level,Clear,None,Dry,Not Applicable,"Other Motor Vehicle, Collision With",2
 Damage Accident,8:10,09/19/2014,Friday,Y,Daylight,ALBANY,RIGHT ANGLE,ALBANY,Straight and Level,Clear,None,Dry,Not Applicable,"Other Motor Vehicle, Collision With",2
 Damage Accident,12:55,03/08/2014,Saturday,Y,Daylight,OYSTER BAY,OVERTAKING,NASSAU,Straight and Level,Clear,None,Dry,Not Applicable,"Other Motor Vehicle, Collision With",2
 Damage Accident,21:45,10/17/2014,Friday,Y,Dark-Road Lighted,PENDLETON,OTHER,NIAGARA,Straight and Level,Cloudy,None,Dry,Not Applicable,Deer,1
 Damage & Injury Accident,18:05,11/24/2014,Monday,Y,Dark-Road Lighted,SMITHTOWN,REAR END,SUFFOLK,Straight and Level,Cloudy,Traffic Signal,Wet,Not Applicable,"Other Motor Vehicle, Collision With",2
 Damage Accident,5:16,12/21/2014,Sunday,Y,Dark-Road Unlighted,PENDLETON,OTHER,NIAGARA,Straight and Level,Clear,None,Dry,Not Applicable,Deer,1
 Damage Accident,23:25,06/14/2014,Saturday,Y,Dark-Road Unlighted,MOUNT PLEASANT,OVERTAKING,WESTCHESTER,Straight and Grade,Clear,No Passing Zone,Dry,Not Applicable,"Other Motor Vehicle, Collision With",2
 Damage & Injury Accident,14:55,09/22/2014,Monday,N,Unknown,NEW ROCHELLE,REAR END,WESTCHESTER,Unknown,Unknown,Unknown,Unknown,Not Applicable,"Other Motor Vehicle, Collision With",2
 Damage Accident,23:49,06/17/2014,Tuesday,Y,Dark-Road Unlighted,BENNINGTON,OTHER,WYOMING,Straight at Hill Crest,Cloudy,No Passing Zone,Dry,Not Applicable,Deer,1
 Accident,6:45,09/30/2014,Tuesday,Y,Dawn,RICHMOND,REAR END,RICHMOND,Straight and Level,Clear,None,Dry,Not Applicable,"Other Motor Vehicle, Collision With",2
 Damage Accident,14:30,09/28/2014,Sunday,N,Unknown,AURORA,OTHER,ERIE,Unknown,Unknown,Unknown,Unknown,Not Applicable,Deer,1
 Damage Accident,21:23,06/02/2014,Monday,Y,Dark-Road Unlighted,MONTEZUMA,OTHER,CAYUGA,Straight and Level,Cloudy,No Passing Zone,Wet,Not Applicable,Deer,1
 Damage Accident,8:21,09/25/2014,Thursday,Y,Daylight,HARRISON,REAR END,WESTCHESTER,Straight and Level,Rain,None,Wet,Not Applicable,"Other Motor Vehicle, Collision With",2
 Damage Accident,20:00,02/08/2014,Saturday,N,Unknown,RUSSELL,REAR END,ST. LAWRENCE,Unknown,Unknown,Unknown,Unknown,Not Applicable,"Other Motor Vehicle, Collision With",2
 Damage Accident,6:36,08/29/2014,Friday,Y,Daylight,SLOATSBURG,OVERTAKING,ROCKLAND,Straight and Level,Clear,None,Dry,Not Applicable,"Other Motor Vehicle, Collision With",2
 Damage Accident,13:45,08/29/2014,Friday,Y,Daylight,BROOKHAVEN,REAR END,SUFFOLK,Straight and Level,Clear,Traffic Signal,Dry,Not Applicable,"Other Motor Vehicle, Collision With",2
 Damage & Injury Accident,17:50,12/20/2014,Saturday,Y,Dark-Road Unlighted,WORCESTER,OTHER,OTSEGO,Straight and Level,Cloudy,None,Dry,Not Applicable,"Other Object (Not Fixed)*, Collision With",1
 Damage Accident,23:00,01/25/2014,Saturday,Y,Dark-Road Unlighted,THOMPSON,OTHER,SULLIVAN,Straight and Level,Snow,None,Snow/Ice,Not Applicable,"Earth Embankment/Rock Cut/Ditch, Collision With Fixed Object",1
 Damage Accident,18:19,06/13/2014,Friday,Y,Daylight,MIDDLETOWN,REAR END,ORANGE,Straight and Level,Cloudy,None,Wet,Not Applicable,"Other Motor Vehicle, Collision With",2
 Damage Accident,0:00,09/18/2014,Thursday,N,Daylight,NEW YORK,Unknown,NEW YORK,Straight and Level,Clear,Unknown,Dry,Not Applicable,"Other Motor Vehicle, Collision With",2
 Accident,15:31,06/23/2014,Monday,Y,Daylight,CLARKSTOWN,REAR END,ROCKLAND,Straight and Level,Cloudy,None,Dry,Not Applicable,"Other Motor Vehicle, Collision With",2
 Damage & Injury Accident,13:25,12/23/2014,Tuesday,Y,Daylight,HEMPSTEAD,OTHER,NASSAU,Straight and Level,Rain,None,Wet,Not Applicable,"Other Motor Vehicle, Collision With",3
 Damage Accident,16:34,10/22/2014,Wednesday,Y,Daylight,EAST SYRACUSE,OTHER,ONONDAGA,Straight and Level,Cloudy,Traffic Signal,Dry,Not Applicable,"Other Motor Vehicle, Collision With",2
 Damage Accident,12:05,09/07/2014,Sunday,Y,Daylight,CLARKSTOWN,REAR END,ROCKLAND,Straight and Grade,Clear,None,Dry,Not Applicable,"Other Motor Vehicle, Collision With",2
 Accident,9:20,09/29/2014,Monday,Y,Unknown,KINGS,OTHER,KINGS,Unknown,Unknown,Unknown,Unknown,Unknown,"Pedestrian, Collision With",1
 Damage Accident,16:52,12/19/2014,Friday,Y,Dark-Road Unlighted,CHESTNUT RIDGE,REAR END,ROCKLAND,Straight and Level,Cloudy,None,Dry,Not Applicable,"Other Motor Vehicle, Collision With",2
 Damage Accident,23:01,04/20/2014,Sunday,Y,Dark-Road Unlighted,NISSEQUOQUE,OTHER,SUFFOLK,Curve and Level,Clear,None,Dry,Not Applicable,"Tree, Collision With Fixed Object",1
 Damage Accident,13:05,09/13/2014,Saturday,Y,Daylight,SAND LAKE,Unknown,RENSSELAER,Straight and Level,Rain,Traffic Signal,Wet,Not Applicable,"Other Motor Vehicle, Collision With",2
 Damage Accident,7:00,10/31/2014,Friday,N,Daylight,,OTHER,UNKNOWN,Straight at Hill Crest,Clear,None,Dry,Not Applicable,Deer,1
 Accident,19:12,09/24/2014,Wednesday,Y,Dark-Road Lighted,BRONX,OVERTAKING,BRONX,Straight and Level,Clear,None,Dry,Not Applicable,"Other Motor Vehicle, Collision With",2
 Damage Accident,15:31,04/20/2014,Sunday,Y,Daylight,ROCHESTER,RIGHT ANGLE,MONROE,Straight and Level,Clear,Stop Sign,Dry,Not Applicable,"Other Motor Vehicle, Collision With",2
 Damage Accident,11:05,03/17/2014,Monday,Y,Daylight,ISLIP,RIGHT ANGLE,SUFFOLK,Straight and Level,Cloudy,Stop Sign,Dry,Not Applicable,"Other Motor Vehicle, Collision With",2
 Accident,18:45,09/16/2014,Tuesday,Y,Daylight,BROOKHAVEN,REAR END,SUFFOLK,Straight at Hill Crest,Cloudy,Traffic Signal,Dry,Not Applicable,"Other Motor Vehicle, Collision With",2
 Accident,15:45,01/24/2014,Friday,Y,Daylight,BABYLON,OTHER,SUFFOLK,Straight and Level,Clear,None,Dry,Unknown,"Pedestrian, Collision With",1
 Damage Accident,16:28,03/25/2014,Tuesday,Y,Daylight,BINGHAMTON,OTHER,BROOME,Curve and Level,Clear,Construction Work Area,Dry,Not Applicable,"Other Object (Not Fixed)*, Collision With",1
 Damage Accident,22:15,01/14/2014,Tuesday,Y,Dark-Road Lighted,UTICA,LEFT TURN (3),ONEIDA,Straight and Grade,Cloudy,Traffic Signal,Wet,Not Applicable,"Other Motor Vehicle, Collision With",2
 Damage & Injury Accident,2:23,03/24/2014,Monday,Y,Dark-Road Lighted,QUEENS,OTHER,QUEENS,Straight and Grade,Cloudy,Traffic Signal,Wet,Not Applicable,"Other Motor Vehicle, Collision With",3
 Damage & Injury Accident,14:45,11/06/2014,Thursday,Y,Daylight,ALBANY,OTHER,ALBANY,Curve and Grade,Rain,None,Wet,Not Applicable,"Guide Rail - Not At End, Collision With Fixed Object",1
 Damage & Injury Accident,13:30,06/20/2014,Friday,Y,Daylight,RICHMOND,LEFT TURN (3),RICHMOND,Straight and Level,Clear,Traffic Signal,Dry,Not Applicable,"Other Motor Vehicle, Collision With",2
 Damage Accident,12:51,07/10/2014,Thursday,Y,Daylight,WAPPINGER,RIGHT ANGLE,DUTCHESS,Straight and Level,Clear,Stop Sign,Dry,Not Applicable,"Other Motor Vehicle, Collision With",2
 Damage Accident,15:00,09/07/2014,Sunday,Y,Daylight,WARWICK,REAR END,ORANGE,Straight and Grade,Clear,None,Dry,Not Applicable,"Other Motor Vehicle, Collision With",2
 Damage Accident,16:30,02/19/2014,Wednesday,N,Daylight,LENOX,OTHER,MADISON,Straight and Level,Sleet/Hail/Freezing Rain,None,Slush,Not Applicable,Deer,1
 Accident,0:27,02/24/2014,Monday,Y,Daylight,KINGS,OTHER,KINGS,Straight and Level,Clear,Stop Sign,Dry,"Crossing, With Signal","Pedestrian, Collision With",1
 Damage & Injury Accident,13:00,10/18/2014,Saturday,Y,Daylight,QUEENS,OVERTAKING,QUEENS,Straight and Level,Clear,Stop Sign,Dry,Not Applicable,"Other Motor Vehicle, Collision With",2
 Damage Accident,18:41,01/18/2014,Saturday,Y,Dark-Road Lighted,OYSTER BAY,LEFT TURN (3),NASSAU,Straight and Level,Clear,Traffic Signal,Dry,Not Applicable,"Other Motor Vehicle, Collision With",2
 Damage Accident,12:55,12/04/2014,Thursday,Y,Daylight,MIDDLETOWN,REAR END,ORANGE,Straight and Level,Clear,None,Dry,Not Applicable,"Other Motor Vehicle, Collision With",2
 Damage Accident,0:00,10/28/2014,Tuesday,N,Daylight,CHILI,OTHER,MONROE,Straight and Grade,Clear,None,Dry,Not Applicable,"Guide Rail - Not At End, Collision With Fixed Object",1
 Damage Accident,20:35,06/26/2014,Thursday,Y,Daylight,CHEEKTOWAGA,OTHER,ERIE,Curve and Grade,Clear,None,Dry,Not Applicable,"Other*, Non-Collision",1
 Damage & Injury Accident,13:03,04/06/2014,Sunday,Y,Daylight,NEW BALTIMORE,SIDESWIPE,GREENE,Straight at Hill Crest,Clear,None,Dry,Not Applicable,"Other Motor Vehicle, Collision With",2
 Damage & Injury Accident,11:30,08/21/2014,Thursday,Y,Daylight,BETHLEHEM,REAR END,ALBANY,Curve and Level,Cloudy,Yield Sign,Dry,Not Applicable,"Other Motor Vehicle, Collision With",2
 Damage Accident,21:15,02/21/2014,Friday,Y,Dark-Road Unlighted,BROOKHAVEN,OTHER,SUFFOLK,Straight and Level,Clear,None,Wet,Not Applicable,"Other Motor Vehicle, Collision With",3
 Damage Accident,7:30,06/12/2014,Thursday,Y,Daylight,PATTERSON,RIGHT TURN (5),PUTNAM,Curve and Level,Cloudy,Stop Sign,Wet,Not Applicable,"Other Motor Vehicle, Collision With",2
 Damage Accident,15:45,11/28/2014,Friday,N,Unknown,NIAGARA FALLS,Unknown,NIAGARA,Unknown,Unknown,Unknown,Unknown,Not Applicable,"Other Motor Vehicle, Collision With",2
 Damage Accident,7:45,12/03/2014,Wednesday,N,Daylight,RICHMOND,Unknown,RICHMOND,Straight and Level,Cloudy,Traffic Signal,Wet,Not Applicable,"Other Motor Vehicle, Collision With",2
 Accident,4:45,05/08/2014,Thursday,Y,Dark-Road Lighted,QUEENS,OTHER,QUEENS,Straight and Level,Rain,Stop Sign,Wet,Not Applicable,"Other Motor Vehicle, Collision With",7
 Damage & Injury Accident,9:35,01/02/2014,Thursday,Y,Daylight,SARATOGA SPRINGS,OTHER,SARATOGA,Curve and Level,Snow,None,Snow/Ice,Not Applicable,"Snow Embankment, Collision With Fixed Object",1
 Damage & Injury Accident,4:35,05/25/2014,Sunday,Y,Daylight,CHATEAUGAY,HEAD ON,FRANKLIN,Straight and Level,Clear,Traffic Signal,Dry,Not Applicable,"Other Motor Vehicle, Collision With",2
 Damage Accident,9:37,05/26/2014,Monday,Y,Daylight,BROOKHAVEN,Unknown,SUFFOLK,Straight and Level,Clear,None,Dry,Not Applicable,"Other Motor Vehicle, Collision With",2
 Damage & Injury Accident,20:36,10/07/2014,Tuesday,Y,Dark-Road Lighted,ESOPUS,OTHER,ULSTER,Straight and Level,Cloudy,None,Dry,Not Applicable,"Other Motor Vehicle, Collision With",3
 Damage & Injury Accident,12:18,12/22/2014,Monday,Y,Daylight,OLEAN,REAR END,CATTARAUGUS,Straight and Level,Clear,None,Dry,Not Applicable,"Other Motor Vehicle, Collision With",2
 Damage Accident,11:27,08/20/2014,Wednesday,Y,Daylight,,OTHER,ORANGE,Curve and Level,Clear,None,Dry,Not Applicable,"Other Motor Vehicle, Collision With",3
 Damage Accident,11:00,11/14/2014,Friday,Y,Daylight,ELLICOTT,RIGHT ANGLE,CHAUTAUQUA,Straight and Grade,Snow,Traffic Signal,Snow/Ice,Not Applicable,"Other Motor Vehicle, Collision With",2
 Damage Accident,13:35,12/04/2014,Thursday,Y,Daylight,SHELDON,LEFT TURN (0),WYOMING,Straight and Grade,Clear,None,Wet,Not Applicable,"Other Motor Vehicle, Collision With",2
 Damage & Injury Accident,14:44,05/27/2014,Tuesday,Y,Daylight,GREENBURGH,RIGHT ANGLE,WESTCHESTER,Straight and Level,Cloudy,Stop Sign,Dry,Not Applicable,"Other Motor Vehicle, Collision With",2
 Accident,11:51,07/28/2014,Monday,Y,Daylight,KINGS,LEFT TURN (3),KINGS,Straight and Level,Clear,Traffic Signal,Dry,Not Applicable,"Other Motor Vehicle, Collision With",2
 Damage & Injury Accident,8:38,02/26/2014,Wednesday,Y,Daylight,CHEEKTOWAGA,OTHER,ERIE,Straight and Level,Cloudy,None,Wet,Not Applicable,"Other Motor Vehicle, Collision With",5
 Damage Accident,15:34,02/03/2014,Monday,Y,Daylight,SOUTHOLD,LEFT TURN (0),SUFFOLK,Curve and Level,Snow,No Passing Zone,Snow/Ice,Not Applicable,"Other Motor Vehicle, Collision With",2
 Damage & Injury Accident,12:55,03/07/2014,Friday,Y,Daylight,JOHNSTOWN,OTHER,FULTON,Straight and Grade,Clear,No Passing Zone,Snow/Ice,Not Applicable,"Tree, Collision With Fixed Object",1
 Damage Accident,17:12,11/09/2014,Sunday,Y,Dark-Road Unlighted,GRANBY,OTHER,OSWEGO,Straight and Level,Clear,None,Dry,Not Applicable,Deer,1
 Damage Accident,14:49,02/05/2014,Wednesday,Y,Daylight,SARATOGA SPRINGS,OTHER,SARATOGA,Curve and Level,Snow,None,Snow/Ice,Not Applicable,"Other Motor Vehicle, Collision With",4
 Accident,9:00,06/16/2014,Monday,Y,Daylight,BRONX,OTHER,BRONX,Straight and Level,Clear,Traffic Signal,Dry,Emerging from in Front of/Behind Parked Vehicle,"Pedestrian, Collision With",1
 Damage & Injury Accident,18:55,02/06/2014,Thursday,Y,Daylight,NORTH HEMPSTEAD,OVERTAKING,NASSAU,Straight and Level,Clear,None,Dry,Not Applicable,"Other Motor Vehicle, Collision With",2
 Accident,20:45,06/13/2014,Friday,Y,Dark-Road Lighted,RICHMOND,LEFT TURN (3),RICHMOND,Straight and Level,Rain,Stop Sign,Wet,Not Applicable,"Other Motor Vehicle, Collision With",2
 Damage Accident,19:55,09/21/2014,Sunday,Y,Dark-Road Lighted,NEW YORK,Unknown,NEW YORK,Straight and Grade,Cloudy,Traffic Signal,Dry,Not Applicable,"Other Motor Vehicle, Collision With",2
 Damage Accident,7:05,05/23/2014,Friday,Y,Daylight,WHITEHALL,REAR END,WASHINGTON,Straight and Level,Cloudy,None,Wet,Not Applicable,"Other Motor Vehicle, Collision With",2
 Accident,14:12,09/07/2014,Sunday,Y,Daylight,NEW ROCHELLE,OTHER,WESTCHESTER,Straight and Level,Clear,Unknown,Dry,"Crossing, No Signal, Marked Crosswalk","Pedestrian, Collision With",1
 Damage Accident,15:35,07/16/2014,Wednesday,Y,Daylight,FULTONVILLE,OVERTAKING,MONTGOMERY,Curve and Level,Cloudy,None,Dry,Not Applicable,"Other Motor Vehicle, Collision With",2
 Damage Accident,14:43,09/03/2014,Wednesday,Y,Daylight,AMSTERDAM,REAR END,MONTGOMERY,Straight and Level,Cloudy,Traffic Signal,Dry,Not Applicable,"Other Motor Vehicle, Collision With",2
 Damage & Injury Accident,8:48,08/27/2014,Wednesday,Y,Daylight,WAWARSING,REAR END,ULSTER,Straight and Level,Clear,Traffic Signal,Dry,Not Applicable,"Other Motor Vehicle, Collision With",2
 Damage & Injury Accident,12:20,11/29/2014,Saturday,Y,Daylight,CALLICOON,HEAD ON,SULLIVAN,Curve and Grade,Cloudy,No Passing Zone,Wet,Not Applicable,"Other Motor Vehicle, Collision With",2
 Damage & Injury Accident,7:39,06/13/2014,Friday,Y,Daylight,FLORAL PARK,RIGHT ANGLE,NASSAU,Straight and Level,Rain,None,Wet,Not Applicable,"Other Motor Vehicle, Collision With",2
 Damage & Injury Accident,6:59,06/05/2014,Thursday,Y,Daylight,EVANS,OTHER,ERIE,Straight and Level,Clear,None,Dry,Not Applicable,Deer,1
 Accident,17:40,04/16/2014,Wednesday,Y,Daylight,QUEENS,OVERTAKING,QUEENS,Straight and Level,Clear,Traffic Signal,Dry,Not Applicable,"Other Motor Vehicle, Collision With",2
 Accident,16:00,08/17/2014,Sunday,Y,Daylight,KINGS,OTHER,KINGS,Straight and Level,Clear,Traffic Signal,Dry,"Crossing, With Signal","Pedestrian, Collision With",1
 Damage & Injury Accident,7:48,05/26/2014,Monday,Y,Daylight,COXSACKIE,OTHER,GREENE,Curve and Grade,Clear,None,Dry,Not Applicable,"Guide Rail - Not At End, Collision With Fixed Object",1
 Damage Accident,7:40,12/11/2014,Thursday,N,Daylight,HUNTINGTON,RIGHT ANGLE,SUFFOLK,Curve and Level,Clear,None,Snow/Ice,Not Applicable,"Sign Post, Collision With Fixed Object",2
 Accident,20:17,10/25/2014,Saturday,Y,Dusk,QUEENS,Unknown,QUEENS,Straight and Level,Clear,Stop Sign,Dry,Not Applicable,"Other Motor Vehicle, Collision With",2
 Damage Accident,0:20,09/21/2014,Sunday,Y,Dark-Road Lighted,MONTICELLO,OTHER,SULLIVAN,Straight and Level,Clear,None,Dry,Not Applicable,"Light Support/Utility Pole, Collision With Fixed Object",1
 Damage Accident,15:30,10/21/2014,Tuesday,Y,Daylight,HEMPSTEAD,REAR END,NASSAU,Straight and Level,Cloudy,Traffic Signal,Wet,Not Applicable,"Other Motor Vehicle, Collision With",2
 Damage Accident,15:51,06/03/2014,Tuesday,Y,Daylight,SOUTHAMPTON,REAR END,SUFFOLK,Straight and Level,Clear,None,Dry,Not Applicable,"Other Motor Vehicle, Collision With",2
 Accident,11:50,07/25/2014,Friday,Y,Daylight,QUEENS,REAR END,QUEENS,Straight and Level,Clear,Traffic Signal,Dry,Not Applicable,"Other Motor Vehicle, Collision With",2
 Damage Accident,19:00,12/13/2014,Saturday,N,Dark-Road Lighted,NEW YORK,OVERTAKING,NEW YORK,Straight and Level,Clear,None,Dry,Not Applicable,"Other Motor Vehicle, Collision With",2
 Damage Accident,15:00,02/04/2014,Tuesday,N,Unknown,SMITHTOWN,Unknown,SUFFOLK,Unknown,Unknown,Unknown,Unknown,Not Applicable,"Other Motor Vehicle, Collision With",2
 Damage Accident,0:00,07/24/2014,Thursday,N,Unknown,KINGS,Unknown,KINGS,Unknown,Unknown,Unknown,Unknown,Not Applicable,"Other Motor Vehicle, Collision With",2
 Damage Accident,20:35,08/25/2014,Monday,Y,Dark-Road Unlighted,MONTGOMERY,OTHER,ORANGE,Straight and Grade,Clear,None,Dry,Not Applicable,Deer,1
 Damage & Injury Accident,11:24,03/20/2014,Thursday,Y,Daylight,FARMINGTON,RIGHT ANGLE,ONTARIO,Straight and Level,Cloudy,Traffic Signal,Dry,Not Applicable,"Other Motor Vehicle, Collision With",2
 Damage Accident,7:17,03/28/2014,Friday,Y,Daylight,QUEENSBURY,REAR END,WARREN,Straight and Level,Snow,Stop Sign,Snow/Ice,Not Applicable,"Other Motor Vehicle, Collision With",2
 Damage Accident,1:38,11/03/2014,Monday,Y,Dark-Road Unlighted,LEE,OTHER,ONEIDA,Straight and Level,Clear,No Passing Zone,Dry,Not Applicable,"Tree, Collision With Fixed Object",1
 Accident,15:00,02/08/2014,Saturday,Y,Daylight,NORTH HEMPSTEAD,REAR END,NASSAU,Straight and Level,Cloudy,None,Dry,Not Applicable,"Other Motor Vehicle, Collision With",2
 Damage Accident,15:00,09/10/2014,Wednesday,Y,Daylight,BRONX,REAR END,BRONX,Straight and Level,Clear,None,Dry,Not Applicable,"Other Motor Vehicle, Collision With",2
 Damage Accident,0:30,09/09/2014,Tuesday,Y,Dark-Road Unlighted,LEE,OTHER,ONEIDA,Straight and Level,Cloudy,No Passing Zone,Dry,Not Applicable,"Other Object (Not Fixed)*, Collision With",1
 Damage Accident,18:50,05/14/2014,Wednesday,Y,Daylight,SYRACUSE,REAR END,ONONDAGA,Straight and Level,Clear,None,Dry,Not Applicable,"Other Motor Vehicle, Collision With",2
 Damage Accident,21:50,08/22/2014,Friday,Y,Dark-Road Unlighted,WALES,OTHER,ERIE,Curve at Hill Crest,Clear,None,Dry,Not Applicable,"Tree, Collision With Fixed Object",1
 Damage Accident,19:57,04/07/2014,Monday,Y,Dark-Road Unlighted,GOUVERNEUR,OTHER,ST. LAWRENCE,Straight and Grade,Rain,None,Wet,Not Applicable,"Other Motor Vehicle, Collision With",2
 Damage Accident,19:15,03/07/2014,Friday,Y,Dark-Road Lighted,SALINA,REAR END,ONONDAGA,Straight and Level,Cloudy,None,Wet,Not Applicable,"Other Motor Vehicle, Collision With",2
 Damage Accident,15:25,04/25/2014,Friday,Y,Daylight,MILFORD,OTHER,OTSEGO,Straight and Level,Cloudy,None,Dry,Not Applicable,"Guide Rail - Not At End, Collision With Fixed Object",1
 Damage & Injury Accident,15:28,12/01/2014,Monday,Y,Daylight,BRIGHTON,OVERTAKING,MONROE,Straight and Level,Cloudy,None,Dry,Not Applicable,"Other Motor Vehicle, Collision With",2
 Damage Accident,14:20,02/12/2014,Wednesday,Y,Daylight,CAMDEN,OVERTAKING,ONEIDA,Straight and Level,Clear,None,Snow/Ice,Not Applicable,"Other Motor Vehicle, Collision With",2
 Damage Accident,9:55,09/11/2014,Thursday,Y,Daylight,ISLIP,OTHER,SUFFOLK,Curve and Grade,Cloudy,None,Dry,Not Applicable,"Curbing, Collision With Fixed Object",1
 Accident,8:19,11/18/2014,Tuesday,Y,Daylight,WATERTOWN,RIGHT ANGLE,JEFFERSON,Straight and Level,Snow,None,Snow/Ice,Not Applicable,"Other Motor Vehicle, Collision With",2
 Damage & Injury Accident,15:56,09/27/2014,Saturday,Y,Daylight,AVON,REAR END,LIVINGSTON,Straight and Grade,Clear,None,Dry,Not Applicable,"Other Motor Vehicle, Collision With",2
 Accident,17:00,07/22/2014,Tuesday,Y,Unknown,QUEENS,OTHER,QUEENS,Unknown,Unknown,Unknown,Unknown,Unknown,"Pedestrian, Collision With",1
 Damage Accident,0:00,07/03/2014,Thursday,N,Daylight,POUGHKEEPSIE,OVERTAKING,DUTCHESS,Straight and Level,Clear,No Passing Zone,Dry,Not Applicable,"Other Motor Vehicle, Collision With",2
 Damage Accident,16:47,09/15/2014,Monday,Y,Daylight,HEMPSTEAD,REAR END,NASSAU,Curve and Level,Clear,None,Dry,Not Applicable,"Other Motor Vehicle, Collision With",2