 Descriptor,Time,Date,Day of Week,Police Report,Lighting Conditions,Municipality,Collision Type Descriptor,County Name,Road Descriptor,Weather Conditions,Traffic Control Device,Road Surface Conditions,Pedestrian Bicyclist Action,Event Descriptor,Number of Vehicles Involved
 Damage Accident,9:00,09/10/2014,Wednesday,N,Unknown,SALAMANCA,Unknown,CATTARAUGUS,Unknown,Unknown,Unknown,Unknown,Not Applicable,"Other Motor Vehicle, Collision With",2
 Accident,16:00,05/02/2014,Friday,Y,Daylight,CARROLLTON,LEFT TURN (3),CATTARAUGUS,Straight and Level,Rain,Flashing Light,Wet,Not Applicable,"Other Motor Vehicle, Collision With",2
 Damage Accident,2:18,04/11/2014,Friday,Y,Dark-Road Lighted,NEW YORK,OTHER,NEW YORK,Straight and Level,Clear,None,Dry,Not Applicable,"Other Fixed Object*, Collision With Fixed Object",1
 Damage & Injury Accident,14:56,04/27/2014,Sunday,Y,Daylight,KINGS,RIGHT ANGLE,KINGS,Straight and Level,Clear,Traffic Signal,Dry,Not Applicable,"Other Motor Vehicle, Collision With",2
 Damage & Injury Accident,2:23,10/08/2014,Wednesday,Y,Dark-Road Lighted,NEW ROCHELLE,OTHER,WESTCHESTER,Curve and Level,Rain,None,Wet,Working in Roadway,"Guide Rail - Not At End, Collision With Fixed Object",5
 Damage Accident,5:30,11/14/2014,Friday,Y,Dark-Road Unlighted,GREENE,OTHER,CHENANGO,Straight and Level,Cloudy,No Passing Zone,Dry,Not Applicable,Deer,1
 Damage Accident,9:04,03/17/2014,Monday,Y,Daylight,SCHENECTADY,RIGHT TURN (6),SCHENECTADY,Straight and Grade,Clear,Traffic Signal,Dry,Not Applicable,"Other Motor Vehicle, Collision With",2
 Damage Accident,15:41,12/12/2014,Friday,Y,Daylight,JOHNSON CITY,REAR END,BROOME,Curve and Grade,Cloudy,None,Wet,Not Applicable,"Other Motor Vehicle, Collision With",2
 Damage & Injury Accident,9:20,03/09/2014,Sunday,Y,Daylight,VALLEY STREAM,RIGHT ANGLE,NASSAU,Straight and Level,Clear,None,Dry,Not Applicable,"Other Motor Vehicle, Collision With",2
 Damage Accident,7:32,01/21/2014,Tuesday,Y,Daylight,ALBANY,OTHER,ALBANY,Straight and Level,Cloudy,None,Dry,Not Applicable,"Other Motor Vehicle, Collision With",3
 Damage Accident,12:50,02/05/2014,Wednesday,Y,Daylight,DUANESBURG,OTHER,SCHENECTADY,Straight and Grade,Snow,No Passing Zone,Snow/Ice,Not Applicable,"Earth Embankment/Rock Cut/Ditch, Collision With Fixed Object",1
 Damage Accident,2:40,01/26/2014,Sunday,Y,Dark-Road Lighted,ISLIP,Unknown,SUFFOLK,Straight and Level,Cloudy,None,Snow/Ice,Not Applicable,"Other Motor Vehicle, Collision With",2
 Damage Accident,0:00,09/26/2014,Friday,N,Daylight,BROOKHAVEN,OTHER,SUFFOLK,Straight and Level,Clear,Unknown,Dry,Not Applicable,"Building/Wall, Collision With Fixed Object",1
 Damage Accident,6:45,01/09/2014,Thursday,N,Dawn,CONSTANTIA,OTHER,OSWEGO,Curve and Grade,Clear,None,Snow/Ice,Not Applicable,"Tree, Collision With Fixed Object",1
 Damage & Injury Accident,23:34,02/21/2014,Friday,Y,Dark-Road Unlighted,DEERFIELD,OTHER,ONEIDA,Straight at Hill Crest,Clear,None,Snow/Ice,Not Applicable,"Guide Rail - Not At End, Collision With Fixed Object",1
 Damage Accident,17:00,03/18/2014,Tuesday,N,Daylight,RICHMOND,REAR END,RICHMOND,Straight and Grade,Clear,Stop Sign,Dry,Not Applicable,"Other Motor Vehicle, Collision With",2
 Damage Accident,7:00,10/10/2014,Friday,N,Daylight,GREECE,Unknown,MONROE,Straight and Grade,Clear,Unknown,Dry,Not Applicable,"Other Motor Vehicle, Collision With",2
 Damage Accident,18:35,12/02/2014,Tuesday,Y,Dark-Road Lighted,EVANS,LEFT TURN (3),ERIE,Straight and Level,Rain,Stop Sign,Wet,Not Applicable,"Other Motor Vehicle, Collision With",2
 Accident,15:55,08/13/2014,Wednesday,Y,Daylight,QUEENS,RIGHT ANGLE,QUEENS,Straight and Level,Clear,Stop Sign,Dry,Not Applicable,"Other Motor Vehicle, Collision With",2
 Damage Accident,4:00,03/12/2014,Wednesday,Y,Dusk,KINGS,OVERTAKING,KINGS,Straight and Level,Clear,None,Dry,Not Applicable,"Other Motor Vehicle, Collision With",2
 Damage Accident,15:20,01/15/2014,Wednesday,Y,Daylight,HEMPSTEAD,OVERTAKING,NASSAU,Straight and Level,Cloudy,None,Dry,Not Applicable,"Other Motor Vehicle, Collision With",2
 Damage Accident,8:25,10/07/2014,Tuesday,Y,Daylight,LIVERPOOL,OVERTAKING,ONONDAGA,Straight and Level,Cloudy,None,Wet,Not Applicable,"Other Motor Vehicle, Collision With",2
 Damage Accident,6:59,06/04/2014,Wednesday,Y,Daylight,NEW CASTLE,REAR END,WESTCHESTER,Straight and Grade,Cloudy,Traffic Signal,Wet,Not Applicable,"Other Motor Vehicle, Collision With",2
 Damage Accident,14:35,06/07/2014,Saturday,N,Daylight,QUEENS,REAR END,QUEENS,Straight and Level,Clear,Traffic Signal,Dry,Not Applicable,"Other Motor Vehicle, Collision With",2
 Damage Accident,22:28,03/17/2014,Monday,Y,Dark-Road Lighted,TONAWANDA,OVERTAKING,ERIE,Straight and Level,Clear,None,Dry,Not Applicable,"Other Motor Vehicle, Collision With",2
 Accident,12:50,07/14/2014,Monday,Y,Daylight,QUEENS,Unknown,QUEENS,Curve at Hill Crest,Cloudy,Stop Sign,Dry,Not Applicable,"Other Motor Vehicle, Collision With",2
 Accident,13:55,01/09/2014,Thursday,Y,Daylight,BROOKHAVEN,REAR END,SUFFOLK,Straight and Level,Clear,None,Dry,Not Applicable,"Other Motor Vehicle, Collision With",2
 Damage Accident,8:22,02/28/2014,Friday,Y,Daylight,ROCHESTER,OVERTAKING,MONROE,Straight and Level,Clear,None,Snow/Ice,Not Applicable,"Other Motor Vehicle, Collision With",2
 Damage & Injury Accident,16:50,12/14/2014,Sunday,Y,Dark-Road Unlighted,EAST FISHKILL,OTHER,DUTCHESS,Straight and Grade,Cloudy,None,Dry,Not Applicable,"Tree, Collision With Fixed Object",1
 Damage Accident,9:59,08/29/2014,Friday,Y,Daylight,OLD WESTBURY,OTHER,NASSAU,Straight and Level,Clear,Traffic Signal,Dry,Not Applicable,"Other Motor Vehicle, Collision With",3
 Damage Accident,10:46,06/06/2014,Friday,Y,Daylight,JAMESTOWN,RIGHT ANGLE,CHAUTAUQUA,Straight at Hill Crest,Clear,Stop Sign,Dry,Not Applicable,"Other Motor Vehicle, Collision With",2
 Damage Accident,14:00,03/10/2014,Monday,Y,Daylight,MANLIUS,OTHER,ONONDAGA,Curve and Level,Cloudy,None,Dry,Not Applicable,"Other Fixed Object*, Collision With Fixed Object",1
 Damage Accident,0:00,09/02/2014,Tuesday,N,Unknown,TARRYTOWN,OTHER,WESTCHESTER,Unknown,Unknown,Unknown,Unknown,Not Applicable,"Light Support/Utility Pole, Collision With Fixed Object",1
 Damage & Injury Accident,17:30,10/07/2014,Tuesday,Y,Daylight,KINGS,REAR END,KINGS,Straight and Level,Cloudy,Traffic Signal,Dry,Not Applicable,"Other Motor Vehicle, Collision With",2
 Damage & Injury Accident,11:20,06/25/2014,Wednesday,Y,Daylight,HAMBURG,RIGHT ANGLE,ERIE,Straight and Grade,Cloudy,None,Wet,Not Applicable,"Other Motor Vehicle, Collision With",2
 Damage Accident,18:31,11/13/2014,Thursday,Y,Dark-Road Lighted,DEPEW,OTHER,ERIE,Straight and Grade,Cloudy,Traffic Signal,Snow/Ice,Not Applicable,"Guide Rail - Not At End, Collision With Fixed Object",1
 Damage & Injury Accident,0:10,01/03/2014,Friday,Y,Dark-Road Lighted,FORT EDWARD,RIGHT ANGLE,WASHINGTON,Curve and Grade,Snow,None,Snow/Ice,Not Applicable,"Other Motor Vehicle, Collision With",2
 Accident,12:30,03/05/2014,Wednesday,Y,Daylight,KINGS,OTHER,KINGS,Straight and Level,Clear,Traffic Signal,Dry,"Crossing, With Signal","Pedestrian, Collision With",1
 Damage Accident,9:20,12/16/2014,Tuesday,N,Daylight,BRONX,Unknown,BRONX,Straight and Grade,Cloudy,Unknown,Dry,Not Applicable,"Other Motor Vehicle, Collision With",2
 Damage Accident,10:54,08/30/2014,Saturday,Y,Daylight,SOUTHAMPTON,OTHER,SUFFOLK,Curve and Level,Clear,None,Dry,Not Applicable,"Fence, Collision With Fixed Object",1
 Damage Accident,7:05,05/06/2014,Tuesday,Y,Daylight,BROOKHAVEN,REAR END,SUFFOLK,Straight and Level,Clear,None,Dry,Not Applicable,"Other Motor Vehicle, Collision With",2
 Damage Accident,22:40,03/11/2014,Tuesday,Y,Dark-Road Unlighted,CONSTABLE,OTHER,FRANKLIN,Straight and Level,Cloudy,No Passing Zone,Dry,Not Applicable,Deer,1
 Damage Accident,12:45,12/04/2014,Thursday,N,Daylight,NEW YORK,Unknown,NEW YORK,Straight and Level,Rain,Traffic Signal,Wet,Not Applicable,"Other Motor Vehicle, Collision With",2
 Damage & Injury Accident,7:12,01/15/2014,Wednesday,Y,Dawn,MANCHESTER,OTHER,ONTARIO,Straight and Level,Cloudy,None,Snow/Ice,Not Applicable,"Light Support/Utility Pole, Collision With Fixed Object",1
 Damage & Injury Accident,7:02,02/28/2014,Friday,Y,Daylight,ORCHARD PARK,HEAD ON,ERIE,Straight and Grade,Clear,None,Snow/Ice,Not Applicable,"Other Motor Vehicle, Collision With",2
 Damage Accident,15:47,09/28/2014,Sunday,Y,Daylight,CHENANGO,REAR END,BROOME,Straight and Level,Cloudy,None,Dry,Not Applicable,"Other Motor Vehicle, Collision With",2
 Damage Accident,16:00,11/04/2014,Tuesday,Y,Daylight,WHITEHALL,RIGHT ANGLE,WASHINGTON,Straight and Grade,Cloudy,Stop Sign,Dry,Not Applicable,"Other Motor Vehicle, Collision With",2
 Damage Accident,19:05,10/09/2014,Thursday,Y,Dark-Road Unlighted,JOHNSTOWN,OTHER,FULTON,Straight and Level,Cloudy,None,Dry,Not Applicable,"Animal, Collision With",1
 Damage Accident,20:45,05/19/2014,Monday,Y,Dark-Road Unlighted,BARRINGTON,OTHER,YATES,Straight and Grade,Cloudy,None,Dry,Not Applicable,Deer,1
 Damage Accident,18:19,08/14/2014,Thursday,Y,Daylight,PORT JERVIS,LEFT TURN (3),ORANGE,Straight and Grade,Clear,Traffic Signal,Dry,Not Applicable,"Other Motor Vehicle, Collision With",2
 Damage Accident,20:54,05/12/2014,Monday,Y,Dark-Road Unlighted,KEENE,OTHER,ESSEX,Straight and Level,Cloudy,No Passing Zone,Dry,Not Applicable,Deer,1
 Damage Accident,6:45,05/03/2014,Saturday,Y,Daylight,COLUMBUS,OTHER,CHENANGO,Curve and Grade,Cloudy,No Passing Zone,Dry,Not Applicable,"Guide Rail - Not At End, Collision With Fixed Object",1
 Damage Accident,9:30,01/08/2014,Wednesday,Y,Daylight,BUFFALO,RIGHT ANGLE,ERIE,Straight and Level,Snow,Traffic Signal,Snow/Ice,Not Applicable,"Other Motor Vehicle, Collision With",2
 Accident,12:35,02/17/2014,Monday,Y,Daylight,HARRISON,REAR END,WESTCHESTER,Straight and Level,Clear,Traffic Signal,Dry,Not Applicable,"Other Motor Vehicle, Collision With",2
 Damage Accident,7:45,12/10/2014,Wednesday,N,Daylight,SYRACUSE,OTHER,ONONDAGA,Curve and Grade,Snow,None,Snow/Ice,Not Applicable,"Barrier, Collision With Fixed Object",1
 Accident,22:50,05/13/2014,Tuesday,Y,Dark-Road Lighted,NEW YORK,OTHER,NEW YORK,Straight and Level,Clear,Traffic Signal,Dry,Unknown,"Bicyclist, Collision With",1
 Accident,15:15,05/01/2014,Thursday,Y,Daylight,KINGS,Unknown,KINGS,Straight and Level,Clear,Traffic Signal,Dry,Not Applicable,"Other Motor Vehicle, Collision With",2
 Damage Accident,7:15,11/17/2014,Monday,Y,Daylight,BROADALBIN,OTHER,FULTON,Straight and Level,Sleet/Hail/Freezing Rain,None,Snow/Ice,Not Applicable,"Earth Embankment/Rock Cut/Ditch, Collision With Fixed Object",1
 Damage Accident,18:27,01/30/2014,Thursday,Y,Dark-Road Lighted,CLARKSTOWN,REAR END,ROCKLAND,Straight and Level,Clear,None,Dry,Not Applicable,"Other Motor Vehicle, Collision With",2
 Damage & Injury Accident,13:30,08/13/2014,Wednesday,Y,Daylight,ISLIP,OTHER,SUFFOLK,Straight and Grade,Cloudy,None,Wet,Not Applicable,"Guide Rail - Not At End, Collision With Fixed Object",1
 Damage & Injury Accident,12:51,10/02/2014,Thursday,Y,Daylight,CICERO,REAR END,ONONDAGA,Straight and Level,Cloudy,None,Dry,Not Applicable,"Other Motor Vehicle, Collision With",2
 Damage & Injury Accident,8:15,07/13/2014,Sunday,Y,Daylight,NEW YORK,Unknown,NEW YORK,Straight and Grade,Clear,None,Dry,Not Applicable,"Other Motor Vehicle, Collision With",2
 Damage Accident,16:00,05/13/2014,Tuesday,N,Unknown,RICHMOND,OTHER,RICHMOND,Unknown,Unknown,Unknown,Unknown,Not Applicable,"Other Fixed Object*, Collision With Fixed Object",1
 Damage Accident,5:29,11/11/2014,Tuesday,Y,Dark-Road Unlighted,FARMINGTON,OTHER,ONTARIO,Straight and Level,Clear,None,Dry,Not Applicable,Deer,1
 Damage Accident,13:23,07/27/2014,Sunday,Y,Daylight,POLAND,OTHER,CHAUTAUQUA,Straight and Grade,Cloudy,None,Dry,Not Applicable,Deer,1
 Accident,12:23,07/01/2014,Tuesday,Y,Daylight,BRONX,LEFT TURN (0),BRONX,Straight and Level,Clear,None,Dry,Not Applicable,"Other Motor Vehicle, Collision With",2
 Damage Accident,8:55,09/22/2014,Monday,Y,Daylight,HEMPSTEAD,REAR END,NASSAU,Straight and Level,Clear,None,Dry,Not Applicable,"Other Motor Vehicle, Collision With",2
 Damage Accident,19:34,12/07/2014,Sunday,Y,Dark-Road Unlighted,WHEATFIELD,OTHER,NIAGARA,Straight and Level,Cloudy,None,Dry,Not Applicable,"Animal, Collision With",1
 Damage Accident,16:11,08/04/2014,Monday,Y,Daylight,UNION,OTHER,BROOME,Straight and Level,Clear,Traffic Signal,Dry,Not Applicable,"Other Motor Vehicle, Collision With",3
 Damage Accident,7:08,12/17/2014,Wednesday,Y,Dawn,WEST SENECA,RIGHT ANGLE,ERIE,Straight and Level,Rain,Stop Sign,Wet,Not Applicable,"Other Motor Vehicle, Collision With",2
 Accident,21:00,10/27/2014,Monday,Y,Dark-Road Lighted,KINGS,REAR END,KINGS,Straight and Level,Clear,Traffic Signal,Dry,Not Applicable,"Other Motor Vehicle, Collision With",2
 Damage Accident,14:54,07/02/2014,Wednesday,Y,Daylight,MIDDLETOWN,OVERTAKING,ORANGE,Straight and Level,Cloudy,Traffic Signal,Dry,Not Applicable,"Other Motor Vehicle, Collision With",2
 Damage Accident,19:30,10/14/2014,Tuesday,Y,Dark-Road Unlighted,VARICK,OTHER,SENECA,Straight and Level,Clear,None,Dry,Not Applicable,Deer,1
 Damage & Injury Accident,0:00,08/09/2014,Saturday,N,Unknown,BABYLON,LEFT TURN (0),SUFFOLK,Unknown,Unknown,Unknown,Unknown,Not Applicable,"Other Motor Vehicle, Collision With",2
 Accident,0:00,09/20/2014,Saturday,N,Daylight,QUEENS,OTHER,QUEENS,Straight and Level,Clear,Traffic Signal,Dry,Not Applicable,"Other Motor Vehicle, Collision With",4
 Damage Accident,3:00,02/02/2014,Sunday,Y,Dark-Road Lighted,,SIDESWIPE,UNKNOWN,Straight and Level,Unknown,None,Dry,Not Applicable,"Other Motor Vehicle, Collision With",2
 Damage Accident,11:36,09/21/2014,Sunday,Y,Daylight,FENTON,OVERTAKING,BROOME,Curve and Level,Clear,None,Dry,Not Applicable,"Other Motor Vehicle, Collision With",2
 Damage Accident,9:00,03/04/2014,Tuesday,Y,Daylight,,REAR END,ORANGE,Straight and Level,Cloudy,Traffic Signal,Dry,Not Applicable,"Other Motor Vehicle, Collision With",2
 Damage Accident,12:47,10/16/2014,Thursday,Y,Daylight,SOUTHAMPTON,REAR END,SUFFOLK,Straight and Grade,Rain,No Passing Zone,Wet,Not Applicable,"Other Motor Vehicle, Collision With",2
 Accident,16:53,12/04/2014,Thursday,Y,Dark-Road Unlighted,BROOKHAVEN,OTHER,SUFFOLK,Straight and Level,Clear,Stop Sign,Dry,Unknown,"Bicyclist, Collision With",1
 Accident,19:57,07/13/2014,Sunday,Y,Dusk,BROOKHAVEN,OTHER,SUFFOLK,Straight and Level,Clear,None,Dry,Not Applicable,"Tree, Collision With Fixed Object",1
 Damage Accident,20:25,06/19/2014,Thursday,Y,Daylight,HORNELLSVILLE,OTHER,STEUBEN,Straight and Level,Clear,No Passing Zone,Dry,Not Applicable,Deer,1
 Damage Accident,0:00,08/24/2014,Sunday,N,Unknown,NEW YORK,Unknown,NEW YORK,Unknown,Unknown,Unknown,Unknown,Not Applicable,"Other Motor Vehicle, Collision With",2
 Damage Accident,21:17,06/12/2014,Thursday,Y,Dark-Road Unlighted,WESTERN,OTHER,ONEIDA,Curve and Grade,Rain,None,Wet,Not Applicable,Deer,1
 Damage Accident,10:40,03/31/2014,Monday,N,Unknown,NEW YORK,Unknown,NEW YORK,Unknown,Unknown,Unknown,Unknown,Not Applicable,"Other Motor Vehicle, Collision With",2
 Damage Accident,18:42,07/08/2014,Tuesday,Y,Daylight,WEBSTER,REAR END,MONROE,Straight and Level,Cloudy,Stop Sign,Wet,Not Applicable,"Other Motor Vehicle, Collision With",2
 Damage Accident,12:30,12/21/2014,Sunday,Y,Daylight,CORTLANDT,OTHER,WESTCHESTER,Curve and Level,Clear,None,Dry,Not Applicable,"Tree, Collision With Fixed Object",1
 Damage Accident,12:57,05/19/2014,Monday,Y,Daylight,RUTLAND,OTHER,JEFFERSON,Straight and Level,Clear,None,Dry,Not Applicable,"Animal, Collision With",1
 Damage Accident,18:00,05/20/2014,Tuesday,N,Daylight,QUEENS,RIGHT ANGLE,QUEENS,Straight and Level,Clear,Stop Sign,Dry,Not Applicable,"Other Motor Vehicle, Collision With",2
 Damage Accident,2:41,11/23/2014,Sunday,Y,Dark-Road Lighted,KINGS,OTHER,KINGS,Straight and Level,Clear,None,Dry,Not Applicable,"Other Motor Vehicle, Collision With",3
 Damage Accident,12:30,01/07/2014,Tuesday,Y,Daylight,ROCHESTER,REAR END,MONROE,Curve and Grade,Snow,None,Snow/Ice,Not Applicable,"Other Motor Vehicle, Collision With",2
 Damage & Injury Accident,5:20,11/23/2014,Sunday,Y,Dark-Road Unlighted,COLESVILLE,OTHER,BROOME,Straight and Level,Rain,None,Wet,Not Applicable,"Ran Off Roadway Only, Non-Collision",1
 Damage Accident,22:00,02/17/2014,Monday,Y,Dark-Road Unlighted,CHESTER,OTHER,WARREN,Curve and Level,Clear,None,Dry,Not Applicable,"Earth Embankment/Rock Cut/Ditch, Collision With Fixed Object",1
 Damage & Injury Accident,13:40,02/12/2014,Wednesday,Y,Daylight,PORTVILLE,OTHER,CATTARAUGUS,Straight and Level,Clear,No Passing Zone,Dry,Not Applicable,"Light Support/Utility Pole, Collision With Fixed Object",1
 Damage & Injury Accident,12:45,10/26/2014,Sunday,Y,Daylight,VICTOR,RIGHT ANGLE,ONTARIO,Straight and Level,Cloudy,Stop Sign,Wet,Not Applicable,"Other Motor Vehicle, Collision With",2
 Damage Accident,11:40,09/27/2014,Saturday,Y,Daylight,ISLIP,OTHER,SUFFOLK,Straight and Level,Clear,None,Dry,Not Applicable,"Fence, Collision With Fixed Object",1
 Damage Accident,10:56,09/10/2014,Wednesday,Y,Daylight,LISBON,OTHER,ST. LAWRENCE,Curve and Level,Clear,None,Dry,Not Applicable,"Sign Post, Collision With Fixed Object",1
 Damage Accident,6:00,11/09/2014,Sunday,Y,Dark-Road Unlighted,SOMERS,OTHER,WESTCHESTER,Straight and Level,Cloudy,No Passing Zone,Dry,Not Applicable,Deer,1
 Damage & Injury Accident,17:02,07/06/2014,Sunday,Y,Daylight,CHESTER,REAR END,ORANGE,Straight and Level,Clear,None,Dry,Not Applicable,"Other Motor Vehicle, Collision With",2
 Damage Accident,9:10,08/12/2014,Tuesday,Y,Daylight,BRONX,OVERTAKING,BRONX,Straight and Level,Clear,None,Dry,Not Applicable,"Other Motor Vehicle, Collision With",2
 Damage & Injury Accident,16:44,07/18/2014,Friday,Y,Daylight,OLD WESTBURY,OVERTAKING,NASSAU,Straight and Level,Clear,None,Dry,Not Applicable,"Other Motor Vehicle, Collision With",2
 Damage Accident,0:00,01/04/2014,Saturday,N,Unknown,CAMBRIDGE,OTHER,WASHINGTON,Unknown,Unknown,Unknown,Unknown,Not Applicable,Deer,1
 Damage & Injury Accident,11:23,03/17/2014,Monday,Y,Daylight,BROOKHAVEN,REAR END,SUFFOLK,Curve and Level,Cloudy,Traffic Signal,Dry,Not Applicable,"Other Motor Vehicle, Collision With",2
 Damage Accident,14:58,07/07/2014,Monday,Y,Daylight,WALLKILL,OVERTAKING,ORANGE,Straight and Level,Clear,None,Dry,Not Applicable,"Other Motor Vehicle, Collision With",2
 Accident,10:45,02/08/2014,Saturday,Y,Dusk,BRONX,REAR END,BRONX,Straight and Level,Clear,Traffic Signal,Dry,Not Applicable,"Other Motor Vehicle, Collision With",2
 Damage Accident,2:22,04/16/2014,Wednesday,Y,Dark-Road Lighted,OLD WESTBURY,OTHER,NASSAU,Straight and Level,Sleet/Hail/Freezing Rain,Unknown,Wet,Not Applicable,"Guide Rail - Not At End, Collision With Fixed Object",1
 Damage Accident,13:55,08/09/2014,Saturday,Y,Daylight,AVOCA,OTHER,STEUBEN,Straight and Level,Clear,None,Dry,Not Applicable,"Guide Rail - End, Collision With Fixed Object",1
 Damage Accident,22:10,11/04/2014,Tuesday,Y,Dark-Road Unlighted,NELSON,OTHER,MADISON,Straight at Hill Crest,Clear,None,Dry,Not Applicable,Deer,1
 Damage & Injury Accident,15:12,01/27/2014,Monday,Y,Daylight,SAND LAKE,OTHER,RENSSELAER,Straight and Grade,Clear,No Passing Zone,Wet,Not Applicable,"Other Motor Vehicle, Collision With",3
 Damage Accident,23:56,12/06/2014,Saturday,Y,Dark-Road Unlighted,GREENBURGH,OVERTAKING,WESTCHESTER,Curve and Grade,Rain,None,Wet,Not Applicable,"Other Motor Vehicle, Collision With",2
 Damage & Injury Accident,15:47,10/22/2014,Wednesday,Y,Daylight,OLIVE,OTHER,ULSTER,Straight and Level,Rain,None,Wet,Not Applicable,"Tree, Collision With Fixed Object",1
 Damage Accident,10:40,01/22/2014,Wednesday,Y,Daylight,RICHMOND,REAR END,RICHMOND,Straight and Level,Clear,None,Wet,Not Applicable,"Other Motor Vehicle, Collision With",2
 Damage Accident,4:37,05/29/2014,Thursday,Y,Daylight,NIAGARA FALLS,RIGHT ANGLE,NIAGARA,Straight and Level,Clear,None,Dry,Not Applicable,"Other Motor Vehicle, Collision With",2
 Damage Accident,7:45,10/02/2014,Thursday,Y,Daylight,ISLIP,OTHER,SUFFOLK,Straight and Level,Cloudy,None,Dry,Not Applicable,"Other Motor Vehicle, Collision With",3
 Damage & Injury Accident,17:00,04/09/2014,Wednesday,Y,Daylight,OYSTER BAY,LEFT TURN (3),NASSAU,Straight and Level,Clear,Traffic Signal,Dry,Not Applicable,"Other Motor Vehicle, Collision With",2
 Damage Accident,11:50,01/31/2014,Friday,Y,Daylight,TROY,REAR END,RENSSELAER,Straight and Grade,Cloudy,None,Dry,Not Applicable,"Other Motor Vehicle, Collision With",2
 Damage & Injury Accident,15:34,07/12/2014,Saturday,Y,Daylight,PLATTSBURG,OTHER,CLINTON,Straight and Level,Clear,None,Dry,Not Applicable,"Earth Embankment/Rock Cut/Ditch, Collision With Fixed Object",1
 Damage Accident,13:30,11/27/2014,Thursday,Y,Daylight,HEMPSTEAD,OVERTAKING,NASSAU,Straight and Level,Cloudy,Traffic Signal,Wet,Not Applicable,"Other Motor Vehicle, Collision With",2
 Damage Accident,7:50,02/28/2014,Friday,Y,Daylight,CAYUGA HEIGHTS,REAR END,TOMPKINS,Straight and Level,Clear,None,Dry,Not Applicable,"Other Motor Vehicle, Collision With",2
 Damage & Injury Accident,6:50,10/24/2014,Friday,Y,Dawn,KINGS,RIGHT ANGLE,KINGS,Straight and Level,Clear,Traffic Signal,Dry,Not Applicable,"Other Motor Vehicle, Collision With",2
 Damage Accident,13:17,09/02/2014,Tuesday,Y,Daylight,NEW HARTFORD,REAR END,ONEIDA,Straight and Grade,Cloudy,Traffic Signal,Dry,Not Applicable,"Other Motor Vehicle, Collision With",2
 Damage Accident,10:30,01/27/2014,Monday,N,Daylight,NEW YORK,OVERTAKING,NEW YORK,Straight and Level,Clear,None,Dry,Not Applicable,"Other Motor Vehicle, Collision With",2
 Accident,12:50,06/16/2014,Monday,Y,Daylight,CAMBRIDGE,REAR END,WASHINGTON,Straight and Level,Clear,No Passing Zone,Dry,Not Applicable,"Other Motor Vehicle, Collision With",2
 Damage Accident,21:00,09/24/2014,Wednesday,N,Dawn,QUEENS,REAR END,QUEENS,Straight and Level,Clear,None,Dry,Not Applicable,"Other Motor Vehicle, Collision With",2
 Damage Accident,8:00,02/23/2014,Sunday,N,Unknown,EAST FISHKILL,REAR END,DUTCHESS,Unknown,Unknown,Unknown,Unknown,Not Applicable,"Other Motor Vehicle, Collision With",2
 Damage & Injury Accident,0:40,10/25/2014,Saturday,Y,Dark-Road Lighted,LYNBROOK,REAR END,NASSAU,Straight and Level,Clear,Traffic Signal,Dry,Not Applicable,"Other Motor Vehicle, Collision With",2
 Damage & Injury Accident,19:25,04/27/2014,Sunday,Y,Daylight,ROCHESTER,RIGHT ANGLE,MONROE,Straight and Level,Clear,Stop Sign,Dry,Not Applicable,"Other Motor Vehicle, Collision With",2
 Damage Accident,14:54,12/09/2014,Tuesday,Y,Daylight,NIAGARA,RIGHT ANGLE,NIAGARA,Straight and Level,Cloudy,None,Dry,Not Applicable,"Other Motor Vehicle, Collision With",2
 Damage Accident,8:37,09/18/2014,Thursday,Y,Daylight,QUEENS,Unknown,QUEENS,Straight and Level,Clear,Traffic Signal,Dry,Not Applicable,"Other Motor Vehicle, Collision With",2
 Damage Accident,8:37,09/18/2014,Thursday,Y,Daylight,QUEENS,Unknown,QUEENS,Straight and Level,Clear,Traffic Signal,Dry,Not Applicable,"Other Motor Vehicle, Collision With",2
 Damage & Injury Accident,14:32,09/02/2014,Tuesday,Y,Daylight,ULSTER,REAR END,ULSTER,Straight and Level,Clear,Traffic Signal,Dry,Not Applicable,"Other Motor Vehicle, Collision With",2
 Damage & Injury Accident,18:30,07/01/2014,Tuesday,N,Unknown,QUEENS,REAR END,QUEENS,Unknown,Unknown,Unknown,Unknown,Not Applicable,"Other Motor Vehicle, Collision With",2
 Damage Accident,10:20,09/26/2014,Friday,Y,Daylight,MIDDLETOWN,OVERTAKING,ORANGE,Straight and Level,Cloudy,None,Dry,Not Applicable,"Other Motor Vehicle, Collision With",2
 Damage Accident,20:35,02/15/2014,Saturday,Y,Dark-Road Unlighted,MARCELLUS,OTHER,ONONDAGA,Straight and Grade,Snow,None,Snow/Ice,Not Applicable,"Light Support/Utility Pole, Collision With Fixed Object",1
 Accident,11:05,07/03/2014,Thursday,Y,Daylight,NEW YORK,OTHER,NEW YORK,Straight and Level,Clear,Traffic Signal,Dry,"Crossing, With Signal","Pedestrian, Collision With",1
 Damage Accident,18:15,05/10/2014,Saturday,Y,Daylight,HEMPSTEAD,OTHER,NASSAU,Straight and Level,Cloudy,Unknown,Dry,Not Applicable,"Other Motor Vehicle, Collision With",3