 Descriptor,Time,Date,Day of Week,Police Report,Lighting Conditions,Municipality,Collision Type Descriptor,County Name,Road Descriptor,Weather Conditions,Traffic Control Device,Road Surface Conditions,Pedestrian Bicyclist Action,Event Descriptor,Number of Vehicles Involved
 Damage Accident,13:28,11/03/2014,Monday,Y,Daylight,BETHLEHEM,OVERTAKING,ALBANY,Straight and Level,Clear,Other,Dry,Not Applicable,"Other Motor Vehicle, Collision With",2
 Damage Accident,6:59,09/24/2014,Wednesday,Y,Daylight,HEMPSTEAD,REAR END,NASSAU,Straight and Level,Clear,None,Dry,Not Applicable,"Other Motor Vehicle, Collision With",2
 Damage & Injury Accident,15:35,05/12/2014,Monday,Y,Daylight,HUDSON FALLS,RIGHT ANGLE,WASHINGTON,Straight and Level,Clear,Stop Sign,Dry,Not Applicable,"Other Motor Vehicle, Collision With",2
 Damage Accident,6:30,01/27/2014,Monday,N,Unknown,NEW YORK,Unknown,NEW YORK,Unknown,Unknown,Stop Sign,Unknown,Not Applicable,"Other Motor Vehicle, Collision With",2
 Damage Accident,15:00,12/14/2014,Sunday,Y,Daylight,MARLBOROUGH,OVERTAKING,ULSTER,Straight and Grade,Cloudy,None,Dry,Not Applicable,"Other Motor Vehicle, Collision With",2
 Damage Accident,6:55,10/01/2014,Wednesday,Y,Daylight,HEMPSTEAD,REAR END,NASSAU,Straight and Level,Rain,None,Wet,Not Applicable,"Other Motor Vehicle, Collision With",2
 Damage & Injury Accident,9:55,07/14/2014,Monday,Y,Daylight,FALLSBURGH,OTHER,SULLIVAN,Straight and Level,Clear,No Passing Zone,Dry,Not Applicable,"Earth Embankment/Rock Cut/Ditch, Collision With Fixed Object",1
 Damage Accident,9:45,05/19/2014,Monday,Y,Daylight,QUEENS,OVERTAKING,QUEENS,Straight and Level,Clear,None,Dry,Not Applicable,"Other Motor Vehicle, Collision With",2
 Damage Accident,18:33,11/26/2014,Wednesday,Y,Dark-Road Unlighted,BUFFALO,OVERTAKING,ERIE,Straight and Level,Clear,None,Dry,Not Applicable,"Other Motor Vehicle, Collision With",2
 Damage & Injury Accident,22:50,12/26/2014,Friday,Y,Dark-Road Lighted,QUEENS,Unknown,QUEENS,Straight and Level,Clear,Stop Sign,Dry,Not Applicable,"Other Motor Vehicle, Collision With",2
 Accident,12:50,09/10/2014,Wednesday,Y,Daylight,BRONX,OVERTAKING,BRONX,Straight and Level,Clear,Traffic Signal,Dry,Not Applicable,"Other Motor Vehicle, Collision With",2
 Damage Accident,2:51,04/20/2014,Sunday,Y,Dark-Road Unlighted,VERONA,OTHER,ONEIDA,Curve and Level,Cloudy,No Passing Zone,Dry,Not Applicable,"Earth Embankment/Rock Cut/Ditch, Collision With Fixed Object",1
 Accident,17:09,11/19/2014,Wednesday,Y,Dark-Road Lighted,BRONX,OTHER,BRONX,Straight and Level,Clear,None,Dry,Not Applicable,"Other Motor Vehicle, Collision With",3
 Damage & Injury Accident,15:47,02/21/2014,Friday,Y,Daylight,WEBSTER,RIGHT ANGLE,MONROE,Straight and Level,Cloudy,Stop Sign,Dry,Not Applicable,"Other Motor Vehicle, Collision With",2
 Accident,12:55,07/20/2014,Sunday,Y,Daylight,UTICA,OTHER,ONEIDA,Straight and Level,Cloudy,Traffic Signal,Dry,"Crossing, With Signal","Bicyclist, Collision With",1
 Damage Accident,22:30,09/03/2014,Wednesday,N,Dark-Road Unlighted,WASHINGTONVILLE,OTHER,ORANGE,Straight and Level,Clear,Unknown,Dry,Not Applicable,Deer,1
 Accident,9:08,01/23/2014,Thursday,Y,Daylight,ONONDAGA,RIGHT ANGLE,ONONDAGA,Straight and Level,Cloudy,Stop Sign,Wet,Not Applicable,"Other Motor Vehicle, Collision With",2
 Damage & Injury Accident,0:30,12/12/2014,Friday,N,Dark-Road Unlighted,ROCHESTER,OTHER,MONROE,Straight and Grade,Snow,None,Snow/Ice,Not Applicable,"Barrier, Collision With Fixed Object",1
 Damage Accident,16:10,01/19/2014,Sunday,Y,Daylight,ADAMS,REAR END,JEFFERSON,Straight and Level,Snow,None,Snow/Ice,Not Applicable,"Other Motor Vehicle, Collision With",2
 Damage & Injury Accident,6:30,07/18/2014,Friday,Y,Daylight,KINGS,OVERTAKING,KINGS,Straight and Level,Clear,Other,Dry,Not Applicable,"Other Motor Vehicle, Collision With",2
 Damage Accident,21:18,12/23/2014,Tuesday,Y,Dark-Road Lighted,CLARKSTOWN,RIGHT ANGLE,ROCKLAND,Straight and Level,Rain,None,Wet,Not Applicable,"Other Motor Vehicle, Collision With",2
 Damage Accident,10:28,04/26/2014,Saturday,Y,Daylight,ROCHESTER,OVERTAKING,MONROE,Straight and Level,Clear,None,Dry,Not Applicable,"Other Motor Vehicle, Collision With",2
 Accident,12:30,09/09/2014,Tuesday,Y,Daylight,ONONDAGA,REAR END,ONONDAGA,Straight and Level,Clear,Other,Dry,Not Applicable,"Other Motor Vehicle, Collision With",2
 Damage & Injury Accident,0:00,07/21/2014,Monday,N,Daylight,QUEENS,OTHER,QUEENS,Straight and Level,Clear,None,Dry,"Crossing, No Signal, Marked Crosswalk","Pedestrian, Collision With",1
 Damage Accident,4:00,09/18/2014,Thursday,Y,Dark-Road Lighted,NORTH HILLS,REAR END,NASSAU,Straight and Level,Cloudy,None,Dry,Not Applicable,"Other Motor Vehicle, Collision With",2
 Damage Accident,23:11,08/16/2014,Saturday,Y,Dark-Road Unlighted,CLIFTON PARK,OTHER,SARATOGA,Straight and Level,Rain,None,Wet,Not Applicable,"Tree, Collision With Fixed Object",1
 Accident,12:55,01/21/2014,Tuesday,Y,Daylight,NEW YORK,OTHER,NEW YORK,Straight and Level,Snow,Traffic Signal,Snow/Ice,"Crossing, No Signal or Crosswalk","Pedestrian, Collision With",1
 Damage Accident,10:00,06/25/2014,Wednesday,Y,Daylight,HUNTINGTON,Unknown,SUFFOLK,Straight and Level,Cloudy,None,Dry,Not Applicable,"Other Motor Vehicle, Collision With",2
 Damage Accident,14:05,09/30/2014,Tuesday,Y,Daylight,PLATTSBURG,RIGHT ANGLE,CLINTON,Straight and Level,Clear,None,Dry,Not Applicable,"Other Motor Vehicle, Collision With",2
 Damage & Injury Accident,7:02,07/25/2014,Friday,Y,Daylight,ULSTER,SIDESWIPE,ULSTER,Curve and Grade,Clear,None,Dry,Not Applicable,"Other Motor Vehicle, Collision With",2
 Accident,12:35,07/08/2014,Tuesday,Y,Daylight,QUEENS,RIGHT ANGLE,QUEENS,Straight and Level,Clear,None,Dry,Not Applicable,"Other Motor Vehicle, Collision With",2
 Damage Accident,7:00,06/17/2014,Tuesday,Y,Daylight,CORTLANDT,OVERTAKING,WESTCHESTER,Curve and Level,Clear,None,Dry,Not Applicable,"Other Motor Vehicle, Collision With",2
 Damage Accident,19:00,09/26/2014,Friday,N,Unknown,WHITESBORO,Unknown,ONEIDA,Unknown,Unknown,Unknown,Unknown,Not Applicable,"Other Motor Vehicle, Collision With",2
 Damage Accident,17:05,04/25/2014,Friday,Y,Daylight,HENRIETTA,RIGHT TURN (5),MONROE,Straight and Grade,Cloudy,None,Dry,Not Applicable,"Other Motor Vehicle, Collision With",2
 Damage Accident,7:35,10/06/2014,Monday,Y,Daylight,QUEENS,Unknown,QUEENS,Straight and Level,Clear,None,Dry,Not Applicable,"Other Motor Vehicle, Collision With",2
 Accident,7:11,06/21/2014,Saturday,Y,Daylight,KINGS,OTHER,KINGS,Straight and Level,Clear,Traffic Signal,Dry,"Crossing, With Signal","Pedestrian, Collision With",1
 Damage Accident,2:15,01/11/2014,Saturday,Y,Dark-Road Lighted,HUNTINGTON,OTHER,SUFFOLK,Straight and Grade,Rain,Traffic Signal,Wet,Not Applicable,"Light Support/Utility Pole, Collision With Fixed Object",1
 Accident,16:30,07/03/2014,Thursday,Y,Daylight,KINGS,REAR END,KINGS,Straight and Level,Cloudy,Traffic Signal,Dry,Not Applicable,"Other Motor Vehicle, Collision With",2
 Damage Accident,20:50,12/10/2014,Wednesday,Y,Dark-Road Unlighted,AMHERST,OTHER,ERIE,Straight and Level,Snow,None,Snow/Ice,Not Applicable,"Earth Embankment/Rock Cut/Ditch, Collision With Fixed Object",1
 Accident,19:00,03/29/2014,Saturday,Y,Dark-Road Lighted,QUEENS,REAR END,QUEENS,Straight and Level,Rain,None,Wet,Not Applicable,"Other Motor Vehicle, Collision With",2
 Damage Accident,22:00,03/29/2014,Saturday,Y,Dark-Road Lighted,WALES,OTHER,ERIE,Straight and Grade,Sleet/Hail/Freezing Rain,None,Snow/Ice,Not Applicable,"Sign Post, Collision With Fixed Object",1
 Damage Accident,9:00,01/31/2014,Friday,Y,Daylight,KENT,REAR END,PUTNAM,Straight and Level,Cloudy,None,Dry,Not Applicable,"Other Motor Vehicle, Collision With",2
 Damage Accident,10:25,10/11/2014,Saturday,Y,Daylight,NEWBURGH,REAR END,ORANGE,Straight and Level,Rain,Traffic Signal,Wet,Not Applicable,"Other Motor Vehicle, Collision With",2
 Damage & Injury Accident,17:51,07/17/2014,Thursday,Y,Daylight,NEW WINDSOR,HEAD ON,ORANGE,Straight and Grade,Clear,None,Dry,Not Applicable,"Other Motor Vehicle, Collision With",2
 Damage Accident,18:31,11/26/2014,Wednesday,Y,Dark-Road Lighted,CORTLAND,SIDESWIPE,CORTLAND,Straight and Level,Snow,None,Slush,Not Applicable,"Other Motor Vehicle, Collision With",2
 Damage Accident,18:30,05/30/2014,Friday,Y,Daylight,HUNTINGTON,OTHER,SUFFOLK,Straight and Level,Clear,None,Dry,Not Applicable,"Tree, Collision With Fixed Object",1
 Damage & Injury Accident,14:45,03/06/2014,Thursday,Y,Daylight,TARRYTOWN,LEFT TURN (3),WESTCHESTER,Straight and Level,Cloudy,None,Dry,Not Applicable,"Other Motor Vehicle, Collision With",2
 Damage Accident,7:12,01/16/2014,Thursday,Y,Dark-Road Unlighted,GENESEO,OTHER,LIVINGSTON,Straight and Grade,Cloudy,None,Dry,Not Applicable,Deer,1
 Damage Accident,17:19,09/26/2014,Friday,Y,Daylight,RAMAPO,OTHER,ROCKLAND,Straight and Level,Clear,No Passing Zone,Dry,Not Applicable,"Other Motor Vehicle, Collision With",3
 Accident,5:19,07/20/2014,Sunday,Y,Dark-Road Lighted,YONKERS,OTHER,WESTCHESTER,Curve and Level,Clear,None,Dry,Not Applicable,"Curbing, Collision With Fixed Object",1
 Damage Accident,6:42,12/24/2014,Wednesday,Y,Dawn,COLONIE,RIGHT TURN (6),ALBANY,Straight and Level,Rain,None,Wet,Not Applicable,"Other Motor Vehicle, Collision With",2
 Damage & Injury Accident,12:53,11/03/2014,Monday,Y,Daylight,GREECE,REAR END,MONROE,Straight and Level,Cloudy,Traffic Signal,Dry,Not Applicable,"Other Motor Vehicle, Collision With",2
 Damage Accident,8:25,11/01/2014,Saturday,Y,Daylight,HIGHLANDS,OTHER,ORANGE,Straight and Level,Cloudy,None,Wet,Not Applicable,Deer,1
 Damage Accident,15:35,12/23/2014,Tuesday,Y,Daylight,HEMPSTEAD,OVERTAKING,NASSAU,Straight and Level,Rain,None,Wet,Not Applicable,"Other Motor Vehicle, Collision With",2
 Damage Accident,12:05,05/30/2014,Friday,Y,Daylight,CHESTER,OTHER,ORANGE,Straight and Level,Clear,None,Dry,Not Applicable,Deer,1
 Damage Accident,10:00,04/17/2014,Thursday,Y,Daylight,FLOWER HILL,OVERTAKING,NASSAU,Straight and Level,Clear,None,Dry,Not Applicable,"Other Motor Vehicle, Collision With",2
 Accident,14:18,02/16/2014,Sunday,Y,Daylight,BRONX,OTHER,BRONX,Straight and Level,Clear,Traffic Signal,Dry,"Crossing, With Signal","Pedestrian, Collision With",1
 Damage Accident,17:34,01/21/2014,Tuesday,Y,Dark-Road Lighted,MAMARONECK,OVERTAKING,WESTCHESTER,Straight and Level,Snow,None,Snow/Ice,Not Applicable,"Other Motor Vehicle, Collision With",2
 Damage Accident,16:52,10/31/2014,Friday,Y,Daylight,ISLIP,OTHER,SUFFOLK,Straight and Grade,Clear,None,Dry,Not Applicable,"Other Motor Vehicle, Collision With",3
 Damage Accident,15:26,05/29/2014,Thursday,Y,Daylight,MANCHESTER,RIGHT ANGLE,ONTARIO,Straight and Level,Cloudy,None,Dry,Not Applicable,"Other Motor Vehicle, Collision With",2
 Damage & Injury Accident,5:40,10/08/2014,Wednesday,Y,Dark-Road Unlighted,GUILDERLAND,OTHER,ALBANY,Curve and Level,Cloudy,None,Wet,Not Applicable,"Earth Embankment/Rock Cut/Ditch, Collision With Fixed Object",1
 Accident,16:05,12/09/2014,Tuesday,N,Unknown,QUEENS,Unknown,QUEENS,Unknown,Unknown,Unknown,Unknown,Not Applicable,"Other Motor Vehicle, Collision With",2
 Damage & Injury Accident,10:28,03/17/2014,Monday,Y,Daylight,LANSING,LEFT TURN (3),TOMPKINS,Straight and Level,Clear,No Passing Zone,Dry,Not Applicable,"Other Motor Vehicle, Collision With",2
 Damage Accident,4:40,07/27/2014,Sunday,Y,Dark-Road Unlighted,SCHODACK,OTHER,RENSSELAER,Straight and Level,Cloudy,None,Wet,Not Applicable,"Guide Rail - Not At End, Collision With Fixed Object",1
 Damage Accident,13:25,07/21/2014,Monday,Y,Daylight,BALDWINSVILLE,REAR END,ONONDAGA,Straight and Level,Clear,None,Dry,Not Applicable,"Other Motor Vehicle, Collision With",2
 Accident,18:20,05/27/2014,Tuesday,Y,Daylight,KINGS,OTHER,KINGS,Straight and Level,Clear,None,Dry,Not Applicable,"Other Motor Vehicle, Collision With",6
 Accident,23:40,12/06/2014,Saturday,N,Unknown,KINGS,REAR END,KINGS,Unknown,Unknown,Unknown,Unknown,Not Applicable,"Other Motor Vehicle, Collision With",2
 Accident,16:13,08/22/2014,Friday,Y,Daylight,MOUNT PLEASANT,OTHER,WESTCHESTER,Straight and Level,Cloudy,None,Dry,Not Applicable,"Guide Rail - Not At End, Collision With Fixed Object",1
 Damage Accident,7:50,12/12/2014,Friday,Y,Daylight,COBLESKILL,RIGHT ANGLE,SCHOHARIE,Straight and Level,Cloudy,No Passing Zone,Wet,Not Applicable,"Other Motor Vehicle, Collision With",2
 Accident,23:00,11/17/2014,Monday,Y,Dark-Road Lighted,BRONX,OTHER,BRONX,Straight and Level,Cloudy,Traffic Signal,Wet,"Crossing, With Signal","Bicyclist, Collision With",1
 Accident,20:21,09/26/2014,Friday,Y,Dark-Road Lighted,LINDENHURST,Unknown,SUFFOLK,Straight and Level,Clear,Traffic Signal,Dry,Not Applicable,"Other Motor Vehicle, Collision With",2
 Damage Accident,8:18,06/08/2014,Sunday,Y,Daylight,OTEGO,OTHER,OTSEGO,Curve and Level,Clear,None,Dry,Not Applicable,Deer,1
 Accident,15:18,12/16/2014,Tuesday,Y,Daylight,SCRIBA,OTHER,OSWEGO,Curve and Level,Rain,No Passing Zone,Wet,Not Applicable,"Tree, Collision With Fixed Object",1
 Damage Accident,16:15,07/07/2014,Monday,Y,Daylight,NORTH HILLS,REAR END,NASSAU,Curve and Grade,Clear,None,Dry,Not Applicable,"Other Motor Vehicle, Collision With",2
 Damage Accident,21:08,12/06/2014,Saturday,Y,Dark-Road Lighted,QUEENS,OTHER,QUEENS,Curve and Level,Rain,None,Wet,Not Applicable,"Tree, Collision With Fixed Object",1
 Damage & Injury Accident,22:23,05/20/2014,Tuesday,Y,Dark-Road Unlighted,BALDWIN,OTHER,CHEMUNG,Curve and Grade,Cloudy,No Passing Zone,Dry,Not Applicable,"Tree, Collision With Fixed Object",1
 Damage Accident,9:43,10/21/2014,Tuesday,Y,Daylight,ALBANY,RIGHT TURN (6),ALBANY,Straight and Level,Rain,None,Wet,Not Applicable,"Other Motor Vehicle, Collision With",2
 Damage Accident,6:30,09/07/2014,Sunday,N,Dawn,NORTH COLLINS,OTHER,ERIE,Curve and Grade,Clear,Unknown,Dry,Not Applicable,Deer,1
 Damage & Injury Accident,11:25,10/05/2014,Sunday,Y,Daylight,COLONIE,RIGHT ANGLE,ALBANY,Curve and Level,Clear,Stop Sign,Dry,Not Applicable,"Other Motor Vehicle, Collision With",2
 Damage Accident,18:00,04/12/2014,Saturday,N,Daylight,,OTHER,SULLIVAN,Straight and Level,Clear,None,Dry,Not Applicable,"Other Object (Not Fixed)*, Collision With",1
 Damage & Injury Accident,11:58,04/19/2014,Saturday,Y,Daylight,BROOKHAVEN,RIGHT ANGLE,SUFFOLK,Straight and Level,Clear,Stop Sign,Dry,Not Applicable,"Other Motor Vehicle, Collision With",2
 Damage & Injury Accident,15:15,08/12/2014,Tuesday,Y,Daylight,HEMPSTEAD,REAR END,NASSAU,Straight and Level,Cloudy,None,Dry,Not Applicable,"Other Motor Vehicle, Collision With",2
 Accident,15:21,05/29/2014,Thursday,Y,Daylight,LINDENHURST,REAR END,SUFFOLK,Straight and Level,Clear,Traffic Signal,Dry,Not Applicable,"Other Motor Vehicle, Collision With",2
 Damage Accident,14:30,06/03/2014,Tuesday,Y,Daylight,MALONE,OTHER,FRANKLIN,Straight and Level,Rain,None,Wet,Not Applicable,Deer,1
 Accident,21:17,11/09/2014,Sunday,Y,Dark-Road Lighted,KINGS,OTHER,KINGS,Straight and Level,Clear,Traffic Signal,Dry,Not Applicable,"Curbing, Collision With Fixed Object",1
 Damage Accident,12:20,06/13/2014,Friday,N,Dark-Road Lighted,QUEENS,Unknown,QUEENS,Straight and Level,Clear,None,Dry,Not Applicable,"Other Motor Vehicle, Collision With",2
 Damage Accident,8:37,09/08/2014,Monday,Y,Daylight,AMHERST,OTHER,ERIE,Straight and Level,Clear,None,Dry,Not Applicable,"Guide Rail - Not At End, Collision With Fixed Object",1
 Damage Accident,12:25,10/29/2014,Wednesday,Y,Daylight,OLD WESTBURY,REAR END,NASSAU,Straight and Level,Clear,None,Dry,Not Applicable,"Other Motor Vehicle, Collision With",2
 Damage & Injury Accident,19:25,06/16/2014,Monday,N,Dusk,HIGHLANDS,OTHER,ORANGE,Curve and Grade,Cloudy,Unknown,Dry,Not Applicable,Deer,1
 Accident,3:44,11/17/2014,Monday,Y,Dark-Road Unlighted,BRUTUS,OTHER,CAYUGA,Curve and Level,Snow,No Passing Zone,Snow/Ice,Not Applicable,"Earth Embankment/Rock Cut/Ditch, Collision With Fixed Object",1
 Damage Accident,21:00,06/16/2014,Monday,N,Unknown,DRYDEN,OTHER,TOMPKINS,Unknown,Unknown,Unknown,Unknown,Not Applicable,Deer,1
 Damage Accident,4:00,05/26/2014,Monday,Y,Dark-Road Unlighted,MACOMB,OTHER,ST. LAWRENCE,Curve and Grade,Cloudy,No Passing Zone,Wet,Not Applicable,"Other Fixed Object*, Collision With Fixed Object",1
 Damage Accident,6:00,01/17/2014,Friday,Y,Dark-Road Unlighted,,Unknown,UNKNOWN,Straight and Level,Cloudy,None,Dry,Not Applicable,"Other Motor Vehicle, Collision With",2
 Damage Accident,19:27,06/22/2014,Sunday,Y,Daylight,RENSSELAERVILLE,OTHER,ALBANY,Straight and Level,Clear,None,Dry,Not Applicable,"Animal, Collision With",1
 Damage & Injury Accident,15:24,06/15/2014,Sunday,Y,Daylight,RAMAPO,OTHER,ROCKLAND,Straight and Level,Clear,None,Dry,Not Applicable,Deer,1
 Damage Accident,6:43,07/01/2014,Tuesday,Y,Daylight,ITHACA,REAR END,TOMPKINS,Straight and Level,Clear,None,Dry,Not Applicable,"Other Motor Vehicle, Collision With",2
 Damage & Injury Accident,9:17,04/29/2014,Tuesday,Y,Daylight,ALBANY,OTHER,ALBANY,Straight and Level,Cloudy,Traffic Signal,Dry,Not Applicable,"Other Motor Vehicle, Collision With",3
 Accident,16:30,02/02/2014,Sunday,Y,Daylight,BRONX,REAR END,BRONX,Straight and Level,Clear,Not Applicable,Dry,Not Applicable,"Other Motor Vehicle, Collision With",2
 Damage Accident,11:51,11/27/2014,Thursday,Y,Daylight,COLONIE,REAR END,ALBANY,Straight and Level,Cloudy,None,Wet,Not Applicable,"Other Motor Vehicle, Collision With",2
 Damage Accident,8:20,05/18/2014,Sunday,Y,Daylight,MALTA,OTHER,SARATOGA,Straight and Level,Clear,None,Dry,Not Applicable,Deer,1
 Damage Accident,20:50,03/31/2014,Monday,Y,Dark-Road Unlighted,RICHFIELD,OTHER,OTSEGO,Straight and Level,Clear,None,Dry,Not Applicable,"Tree, Collision With Fixed Object",1
 Damage Accident,16:34,01/26/2014,Sunday,Y,Daylight,ALEXANDRIA,OTHER,JEFFERSON,Straight and Level,Snow,No Passing Zone,Snow/Ice,Not Applicable,"Other Motor Vehicle, Collision With",2
 Damage Accident,2:30,05/17/2014,Saturday,Y,Dark-Road Lighted,HEMPSTEAD,OTHER,NASSAU,Straight and Level,Rain,None,Wet,Not Applicable,"Light Support/Utility Pole, Collision With Fixed Object",1
 Accident,0:51,03/21/2014,Friday,Y,Dark-Road Lighted,NEW YORK,Unknown,NEW YORK,Straight and Level,Clear,Unknown,Dry,Not Applicable,"Other Motor Vehicle, Collision With",2
 Damage Accident,17:30,04/23/2014,Wednesday,N,Daylight,OYSTER BAY,REAR END,NASSAU,Straight and Level,Clear,None,Dry,Not Applicable,"Other Motor Vehicle, Collision With",2
 Damage Accident,5:43,07/29/2014,Tuesday,Y,Daylight,BRONX,OTHER,BRONX,Straight and Level,Clear,None,Dry,Not Applicable,"Other Motor Vehicle, Collision With",4
 Accident,1:19,06/27/2014,Friday,Y,Dark-Road Lighted,BUFFALO,OTHER,ERIE,Curve and Level,Clear,None,Dry,Not Applicable,"Light Support/Utility Pole, Collision With Fixed Object",1
 Damage & Injury Accident,11:33,10/04/2014,Saturday,Y,Daylight,GREECE,OTHER,MONROE,Straight and Level,Cloudy,None,Dry,Not Applicable,"Other Motor Vehicle, Collision With",3
 Accident,19:41,01/09/2014,Thursday,Y,Dark-Road Lighted,NEW ROCHELLE,REAR END,WESTCHESTER,Straight and Level,Clear,None,Dry,Not Applicable,"Other Motor Vehicle, Collision With",2
 Accident,17:50,03/29/2014,Saturday,Y,Dawn,NEW YORK,REAR END,NEW YORK,Straight and Level,Rain,Traffic Signal,Dry,Not Applicable,"Other Motor Vehicle, Collision With",2
 Damage Accident,0:00,09/20/2014,Saturday,N,Daylight,QUEENS,RIGHT ANGLE,QUEENS,Straight and Level,Clear,None,Dry,Not Applicable,"Other Motor Vehicle, Collision With",2
 Accident,20:30,02/17/2014,Monday,Y,Dark-Road Lighted,QUEENS,REAR END,QUEENS,Straight and Level,Clear,Traffic Signal,Dry,Not Applicable,"Other Motor Vehicle, Collision With",2
 Damage & Injury Accident,16:40,06/17/2014,Tuesday,N,Daylight,NEW YORK,REAR END,NEW YORK,Straight at Hill Crest,Clear,Traffic Signal,Dry,Not Applicable,"Other Motor Vehicle, Collision With",2
 Damage Accident,15:14,11/14/2014,Friday,Y,Daylight,PLATTSBURG,RIGHT ANGLE,CLINTON,Straight and Level,Cloudy,None,Dry,Not Applicable,"Other Motor Vehicle, Collision With",2
 Damage & Injury Accident,17:00,07/12/2014,Saturday,Y,Daylight,OYSTER BAY,OTHER,NASSAU,Straight and Level,Clear,None,Dry,Not Applicable,"Other Motor Vehicle, Collision With",3
 Damage Accident,5:15,07/25/2014,Friday,N,Unknown,PIERMONT,OTHER,ROCKLAND,Unknown,Unknown,Unknown,Unknown,Not Applicable,Deer,1
 Damage Accident,6:51,08/27/2014,Wednesday,Y,Dark-Road Lighted,WEBSTER,OTHER,MONROE,Straight and Level,Clear,None,Dry,Not Applicable,"Animal, Collision With",1
 Damage Accident,0:30,01/12/2014,Sunday,Y,Dark-Road Unlighted,ALLEGANY,OTHER,CATTARAUGUS,Curve and Grade,Snow,None,Snow/Ice,Not Applicable,"Earth Embankment/Rock Cut/Ditch, Collision With Fixed Object",1
 Damage Accident,15:45,07/28/2014,Monday,Y,Daylight,BABYLON,Unknown,SUFFOLK,Straight and Level,Clear,None,Dry,Not Applicable,"Other Motor Vehicle, Collision With",2
 Damage Accident,11:30,07/24/2014,Thursday,Y,Daylight,MARCY,RIGHT ANGLE,ONEIDA,Straight at Hill Crest,Cloudy,Stop Sign,Dry,Not Applicable,"Other Motor Vehicle, Collision With",2
 Damage Accident,16:12,03/20/2014,Thursday,Y,Daylight,TROY,OTHER,RENSSELAER,Straight and Level,Clear,None,Dry,Not Applicable,"Other Motor Vehicle, Collision With",3
 Damage Accident,6:50,11/06/2014,Thursday,Y,Daylight,LYSANDER,OTHER,ONONDAGA,Straight and Grade,Clear,No Passing Zone,Dry,Not Applicable,Deer,1
 Damage Accident,10:40,01/14/2014,Tuesday,N,Unknown,RICHMOND,OVERTAKING,RICHMOND,Unknown,Unknown,Unknown,Unknown,Not Applicable,"Other Motor Vehicle, Collision With",2
 Accident,5:45,03/10/2014,Monday,Y,Dark-Road Lighted,KINGS,OTHER,KINGS,Straight and Level,Clear,Traffic Signal,Dry,"Crossing, Against Signal","Pedestrian, Collision With",1
 Damage Accident,11:07,11/17/2014,Monday,Y,Daylight,PLATTSBURG,OTHER,CLINTON,Straight and Level,Snow,No Passing Zone,Snow/Ice,Not Applicable,"Earth Embankment/Rock Cut/Ditch, Collision With Fixed Object",1
 Damage Accident,10:00,06/14/2014,Saturday,Y,Daylight,QUEENS,Unknown,QUEENS,Straight and Level,Clear,Traffic Signal,Dry,Not Applicable,"Other Motor Vehicle, Collision With",2
 Damage Accident,7:45,05/12/2014,Monday,N,Daylight,NEW YORK,OVERTAKING,NEW YORK,Straight and Level,Clear,Unknown,Dry,Not Applicable,"Other Motor Vehicle, Collision With",2
 Damage Accident,16:50,12/31/2014,Wednesday,N,Unknown,TROY,RIGHT ANGLE,RENSSELAER,Unknown,Unknown,Unknown,Unknown,Not Applicable,"Other Motor Vehicle, Collision With",2
 Damage Accident,14:47,06/25/2014,Wednesday,Y,Daylight,WARRENSBURG,OTHER,WARREN,Curve and Level,Rain,None,Wet,Not Applicable,"Guide Rail - Not At End, Collision With Fixed Object",1
 Accident,14:00,02/05/2014,Wednesday,Y,Daylight,ALBANY,OTHER,ALBANY,Straight and Grade,Snow,Traffic Signal,Snow/Ice,"Crossing, No Signal, Marked Crosswalk","Pedestrian, Collision With",1
 Damage & Injury Accident,15:15,07/18/2014,Friday,Y,Daylight,HEMPSTEAD,REAR END,NASSAU,Straight and Level,Clear,None,Dry,Not Applicable,"Other Motor Vehicle, Collision With",2
 Damage Accident,13:31,09/03/2014,Wednesday,N,Unknown,KINGS,SIDESWIPE,KINGS,Unknown,Unknown,Unknown,Unknown,Not Applicable,"Other Motor Vehicle, Collision With",2
 Damage Accident,16:33,12/06/2014,Saturday,Y,Dark-Road Unlighted,WESTERN,OTHER,ONEIDA,Curve and Grade,Cloudy,No Passing Zone,Snow/Ice,Not Applicable,"Earth Embankment/Rock Cut/Ditch, Collision With Fixed Object",1
 Damage Accident,9:14,04/09/2014,Wednesday,Y,Daylight,HUNTINGTON,OVERTAKING,SUFFOLK,Straight at Hill Crest,Clear,None,Dry,Not Applicable,"Other Motor Vehicle, Collision With",2
 Accident,14:40,03/09/2014,Sunday,Y,Daylight,NEW YORK,REAR END,NEW YORK,Straight and Level,Clear,Traffic Signal,Dry,Not Applicable,"Other Motor Vehicle, Collision With",2
 Damage & Injury Accident,11:27,09/19/2014,Friday,Y,Daylight,HEMPSTEAD,LEFT TURN (3),NASSAU,Straight and Level,Clear,Traffic Signal,Dry,Not Applicable,"Other Motor Vehicle, Collision With",2
 Damage Accident,19:03,09/07/2014,Sunday,Y,Daylight,NORTH HILLS,REAR END,NASSAU,Curve and Level,Clear,None,Dry,Not Applicable,"Other Motor Vehicle, Collision With",2