 Descriptor,Time,Date,Day of Week,Police Report,Lighting Conditions,Municipality,Collision Type Descriptor,County Name,Road Descriptor,Weather Conditions,Traffic Control Device,Road Surface Conditions,Pedestrian Bicyclist Action,Event Descriptor,Number of Vehicles Involved
 Damage Accident,13:00,05/26/2014,Monday,N,Daylight,WAYLAND,OTHER,STEUBEN,Straight and Level,Clear,None,Dry,Not Applicable,"Other*, Non-Collision",1
 Damage Accident,12:13,04/24/2014,Thursday,Y,Daylight,JOHNSBURG,OTHER,WARREN,Curve and Grade,Clear,No Passing Zone,Dry,Not Applicable,"Tree, Collision With Fixed Object",1
 Damage Accident,0:15,07/16/2014,Wednesday,N,Daylight,KINGS,OTHER,KINGS,Straight and Level,Clear,None,Dry,Not Applicable,"Bridge Structure, Collision With Fixed Object",1
 Damage Accident,23:30,02/08/2014,Saturday,N,Unknown,COLONIE,OTHER,ALBANY,Unknown,Unknown,Unknown,Unknown,Not Applicable,Deer,1
 Accident,10:25,03/16/2014,Sunday,Y,Daylight,SPRING VALLEY,OTHER,ROCKLAND,Straight and Level,Clear,Traffic Signal,Dry,"Crossing, No Signal or Crosswalk","Pedestrian, Collision With",1
 Damage Accident,11:14,01/27/2014,Monday,Y,Daylight,GRANVILLE,RIGHT ANGLE,WASHINGTON,Straight and Level,Snow,None,Snow/Ice,Not Applicable,"Other Motor Vehicle, Collision With",2
 Damage Accident,15:42,01/19/2014,Sunday,Y,Daylight,HEMPSTEAD,RIGHT ANGLE,NASSAU,Straight and Level,Clear,None,Dry,Not Applicable,"Other Motor Vehicle, Collision With",2
 Accident,16:27,12/05/2014,Friday,Y,Dusk,BRONX,OTHER,BRONX,Straight and Level,Clear,Traffic Signal,Dry,Not in Roadway (Indicate),"Pedestrian, Collision With",1
 Damage & Injury Accident,15:00,09/13/2014,Saturday,N,Daylight,BRONX,REAR END,BRONX,Straight and Level,Other*,Stop Sign,Dry,Not Applicable,"Other Motor Vehicle, Collision With",2
 Damage & Injury Accident,13:28,06/23/2014,Monday,Y,Daylight,NEW WINDSOR,RIGHT ANGLE,ORANGE,Straight and Grade,Clear,Stop Sign,Dry,Not Applicable,"Other Motor Vehicle, Collision With",2
 Accident,13:31,08/18/2014,Monday,Y,Daylight,EAST FISHKILL,OTHER,DUTCHESS,Straight and Level,Cloudy,Maintenance Work Area,Dry,Not Applicable,"Other Motor Vehicle, Collision With",3
 Damage Accident,21:15,03/14/2014,Friday,Y,Dark-Road Lighted,ROME,RIGHT ANGLE,ONEIDA,Straight and Level,Snow,Traffic Signal,Snow/Ice,Not Applicable,"Other Motor Vehicle, Collision With",2
 Damage Accident,9:00,10/22/2014,Wednesday,Y,Daylight,PERINTON,OTHER,MONROE,Straight and Level,Cloudy,None,Dry,Not Applicable,Deer,1
 Damage Accident,1:26,12/25/2014,Thursday,N,Dark-Road Unlighted,CLARENCE,OTHER,ERIE,Straight and Level,Rain,None,Wet,Not Applicable,"Other Object (Not Fixed)*, Collision With",1
 Accident,16:30,03/07/2014,Friday,Y,Daylight,NEW YORK,OTHER,NEW YORK,Straight and Level,Clear,Traffic Signal,Dry,Unknown,"Pedestrian, Collision With",1
 Damage & Injury Accident,12:25,03/04/2014,Tuesday,Y,Daylight,SCHENECTADY,LEFT TURN (3),SCHENECTADY,Straight and Level,Cloudy,None,Dry,Not Applicable,"Other Motor Vehicle, Collision With",2
 Damage Accident,18:10,01/14/2014,Tuesday,Y,Dark-Road Unlighted,NEWBURGH,OVERTAKING,ORANGE,Straight and Level,Rain,None,Wet,Not Applicable,"Other Motor Vehicle, Collision With",2
 Damage Accident,19:03,06/05/2014,Thursday,Y,Daylight,COLONIE,RIGHT ANGLE,ALBANY,Straight and Level,Cloudy,Stop Sign,Dry,Not Applicable,"Other Motor Vehicle, Collision With",2
 Accident,11:35,05/28/2014,Wednesday,Y,Daylight,RAMAPO,LEFT TURN (3),ROCKLAND,Straight and Level,Cloudy,None,Wet,Not Applicable,"Other Motor Vehicle, Collision With",2
 Damage & Injury Accident,12:08,11/21/2014,Friday,N,Unknown,MOUNT PLEASANT,REAR END,WESTCHESTER,Unknown,Unknown,Stop Sign,Unknown,Not Applicable,"Other Motor Vehicle, Collision With",2
 Damage Accident,20:45,10/15/2014,Wednesday,Y,Dark-Road Unlighted,IRONDEQUOIT,SIDESWIPE,MONROE,Straight and Grade,Cloudy,None,Dry,Not Applicable,"Other Motor Vehicle, Collision With",2
 Damage Accident,16:40,06/02/2014,Monday,Y,Daylight,SARATOGA SPRINGS,OTHER,SARATOGA,Straight and Level,Clear,None,Dry,Not Applicable,"Other Motor Vehicle, Collision With",2
 Damage Accident,16:54,12/10/2014,Wednesday,Y,Dark-Road Unlighted,WADDINGTON,OTHER,ST. LAWRENCE,Straight and Level,Snow,None,Snow/Ice,Not Applicable,"Tree, Collision With Fixed Object",1
 Accident,13:03,07/27/2014,Sunday,Y,Daylight,VICTOR,OTHER,ONTARIO,Straight and Grade,Clear,Stop Sign,Dry,Riding/Walking/Skating Along Highway With Traffic,"In-Line Skater, Collision With",1
 Damage Accident,6:50,09/19/2014,Friday,Y,Daylight,CLIFTON PARK,LEFT TURN (3),SARATOGA,Straight and Level,Clear,Traffic Signal,Dry,Not Applicable,"Other Motor Vehicle, Collision With",2
 Damage & Injury Accident,15:10,02/21/2014,Friday,Y,Daylight,SMITHTOWN,LEFT TURN (3),SUFFOLK,Straight and Level,Fog/Smog/Smoke,None,Wet,Not Applicable,"Other Motor Vehicle, Collision With",2
 Damage Accident,3:20,04/05/2014,Saturday,Y,Dark-Road Lighted,KINGS,OTHER,KINGS,Straight and Level,Cloudy,None,Wet,Not Applicable,"Other Motor Vehicle, Collision With",4
 Damage Accident,14:00,04/02/2014,Wednesday,Y,Daylight,HEMPSTEAD,OTHER,NASSAU,Straight and Level,Cloudy,Stop Sign,Wet,Not Applicable,"Fence, Collision With Fixed Object",1
 Accident,2:00,09/21/2014,Sunday,Y,Dark-Road Lighted,QUEENS,OTHER,QUEENS,Straight and Level,Rain,Traffic Signal,Wet,Not Applicable,"Other Motor Vehicle, Collision With",4
 Damage & Injury Accident,0:00,03/21/2014,Friday,N,Dark-Road Lighted,,REAR END,ORANGE,Straight and Level,Clear,Traffic Signal,Dry,Not Applicable,"Other Motor Vehicle, Collision With",2
 Accident,17:20,01/08/2014,Wednesday,Y,Dark-Road Lighted,BRONX,OTHER,BRONX,Straight and Level,Clear,Traffic Signal,Dry,"Crossing, With Signal","Pedestrian, Collision With",1
 Damage Accident,21:42,11/14/2014,Friday,Y,Dark-Road Unlighted,ELIZABETHTOWN,OTHER,ESSEX,Straight and Grade,Clear,None,Dry,Not Applicable,"Other Object (Not Fixed)*, Collision With",1
 Damage & Injury Accident,8:05,12/09/2014,Tuesday,Y,Daylight,VESTAL,OTHER,BROOME,Curve and Grade,Cloudy,None,Snow/Ice,Not Applicable,"Tree, Collision With Fixed Object",1
 Accident,16:37,09/30/2014,Tuesday,Y,Daylight,QUEENS,REAR END,QUEENS,Straight and Level,Clear,Unknown,Dry,Not Applicable,"Other Motor Vehicle, Collision With",2
 Damage Accident,10:15,10/26/2014,Sunday,Y,Daylight,NISKAYUNA,RIGHT ANGLE,SCHENECTADY,Straight and Grade,Cloudy,Stop Sign,Dry,Not Applicable,"Other Motor Vehicle, Collision With",2
 Accident,12:54,05/13/2014,Tuesday,Y,Daylight,CHENANGO,OTHER,BROOME,Straight and Level,Cloudy,Traffic Signal,Dry,Not Applicable,"Other Motor Vehicle, Collision With",3
 Damage & Injury Accident,7:08,03/31/2014,Monday,Y,Daylight,BROOKHAVEN,OTHER,SUFFOLK,Straight and Level,Sleet/Hail/Freezing Rain,None,Snow/Ice,Not Applicable,"Guide Rail - End, Collision With Fixed Object",1
 Damage Accident,14:00,04/26/2014,Saturday,Y,Daylight,QUEENS,OTHER,QUEENS,Straight and Level,Clear,None,Dry,Not Applicable,"Other Motor Vehicle, Collision With",3
 Damage Accident,19:30,02/16/2014,Sunday,N,Unknown,NEW PALTZ,OTHER,ULSTER,Unknown,Unknown,Unknown,Unknown,Not Applicable,Deer,1
 Damage & Injury Accident,13:20,12/13/2014,Saturday,Y,Daylight,HEMPSTEAD,REAR END,NASSAU,Straight and Level,Clear,None,Dry,Not Applicable,"Other Motor Vehicle, Collision With",2
 Damage Accident,9:55,01/15/2014,Wednesday,Y,Daylight,ORANGETOWN,LEFT TURN (3),ROCKLAND,Straight and Level,Fog/Smog/Smoke,Traffic Signal,Wet,Not Applicable,"Other Motor Vehicle, Collision With",2
 Damage Accident,21:21,01/30/2014,Thursday,Y,Dark-Road Lighted,OYSTER BAY,OVERTAKING,NASSAU,Straight and Level,Clear,None,Dry,Not Applicable,"Other Motor Vehicle, Collision With",2
 Accident,0:25,07/28/2014,Monday,Y,Dark-Road Lighted,KINGS,Unknown,KINGS,Straight and Level,Clear,Unknown,Dry,Not Applicable,"Other Motor Vehicle, Collision With",2
 Damage Accident,11:30,11/07/2014,Friday,Y,Daylight,CORTLANDT,OTHER,WESTCHESTER,Straight and Level,Clear,None,Dry,Not Applicable,"Ran Off Roadway Only, Non-Collision",1
 Damage & Injury Accident,14:48,09/13/2014,Saturday,Y,Daylight,SAUGERTIES,OTHER,ULSTER,Straight and Level,Rain,No Passing Zone,Wet,Not Applicable,"Other Motor Vehicle, Collision With",3
 Damage & Injury Accident,14:40,06/05/2014,Thursday,Y,Daylight,BRONX,OTHER,BRONX,Straight and Level,Clear,None,Dry,Not Applicable,"Other Motor Vehicle, Collision With",3
 Damage Accident,7:55,05/20/2014,Tuesday,Y,Daylight,HEMPSTEAD,OVERTAKING,NASSAU,Straight and Level,Clear,Traffic Signal,Dry,Not Applicable,"Other Motor Vehicle, Collision With",2
 Damage Accident,5:40,11/11/2014,Tuesday,Y,Dark-Road Unlighted,LIMA,OTHER,LIVINGSTON,Straight and Level,Cloudy,None,Dry,Not Applicable,Deer,1
 Accident,10:29,10/29/2014,Wednesday,Y,Daylight,KINGS,OTHER,KINGS,Straight and Level,Clear,None,Dry,Not Applicable,"Other Motor Vehicle, Collision With",3
 Damage Accident,23:10,01/01/2014,Wednesday,Y,Dark-Road Lighted,NEW YORK,Unknown,NEW YORK,Straight and Level,Clear,Traffic Signal,Dry,Not Applicable,"Other Motor Vehicle, Collision With",2
 Damage Accident,12:28,06/18/2014,Wednesday,Y,Daylight,IRONDEQUOIT,OTHER,MONROE,Straight and Level,Cloudy,Construction Work Area,Dry,Not Applicable,"Other Motor Vehicle, Collision With",4
 Accident,7:46,04/28/2014,Monday,Y,Daylight,QUEENS,OVERTAKING,QUEENS,Straight and Level,Clear,None,Dry,Not Applicable,"Other Motor Vehicle, Collision With",2
 Accident,17:00,06/16/2014,Monday,Y,Daylight,BRONX,OTHER,BRONX,Straight and Grade,Clear,None,Dry,Unknown,"Pedestrian, Collision With",1
 Damage Accident,16:04,06/07/2014,Saturday,Y,Daylight,HEMPSTEAD,REAR END,NASSAU,Straight and Level,Clear,None,Dry,Not Applicable,"Other Motor Vehicle, Collision With",2
 Damage Accident,9:45,07/21/2014,Monday,Y,Daylight,ISLAND PARK,RIGHT TURN (6),NASSAU,Straight and Level,Clear,None,Dry,Not Applicable,"Other Motor Vehicle, Collision With",2
 Accident,13:30,05/20/2014,Tuesday,Y,Daylight,BRONX,OTHER,BRONX,Straight at Hill Crest,Clear,Traffic Signal,Dry,Not Applicable,"Other Motor Vehicle, Collision With",3
 Damage & Injury Accident,21:12,10/15/2014,Wednesday,N,Unknown,BRONX,Unknown,BRONX,Unknown,Unknown,Unknown,Unknown,Not Applicable,"Other Motor Vehicle, Collision With",2
 Accident,9:26,10/23/2014,Thursday,Y,Daylight,BUFFALO,REAR END,ERIE,Straight and Level,Clear,Traffic Signal,Dry,Not Applicable,"Other Motor Vehicle, Collision With",2
 Damage Accident,16:15,12/29/2014,Monday,Y,Daylight,NEW WINDSOR,OTHER,ORANGE,Straight and Level,Clear,None,Dry,Not Applicable,"Building/Wall, Collision With Fixed Object",1
 Damage & Injury Accident,9:05,10/17/2014,Friday,Y,Daylight,CHILI,OTHER,MONROE,Straight and Level,Rain,None,Wet,Not Applicable,"Other Motor Vehicle, Collision With",5
 Accident,16:53,06/01/2014,Sunday,Y,Daylight,CRAWFORD,REAR END,ORANGE,Straight and Level,Clear,Traffic Signal,Dry,Not Applicable,"Other Motor Vehicle, Collision With",2
 Damage Accident,13:30,11/28/2014,Friday,Y,Daylight,WILTON,OTHER,SARATOGA,Straight and Level,Cloudy,Traffic Signal,Wet,Not Applicable,"Other Motor Vehicle, Collision With",3
 Damage Accident,14:55,01/15/2014,Wednesday,Y,Daylight,OYSTER BAY,OVERTAKING,NASSAU,Straight and Level,Cloudy,None,Dry,Not Applicable,"Other Motor Vehicle, Collision With",2
 Accident,17:02,01/23/2014,Thursday,Y,Daylight,BUFFALO,Unknown,ERIE,Straight and Level,Clear,Traffic Signal,Wet,Not Applicable,"Other Motor Vehicle, Collision With",2
 Damage & Injury Accident,13:38,01/03/2014,Friday,Y,Daylight,CARMEL,OTHER,PUTNAM,Curve and Level,Clear,No Passing Zone,Wet,Not Applicable,"Building/Wall, Collision With Fixed Object",1
 Accident,17:58,12/08/2014,Monday,N,Unknown,KINGS,OVERTAKING,KINGS,Unknown,Unknown,Unknown,Unknown,Not Applicable,"Other Motor Vehicle, Collision With",2
 Damage Accident,11:40,01/03/2014,Friday,Y,Daylight,CORTLANDVILLE,OTHER,CORTLAND,Straight and Grade,Clear,None,Snow/Ice,Not Applicable,"Bridge Structure, Collision With Fixed Object",1
 Damage & Injury Accident,9:51,11/07/2014,Friday,Y,Daylight,GENEVA,Unknown,ONTARIO,Straight and Level,Rain,Stop Sign,Wet,Not Applicable,"Other Motor Vehicle, Collision With",2
 Damage Accident,12:05,08/06/2014,Wednesday,Y,Daylight,LAKE PLACID,OVERTAKING,ESSEX,Straight and Level,Clear,No Passing Zone,Dry,Not Applicable,"Other Motor Vehicle, Collision With",2
 Damage Accident,18:20,09/12/2014,Friday,N,Daylight,KINGS,REAR END,KINGS,Straight and Level,Clear,None,Dry,Not Applicable,"Other Motor Vehicle, Collision With",2
 Damage & Injury Accident,13:18,12/06/2014,Saturday,Y,Daylight,MONTGOMERY,REAR END,ORANGE,Straight and Grade,Rain,Traffic Signal,Wet,Not Applicable,"Other Motor Vehicle, Collision With",2
 Damage Accident,18:53,06/11/2014,Wednesday,Y,Daylight,OYSTER BAY,OVERTAKING,NASSAU,Straight and Level,Clear,Traffic Signal,Dry,Not Applicable,"Other Motor Vehicle, Collision With",2
 Damage Accident,5:01,11/15/2014,Saturday,Y,Dark-Road Unlighted,COVENTRY,OTHER,CHENANGO,Curve and Grade,Snow,No Passing Zone,Snow/Ice,Not Applicable,Deer,1
 Accident,22:20,12/03/2014,Wednesday,Y,Dark-Road Lighted,HEMPSTEAD,REAR END,NASSAU,Straight and Level,Cloudy,Stop Sign,Wet,Not Applicable,"Other Motor Vehicle, Collision With",2
 Damage Accident,5:39,04/23/2014,Wednesday,Y,Dawn,WADDINGTON,OTHER,ST. LAWRENCE,Straight and Level,Cloudy,None,Wet,Not Applicable,Deer,1
 Accident,13:25,08/26/2014,Tuesday,Y,Daylight,HARRISON,REAR END,WESTCHESTER,Straight and Level,Clear,Traffic Signal,Dry,Not Applicable,"Other Motor Vehicle, Collision With",2
 Damage & Injury Accident,15:12,08/17/2014,Sunday,Y,Daylight,SAUGERTIES,REAR END,ULSTER,Straight and Level,Clear,None,Dry,Not Applicable,"Other Motor Vehicle, Collision With",2
 Damage Accident,21:36,06/03/2014,Tuesday,Y,Dark-Road Unlighted,ELBA,OTHER,GENESEE,Straight and Level,Cloudy,None,Dry,Not Applicable,Deer,1
 Damage & Injury Accident,14:36,08/24/2014,Sunday,Y,Daylight,STEUBEN,OTHER,ONEIDA,Curve and Grade,Cloudy,No Passing Zone,Dry,Not Applicable,"Other*, Non-Collision",1
 Damage Accident,21:50,11/03/2014,Monday,Y,Dark-Road Unlighted,WAWAYANDA,OTHER,ORANGE,Straight and Level,Clear,None,Dry,Not Applicable,Deer,1
 Damage Accident,8:13,10/23/2014,Thursday,Y,Daylight,HEMPSTEAD,OTHER,NASSAU,Curve and Grade,Rain,None,Wet,Not Applicable,"Guide Rail - Not At End, Collision With Fixed Object",1
 Damage Accident,8:30,01/25/2014,Saturday,Y,Daylight,BRONX,REAR END,BRONX,Straight and Level,Clear,Traffic Signal,Dry,Not Applicable,"Other Motor Vehicle, Collision With",2
 Damage Accident,8:50,09/05/2014,Friday,Y,Daylight,BROOKHAVEN,REAR END,SUFFOLK,Straight and Level,Clear,Traffic Signal,Dry,Not Applicable,"Other Motor Vehicle, Collision With",2
 Damage Accident,10:14,04/26/2014,Saturday,Y,Daylight,BABYLON,RIGHT TURN (6),SUFFOLK,Straight and Level,Cloudy,None,Wet,Not Applicable,"Other Motor Vehicle, Collision With",2
 Damage Accident,0:00,07/26/2014,Saturday,N,Unknown,BRONX,RIGHT ANGLE,BRONX,Unknown,Unknown,Unknown,Unknown,Not Applicable,"Other Motor Vehicle, Collision With",2
 Accident,14:00,11/15/2014,Saturday,Y,Daylight,KINGS,OTHER,KINGS,Straight and Level,Clear,Traffic Signal,Dry,Riding/Walking/Skating Along Highway With Traffic,"Bicyclist, Collision With",1
 Damage Accident,16:45,12/02/2014,Tuesday,Y,Dark-Road Unlighted,BATAVIA,SIDESWIPE,GENESEE,Curve and Grade,Rain,No Passing Zone,Wet,Not Applicable,"Other Motor Vehicle, Collision With",2
 Accident,10:13,03/29/2014,Saturday,Y,Daylight,NEW ROCHELLE,REAR END,WESTCHESTER,Straight and Level,Rain,None,Wet,Not Applicable,"Other Motor Vehicle, Collision With",2
 Accident,0:20,05/11/2014,Sunday,Y,Dark-Road Lighted,SYRACUSE,OTHER,ONONDAGA,Straight and Level,Cloudy,None,Dry,Riding/Walking/Skating Along Highway With Traffic,"Pedestrian, Collision With",1
 Accident,12:39,08/20/2014,Wednesday,Y,Daylight,KINGS,OTHER,KINGS,Straight and Level,Clear,None,Dry,Emerging from in Front of/Behind Parked Vehicle,"Pedestrian, Collision With",1
 Damage Accident,17:18,08/27/2014,Wednesday,Y,Daylight,ROCHESTER,OTHER,MONROE,Straight and Grade,Clear,None,Dry,Not Applicable,"Other Motor Vehicle, Collision With",3
 Damage Accident,9:03,11/14/2014,Friday,Y,Daylight,BROOKHAVEN,REAR END,SUFFOLK,Straight and Grade,Cloudy,Traffic Signal,Wet,Not Applicable,"Other Motor Vehicle, Collision With",2
 Damage Accident,9:25,02/18/2014,Tuesday,Y,Daylight,SOUTHOLD,SIDESWIPE,SUFFOLK,Straight and Level,Snow,No Passing Zone,Snow/Ice,Not Applicable,"Other Motor Vehicle, Collision With",2
 Accident,0:23,09/01/2014,Monday,Y,Dark-Road Lighted,YONKERS,OTHER,WESTCHESTER,Curve and Grade,Cloudy,None,Dry,Not Applicable,"Other Motor Vehicle, Collision With",3
 Damage Accident,14:00,12/19/2014,Friday,Y,Daylight,CLAY,REAR END,ONONDAGA,Straight and Level,Cloudy,Traffic Signal,Wet,Not Applicable,"Other Motor Vehicle, Collision With",2
 Damage & Injury Accident,14:51,09/16/2014,Tuesday,Y,Daylight,MONTICELLO,OTHER,SULLIVAN,Straight and Level,Clear,Traffic Signal,Dry,Not Applicable,"Other Motor Vehicle, Collision With",2
 Damage Accident,0:00,09/21/2014,Sunday,N,Unknown,NEW YORK,OTHER,NEW YORK,Unknown,Unknown,Unknown,Unknown,Not Applicable,"Other Motor Vehicle, Collision With",4
 Damage & Injury Accident,23:30,12/05/2014,Friday,Y,Dark-Road Unlighted,SHAWANGUNK,OTHER,ULSTER,Straight and Level,Rain,None,Wet,Not Applicable,"Tree, Collision With Fixed Object",1
 Accident,16:15,07/09/2014,Wednesday,N,Unknown,QUEENS,Unknown,QUEENS,Unknown,Unknown,Unknown,Unknown,Not Applicable,"Other Motor Vehicle, Collision With",2
 Accident,15:07,10/05/2014,Sunday,Y,Daylight,ILION,OTHER,HERKIMER,Straight and Level,Clear,None,Dry,Not Applicable,"Other Motor Vehicle, Collision With",3
 Damage Accident,17:20,07/03/2014,Thursday,Y,Daylight,ROTTERDAM,REAR END,SCHENECTADY,Straight and Level,Cloudy,None,Dry,Not Applicable,"Other Motor Vehicle, Collision With",2
 Damage Accident,13:00,05/18/2014,Sunday,N,Daylight,OSSINING,OVERTAKING,WESTCHESTER,Straight and Level,Clear,None,Dry,Not Applicable,"Other Motor Vehicle, Collision With",2
 Accident,15:10,09/23/2014,Tuesday,Y,Daylight,SYRACUSE,REAR END,ONONDAGA,Curve and Grade,Cloudy,Stop Sign,Dry,Not Applicable,"Other Motor Vehicle, Collision With",2
 Damage Accident,8:30,02/05/2014,Wednesday,N,Unknown,BRONX,OVERTAKING,BRONX,Unknown,Unknown,Unknown,Unknown,Not Applicable,"Other Motor Vehicle, Collision With",2
 Accident,11:20,09/15/2014,Monday,Y,Daylight,BRONX,REAR END,BRONX,Straight and Level,Clear,Traffic Signal,Dry,Not Applicable,"Other Motor Vehicle, Collision With",2
 Damage Accident,12:00,05/02/2014,Friday,Y,Daylight,QUEENS,RIGHT TURN (5),QUEENS,Straight and Level,Clear,Traffic Signal,Dry,Not Applicable,"Other Motor Vehicle, Collision With",2
 Damage & Injury Accident,14:25,10/26/2014,Sunday,Y,Daylight,LINDENHURST,OTHER,SUFFOLK,Straight and Level,Clear,Stop Sign,Dry,Not Applicable,"Other Motor Vehicle, Collision With",3
 Damage Accident,4:09,05/03/2014,Saturday,Y,Dark-Road Unlighted,LEWIS,OTHER,ESSEX,Straight and Level,Cloudy,Stop Sign,Wet,Not Applicable,"Guide Rail - Not At End, Collision With Fixed Object",1
 Damage Accident,6:14,08/15/2014,Friday,Y,Daylight,CARLISLE,OTHER,SCHOHARIE,Straight and Grade,Cloudy,None,Dry,Not Applicable,"Earth Embankment/Rock Cut/Ditch, Collision With Fixed Object",1
 Damage Accident,7:30,02/17/2014,Monday,Y,Daylight,SCHUYLERVILLE,REAR END,SARATOGA,Straight and Level,Clear,None,Dry,Not Applicable,"Other Motor Vehicle, Collision With",2
 Damage Accident,18:58,07/17/2014,Thursday,Y,Daylight,TONAWANDA,OVERTAKING,ERIE,Straight and Level,Clear,Stop Sign,Dry,Not Applicable,"Other Motor Vehicle, Collision With",2
 Damage & Injury Accident,17:30,03/10/2014,Monday,N,Daylight,KINGS,REAR END,KINGS,Straight and Level,Clear,Traffic Signal,Dry,Not Applicable,"Other Motor Vehicle, Collision With",2
 Accident,13:30,07/09/2014,Wednesday,Y,Daylight,CLAY,REAR END,ONONDAGA,Straight and Level,Cloudy,Traffic Signal,Dry,Not Applicable,"Other Motor Vehicle, Collision With",2
 Accident,23:35,06/22/2014,Sunday,Y,Dark-Road Lighted,YONKERS,OTHER,WESTCHESTER,Straight and Level,Clear,None,Dry,Not Applicable,"Animal, Collision With",1
 Damage Accident,16:00,03/24/2014,Monday,Y,Daylight,GREAT NECK,OTHER,NASSAU,Straight and Level,Clear,None,Dry,Not Applicable,"Other Motor Vehicle, Collision With",4
 Damage Accident,13:59,12/21/2014,Sunday,Y,Daylight,WHEATLAND,RIGHT TURN (6),MONROE,Straight and Level,Cloudy,Stop Sign,Dry,Not Applicable,"Other Motor Vehicle, Collision With",2
 Damage Accident,6:17,10/29/2014,Wednesday,Y,Dark-Road Unlighted,WARWICK,OTHER,ORANGE,Straight and Level,Clear,None,Dry,Not Applicable,Deer,1
 Damage Accident,8:00,10/14/2014,Tuesday,N,Daylight,BRONX,REAR END,BRONX,Straight and Level,Clear,None,Dry,Not Applicable,"Other Motor Vehicle, Collision With",2
 Damage & Injury Accident,9:29,08/21/2014,Thursday,Y,Daylight,WHITEHALL,OTHER,WASHINGTON,Straight and Level,Rain,None,Wet,Not Applicable,"Other Motor Vehicle, Collision With",3
 Damage Accident,11:45,03/08/2014,Saturday,Y,Daylight,QUEENS,OVERTAKING,QUEENS,Straight and Level,Clear,None,Dry,Not Applicable,"Other Motor Vehicle, Collision With",2
 Damage & Injury Accident,7:14,11/17/2014,Monday,N,Unknown,BEACON,REAR END,DUTCHESS,Unknown,Unknown,Unknown,Unknown,Not Applicable,"Other Motor Vehicle, Collision With",2
 Damage Accident,18:00,08/18/2014,Monday,Y,Daylight,NORTH HEMPSTEAD,REAR END,NASSAU,Straight and Level,Clear,None,Dry,Not Applicable,"Other Motor Vehicle, Collision With",2
 Damage Accident,19:30,03/10/2014,Monday,Y,Dark-Road Lighted,WATERTOWN,OTHER,JEFFERSON,Straight and Level,Cloudy,Other,Dry,Not Applicable,"Light Support/Utility Pole, Collision With Fixed Object",1
 Accident,8:56,11/17/2014,Monday,Y,Daylight,HEMPSTEAD,OTHER,NASSAU,Straight and Level,Rain,None,Wet,Not Applicable,"Other Motor Vehicle, Collision With",3
 Damage Accident,13:54,09/25/2014,Thursday,Y,Daylight,WAPPINGER,Unknown,DUTCHESS,Straight and Level,Cloudy,None,Wet,Not Applicable,"Other Motor Vehicle, Collision With",2
 Damage Accident,0:00,11/12/2014,Wednesday,N,Unknown,RICHMOND,Unknown,RICHMOND,Unknown,Unknown,Unknown,Unknown,Not Applicable,"Other Motor Vehicle, Collision With",2
 Accident,14:30,08/30/2014,Saturday,N,Unknown,BRONX,Unknown,BRONX,Unknown,Unknown,Unknown,Unknown,Not Applicable,"Other Motor Vehicle, Collision With",2
 Damage & Injury Accident,22:27,07/19/2014,Saturday,Y,Dark-Road Unlighted,HUNTER,OTHER,GREENE,Curve and Level,Clear,No Passing Zone,Dry,Not Applicable,"Light Support/Utility Pole, Collision With Fixed Object",1
 Accident,18:32,05/11/2014,Sunday,Y,Daylight,KINGS,OTHER,KINGS,Straight and Level,Clear,None,Dry,Riding/Walking/Skating Along Highway With Traffic,"Bicyclist, Collision With",1
 Damage & Injury Accident,10:50,12/18/2014,Thursday,Y,Daylight,COVINGTON,RIGHT ANGLE,WYOMING,Straight and Level,Cloudy,Yield Sign,Wet,Not Applicable,"Other Motor Vehicle, Collision With",2
 Accident,0:15,05/01/2014,Thursday,Y,Dark-Road Lighted,BRONX,OTHER,BRONX,Straight and Level,Rain,Traffic Signal,Wet,"Crossing, With Signal","Pedestrian, Collision With",1
 Damage & Injury Accident,16:47,10/28/2014,Tuesday,Y,Daylight,ELBRIDGE,OVERTAKING,ONONDAGA,Straight and Grade,Cloudy,No Passing Zone,Dry,Not Applicable,"Other Motor Vehicle, Collision With",2
 Damage Accident,11:53,12/04/2014,Thursday,Y,Daylight,RIVERHEAD,RIGHT ANGLE,SUFFOLK,Straight and Level,Clear,Traffic Signal,Dry,Not Applicable,"Other Motor Vehicle, Collision With",2
 Damage & Injury Accident,20:16,05/09/2014,Friday,Y,Dark-Road Lighted,HUNTINGTON,Unknown,SUFFOLK,Straight and Level,Cloudy,None,Dry,Not Applicable,"Other Motor Vehicle, Collision With",2
 Damage Accident,8:30,04/30/2014,Wednesday,N,Daylight,OYSTER BAY,OTHER,NASSAU,Straight at Hill Crest,Rain,None,Wet,Not Applicable,"Fence, Collision With Fixed Object",1
 Damage Accident,15:03,02/17/2014,Monday,Y,Daylight,HIGHLANDS,OVERTAKING,ORANGE,Straight and Level,Clear,Stop Sign,Dry,Not Applicable,"Other Motor Vehicle, Collision With",2
 Accident,6:00,11/15/2014,Saturday,Y,Dark-Road Lighted,BRONX,Unknown,BRONX,Straight and Grade,Clear,Stop Sign,Dry,Not Applicable,"Other Motor Vehicle, Collision With",2