 Descriptor,Time,Date,Day of Week,Police Report,Lighting Conditions,Municipality,Collision Type Descriptor,County Name,Road Descriptor,Weather Conditions,Traffic Control Device,Road Surface Conditions,Pedestrian Bicyclist Action,Event Descriptor,Number of Vehicles Involved
 Accident,19:43,11/08/2014,Saturday,Y,Dark-Road Lighted,KINGS,OTHER,KINGS,Straight and Level,Clear,None,Dry,Other Actions in Roadway,"Pedestrian, Collision With",1
 Damage Accident,16:55,11/25/2014,Tuesday,N,Unknown,MEREDITH,OTHER,DELAWARE,Unknown,Unknown,Unknown,Unknown,Not Applicable,Deer,1
 Damage & Injury Accident,14:30,10/20/2014,Monday,Y,Daylight,GOSHEN,REAR END,ORANGE,Straight and Grade,Clear,None,Dry,Not Applicable,"Other Motor Vehicle, Collision With",2
 Damage Accident,15:30,11/06/2014,Thursday,Y,Daylight,CHARLTON,REAR END,SARATOGA,Straight and Level,Rain,No Passing Zone,Wet,Not Applicable,"Other Motor Vehicle, Collision With",2
 Damage Accident,13:06,08/04/2014,Monday,Y,Daylight,SAUGERTIES,REAR END,ULSTER,Straight and Level,Clear,None,Dry,Not Applicable,"Other Motor Vehicle, Collision With",2
 Damage Accident,8:49,12/19/2014,Friday,Y,Daylight,BRIGHTON,REAR END,MONROE,Straight and Level,Cloudy,Stop Sign,Wet,Not Applicable,"Other Motor Vehicle, Collision With",2
 Damage Accident,12:41,11/02/2014,Sunday,Y,Daylight,MONTGOMERY,OTHER,ORANGE,Straight and Level,Clear,None,Dry,Not Applicable,"Guide Rail - Not At End, Collision With Fixed Object",1
 Damage Accident,12:57,06/30/2014,Monday,Y,Daylight,CORTLAND,SIDESWIPE,CORTLAND,Straight and Level,Clear,None,Dry,Not Applicable,"Other Motor Vehicle, Collision With",2
 Damage Accident,10:45,11/15/2014,Saturday,Y,Daylight,RICHMOND,REAR END,RICHMOND,Straight and Level,Clear,Traffic Signal,Dry,Not Applicable,"Other Motor Vehicle, Collision With",2
 Damage & Injury Accident,15:50,12/02/2014,Tuesday,Y,Dusk,MAMAKATING,OTHER,SULLIVAN,Straight and Grade,Snow,None,Snow/Ice,Not Applicable,"Earth Embankment/Rock Cut/Ditch, Collision With Fixed Object",1
 Damage Accident,17:04,02/06/2014,Thursday,Y,Daylight,KINGS,LEFT TURN (3),KINGS,Straight and Level,Clear,Traffic Signal,Wet,Not Applicable,"Other Motor Vehicle, Collision With",2
 Damage Accident,12:00,07/04/2014,Friday,N,Unknown,ROYALTON,Unknown,NIAGARA,Unknown,Unknown,Unknown,Unknown,Not Applicable,"Other Motor Vehicle, Collision With",2
 Damage & Injury Accident,20:15,10/06/2014,Monday,Y,Dark-Road Unlighted,WEST CARTHAGE,OTHER,JEFFERSON,Straight at Hill Crest,Clear,None,Dry,Not Applicable,"Animal, Collision With",1
 Damage Accident,10:30,08/06/2014,Wednesday,N,Unknown,KINGS,Unknown,KINGS,Unknown,Unknown,Unknown,Unknown,Not Applicable,"Other Motor Vehicle, Collision With",2
 Damage Accident,0:00,04/04/2014,Friday,N,Unknown,,Unknown,NASSAU,Unknown,Unknown,Unknown,Unknown,Not Applicable,"Other Motor Vehicle, Collision With",2
 Damage Accident,21:15,06/17/2014,Tuesday,Y,Dark-Road Unlighted,ROCHESTER,OTHER,ULSTER,Straight and Level,Cloudy,None,Dry,Not Applicable,Deer,1
 Damage & Injury Accident,2:37,11/23/2014,Sunday,Y,Dark-Road Lighted,ROCHESTER,RIGHT ANGLE,MONROE,Straight and Level,Clear,Stop Sign,Wet,Not Applicable,"Other Motor Vehicle, Collision With",2
 Accident,11:40,04/24/2014,Thursday,Y,Daylight,QUEENS,REAR END,QUEENS,Straight and Level,Clear,Traffic Signal,Dry,Not Applicable,"Other Motor Vehicle, Collision With",2
 Damage & Injury Accident,9:30,05/02/2014,Friday,Y,Daylight,QUEENS,Unknown,QUEENS,Straight and Level,Clear,None,Dry,Not Applicable,"Other Motor Vehicle, Collision With",2
 Damage Accident,21:54,02/23/2014,Sunday,Y,Dark-Road Lighted,HENRIETTA,SIDESWIPE,MONROE,Straight and Level,Clear,None,Dry,Not Applicable,"Other Motor Vehicle, Collision With",2
 Damage Accident,7:26,12/10/2014,Wednesday,Y,Daylight,YORKTOWN,REAR END,WESTCHESTER,Straight and Level,Rain,None,Wet,Not Applicable,"Other Motor Vehicle, Collision With",2
 Accident,0:00,10/11/2014,Saturday,Y,Daylight,KINGS,OTHER,KINGS,Straight and Level,Cloudy,Traffic Signal,Wet,"Crossing, Against Signal","Pedestrian, Collision With",1
 Damage Accident,20:15,01/14/2014,Tuesday,Y,Dark-Road Lighted,CLAY,SIDESWIPE,ONONDAGA,Straight and Level,Clear,None,Dry,Not Applicable,"Other Motor Vehicle, Collision With",2
 Damage & Injury Accident,17:06,07/08/2014,Tuesday,Y,Daylight,AMSTERDAM,REAR END,MONTGOMERY,Straight and Grade,Clear,Traffic Signal,Dry,Not Applicable,"Other Motor Vehicle, Collision With",2
 Damage Accident,11:12,07/06/2014,Sunday,Y,Daylight,ADAMS,OTHER,JEFFERSON,Straight and Level,Clear,No Passing Zone,Dry,Not Applicable,Deer,1
 Damage & Injury Accident,18:34,02/13/2014,Thursday,Y,Dark-Road Lighted,WATERVLIET,RIGHT ANGLE,ALBANY,Straight and Level,Snow,Other,Snow/Ice,Not Applicable,"Other Motor Vehicle, Collision With",2
 Damage Accident,14:32,01/08/2014,Wednesday,Y,Daylight,WATERTOWN,RIGHT ANGLE,JEFFERSON,Straight and Level,Snow,Traffic Signal,Snow/Ice,Not Applicable,"Other Motor Vehicle, Collision With",2
 Damage & Injury Accident,17:59,04/01/2014,Tuesday,Y,Daylight,CLAY,LEFT TURN (3),ONONDAGA,Straight and Level,Clear,Traffic Signal,Dry,Not Applicable,"Other Motor Vehicle, Collision With",2
 Damage Accident,12:30,02/22/2014,Saturday,Y,Daylight,QUEENS,REAR END,QUEENS,Straight and Level,Clear,Construction Work Area,Wet,Not Applicable,"Other Motor Vehicle, Collision With",2
 Accident,18:50,10/14/2014,Tuesday,Y,Dark-Road Lighted,NEW YORK,REAR END,NEW YORK,Straight and Level,Clear,Traffic Signal,Dry,Not Applicable,"Other Motor Vehicle, Collision With",2
 Damage Accident,15:25,05/23/2014,Friday,Y,Daylight,NORTH HEMPSTEAD,RIGHT ANGLE,NASSAU,Straight and Level,Clear,None,Dry,Not Applicable,"Other Motor Vehicle, Collision With",2
 Accident,2:15,06/21/2014,Saturday,Y,Dark-Road Lighted,KINGS,REAR END,KINGS,Straight and Level,Clear,Traffic Signal,Dry,Not Applicable,"Other Motor Vehicle, Collision With",2
 Damage Accident,1:15,04/06/2014,Sunday,Y,Dark-Road Unlighted,YORKTOWN,OTHER,WESTCHESTER,Straight and Level,Clear,None,Dry,Not Applicable,"Earth Embankment/Rock Cut/Ditch, Collision With Fixed Object",1
 Damage Accident,16:11,08/22/2014,Friday,Y,Daylight,PAWLING,REAR END,DUTCHESS,Straight and Level,Clear,Stop Sign,Dry,Not Applicable,"Other Motor Vehicle, Collision With",2
 Damage Accident,0:00,07/10/2014,Thursday,N,Daylight,BUFFALO,Unknown,ERIE,Straight and Level,Clear,None,Dry,Not Applicable,"Other Motor Vehicle, Collision With",2
 Damage Accident,13:31,07/14/2014,Monday,Y,Daylight,NYACK,OVERTAKING,ROCKLAND,Straight and Level,Cloudy,None,Wet,Not Applicable,"Other Motor Vehicle, Collision With",2
 Damage Accident,14:31,12/12/2014,Friday,Y,Daylight,HEMPSTEAD,REAR END,NASSAU,Straight and Level,Clear,None,Dry,Not Applicable,"Other Motor Vehicle, Collision With",2
 Accident,8:55,12/14/2014,Sunday,Y,Daylight,QUEENS,OTHER,QUEENS,Straight and Level,Clear,None,Wet,"Crossing, No Signal, Marked Crosswalk","Pedestrian, Collision With",1
 Accident,6:40,03/17/2014,Monday,Y,Dawn,,OTHER,UNKNOWN,Straight and Level,Clear,None,Dry,Unknown,"Pedestrian, Collision With",1
 Accident,1:55,10/08/2014,Wednesday,Y,Dark-Road Lighted,CEDARHURST,OTHER,NASSAU,Straight and Level,Rain,None,Wet,Other Actions in Roadway,"Bicyclist, Collision With",1
 Accident,20:00,08/20/2014,Wednesday,Y,Dark-Road Lighted,KINGS,OTHER,KINGS,Straight and Level,Clear,Traffic Signal,Dry,Unknown,"Bicyclist, Collision With",1
 Damage Accident,21:45,09/16/2014,Tuesday,Y,Dark-Road Lighted,,OTHER,UNKNOWN,Straight and Level,Clear,None,Dry,Not Applicable,"Light Support/Utility Pole, Collision With Fixed Object",1
 Damage Accident,18:00,05/17/2014,Saturday,N,Unknown,QUEENS,Unknown,QUEENS,Unknown,Unknown,Unknown,Unknown,Not Applicable,"Other Motor Vehicle, Collision With",2
 Accident,13:35,03/30/2014,Sunday,Y,Daylight,ISLIP,RIGHT ANGLE,SUFFOLK,Straight and Level,Cloudy,None,Dry,Not Applicable,"Other Motor Vehicle, Collision With",2
 Damage Accident,16:19,06/02/2014,Monday,Y,Daylight,OSWEGO,OVERTAKING,OSWEGO,Straight and Grade,Cloudy,Traffic Signal,Dry,Not Applicable,"Other Motor Vehicle, Collision With",2
 Accident,20:56,07/26/2014,Saturday,Y,Dusk,LE RAY,OTHER,JEFFERSON,Straight and Level,Clear,None,Dry,Not Applicable,"Other Fixed Object*, Collision With Fixed Object",1
 Damage Accident,19:47,01/31/2014,Friday,Y,Dark-Road Lighted,WARWICK,OTHER,ORANGE,Straight and Level,Cloudy,None,Dry,Not Applicable,Deer,1
 Damage & Injury Accident,17:20,09/28/2014,Sunday,Y,Daylight,MINEOLA,SIDESWIPE,NASSAU,Straight and Level,Clear,None,Dry,Not Applicable,"Other Motor Vehicle, Collision With",2
 Damage Accident,16:50,11/13/2014,Thursday,Y,Dark-Road Lighted,MASSAPEQUA PARK,RIGHT ANGLE,NASSAU,Straight and Level,Clear,Stop Sign,Dry,Not Applicable,"Other Motor Vehicle, Collision With",2
 Damage Accident,13:05,02/26/2014,Wednesday,Y,Daylight,CLARENCE,REAR END,ERIE,Straight and Level,Clear,No Passing Zone,Wet,Not Applicable,"Other Motor Vehicle, Collision With",2
 Accident,17:25,05/22/2014,Thursday,Y,Dusk,QUEENS,REAR END,QUEENS,Straight and Level,Rain,None,Wet,Not Applicable,"Other Motor Vehicle, Collision With",2
 Damage Accident,23:19,03/15/2014,Saturday,Y,Dark-Road Unlighted,NIAGARA FALLS,OVERTAKING,NIAGARA,Curve and Grade,Clear,None,Snow/Ice,Not Applicable,"Other Motor Vehicle, Collision With",2
 Damage Accident,13:20,11/22/2014,Saturday,Y,Daylight,CATT.,OVERTAKING,ERIE,Straight and Grade,Cloudy,None,Snow/Ice,Not Applicable,"Other Motor Vehicle, Collision With",2
 Damage Accident,18:14,10/31/2014,Friday,Y,Dark-Road Unlighted,CLARKSTOWN,OTHER,ROCKLAND,Straight and Level,Clear,None,Dry,Not Applicable,"Animal, Collision With",1
 Accident,9:55,06/30/2014,Monday,Y,Daylight,KINGS,RIGHT ANGLE,KINGS,Straight and Level,Clear,Traffic Signal,Dry,Not Applicable,"Other Motor Vehicle, Collision With",2
 Damage Accident,2:00,04/25/2014,Friday,N,Unknown,ISLIP,Unknown,SUFFOLK,Unknown,Unknown,Unknown,Unknown,Not Applicable,"Other Motor Vehicle, Collision With",2
 Damage Accident,20:35,11/08/2014,Saturday,Y,Dark-Road Lighted,,OVERTAKING,UNKNOWN,Straight and Level,Clear,None,Dry,Not Applicable,"Other Motor Vehicle, Collision With",2
 Accident,9:53,05/13/2014,Tuesday,Y,Daylight,HEMPSTEAD,OTHER,NASSAU,Straight and Level,Clear,None,Dry,"Crossing, No Signal or Crosswalk","Bicyclist, Collision With",1
 Damage Accident,11:05,07/01/2014,Tuesday,Y,Daylight,CLARKSTOWN,REAR END,ROCKLAND,Curve and Grade,Clear,None,Dry,Not Applicable,"Other Motor Vehicle, Collision With",2
 Damage Accident,18:40,12/18/2014,Thursday,Y,Dark-Road Lighted,MALONE,RIGHT ANGLE,FRANKLIN,Straight and Grade,Cloudy,None,Snow/Ice,Not Applicable,"Other Motor Vehicle, Collision With",2
 Damage Accident,16:00,03/05/2014,Wednesday,N,Daylight,NORTHUMBERLAND,Unknown,SARATOGA,Straight and Level,Clear,Unknown,Snow/Ice,Not Applicable,"Other Motor Vehicle, Collision With",2
 Damage Accident,7:00,10/17/2014,Friday,Y,Daylight,GREECE,Unknown,MONROE,Straight and Level,Cloudy,None,Wet,Not Applicable,"Other Motor Vehicle, Collision With",2
 Accident,15:30,08/28/2014,Thursday,N,Unknown,QUEENS,REAR END,QUEENS,Unknown,Unknown,Unknown,Unknown,Not Applicable,"Other Motor Vehicle, Collision With",2
 Damage Accident,8:00,10/09/2014,Thursday,Y,Daylight,ISLIP,RIGHT ANGLE,SUFFOLK,Straight and Level,Clear,None,Dry,Not Applicable,"Other Motor Vehicle, Collision With",2
 Damage Accident,6:36,03/04/2014,Tuesday,Y,Daylight,VIRGIL,OTHER,CORTLAND,Straight and Grade,Clear,None,Dry,Not Applicable,"Guide Rail - Not At End, Collision With Fixed Object",1
 Damage Accident,22:25,07/22/2014,Tuesday,Y,Dark-Road Unlighted,WALLKILL,OTHER,ORANGE,Straight and Level,Clear,None,Dry,Not Applicable,"Guide Rail - Not At End, Collision With Fixed Object",1
 Damage Accident,9:00,01/03/2014,Friday,Y,Daylight,MONROE,OTHER,ORANGE,Straight and Level,Snow,None,Snow/Ice,Not Applicable,"Guide Rail - Not At End, Collision With Fixed Object",1
 Damage Accident,18:45,10/29/2014,Wednesday,Y,Dusk,NEW YORK,REAR END,NEW YORK,Straight and Level,Rain,Other,Dry,Not Applicable,"Other Motor Vehicle, Collision With",2
 Damage Accident,23:30,05/01/2014,Thursday,Y,Dark-Road Lighted,KINGS,OTHER,KINGS,Straight and Level,Clear,None,Dry,Not Applicable,"Other Motor Vehicle, Collision With",3
 Damage Accident,23:40,11/29/2014,Saturday,Y,Dark-Road Unlighted,CATSKILL,OTHER,GREENE,Straight and Grade,Clear,No Passing Zone,Dry,Not Applicable,Deer,1
 Damage Accident,11:00,05/22/2014,Thursday,N,Daylight,NEW YORK,OVERTAKING,NEW YORK,Straight and Level,Rain,Traffic Signal,Wet,Not Applicable,"Other Motor Vehicle, Collision With",2
 Damage & Injury Accident,7:42,03/06/2014,Thursday,Y,Daylight,GALWAY,REAR END,SARATOGA,Straight and Level,Clear,No Passing Zone,Wet,Not Applicable,"Other Motor Vehicle, Collision With",2
 Damage Accident,5:05,02/04/2014,Tuesday,Y,Dark-Road Unlighted,MIDDLEFIELD,OTHER,OTSEGO,Straight and Level,Snow,No Passing Zone,Snow/Ice,Not Applicable,Deer,1
 Damage Accident,14:00,10/11/2014,Saturday,Y,Daylight,CORTLANDT,OTHER,WESTCHESTER,Curve and Grade,Rain,No Passing Zone,Wet,Not Applicable,"Earth Embankment/Rock Cut/Ditch, Collision With Fixed Object",1
 Damage Accident,17:45,08/21/2014,Thursday,Y,Daylight,YONKERS,OVERTAKING,WESTCHESTER,Straight and Level,Clear,None,Dry,Not Applicable,"Other Motor Vehicle, Collision With",2
 Damage Accident,18:15,08/08/2014,Friday,N,Daylight,WARWICK,OTHER,ORANGE,Curve and Level,Clear,Unknown,Dry,Not Applicable,Deer,1
 Damage & Injury Accident,15:45,02/21/2014,Friday,Y,Daylight,NORTH HEMPSTEAD,RIGHT ANGLE,NASSAU,Straight and Level,Rain,None,Wet,Not Applicable,"Other Motor Vehicle, Collision With",2
 Accident,8:04,08/12/2014,Tuesday,Y,Daylight,FAIRFIELD,OTHER,HERKIMER,Curve and Grade,Rain,No Passing Zone,Wet,Not Applicable,"Other Motor Vehicle, Collision With",2
 Damage Accident,16:45,06/10/2014,Tuesday,Y,Daylight,EAST BLOOMFIELD,OTHER,ONTARIO,Straight and Level,Clear,None,Dry,Not Applicable,Deer,1
 Damage Accident,11:27,12/23/2014,Tuesday,Y,Daylight,,Unknown,UNKNOWN,Straight and Level,Cloudy,Traffic Signal,Dry,Not Applicable,"Other Motor Vehicle, Collision With",2
 Damage Accident,6:11,02/05/2014,Wednesday,Y,Dark-Road Lighted,HENRIETTA,RIGHT ANGLE,MONROE,Straight and Level,Snow,Traffic Signal,Snow/Ice,Not Applicable,"Other Motor Vehicle, Collision With",2
 Accident,4:23,08/06/2014,Wednesday,Y,Dark-Road Lighted,NEW YORK,Unknown,NEW YORK,Straight and Level,Clear,Traffic Signal,Dry,Not Applicable,"Other Motor Vehicle, Collision With",2
 Damage Accident,16:07,12/24/2014,Wednesday,Y,Dusk,NEW WINDSOR,OTHER,ORANGE,Curve and Grade,Rain,None,Wet,Not Applicable,Deer,1
 Damage & Injury Accident,14:33,08/21/2014,Thursday,Y,Daylight,BABYLON,Unknown,SUFFOLK,Straight and Level,Clear,Traffic Signal,Dry,Not Applicable,"Other Motor Vehicle, Collision With",2
 Damage & Injury Accident,12:20,01/11/2014,Saturday,Y,Daylight,DEWITT,OTHER,ONONDAGA,Straight and Level,Rain,None,Wet,Not Applicable,"Other Motor Vehicle, Collision With",3
 Damage Accident,8:54,01/09/2014,Thursday,Y,Daylight,BALLSTON SPA,REAR END,SARATOGA,Straight and Grade,Clear,Traffic Signal,Dry,Not Applicable,"Other Motor Vehicle, Collision With",2
 Damage & Injury Accident,18:03,04/03/2014,Thursday,Y,Daylight,NEWARK,REAR END,WAYNE,Straight and Level,Cloudy,No Passing Zone,Dry,Not Applicable,"Other Motor Vehicle, Collision With",2
 Accident,17:33,04/03/2014,Thursday,Y,Daylight,FREEPORT,OTHER,NASSAU,Straight and Level,Cloudy,None,Dry,Not Applicable,"Light Support/Utility Pole, Collision With Fixed Object",1
 Damage & Injury Accident,8:54,02/27/2014,Thursday,Y,Daylight,SENNETT,LEFT TURN (3),CAYUGA,Straight and Level,Clear,None,Dry,Not Applicable,"Other Motor Vehicle, Collision With",2
 Accident,15:00,11/12/2014,Wednesday,Y,Daylight,NEW YORK,REAR END,NEW YORK,Straight and Level,Clear,Other,Dry,Not Applicable,"Other Motor Vehicle, Collision With",2
 Damage & Injury Accident,16:15,01/04/2014,Saturday,Y,Dusk,OYSTER BAY,REAR END,NASSAU,Straight and Level,Clear,Traffic Signal,Snow/Ice,Not Applicable,"Other Motor Vehicle, Collision With",2
 Damage Accident,7:36,11/21/2014,Friday,Y,Daylight,QUEENSBURY,REAR END,WARREN,Straight and Level,Cloudy,Traffic Signal,Dry,Not Applicable,"Other Motor Vehicle, Collision With",2
 Damage & Injury Accident,10:55,01/10/2014,Friday,Y,Daylight,BROOKHAVEN,REAR END,SUFFOLK,Curve and Grade,Rain,None,Snow/Ice,Not Applicable,"Other Motor Vehicle, Collision With",2
 Accident,17:49,12/08/2014,Monday,Y,Dusk,TARRYTOWN,REAR END,WESTCHESTER,Straight and Level,Clear,Other,Dry,Not Applicable,"Other Motor Vehicle, Collision With",2
 Damage Accident,10:35,10/05/2014,Sunday,Y,Daylight,KINGS,OVERTAKING,KINGS,Straight and Level,Clear,None,Dry,Not Applicable,"Other Motor Vehicle, Collision With",2
 Accident,9:45,06/19/2014,Thursday,Y,Daylight,BROOKHAVEN,OVERTAKING,SUFFOLK,Straight and Level,Rain,None,Wet,Not Applicable,"Other Motor Vehicle, Collision With",2
 Damage & Injury Accident,10:25,03/07/2014,Friday,Y,Daylight,JAMESTOWN,LEFT TURN (3),CHAUTAUQUA,Straight and Level,Clear,Traffic Signal,Dry,Not Applicable,"Other Motor Vehicle, Collision With",2
 Damage Accident,16:01,08/18/2014,Monday,Y,Daylight,SOLON,OTHER,CORTLAND,Curve at Hill Crest,Clear,None,Dry,Not Applicable,"Earth Embankment/Rock Cut/Ditch, Collision With Fixed Object",1
 Damage Accident,17:34,01/03/2014,Friday,Y,Dark-Road Unlighted,PALMYRA,OTHER,WAYNE,Straight and Level,Clear,None,Snow/Ice,Not Applicable,Deer,1
 Damage Accident,15:19,09/10/2014,Wednesday,Y,Daylight,WATKINS GLEN,RIGHT ANGLE,SCHUYLER,Straight and Level,Clear,None,Dry,Not Applicable,"Other Motor Vehicle, Collision With",2
 Damage & Injury Accident,13:06,02/18/2014,Tuesday,Y,Daylight,COLTON,OTHER,ST. LAWRENCE,Straight and Level,Snow,None,Snow/Ice,Not Applicable,"Snow Embankment, Collision With Fixed Object",1
 Damage & Injury Accident,9:30,03/20/2014,Thursday,Y,Daylight,QUEENS,OTHER,QUEENS,Straight and Level,Clear,None,Dry,Not Applicable,"Other Motor Vehicle, Collision With",4
 Damage Accident,5:00,03/27/2014,Thursday,N,Dark-Road Unlighted,CONCORD,OTHER,ERIE,Straight at Hill Crest,Fog/Smog/Smoke,None,Wet,Not Applicable,Deer,1
 Damage & Injury Accident,21:20,06/27/2014,Friday,Y,Dark-Road Lighted,ISLIP,OVERTAKING,SUFFOLK,Straight and Level,Clear,None,Dry,Not Applicable,"Other Motor Vehicle, Collision With",2
 Accident,17:31,09/25/2014,Thursday,Y,Daylight,ROCKVILLE CENTRE,REAR END,NASSAU,Curve and Level,Rain,Traffic Signal,Wet,Not Applicable,"Other Motor Vehicle, Collision With",2
 Damage Accident,0:00,07/01/2014,Tuesday,N,Unknown,SYRACUSE,Unknown,ONONDAGA,Unknown,Unknown,Unknown,Unknown,Not Applicable,"Other Motor Vehicle, Collision With",2
 Damage Accident,5:00,01/19/2014,Sunday,N,Dusk,ELLISBURG,OTHER,JEFFERSON,Straight and Level,Snow,None,Snow/Ice,Not Applicable,Deer,1
 Damage & Injury Accident,18:57,03/26/2014,Wednesday,Y,Dusk,NEW SCOTLAND,LEFT TURN (3),ALBANY,Straight and Level,Cloudy,Stop Sign,Dry,Not Applicable,"Other Motor Vehicle, Collision With",2
 Damage Accident,8:21,08/11/2014,Monday,Y,Daylight,GUILDERLAND,OTHER,ALBANY,Curve and Level,Clear,None,Dry,Not Applicable,"Tree, Collision With Fixed Object",1
 Accident,15:18,08/06/2014,Wednesday,Y,Daylight,BUFFALO,OTHER,ERIE,Straight and Level,Clear,None,Dry,Not in Roadway (Indicate),"Pedestrian, Collision With",1
 Damage Accident,15:15,03/13/2014,Thursday,Y,Daylight,QUEENS,REAR END,QUEENS,Straight and Level,Clear,None,Dry,Not Applicable,"Other Motor Vehicle, Collision With",2
 Damage & Injury Accident,15:40,06/13/2014,Friday,Y,Daylight,YONKERS,REAR END,WESTCHESTER,Straight and Grade,Cloudy,None,Dry,Not Applicable,"Other Motor Vehicle, Collision With",2
 Accident,16:30,05/23/2014,Friday,Y,Daylight,CICERO,HEAD ON,ONONDAGA,Curve and Grade,Cloudy,None,Dry,Not Applicable,"Other Motor Vehicle, Collision With",2
 Damage Accident,7:40,11/13/2014,Thursday,Y,Daylight,HUNTINGTON,RIGHT TURN (5),SUFFOLK,Straight and Level,Clear,None,Dry,Not Applicable,"Other Motor Vehicle, Collision With",2
 Damage & Injury Accident,18:45,08/13/2014,Wednesday,Y,Daylight,OYSTER BAY,REAR END,NASSAU,Straight and Level,Cloudy,Traffic Signal,Wet,Not Applicable,"Other Motor Vehicle, Collision With",2
 Damage & Injury Accident,9:30,11/17/2014,Monday,Y,Daylight,SYRACUSE,OTHER,ONONDAGA,Straight and Level,Rain,None,Wet,Not Applicable,"Light Support/Utility Pole, Collision With Fixed Object",1
 Accident,12:30,08/10/2014,Sunday,Y,Daylight,PERU,OTHER,CLINTON,Straight and Level,Clear,No Passing Zone,Dry,Not Applicable,"Other*, Non-Collision",1
 Damage Accident,8:55,08/25/2014,Monday,N,Daylight,BRONX,OVERTAKING,BRONX,Straight and Level,Clear,None,Dry,Not Applicable,"Other Motor Vehicle, Collision With",2
 Accident,12:07,01/16/2014,Thursday,Y,Daylight,PLATTSBURG,OTHER,CLINTON,Straight and Level,Snow,None,Snow/Ice,Other Actions in Roadway,"Bicyclist, Collision With",1
 Damage Accident,19:00,06/04/2014,Wednesday,Y,Daylight,BALLSTON,OTHER,SARATOGA,Straight and Grade,Clear,No Passing Zone,Dry,Not Applicable,"Guide Rail - Not At End, Collision With Fixed Object",1
 Accident,23:43,08/15/2014,Friday,Y,Dark-Road Lighted,ROCHESTER,OTHER,MONROE,Straight and Level,Clear,None,Dry,Other Actions in Roadway,"Pedestrian, Collision With",1
 Damage & Injury Accident,17:50,08/31/2014,Sunday,Y,Daylight,ORANGETOWN,OVERTAKING,ROCKLAND,Straight and Level,Clear,None,Dry,Not Applicable,"Barrier, Collision With Fixed Object",2
 Damage Accident,5:00,04/16/2014,Wednesday,Y,Dark-Road Unlighted,HEMPSTEAD,OVERTAKING,NASSAU,Curve and Level,Clear,None,Dry,Not Applicable,"Other Motor Vehicle, Collision With",2
 Damage Accident,8:47,10/29/2014,Wednesday,N,Daylight,ISLIP,REAR END,SUFFOLK,Straight and Level,Clear,Traffic Signal,Wet,Not Applicable,"Other Motor Vehicle, Collision With",2
 Damage Accident,8:40,03/07/2014,Friday,Y,Daylight,BROOKHAVEN,REAR END,SUFFOLK,Straight and Level,Clear,Traffic Signal,Dry,Not Applicable,"Other Motor Vehicle, Collision With",2
 Accident,5:48,06/26/2014,Thursday,Y,Daylight,NEWARK VALLEY,REAR END,TIOGA,Straight and Level,Fog/Smog/Smoke,No Passing Zone,Dry,Not Applicable,"Other Motor Vehicle, Collision With",2
 Damage & Injury Accident,14:26,01/30/2014,Thursday,Y,Daylight,HUNTINGTON,OTHER,SUFFOLK,Straight and Level,Clear,None,Dry,Not Applicable,"Tree, Collision With Fixed Object",1
 Damage Accident,11:25,03/11/2014,Tuesday,N,Daylight,KINGS,REAR END,KINGS,Straight and Level,Clear,None,Dry,Not Applicable,"Other Motor Vehicle, Collision With",2
 Damage & Injury Accident,12:06,11/24/2014,Monday,Y,Daylight,WALLKILL,RIGHT ANGLE,ORANGE,Straight and Level,Clear,Traffic Signal,Dry,Not Applicable,"Other Motor Vehicle, Collision With",2
 Accident,17:11,06/15/2014,Sunday,Y,Daylight,AMHERST,RIGHT ANGLE,ERIE,Straight and Level,Clear,Traffic Signal,Dry,Not Applicable,"Other Motor Vehicle, Collision With",2
 Damage Accident,14:40,02/11/2014,Tuesday,N,Daylight,POUGHKEEPSIE,RIGHT ANGLE,DUTCHESS,Straight and Level,Clear,Yield Sign,Dry,Not Applicable,"Other Motor Vehicle, Collision With",2
 Damage Accident,13:45,07/13/2014,Sunday,N,Unknown,SYRACUSE,Unknown,ONONDAGA,Unknown,Unknown,Unknown,Unknown,Not Applicable,"Other Motor Vehicle, Collision With",2
 Damage Accident,13:14,05/16/2014,Friday,Y,Daylight,ITHACA,OVERTAKING,TOMPKINS,Straight and Grade,Cloudy,None,Wet,Not Applicable,"Other Motor Vehicle, Collision With",2
 Damage & Injury Accident,22:28,03/10/2014,Monday,Y,Dark-Road Lighted,BRONX,OTHER,BRONX,Straight and Level,Cloudy,None,Dry,Not Applicable,"Other Motor Vehicle, Collision With",4
 Damage Accident,10:40,03/08/2014,Saturday,Y,Daylight,BRONX,OVERTAKING,BRONX,Straight and Level,Clear,None,Dry,Not Applicable,"Other Motor Vehicle, Collision With",2
 Damage Accident,0:00,10/16/2014,Thursday,N,Unknown,LIVONIA,RIGHT ANGLE,LIVINGSTON,Unknown,Unknown,Unknown,Unknown,Not Applicable,"Other Motor Vehicle, Collision With",2
 Damage & Injury Accident,8:55,09/15/2014,Monday,Y,Daylight,QUEENS,Unknown,QUEENS,Straight and Level,Clear,Traffic Signal,Dry,Not Applicable,"Other Motor Vehicle, Collision With",2