 Descriptor,Time,Date,Day of Week,Police Report,Lighting Conditions,Municipality,Collision Type Descriptor,County Name,Road Descriptor,Weather Conditions,Traffic Control Device,Road Surface Conditions,Pedestrian Bicyclist Action,Event Descriptor,Number of Vehicles Involved
 Accident,7:21,09/23/2014,Tuesday,Y,Daylight,BRONX,REAR END,BRONX,Straight and Grade,Clear,None,Dry,Not Applicable,"Other Motor Vehicle, Collision With",2
 Accident,11:15,05/17/2014,Saturday,Y,Daylight,BRONX,OTHER,BRONX,Straight and Level,Clear,Traffic Signal,Dry,Unknown,Other Pedestrian,1
 Damage Accident,11:00,12/05/2014,Friday,Y,Daylight,MILTON,REAR END,SARATOGA,Straight and Level,Clear,None,Dry,Not Applicable,"Other Motor Vehicle, Collision With",2
 Damage Accident,21:35,08/06/2014,Wednesday,Y,Dark-Road Lighted,BUFFALO,REAR END,ERIE,Curve and Grade,Clear,None,Dry,Not Applicable,"Other Motor Vehicle, Collision With",2
 Damage Accident,22:00,12/22/2014,Monday,Y,Dark-Road Lighted,BABYLON,Unknown,SUFFOLK,Straight and Level,Clear,None,Dry,Not Applicable,"Other Motor Vehicle, Collision With",2
 Damage Accident,13:37,08/13/2014,Wednesday,Y,Daylight,PHELPS,OTHER,ONTARIO,Straight and Level,Cloudy,No Passing Zone,Dry,Not Applicable,"Earth Embankment/Rock Cut/Ditch, Collision With Fixed Object",1
 Damage Accident,10:25,12/28/2014,Sunday,Y,Daylight,BLOOMINGBURG,HEAD ON,SULLIVAN,Straight and Level,Cloudy,None,Wet,Not Applicable,"Other Motor Vehicle, Collision With",2
 Accident,19:20,09/30/2014,Tuesday,Y,Dark-Road Lighted,BRONX,OTHER,BRONX,Straight at Hill Crest,Cloudy,None,Dry,Getting On/Off Vehicle Other than School Bus,"Pedestrian, Collision With",2
 Damage Accident,10:05,12/16/2014,Tuesday,Y,Daylight,BROOKHAVEN,Unknown,SUFFOLK,Straight and Level,Cloudy,None,Dry,Not Applicable,"Other Motor Vehicle, Collision With",2
 Damage Accident,13:45,08/30/2014,Saturday,Y,Daylight,,Unknown,SUFFOLK,Straight and Level,Clear,Stop Sign,Dry,Not Applicable,"Other Motor Vehicle, Collision With",2
 Damage Accident,0:00,09/05/2014,Friday,N,Daylight,BROOKHAVEN,OVERTAKING,SUFFOLK,Straight and Level,Clear,None,Dry,Not Applicable,"Other Motor Vehicle, Collision With",2
 Accident,10:21,01/27/2014,Monday,Y,Daylight,AVOCA,OTHER,STEUBEN,Curve and Grade,Snow,No Passing Zone,Snow/Ice,Not Applicable,"Tree, Collision With Fixed Object",1
 Damage Accident,19:25,10/28/2014,Tuesday,Y,Dark-Road Lighted,ROCHESTER,RIGHT ANGLE,MONROE,Straight and Level,Rain,Stop Sign,Wet,Not Applicable,"Other Motor Vehicle, Collision With",2
 Accident,18:04,09/17/2014,Wednesday,Y,Daylight,YORKTOWN,LEFT TURN (0),WESTCHESTER,Straight at Hill Crest,Clear,Stop Sign,Dry,Not Applicable,"Other Motor Vehicle, Collision With",2
 Damage & Injury Accident,16:34,10/14/2014,Tuesday,Y,Daylight,WHITE PLAINS,REAR END,WESTCHESTER,Straight and Grade,Clear,None,Dry,Not Applicable,"Other Motor Vehicle, Collision With",2
 Damage & Injury Accident,7:48,08/22/2014,Friday,Y,Daylight,BABYLON,LEFT TURN (3),SUFFOLK,Straight and Level,Cloudy,None,Dry,Not Applicable,"Other Motor Vehicle, Collision With",2
 Damage Accident,9:32,01/14/2014,Tuesday,Y,Daylight,NORTH HEMPSTEAD,RIGHT ANGLE,NASSAU,Straight and Level,Rain,None,Wet,Not Applicable,"Other Motor Vehicle, Collision With",2
 Damage & Injury Accident,11:10,05/14/2014,Wednesday,Y,Daylight,GARDEN CITY,REAR END,NASSAU,Straight and Level,Clear,None,Dry,Not Applicable,"Other Motor Vehicle, Collision With",2
 Damage Accident,17:16,06/17/2014,Tuesday,Y,Daylight,NEWBURGH,OVERTAKING,ORANGE,Straight and Level,Clear,None,Dry,Not Applicable,"Other Motor Vehicle, Collision With",2
 Damage Accident,17:00,06/29/2014,Sunday,Y,Daylight,HEMPSTEAD,OVERTAKING,NASSAU,Straight and Level,Clear,None,Dry,Not Applicable,"Other Motor Vehicle, Collision With",2
 Damage Accident,12:44,01/03/2014,Friday,Y,Daylight,MIDDLETOWN,OTHER,ORANGE,Straight and Grade,Clear,Stop Sign,Snow/Ice,Not Applicable,"Light Support/Utility Pole, Collision With Fixed Object",1
 Accident,21:45,02/20/2014,Thursday,Y,Dark-Road Lighted,SYRACUSE,OTHER,ONONDAGA,Straight and Level,Sleet/Hail/Freezing Rain,None,Wet,Riding/Walking/Skating Along Highway Against Traffic,"Pedestrian, Collision With",1
 Damage Accident,16:04,08/06/2014,Wednesday,Y,Daylight,CHEEKTOWAGA,OVERTAKING,ERIE,Straight and Level,Clear,None,Dry,Not Applicable,"Other Motor Vehicle, Collision With",2
 Damage Accident,17:05,02/05/2014,Wednesday,Y,Dusk,HAMBURG,OTHER,ERIE,Straight and Level,Snow,None,Snow/Ice,Not Applicable,"Sign Post, Collision With Fixed Object",1
 Damage Accident,11:35,06/01/2014,Sunday,Y,Daylight,WEST SENECA,OVERTAKING,ERIE,Straight and Level,Clear,None,Dry,Not Applicable,"Other Motor Vehicle, Collision With",2
 Damage Accident,17:06,11/17/2014,Monday,Y,Dark-Road Lighted,HEMPSTEAD,OTHER,NASSAU,Straight and Level,Rain,Traffic Signal,Wet,Not Applicable,"Other Motor Vehicle, Collision With",4
 Damage Accident,18:00,11/03/2014,Monday,Y,Dark-Road Unlighted,OGDEN,OTHER,MONROE,Straight and Level,Clear,None,Dry,Not Applicable,Deer,1
 Damage & Injury Accident,13:51,04/17/2014,Thursday,Y,Daylight,SYRACUSE,RIGHT TURN (6),ONONDAGA,Straight and Level,Clear,None,Dry,Not Applicable,"Other Motor Vehicle, Collision With",2
 Accident,18:00,02/14/2014,Friday,N,Unknown,QUEENS,Unknown,QUEENS,Unknown,Unknown,Unknown,Unknown,Not Applicable,"Other Motor Vehicle, Collision With",2
 Damage Accident,15:00,01/17/2014,Friday,N,Unknown,BRONX,REAR END,BRONX,Unknown,Unknown,Unknown,Unknown,Not Applicable,"Other Motor Vehicle, Collision With",2
 Damage Accident,20:10,04/01/2014,Tuesday,Y,Dark-Road Unlighted,VIENNA,OTHER,ONEIDA,Straight and Level,Clear,No Passing Zone,Dry,Not Applicable,Deer,1
 Damage & Injury Accident,22:39,05/17/2014,Saturday,Y,Dark-Road Lighted,AMHERST,RIGHT ANGLE,ERIE,Straight and Level,Cloudy,None,Dry,Not Applicable,"Other Motor Vehicle, Collision With",2
 Damage & Injury Accident,16:00,08/09/2014,Saturday,Y,Daylight,RED HOOK,OTHER,DUTCHESS,Curve and Level,Clear,None,Dry,Not Applicable,"Light Support/Utility Pole, Collision With Fixed Object",1
 Damage Accident,17:30,08/28/2014,Thursday,Y,Daylight,HEMPSTEAD,OTHER,NASSAU,Straight and Level,Clear,None,Dry,Not Applicable,"Other Motor Vehicle, Collision With",3
 Damage Accident,11:25,10/25/2014,Saturday,Y,Daylight,BRONX,OVERTAKING,BRONX,Straight and Level,Clear,Other,Dry,Not Applicable,"Other Motor Vehicle, Collision With",2
 Damage Accident,21:26,04/27/2014,Sunday,Y,Dark-Road Lighted,VAN BUREN,LEFT TURN (3),ONONDAGA,Straight and Level,Clear,Traffic Signal,Dry,Not Applicable,"Other Motor Vehicle, Collision With",2
 Accident,10:30,12/13/2014,Saturday,Y,Daylight,HEMPSTEAD,REAR END,NASSAU,Straight and Level,Clear,Traffic Signal,Dry,Not Applicable,"Other Motor Vehicle, Collision With",2
 Damage Accident,19:20,11/21/2014,Friday,Y,Dark-Road Lighted,QUEENS,LEFT TURN (0),QUEENS,Curve at Hill Crest,Clear,Stop Sign,Dry,Not Applicable,"Other Motor Vehicle, Collision With",2
 Damage & Injury Accident,19:33,04/27/2014,Sunday,Y,Dusk,PHELPS,RIGHT ANGLE,ONTARIO,Straight and Level,Clear,Flashing Light,Dry,Not Applicable,"Other Motor Vehicle, Collision With",2
 Damage Accident,15:45,01/02/2014,Thursday,Y,Daylight,PLATTSBURG,OTHER,CLINTON,Curve and Grade,Snow,None,Snow/Ice,Not Applicable,"Guide Rail - Not At End, Collision With Fixed Object",1
 Damage Accident,16:45,08/12/2014,Tuesday,Y,Daylight,GREECE,RIGHT ANGLE,MONROE,Straight and Level,Clear,None,Dry,Not Applicable,"Other Motor Vehicle, Collision With",2
 Accident,13:40,09/16/2014,Tuesday,Y,Daylight,QUEENS,OTHER,QUEENS,Straight and Level,Cloudy,Stop Sign,Wet,Not Applicable,"Other Motor Vehicle, Collision With",3
 Damage Accident,16:30,09/03/2014,Wednesday,Y,Daylight,BABYLON,OTHER,SUFFOLK,Curve and Level,Clear,None,Dry,Not Applicable,"Other Motor Vehicle, Collision With",3
 Damage Accident,13:10,11/08/2014,Saturday,N,Daylight,WHITE PLAINS,Unknown,WESTCHESTER,Straight and Level,Clear,Traffic Signal,Dry,Not Applicable,"Other Motor Vehicle, Collision With",2
 Damage Accident,22:38,06/04/2014,Wednesday,Y,Dark-Road Unlighted,OWEGO,OTHER,TIOGA,Straight and Level,Clear,None,Dry,Not Applicable,"Other Object (Not Fixed)*, Collision With",1
 Damage Accident,18:14,07/05/2014,Saturday,Y,Daylight,WATERTOWN,RIGHT ANGLE,JEFFERSON,Straight and Level,Clear,Stop Sign,Dry,Not Applicable,"Other Motor Vehicle, Collision With",2
 Accident,23:25,07/19/2014,Saturday,Y,Dark-Road Lighted,KINGS,REAR END,KINGS,Straight and Level,Clear,Traffic Signal,Dry,Not Applicable,"Other Motor Vehicle, Collision With",2
 Accident,14:00,04/05/2014,Saturday,Y,Daylight,BRONX,OTHER,BRONX,Straight and Level,Clear,None,Dry,Playing in Roadway,"Pedestrian, Collision With",1
 Damage Accident,0:00,06/15/2014,Sunday,N,Unknown,BUFFALO,Unknown,ERIE,Unknown,Unknown,Unknown,Unknown,Not Applicable,"Other Motor Vehicle, Collision With",2
 Damage Accident,0:00,06/15/2014,Sunday,N,Unknown,BUFFALO,Unknown,ERIE,Unknown,Unknown,Unknown,Unknown,Not Applicable,"Other Motor Vehicle, Collision With",2
 Damage Accident,12:45,12/07/2014,Sunday,Y,Daylight,QUEENS,Unknown,QUEENS,Straight and Level,Clear,None,Dry,Not Applicable,"Other Motor Vehicle, Collision With",2
 Accident,8:12,06/30/2014,Monday,Y,Daylight,CLARKSTOWN,REAR END,ROCKLAND,Straight and Grade,Clear,Traffic Signal,Dry,Not Applicable,"Other Motor Vehicle, Collision With",2
 Damage Accident,19:06,02/26/2014,Wednesday,Y,Dark-Road Lighted,ISLIP,REAR END,SUFFOLK,Curve and Level,Cloudy,None,Dry,Not Applicable,"Other Motor Vehicle, Collision With",2
 Damage & Injury Accident,16:25,05/25/2014,Sunday,Y,Daylight,SARATOGA SPRINGS,LEFT TURN (3),SARATOGA,Straight and Level,Cloudy,None,Dry,Not Applicable,"Other Motor Vehicle, Collision With",2
 Damage & Injury Accident,15:30,04/05/2014,Saturday,Y,Daylight,BROOKHAVEN,REAR END,SUFFOLK,Straight and Level,Clear,Stop Sign,Dry,Not Applicable,"Other Motor Vehicle, Collision With",2
 Damage Accident,0:01,11/27/2014,Thursday,Y,Dark-Road Lighted,OYSTER BAY,OTHER,NASSAU,Straight and Level,Snow,None,Wet,Not Applicable,"Guide Rail - Not At End, Collision With Fixed Object",1
 Damage Accident,19:00,12/01/2014,Monday,Y,Dark-Road Unlighted,OTEGO,OTHER,OTSEGO,Straight and Grade,Cloudy,No Passing Zone,Dry,Not Applicable,"Animal, Collision With",1
 Damage Accident,14:50,03/13/2014,Thursday,N,Unknown,YONKERS,Unknown,WESTCHESTER,Unknown,Unknown,Unknown,Unknown,Not Applicable,"Other Motor Vehicle, Collision With",2
 Damage Accident,16:29,01/14/2014,Tuesday,Y,Dusk,WATERFORD,REAR END,SARATOGA,Straight and Level,Rain,None,Wet,Not Applicable,"Other Motor Vehicle, Collision With",2
 Accident,0:00,04/02/2014,Wednesday,N,Unknown,FARMINGDALE,Unknown,NASSAU,Unknown,Unknown,Unknown,Unknown,Not Applicable,"Other Motor Vehicle, Collision With",2
 Damage Accident,11:00,01/25/2014,Saturday,Y,Daylight,ALBANY,OTHER,ALBANY,Curve and Grade,Snow,None,Snow/Ice,Not Applicable,"Barrier, Collision With Fixed Object",1
 Damage Accident,15:30,03/12/2014,Wednesday,Y,Daylight,NORTH HILLS,REAR END,NASSAU,Straight and Level,Clear,None,Dry,Not Applicable,"Other Motor Vehicle, Collision With",2
 Accident,21:30,10/31/2014,Friday,N,Unknown,KINGS,Unknown,KINGS,Unknown,Unknown,Unknown,Unknown,Not Applicable,"Other Motor Vehicle, Collision With",2
 Accident,21:30,05/02/2014,Friday,Y,Dark-Road Lighted,QUEENS,RIGHT ANGLE,QUEENS,Straight and Level,Clear,Stop Sign,Dry,Not Applicable,"Other Motor Vehicle, Collision With",2
 Accident,23:30,05/29/2014,Thursday,N,Unknown,NEW YORK,Unknown,NEW YORK,Unknown,Unknown,Unknown,Unknown,Not Applicable,"Other Motor Vehicle, Collision With",2
 Damage & Injury Accident,16:19,02/15/2014,Saturday,Y,Daylight,HAMBURG,RIGHT ANGLE,ERIE,Straight and Level,Snow,None,Wet,Not Applicable,"Other Motor Vehicle, Collision With",2
 Accident,9:34,10/03/2014,Friday,Y,Daylight,QUEENS,OTHER,QUEENS,Straight and Level,Clear,Other,Dry,"Crossing, With Signal","Pedestrian, Collision With",1
 Damage Accident,8:08,01/30/2014,Thursday,Y,Daylight,BRIGHTON,REAR END,MONROE,Straight and Level,Cloudy,None,Snow/Ice,Not Applicable,"Other Motor Vehicle, Collision With",2
 Damage Accident,11:51,09/09/2014,Tuesday,Y,Daylight,NEWBURGH,OVERTAKING,ORANGE,Straight and Grade,Cloudy,None,Dry,Not Applicable,"Other Motor Vehicle, Collision With",2
 Damage & Injury Accident,13:18,05/28/2014,Wednesday,Y,Daylight,ALBANY,REAR END,ALBANY,Straight and Level,Cloudy,Traffic Signal,Dry,Not Applicable,"Other Motor Vehicle, Collision With",2
 Accident,17:24,04/23/2014,Wednesday,Y,Daylight,KINGS,REAR END,KINGS,Straight and Level,Clear,Unknown,Dry,Not Applicable,"Other Motor Vehicle, Collision With",2
 Damage & Injury Accident,19:52,04/04/2014,Friday,Y,Dark-Road Lighted,NORTH HEMPSTEAD,RIGHT TURN (6),NASSAU,Straight and Grade,Rain,Stop Sign,Wet,Not Applicable,"Other Motor Vehicle, Collision With",2
 Accident,11:43,01/21/2014,Tuesday,Y,Daylight,BRONX,LEFT TURN (3),BRONX,Straight and Grade,Snow,None,Snow/Ice,Not Applicable,"Other Motor Vehicle, Collision With",2
 Damage Accident,12:18,02/28/2014,Friday,Y,Daylight,HEMPSTEAD,OVERTAKING,NASSAU,Straight and Level,Clear,None,Dry,Not Applicable,"Other Motor Vehicle, Collision With",2
 Damage & Injury Accident,8:34,09/16/2014,Tuesday,Y,Daylight,BROOKHAVEN,LEFT TURN (3),SUFFOLK,Curve and Level,Cloudy,None,Dry,Not Applicable,"Other Motor Vehicle, Collision With",2
 Damage Accident,13:55,01/08/2014,Wednesday,Y,Daylight,KINGS,LEFT TURN (0),KINGS,Straight and Level,Clear,None,Dry,Not Applicable,"Other Motor Vehicle, Collision With",2
 Accident,7:00,12/15/2014,Monday,Y,Daylight,BRONX,REAR END,BRONX,Straight and Level,Clear,Traffic Signal,Dry,Not Applicable,"Other Motor Vehicle, Collision With",2
 Damage Accident,0:57,01/11/2014,Saturday,Y,Dark-Road Unlighted,HALFMOON,OTHER,SARATOGA,Curve and Level,Cloudy,None,Wet,Not Applicable,"Tree, Collision With Fixed Object",1
 Damage & Injury Accident,14:31,06/08/2014,Sunday,Y,Daylight,RIVERHEAD,OTHER,SUFFOLK,Straight and Level,Clear,None,Dry,Not Applicable,"Light Support/Utility Pole, Collision With Fixed Object",1
 Damage Accident,11:22,11/16/2014,Sunday,Y,Daylight,ONEONTA,OTHER,OTSEGO,Curve at Hill Crest,Cloudy,No Passing Zone,Dry,Not Applicable,Deer,1
 Damage Accident,7:00,05/02/2014,Friday,N,Unknown,BETHLEHEM,REAR END,ALBANY,Unknown,Unknown,Unknown,Unknown,Not Applicable,"Other Motor Vehicle, Collision With",2
 Damage Accident,11:30,04/01/2014,Tuesday,Y,Daylight,QUEENS,OVERTAKING,QUEENS,Straight and Level,Clear,None,Dry,Not Applicable,"Other Motor Vehicle, Collision With",2
 Damage Accident,0:00,01/21/2014,Tuesday,N,Daylight,AUBURN,REAR END,CAYUGA,Straight and Level,Snow,None,Snow/Ice,Not Applicable,"Other Motor Vehicle, Collision With",2
 Damage Accident,15:51,09/11/2014,Thursday,Y,Daylight,THURMAN,OTHER,WARREN,Curve and Grade,Cloudy,None,Wet,Not Applicable,"Light Support/Utility Pole, Collision With Fixed Object",1
 Damage Accident,1:40,05/19/2014,Monday,Y,Dark-Road Lighted,KINGS,Unknown,KINGS,Straight and Level,Clear,Flashing Light,Wet,Not Applicable,"Crash Cushion, Collision With Fixed Object",2
 Damage Accident,13:30,09/11/2014,Thursday,Y,Daylight,NEWBURGH,RIGHT ANGLE,ORANGE,Straight and Level,Cloudy,None,Dry,Not Applicable,"Other Motor Vehicle, Collision With",2
 Damage Accident,14:50,01/30/2014,Thursday,N,Daylight,MANCHESTER,OTHER,ONTARIO,Straight and Grade,Cloudy,None,Dry,Not Applicable,Deer,1
 Damage & Injury Accident,11:01,09/13/2014,Saturday,Y,Daylight,YONKERS,OTHER,WESTCHESTER,Straight and Level,Cloudy,None,Dry,Not Applicable,"Other*, Non-Collision",1
 Accident,21:40,04/04/2014,Friday,Y,Dark-Road Lighted,NEW YORK,OVERTAKING,NEW YORK,Straight and Level,Rain,Traffic Signal,Wet,Not Applicable,"Other Motor Vehicle, Collision With",2
 Damage Accident,16:05,09/20/2014,Saturday,Y,Daylight,GOSHEN,REAR END,ORANGE,Straight and Grade,Cloudy,None,Dry,Not Applicable,"Other Motor Vehicle, Collision With",2
 Accident,13:40,03/22/2014,Saturday,Y,Daylight,RICHMOND,REAR END,RICHMOND,Straight and Level,Clear,Traffic Signal,Dry,Not Applicable,"Other Motor Vehicle, Collision With",2
 Damage Accident,17:27,07/22/2014,Tuesday,Y,Daylight,NEW ROCHELLE,OTHER,WESTCHESTER,Straight at Hill Crest,Clear,Traffic Signal,Dry,Not Applicable,"Other Motor Vehicle, Collision With",4
 Damage Accident,10:59,02/24/2014,Monday,Y,Daylight,HURON,OTHER,WAYNE,Straight and Level,Snow,No Passing Zone,Snow/Ice,Not Applicable,"Light Support/Utility Pole, Collision With Fixed Object",1
 Damage Accident,14:45,03/08/2014,Saturday,Y,Daylight,ALBANY,REAR END,ALBANY,Straight and Level,Cloudy,None,Dry,Not Applicable,"Other Motor Vehicle, Collision With",2
 Damage Accident,7:35,08/26/2014,Tuesday,Y,Daylight,SENECA FALLS,RIGHT ANGLE,SENECA,Straight and Level,Clear,Stop Sign,Dry,Not Applicable,"Other Motor Vehicle, Collision With",2
 Accident,14:33,06/01/2014,Sunday,Y,Daylight,QUEENS,RIGHT ANGLE,QUEENS,Straight and Level,Clear,Stop Sign,Dry,Not Applicable,"Other Motor Vehicle, Collision With",2
 Damage Accident,9:46,03/09/2014,Sunday,Y,Daylight,NISKAYUNA,RIGHT ANGLE,SCHENECTADY,Straight and Grade,Clear,Stop Sign,Dry,Not Applicable,"Other Motor Vehicle, Collision With",2
 Damage & Injury Accident,11:43,05/21/2014,Wednesday,Y,Daylight,POUGHKEEPSIE,RIGHT ANGLE,DUTCHESS,Curve and Grade,Clear,Stop Sign,Dry,Not Applicable,"Other Motor Vehicle, Collision With",2
 Damage Accident,8:03,05/15/2014,Thursday,Y,Daylight,YORKTOWN,Unknown,WESTCHESTER,Straight and Grade,Rain,None,Wet,Not Applicable,"Other Motor Vehicle, Collision With",2
 Damage Accident,19:30,04/08/2014,Tuesday,N,Unknown,UNION VALE,OTHER,DUTCHESS,Unknown,Unknown,Unknown,Unknown,Not Applicable,Deer,1
 Damage Accident,8:20,11/10/2014,Monday,N,Daylight,QUEENS,Unknown,QUEENS,Straight and Level,Cloudy,Traffic Signal,Dry,Not Applicable,"Other Motor Vehicle, Collision With",2
 Damage & Injury Accident,7:00,05/16/2014,Friday,Y,Daylight,NEW YORK,OTHER,NEW YORK,Straight and Level,Cloudy,Officer/Guard,Dry,Not Applicable,"Barrier, Collision With Fixed Object",1
 Accident,20:45,05/07/2014,Wednesday,Y,Dark-Road Lighted,KINGS,RIGHT ANGLE,KINGS,Straight and Level,Cloudy,Traffic Signal,Dry,Not Applicable,"Other Motor Vehicle, Collision With",2
 Damage Accident,13:00,01/25/2014,Saturday,Y,Daylight,RAMAPO,REAR END,ROCKLAND,Straight and Level,Snow,Traffic Signal,Snow/Ice,Not Applicable,"Other Motor Vehicle, Collision With",2
 Damage Accident,8:31,09/12/2014,Friday,Y,Daylight,ROTTERDAM,OVERTAKING,SCHENECTADY,Straight and Level,Clear,None,Dry,Not Applicable,"Other Motor Vehicle, Collision With",2
 Damage & Injury Accident,16:55,08/25/2014,Monday,Y,Daylight,HUNTINGTON,REAR END,SUFFOLK,Straight and Level,Cloudy,Traffic Signal,Dry,Not Applicable,"Other Motor Vehicle, Collision With",2
 Damage Accident,15:15,09/07/2014,Sunday,Y,Daylight,ISLANDIA,REAR END,SUFFOLK,Straight and Level,Clear,Traffic Signal,Dry,Not Applicable,"Other Motor Vehicle, Collision With",2
 Damage Accident,17:54,01/16/2014,Thursday,N,Dusk,MOUNT PLEASANT,LEFT TURN (3),WESTCHESTER,Straight and Level,Clear,Traffic Signal,Dry,Not Applicable,"Other Motor Vehicle, Collision With",2
 Damage & Injury Accident,8:35,01/30/2014,Thursday,Y,Daylight,ALBANY,OTHER,ALBANY,Straight and Level,Clear,Traffic Signal,Dry,Not Applicable,"Other Motor Vehicle, Collision With",3
 Accident,12:00,04/30/2014,Wednesday,N,Unknown,KINGS,RIGHT ANGLE,KINGS,Unknown,Unknown,Stop Sign,Unknown,Not Applicable,"Other Motor Vehicle, Collision With",2
 Damage Accident,8:15,09/03/2014,Wednesday,N,Unknown,IRONDEQUOIT,OVERTAKING,MONROE,Unknown,Unknown,Unknown,Unknown,Not Applicable,"Other Motor Vehicle, Collision With",2
 Accident,16:00,10/14/2014,Tuesday,Y,Daylight,QUEENS,REAR END,QUEENS,Straight and Level,Clear,None,Dry,Not Applicable,"Other Motor Vehicle, Collision With",2
 Damage Accident,13:28,11/22/2014,Saturday,Y,Daylight,SYRACUSE,OVERTAKING,ONONDAGA,Straight and Level,Rain,Flashing Light,Wet,Not Applicable,"Other Motor Vehicle, Collision With",2
 Damage Accident,9:06,09/06/2014,Saturday,Y,Daylight,SOUTHOLD,REAR END,SUFFOLK,Straight and Level,Clear,No Passing Zone,Dry,Not Applicable,"Other Motor Vehicle, Collision With",2
 Accident,12:26,04/23/2014,Wednesday,Y,Daylight,KINGS,OTHER,KINGS,Straight and Level,Clear,None,Dry,Riding/Walking/Skating Along Highway With Traffic,"Bicyclist, Collision With",1
 Damage Accident,10:28,11/18/2014,Tuesday,Y,Daylight,BRIGHTON,SIDESWIPE,MONROE,Curve and Level,Clear,Stop Sign,Snow/Ice,Not Applicable,"Other Motor Vehicle, Collision With",2
 Accident,14:15,07/18/2014,Friday,Y,Daylight,BRONX,OVERTAKING,BRONX,Straight and Level,Clear,None,Dry,Not Applicable,"Other Motor Vehicle, Collision With",2
 Accident,17:00,03/06/2014,Thursday,Y,Daylight,COLONIE,REAR END,ALBANY,Straight and Level,Clear,None,Dry,Not Applicable,"Other Motor Vehicle, Collision With",2
 Damage & Injury Accident,12:12,08/31/2014,Sunday,Y,Daylight,BABYLON,RIGHT ANGLE,SUFFOLK,Straight and Level,Clear,Traffic Signal,Dry,Not Applicable,"Other Motor Vehicle, Collision With",2
 Accident,21:50,04/26/2014,Saturday,Y,Dark-Road Lighted,BRONX,OTHER,BRONX,Straight and Level,Rain,Stop Sign,Wet,"Crossing, No Signal, Marked Crosswalk","Pedestrian, Collision With",1
 Damage Accident,17:04,01/25/2014,Saturday,Y,Dark-Road Lighted,GUILDERLAND,OVERTAKING,ALBANY,Straight and Level,Snow,None,Snow/Ice,Not Applicable,"Other Motor Vehicle, Collision With",2
 Damage Accident,12:50,12/17/2014,Wednesday,Y,Daylight,ISLIP,REAR END,SUFFOLK,Straight and Level,Clear,None,Dry,Not Applicable,"Other Motor Vehicle, Collision With",2
 Damage Accident,11:25,02/26/2014,Wednesday,Y,Daylight,EAST SYRACUSE,Unknown,ONONDAGA,Straight and Level,Cloudy,Traffic Signal,Wet,Not Applicable,"Other Motor Vehicle, Collision With",2
 Damage Accident,0:00,04/12/2014,Saturday,N,Unknown,RICHMOND,Unknown,RICHMOND,Unknown,Unknown,Unknown,Unknown,Not Applicable,"Other Motor Vehicle, Collision With",2
 Damage Accident,14:59,09/19/2014,Friday,Y,Daylight,OSWEGO,SIDESWIPE,OSWEGO,Straight and Level,Clear,None,Dry,Not Applicable,"Other Motor Vehicle, Collision With",2
 Damage Accident,13:16,05/09/2014,Friday,Y,Daylight,ROCHESTER,REAR END,MONROE,Straight and Level,Clear,None,Dry,Not Applicable,"Other Motor Vehicle, Collision With",2
 Damage Accident,17:50,02/14/2014,Friday,Y,Dark-Road Lighted,OYSTER BAY,OVERTAKING,NASSAU,Straight and Level,Clear,None,Slush,Not Applicable,"Other Motor Vehicle, Collision With",2
 Damage & Injury Accident,20:32,12/21/2014,Sunday,Y,Dark-Road Unlighted,RUSSELL,OTHER,ST. LAWRENCE,Curve and Grade,Clear,No Passing Zone,Snow/Ice,Not Applicable,"Snow Embankment, Collision With Fixed Object",1
 Accident,20:41,04/19/2014,Saturday,Y,Dark-Road Lighted,WHITEHALL,OTHER,WASHINGTON,Straight and Level,Clear,None,Dry,Not Applicable,"Earth Embankment/Rock Cut/Ditch, Collision With Fixed Object",1
 Damage Accident,12:58,01/07/2014,Tuesday,Y,Daylight,DIANA,HEAD ON,LEWIS,Straight and Level,Snow,None,Snow/Ice,Not Applicable,"Other Motor Vehicle, Collision With",2
 Damage Accident,0:15,06/01/2014,Sunday,Y,Dark-Road Lighted,ISLIP,REAR END,SUFFOLK,Straight and Level,Clear,Traffic Signal,Dry,Not Applicable,"Other Motor Vehicle, Collision With",2
 Damage Accident,14:50,01/27/2014,Monday,Y,Daylight,NORTH HILLS,REAR END,NASSAU,Curve and Grade,Cloudy,Stop Sign,Dry,Not Applicable,"Other Motor Vehicle, Collision With",2
 Damage Accident,8:46,12/04/2014,Thursday,Y,Daylight,NEW ROCHELLE,OVERTAKING,WESTCHESTER,Straight and Level,Clear,None,Dry,Not Applicable,"Other Motor Vehicle, Collision With",2
 Damage Accident,18:00,05/16/2014,Friday,Y,Daylight,HEMPSTEAD,RIGHT ANGLE,NASSAU,Straight and Grade,Cloudy,None,Wet,Not Applicable,"Other Motor Vehicle, Collision With",2
 Damage & Injury Accident,22:28,05/07/2014,Wednesday,Y,Dark-Road Lighted,HEMPSTEAD,RIGHT ANGLE,NASSAU,Straight and Level,Clear,Stop Sign,Dry,Not Applicable,"Other Motor Vehicle, Collision With",2
 Damage & Injury Accident,19:25,06/01/2014,Sunday,Y,Daylight,BROOKHAVEN,OTHER,SUFFOLK,Straight and Level,Clear,None,Dry,Not Applicable,"Ran Off Roadway Only, Non-Collision",1