 Descriptor,Time,Date,Day of Week,Police Report,Lighting Conditions,Municipality,Collision Type Descriptor,County Name,Road Descriptor,Weather Conditions,Traffic Control Device,Road Surface Conditions,Pedestrian Bicyclist Action,Event Descriptor,Number of Vehicles Involved
 Damage Accident,6:20,12/02/2014,Tuesday,Y,Daylight,KINGS,OTHER,KINGS,Straight and Level,Clear,None,Dry,Not Applicable,"Guide Rail - Not At End, Collision With Fixed Object",1
 Damage & Injury Accident,13:35,10/29/2014,Wednesday,Y,Daylight,YONKERS,OTHER,WESTCHESTER,Straight and Grade,Clear,None,Dry,Not Applicable,"Other Motor Vehicle, Collision With",3
 Damage & Injury Accident,17:15,01/10/2014,Friday,Y,Dark-Road Lighted,BRONX,OVERTAKING,BRONX,Curve and Grade,Rain,Other,Wet,Not Applicable,"Other Motor Vehicle, Collision With",2
 Damage Accident,18:20,11/12/2014,Wednesday,Y,Dark-Road Lighted,GRANBY,SIDESWIPE,OSWEGO,Straight and Level,Clear,None,Dry,Not Applicable,"Other Motor Vehicle, Collision With",2
 Damage Accident,6:30,01/31/2014,Friday,N,Dawn,SENNETT,OTHER,CAYUGA,Straight and Grade,Clear,None,Dry,Not Applicable,Deer,1
 Damage Accident,5:42,05/11/2014,Sunday,Y,Dawn,MIDDLETOWN,REAR END,ORANGE,Straight and Level,Clear,Traffic Signal,Dry,Not Applicable,"Other Motor Vehicle, Collision With",2
 Damage Accident,0:00,03/17/2014,Monday,N,Unknown,MAYVILLE,OTHER,CHAUTAUQUA,Unknown,Unknown,Unknown,Unknown,Not Applicable,Deer,1
 Damage Accident,8:00,12/02/2014,Tuesday,Y,Daylight,BEDFORD,RIGHT ANGLE,WESTCHESTER,Straight and Level,Cloudy,None,Dry,Not Applicable,"Other Motor Vehicle, Collision With",2
 Damage & Injury Accident,11:10,01/22/2014,Wednesday,Y,Daylight,BROOKHAVEN,OTHER,SUFFOLK,Straight and Level,Clear,None,Snow/Ice,Not Applicable,"Other Motor Vehicle, Collision With",3
 Damage & Injury Accident,16:32,02/28/2014,Friday,Y,Daylight,BROOKHAVEN,RIGHT ANGLE,SUFFOLK,Straight and Level,Clear,None,Dry,Not Applicable,"Other Motor Vehicle, Collision With",2
 Damage Accident,8:00,11/10/2014,Monday,Y,Daylight,HEMPSTEAD,OVERTAKING,NASSAU,Straight and Level,Clear,Traffic Signal,Dry,Not Applicable,"Other Motor Vehicle, Collision With",2
 Damage Accident,9:00,11/27/2014,Thursday,Y,Daylight,CAIRO,RIGHT ANGLE,GREENE,Straight and Level,Cloudy,Stop Sign,Wet,Not Applicable,"Other Motor Vehicle, Collision With",2
 Damage Accident,7:30,03/18/2014,Tuesday,Y,Daylight,HEMPSTEAD,OVERTAKING,NASSAU,Curve and Level,Clear,None,Dry,Not Applicable,"Other Motor Vehicle, Collision With",2
 Damage Accident,7:00,02/22/2014,Saturday,N,Unknown,QUEENS,SIDESWIPE,QUEENS,Unknown,Unknown,Unknown,Unknown,Not Applicable,"Other Motor Vehicle, Collision With",2
 Damage Accident,9:21,12/16/2014,Tuesday,Y,Daylight,LAKE SUCCESS,OTHER,NASSAU,Straight and Level,Clear,None,Dry,Not Applicable,"Other Motor Vehicle, Collision With",3
 Accident,19:30,10/09/2014,Thursday,Y,Dark-Road Lighted,NEW YORK,OTHER,NEW YORK,Straight and Level,Clear,Traffic Signal,Dry,"Crossing, With Signal","Pedestrian, Collision With",1
 Damage Accident,21:20,01/19/2014,Sunday,Y,Dark-Road Lighted,VALLEY STREAM,OTHER,NASSAU,Straight and Level,Clear,None,Dry,Not Applicable,"Other Object (Not Fixed)*, Collision With",1
 Damage Accident,14:29,07/10/2014,Thursday,Y,Daylight,AVON,RIGHT ANGLE,LIVINGSTON,Straight and Level,Clear,Stop Sign,Dry,Not Applicable,"Other Motor Vehicle, Collision With",2
 Damage Accident,18:40,09/24/2014,Wednesday,N,Daylight,BRONX,REAR END,BRONX,Straight and Level,Clear,None,Dry,Not Applicable,"Other Motor Vehicle, Collision With",2
 Damage & Injury Accident,11:10,04/19/2014,Saturday,Y,Daylight,CICERO,REAR END,ONONDAGA,Straight and Level,Cloudy,None,Dry,Not Applicable,"Other Motor Vehicle, Collision With",2
 Damage Accident,17:47,08/21/2014,Thursday,Y,Daylight,SARATOGA SPRINGS,OTHER,SARATOGA,Straight and Level,Cloudy,Officer/Guard,Dry,Not Applicable,"Sign Post, Collision With Fixed Object",1
 Damage & Injury Accident,12:48,06/17/2014,Tuesday,Y,Daylight,AMHERST,RIGHT ANGLE,ERIE,Straight and Level,Clear,Stop Sign,Dry,Not Applicable,"Other Motor Vehicle, Collision With",2
 Damage Accident,13:50,01/17/2014,Friday,Y,Daylight,NEW SCOTLAND,REAR END,ALBANY,Straight and Grade,Clear,None,Dry,Not Applicable,"Other Motor Vehicle, Collision With",2
 Damage Accident,9:30,07/03/2014,Thursday,Y,Daylight,HEMPSTEAD,RIGHT ANGLE,NASSAU,Straight and Level,Clear,None,Dry,Not Applicable,"Other Motor Vehicle, Collision With",2
 Damage Accident,16:15,06/13/2014,Friday,Y,Daylight,SMITHTOWN,REAR END,SUFFOLK,Straight and Level,Clear,None,Dry,Not Applicable,"Other Motor Vehicle, Collision With",2
 Damage Accident,4:30,12/07/2014,Sunday,Y,Dark-Road Lighted,BUFFALO,OTHER,ERIE,Straight and Level,Clear,None,Dry,Not Applicable,"Other Object (Not Fixed)*, Collision With",1
 Damage Accident,20:15,04/03/2014,Thursday,Y,Dark-Road Unlighted,LOCKPORT,OTHER,NIAGARA,Straight and Level,Clear,None,Dry,Not Applicable,Deer,1
 Damage & Injury Accident,14:24,01/24/2014,Friday,Y,Daylight,STONY POINT,OVERTAKING,ROCKLAND,Curve and Grade,Clear,None,Dry,Not Applicable,"Other Motor Vehicle, Collision With",2
 Damage & Injury Accident,16:10,01/13/2014,Monday,Y,Daylight,HEMPSTEAD,OTHER,NASSAU,Straight and Level,Clear,Traffic Signal,Dry,Not Applicable,"Other Motor Vehicle, Collision With",3
 Damage Accident,0:00,05/26/2014,Monday,N,Dark-Road Lighted,EASTCHESTER,Unknown,WESTCHESTER,Straight and Level,Clear,None,Dry,Not Applicable,"Other Motor Vehicle, Collision With",2
 Accident,23:23,11/14/2014,Friday,Y,Dark-Road Unlighted,KIRKLAND,OTHER,ONEIDA,Straight and Level,Snow,None,Snow/Ice,Not Applicable,"Light Support/Utility Pole, Collision With Fixed Object",1
 Damage Accident,16:30,06/26/2014,Thursday,Y,Daylight,OYSTER BAY,REAR END,NASSAU,Curve and Level,Clear,Stop Sign,Dry,Not Applicable,"Other Motor Vehicle, Collision With",2
 Accident,16:40,09/06/2014,Saturday,Y,Daylight,BRONX,OVERTAKING,BRONX,Straight and Level,Clear,Traffic Signal,Dry,Not Applicable,"Other Motor Vehicle, Collision With",2
 Damage Accident,9:08,11/15/2014,Saturday,Y,Daylight,BOSTON,OTHER,ERIE,Straight and Level,Snow,None,Snow/Ice,Not Applicable,"Tree, Collision With Fixed Object",1
 Damage Accident,13:15,02/03/2014,Monday,Y,Daylight,MAMAKATING,OTHER,SULLIVAN,Curve and Level,Snow,No Passing Zone,Snow/Ice,Not Applicable,"Light Support/Utility Pole, Collision With Fixed Object",1
 Damage Accident,8:43,03/13/2014,Thursday,Y,Daylight,COLONIE,REAR END,ALBANY,Straight and Level,Snow,None,Snow/Ice,Not Applicable,"Other Motor Vehicle, Collision With",2
 Accident,16:30,12/18/2014,Thursday,Y,Dark-Road Lighted,OYSTER BAY,OTHER,NASSAU,Straight and Level,Cloudy,Traffic Signal,Dry,Not Applicable,"Other Motor Vehicle, Collision With",3
 Damage & Injury Accident,21:22,04/20/2014,Sunday,Y,Dark-Road Lighted,ROCHESTER,REAR END,MONROE,Straight and Level,Clear,None,Dry,Not Applicable,"Other Motor Vehicle, Collision With",2
 Damage & Injury Accident,23:15,08/30/2014,Saturday,Y,Dark-Road Unlighted,CARMEL,Unknown,PUTNAM,Straight and Level,Clear,No Passing Zone,Dry,Not Applicable,"Other Motor Vehicle, Collision With",2
 Damage Accident,9:30,03/09/2014,Sunday,N,Daylight,KINGS,REAR END,KINGS,Straight and Grade,Cloudy,None,Dry,Not Applicable,"Other Motor Vehicle, Collision With",2
 Damage Accident,9:15,07/07/2014,Monday,Y,Daylight,SARATOGA SPRINGS,RIGHT ANGLE,SARATOGA,Straight and Level,Clear,None,Dry,Not Applicable,"Other Motor Vehicle, Collision With",2
 Damage Accident,17:20,03/09/2014,Sunday,Y,Daylight,LAKE SUCCESS,REAR END,NASSAU,Straight and Level,Clear,None,Dry,Not Applicable,"Other Motor Vehicle, Collision With",2
 Damage Accident,0:00,02/11/2014,Tuesday,N,Unknown,NEW YORK,Unknown,NEW YORK,Unknown,Unknown,Unknown,Unknown,Not Applicable,"Other Motor Vehicle, Collision With",2
 Damage Accident,0:00,02/11/2014,Tuesday,N,Unknown,NEW YORK,Unknown,NEW YORK,Unknown,Unknown,Unknown,Unknown,Not Applicable,"Other Motor Vehicle, Collision With",2
 Damage Accident,15:00,03/22/2014,Saturday,N,Daylight,OLD BROOKVILLE,REAR END,NASSAU,Straight and Level,Clear,Unknown,Dry,Not Applicable,"Other Motor Vehicle, Collision With",2
 Accident,4:50,08/22/2014,Friday,Y,Dark-Road Lighted,QUEENS,RIGHT ANGLE,QUEENS,Straight and Level,Rain,Stop Sign,Wet,Not Applicable,"Other Motor Vehicle, Collision With",2
 Accident,19:30,07/15/2014,Tuesday,N,Unknown,QUEENS,Unknown,QUEENS,Unknown,Unknown,Unknown,Unknown,Not Applicable,"Other Motor Vehicle, Collision With",2
 Damage Accident,5:55,01/29/2014,Wednesday,Y,Dark-Road Unlighted,ANCRAM,OTHER,COLUMBIA,Curve and Level,Clear,None,Dry,Not Applicable,Deer,1
 Damage Accident,11:34,01/03/2014,Friday,Y,Daylight,GREECE,OTHER,MONROE,Curve and Grade,Cloudy,None,Snow/Ice,Not Applicable,"Guide Rail - Not At End, Collision With Fixed Object",1
 Damage Accident,18:05,03/11/2014,Tuesday,Y,Daylight,ALBANY,REAR END,ALBANY,Curve and Level,Clear,Yield Sign,Dry,Not Applicable,"Other Motor Vehicle, Collision With",2
 Damage Accident,13:43,12/11/2014,Thursday,Y,Daylight,LE RAY,REAR END,JEFFERSON,Straight and Level,Cloudy,Traffic Signal,Wet,Not Applicable,"Other Motor Vehicle, Collision With",2
 Accident,11:30,01/28/2014,Tuesday,Y,Daylight,QUEENS,OVERTAKING,QUEENS,Curve and Level,Clear,None,Dry,Not Applicable,"Other Motor Vehicle, Collision With",2
 Damage Accident,15:00,04/11/2014,Friday,Y,Daylight,BRIDGEWATER,OTHER,ONEIDA,Curve and Grade,Rain,None,Wet,Not Applicable,"Guide Rail - Not At End, Collision With Fixed Object",1
 Damage Accident,14:45,05/17/2014,Saturday,Y,Daylight,WESTFIELD,OTHER,CHAUTAUQUA,Straight and Level,Cloudy,None,Wet,Not Applicable,Deer,1
 Accident,8:39,02/01/2014,Saturday,Y,Daylight,NEW ROCHELLE,Unknown,WESTCHESTER,Straight and Level,Clear,Traffic Signal,Dry,Not Applicable,"Other Motor Vehicle, Collision With",2
 Damage Accident,16:24,12/01/2014,Monday,Y,Dusk,COLONIE,REAR END,ALBANY,Straight and Level,Cloudy,Traffic Signal,Dry,Not Applicable,"Other Motor Vehicle, Collision With",2
 Accident,9:45,01/10/2014,Friday,Y,Daylight,QUEENS,REAR END,QUEENS,Straight and Grade,Rain,Stop Sign,Wet,Not Applicable,"Other Motor Vehicle, Collision With",2
 Accident,10:42,05/06/2014,Tuesday,Y,Daylight,QUEENS,OTHER,QUEENS,Straight and Level,Clear,Traffic Signal,Dry,Riding/Walking/Skating Along Highway Against Traffic,"Bicyclist, Collision With",1
 Accident,8:10,03/27/2014,Thursday,Y,Daylight,RICHMOND,OTHER,RICHMOND,Straight and Level,Clear,Traffic Signal,Dry,"Crossing, With Signal","Pedestrian, Collision With",1
 Accident,0:20,03/02/2014,Sunday,Y,Dark-Road Lighted,HEMPSTEAD,OVERTAKING,NASSAU,Straight and Level,Clear,None,Dry,Not Applicable,"Other Motor Vehicle, Collision With",2
 Accident,15:23,11/10/2014,Monday,Y,Daylight,QUEENS,REAR END,QUEENS,Straight and Level,Clear,None,Dry,Not Applicable,"Other Motor Vehicle, Collision With",2
 Damage Accident,12:21,01/24/2014,Friday,Y,Daylight,CLAY,SIDESWIPE,ONONDAGA,Straight and Level,Clear,Stop Sign,Wet,Not Applicable,"Other Motor Vehicle, Collision With",2
 Damage & Injury Accident,15:08,02/20/2014,Thursday,Y,Daylight,TONAWANDA,OTHER,ERIE,Straight and Level,Cloudy,None,Dry,Not Applicable,"Guide Rail - Not At End, Collision With Fixed Object",1
 Damage Accident,7:55,02/18/2014,Tuesday,Y,Daylight,ALDEN,OTHER,ERIE,Curve and Level,Snow,No Passing Zone,Snow/Ice,Not Applicable,"Light Support/Utility Pole, Collision With Fixed Object",1
 Damage Accident,10:00,11/13/2014,Thursday,Y,Daylight,BROOKHAVEN,RIGHT ANGLE,SUFFOLK,Straight and Level,Clear,Stop Sign,Dry,Not Applicable,"Other Motor Vehicle, Collision With",2
 Damage Accident,14:34,11/24/2014,Monday,Y,Daylight,EDEN,OVERTAKING,ERIE,Straight and Level,Clear,None,Dry,Not Applicable,"Other Motor Vehicle, Collision With",2
 Accident,17:06,06/30/2014,Monday,Y,Daylight,QUEENS,OVERTAKING,QUEENS,Straight and Level,Clear,Traffic Signal,Dry,Not Applicable,"Other Motor Vehicle, Collision With",2
 Damage Accident,15:40,04/16/2014,Wednesday,Y,Daylight,NEWBURGH,OTHER,ORANGE,Straight and Level,Clear,Other,Dry,Not Applicable,"Sign Post, Collision With Fixed Object",1
 Accident,13:30,12/05/2014,Friday,Y,Daylight,HEMPSTEAD,RIGHT ANGLE,NASSAU,Straight and Level,Clear,Stop Sign,Dry,Not Applicable,"Other Motor Vehicle, Collision With",2
 Damage Accident,8:10,04/13/2014,Sunday,Y,Daylight,BREWSTER,REAR END,PUTNAM,Straight and Level,Cloudy,Traffic Signal,Dry,Not Applicable,"Other Motor Vehicle, Collision With",2
 Damage Accident,9:05,04/09/2014,Wednesday,Y,Daylight,NORTH SALEM,OTHER,WESTCHESTER,Straight and Level,Clear,None,Dry,Not Applicable,"Other Motor Vehicle, Collision With",3
 Damage & Injury Accident,7:30,10/07/2014,Tuesday,N,Unknown,QUEENS,REAR END,QUEENS,Unknown,Unknown,Unknown,Unknown,Not Applicable,"Other Motor Vehicle, Collision With",2
 Accident,22:30,08/09/2014,Saturday,Y,Dark-Road Lighted,QUEENS,OTHER,QUEENS,Straight and Level,Clear,None,Dry,Not Applicable,"Other Motor Vehicle, Collision With",3
 Damage & Injury Accident,19:26,01/17/2014,Friday,Y,Dark-Road Lighted,HEMPSTEAD,REAR END,NASSAU,Straight and Level,Clear,None,Dry,Not Applicable,"Other Motor Vehicle, Collision With",2
 Damage & Injury Accident,13:35,02/05/2014,Wednesday,Y,Daylight,FALLSBURGH,SIDESWIPE,SULLIVAN,Curve and Grade,Sleet/Hail/Freezing Rain,No Passing Zone,Snow/Ice,Not Applicable,"Other Motor Vehicle, Collision With",2
 Damage Accident,17:31,01/29/2014,Wednesday,Y,Dark-Road Unlighted,CHEEKTOWAGA,OTHER,ERIE,Straight and Grade,Cloudy,None,Snow/Ice,Not Applicable,"Other Motor Vehicle, Collision With",3
 Damage & Injury Accident,12:40,12/25/2014,Thursday,Y,Daylight,CORNING,OTHER,STEUBEN,Straight and Level,Clear,None,Dry,Not Applicable,"Guide Rail - Not At End, Collision With Fixed Object",1
 Damage Accident,6:30,10/09/2014,Thursday,N,Dark-Road Unlighted,ALABAMA,OTHER,GENESEE,Straight and Level,Clear,None,Dry,Not Applicable,Deer,1
 Damage Accident,14:50,07/20/2014,Sunday,Y,Daylight,HEMPSTEAD,RIGHT ANGLE,NASSAU,Straight and Level,Cloudy,Stop Sign,Dry,Not Applicable,"Other Motor Vehicle, Collision With",2
 Damage Accident,12:40,09/18/2014,Thursday,Y,Daylight,OYSTER BAY,RIGHT ANGLE,NASSAU,Curve and Level,Cloudy,None,Dry,Not Applicable,"Other Motor Vehicle, Collision With",2
 Damage & Injury Accident,9:06,09/16/2014,Tuesday,Y,Daylight,HEMPSTEAD,REAR END,NASSAU,Straight and Level,Rain,Traffic Signal,Wet,Not Applicable,"Other Motor Vehicle, Collision With",2
 Accident,20:30,05/29/2014,Thursday,Y,Dark-Road Lighted,QUEENS,RIGHT ANGLE,QUEENS,Straight and Level,Clear,Traffic Signal,Dry,Not Applicable,"Other Motor Vehicle, Collision With",2
 Damage Accident,8:00,01/14/2014,Tuesday,N,Daylight,KINGS,Unknown,KINGS,Straight and Level,Clear,Traffic Signal,Dry,Not Applicable,"Other Motor Vehicle, Collision With",2
 Damage & Injury Accident,7:35,06/19/2014,Thursday,Y,Daylight,QUEENS,RIGHT ANGLE,QUEENS,Straight and Level,Clear,Stop Sign,Dry,Not Applicable,"Other Motor Vehicle, Collision With",2
 Accident,20:30,03/16/2014,Sunday,Y,Dark-Road Lighted,BRONX,OTHER,BRONX,Straight and Level,Clear,None,Dry,Not Applicable,"Other Motor Vehicle, Collision With",4
 Damage Accident,17:51,01/28/2014,Tuesday,Y,Dusk,AMHERST,REAR END,ERIE,Straight and Level,Cloudy,None,Wet,Not Applicable,"Other Motor Vehicle, Collision With",2
 Damage Accident,6:30,11/19/2014,Wednesday,N,Dawn,ULYSSES,OTHER,TOMPKINS,Straight and Level,Clear,None,Dry,Not Applicable,Deer,1
 Accident,11:10,04/20/2014,Sunday,Y,Daylight,QUEENS,REAR END,QUEENS,Straight and Level,Clear,Traffic Signal,Dry,Not Applicable,"Other Motor Vehicle, Collision With",2
 Damage Accident,18:30,12/13/2014,Saturday,N,Dark-Road Lighted,NEW YORK,OVERTAKING,NEW YORK,Straight and Level,Clear,Officer/Guard,Dry,Not Applicable,"Other Motor Vehicle, Collision With",2
 Damage Accident,7:18,07/09/2014,Wednesday,Y,Daylight,,OTHER,ORANGE,Straight and Level,Clear,None,Dry,Not Applicable,Deer,1
 Damage Accident,17:54,05/17/2014,Saturday,Y,Daylight,SILVER CREEK,RIGHT ANGLE,CHAUTAUQUA,Straight and Level,Cloudy,None,Dry,Not Applicable,"Other Motor Vehicle, Collision With",2
 Damage Accident,15:00,09/05/2014,Friday,Y,Daylight,BROOKHAVEN,REAR END,SUFFOLK,Straight and Level,Cloudy,Traffic Signal,Dry,Not Applicable,"Other Motor Vehicle, Collision With",2
 Damage & Injury Accident,19:38,07/19/2014,Saturday,Y,Daylight,ROME,OTHER,ONEIDA,Straight and Level,Clear,None,Dry,Not Applicable,"Other Motor Vehicle, Collision With",2
 Damage & Injury Accident,16:10,11/12/2014,Wednesday,Y,Daylight,HUNTINGTON,HEAD ON,SUFFOLK,Straight and Level,Cloudy,None,Dry,Not Applicable,"Other Motor Vehicle, Collision With",2
 Damage Accident,6:12,05/16/2014,Friday,Y,Dawn,BROOKFIELD,OTHER,MADISON,Curve and Grade,Cloudy,None,Dry,Not Applicable,"Earth Embankment/Rock Cut/Ditch, Collision With Fixed Object",1
 Damage Accident,19:41,03/01/2014,Saturday,Y,Dark-Road Lighted,MONTGOMERY,OTHER,ORANGE,Straight and Grade,Clear,None,Dry,Not Applicable,Deer,1
 Damage Accident,16:09,01/10/2014,Friday,Y,Daylight,ROCHESTER,OVERTAKING,MONROE,Straight and Level,Cloudy,None,Wet,Not Applicable,"Other Motor Vehicle, Collision With",2
 Damage & Injury Accident,15:00,11/11/2014,Tuesday,Y,Daylight,QUEENS,OVERTAKING,QUEENS,Straight and Level,Cloudy,None,Dry,Not Applicable,"Other Motor Vehicle, Collision With",2
 Damage Accident,18:52,03/29/2014,Saturday,Y,Dusk,CLARENCE,OTHER,ERIE,Straight and Level,Sleet/Hail/Freezing Rain,None,Snow/Ice,Not Applicable,"Earth Embankment/Rock Cut/Ditch, Collision With Fixed Object",1
 Damage Accident,14:23,06/17/2014,Tuesday,Y,Daylight,POUGHKEEPSIE,OVERTAKING,DUTCHESS,Straight and Level,Clear,None,Dry,Not Applicable,"Other Motor Vehicle, Collision With",2
 Damage Accident,15:50,05/21/2014,Wednesday,Y,Daylight,ULSTER,REAR END,ULSTER,Straight and Level,Cloudy,No Passing Zone,Dry,Not Applicable,"Other Motor Vehicle, Collision With",2
 Accident,21:58,11/13/2014,Thursday,Y,Dark-Road Lighted,QUEENS,OTHER,QUEENS,Straight and Level,Rain,None,Wet,Not Applicable,"Light Support/Utility Pole, Collision With Fixed Object",1
 Accident,13:50,05/28/2014,Wednesday,Y,Daylight,BROOKHAVEN,RIGHT ANGLE,SUFFOLK,Straight and Level,Cloudy,None,Dry,Not Applicable,"Other Motor Vehicle, Collision With",2
 Damage Accident,16:37,08/10/2014,Sunday,Y,Daylight,HUNTINGTON,OVERTAKING,SUFFOLK,Straight and Level,Clear,None,Dry,Not Applicable,"Other Motor Vehicle, Collision With",2
 Damage Accident,2:24,03/15/2014,Saturday,Y,Dark-Road Lighted,BUFFALO,OTHER,ERIE,Straight and Level,Clear,Unknown,Dry,Not Applicable,"Other Motor Vehicle, Collision With",3
 Damage & Injury Accident,8:51,03/28/2014,Friday,Y,Daylight,AMHERST,LEFT TURN (3),ERIE,Straight and Level,Cloudy,Traffic Signal,Dry,Not Applicable,"Other Motor Vehicle, Collision With",2
 Damage Accident,15:48,01/05/2014,Sunday,N,Unknown,WESTMORELAND,OTHER,ONEIDA,Unknown,Unknown,Unknown,Unknown,Not Applicable,"Animal, Collision With",1
 Damage Accident,16:30,02/09/2014,Sunday,N,Dusk,DUNKIRK,OTHER,CHAUTAUQUA,Straight and Level,Snow,Unknown,Snow/Ice,Not Applicable,Deer,1
 Accident,18:57,07/01/2014,Tuesday,Y,Daylight,ULSTER,REAR END,ULSTER,Straight and Level,Clear,None,Dry,Not Applicable,"Other Motor Vehicle, Collision With",2
 Accident,18:00,01/02/2014,Thursday,Y,Dark-Road Lighted,QUEENS,LEFT TURN (3),QUEENS,Straight and Level,Cloudy,Traffic Signal,Wet,Not Applicable,"Other Motor Vehicle, Collision With",2
 Damage Accident,21:20,09/26/2014,Friday,N,Unknown,BUFFALO,Unknown,ERIE,Unknown,Unknown,Unknown,Unknown,Not Applicable,"Other Motor Vehicle, Collision With",2
 Damage & Injury Accident,15:00,09/20/2014,Saturday,Y,Daylight,ENDICOTT,REAR END,BROOME,Straight and Level,Cloudy,Traffic Signal,Dry,Not Applicable,"Other Motor Vehicle, Collision With",2
 Damage & Injury Accident,12:40,10/14/2014,Tuesday,Y,Daylight,RIVERHEAD,OTHER,SUFFOLK,Curve and Level,Clear,None,Dry,Not Applicable,"Tree, Collision With Fixed Object",1
 Accident,19:09,08/12/2014,Tuesday,Y,Dusk,,REAR END,ROCKLAND,Straight and Level,Rain,None,Wet,Not Applicable,"Other Motor Vehicle, Collision With",2
 Accident,8:20,04/29/2014,Tuesday,Y,Daylight,BROOKHAVEN,Unknown,SUFFOLK,Straight and Level,Cloudy,None,Dry,Not Applicable,"Other Motor Vehicle, Collision With",2
 Damage Accident,22:10,08/29/2014,Friday,Y,Dark-Road Lighted,BRONX,OVERTAKING,BRONX,Straight and Grade,Clear,Other,Dry,Not Applicable,"Other Motor Vehicle, Collision With",2
 Accident,0:40,04/20/2014,Sunday,Y,Dark-Road Lighted,KINGS,OTHER,KINGS,Straight and Level,Clear,Traffic Signal,Dry,"Crossing, With Signal","Pedestrian, Collision With",1
 Damage Accident,6:35,10/31/2014,Friday,Y,Dark-Road Unlighted,SOUTHAMPTON,OTHER,SUFFOLK,Straight and Level,Clear,None,Dry,Not Applicable,Deer,1
 Damage Accident,12:27,07/19/2014,Saturday,Y,Daylight,HERKIMER,OTHER,HERKIMER,Straight and Level,Cloudy,None,Dry,Not Applicable,"Guide Rail - Not At End, Collision With Fixed Object",1
 Accident,14:33,11/06/2014,Thursday,Y,Daylight,MONROE,REAR END,ORANGE,Straight and Level,Rain,No Passing Zone,Wet,Not Applicable,"Other Motor Vehicle, Collision With",2
 Accident,15:28,03/17/2014,Monday,Y,Daylight,GENEVA,RIGHT ANGLE,ONTARIO,Straight and Level,Clear,None,Dry,Not Applicable,"Other Motor Vehicle, Collision With",2
 Damage Accident,15:51,05/08/2014,Thursday,Y,Daylight,ROCHESTER,REAR END,MONROE,Straight and Level,Clear,Stop Sign,Dry,Not Applicable,"Other Motor Vehicle, Collision With",2
 Damage Accident,4:50,12/22/2014,Monday,Y,Dark-Road Unlighted,LINCOLN,OTHER,MADISON,Straight and Level,Cloudy,None,Wet,Not Applicable,Deer,1
 Damage & Injury Accident,13:31,05/20/2014,Tuesday,Y,Daylight,SCHENECTADY,RIGHT ANGLE,SCHENECTADY,Straight and Level,Clear,Traffic Signal,Dry,Not Applicable,"Other Motor Vehicle, Collision With",2
 Accident,22:00,09/06/2014,Saturday,Y,Dark-Road Lighted,KINGS,OTHER,KINGS,Straight and Level,Clear,Traffic Signal,Dry,"Crossing, With Signal","Bicyclist, Collision With",1
 Damage & Injury Accident,21:00,01/18/2014,Saturday,Y,Dark-Road Unlighted,HYDE PARK,OTHER,DUTCHESS,Curve and Level,Clear,No Passing Zone,Snow/Ice,Not Applicable,"Light Support/Utility Pole, Collision With Fixed Object",1
 Damage Accident,16:28,03/24/2014,Monday,Y,Daylight,CLAY,RIGHT ANGLE,ONONDAGA,Straight and Level,Clear,Stop Sign,Dry,Not Applicable,"Other Motor Vehicle, Collision With",2
 Damage Accident,7:55,11/01/2014,Saturday,N,Daylight,NEW YORK,OVERTAKING,NEW YORK,Straight and Level,Rain,None,Wet,Not Applicable,"Other Motor Vehicle, Collision With",2
 Damage Accident,9:16,02/14/2014,Friday,N,Unknown,UNION,Unknown,BROOME,Unknown,Unknown,Unknown,Unknown,Not Applicable,"Other Motor Vehicle, Collision With",2
 Damage Accident,16:50,07/07/2014,Monday,Y,Daylight,OYSTER BAY,REAR END,NASSAU,Straight and Level,Clear,None,Dry,Not Applicable,"Other Motor Vehicle, Collision With",2
 Accident,19:06,08/23/2014,Saturday,Y,Daylight,KINGS,OTHER,KINGS,Straight and Level,Clear,None,Wet,"Crossing, No Signal or Crosswalk","Pedestrian, Collision With",1
 Damage & Injury Accident,20:34,06/19/2014,Thursday,Y,Daylight,ROCHESTER,HEAD ON,MONROE,Straight and Level,Clear,None,Dry,Not Applicable,"Other Motor Vehicle, Collision With",2
 Damage Accident,12:40,11/20/2014,Thursday,Y,Daylight,BRONX,OVERTAKING,BRONX,Curve and Level,Clear,None,Dry,Not Applicable,"Other Motor Vehicle, Collision With",2
 Damage Accident,17:45,09/24/2014,Wednesday,N,Daylight,NEW YORK,Unknown,NEW YORK,Straight and Level,Cloudy,Traffic Signal,Dry,Not Applicable,"Other Motor Vehicle, Collision With",2
 Accident,14:30,07/09/2014,Wednesday,Y,Daylight,ROCHESTER,LEFT TURN (0),MONROE,Straight and Level,Clear,None,Dry,Not Applicable,"Other Motor Vehicle, Collision With",2
 Damage Accident,7:48,10/23/2014,Thursday,Y,Dawn,OWEGO,LEFT TURN (3),TIOGA,Straight and Level,Cloudy,Traffic Signal,Dry,Not Applicable,"Other Motor Vehicle, Collision With",2
 Damage Accident,10:00,02/05/2014,Wednesday,Y,Daylight,,OTHER,UNKNOWN,Curve and Grade,Snow,None,Snow/Ice,Not Applicable,"Guide Rail - Not At End, Collision With Fixed Object",1
 Damage Accident,18:15,07/30/2014,Wednesday,Y,Daylight,NIAGARA FALLS,RIGHT ANGLE,NIAGARA,Straight and Level,Cloudy,Traffic Signal,Wet,Not Applicable,"Other Motor Vehicle, Collision With",2