 Descriptor,Time,Date,Day of Week,Police Report,Lighting Conditions,Municipality,Collision Type Descriptor,County Name,Road Descriptor,Weather Conditions,Traffic Control Device,Road Surface Conditions,Pedestrian Bicyclist Action,Event Descriptor,Number of Vehicles Involved
 Damage Accident,14:43,05/16/2014,Friday,Y,Daylight,BROOKHAVEN,REAR END,SUFFOLK,Straight and Level,Cloudy,Traffic Signal,Dry,Not Applicable,"Other Motor Vehicle, Collision With",2
 Damage Accident,16:00,12/31/2014,Wednesday,N,Unknown,PORT JERVIS,OTHER,ORANGE,Unknown,Unknown,Unknown,Unknown,Not Applicable,"Other Motor Vehicle, Collision With",2
 Damage Accident,12:29,01/12/2014,Sunday,Y,Daylight,NEW WINDSOR,OTHER,ORANGE,Straight and Level,Cloudy,None,Dry,Not Applicable,"Sign Post, Collision With Fixed Object",1
 Damage Accident,0:00,01/27/2014,Monday,N,Unknown,AUBURN,Unknown,CAYUGA,Unknown,Unknown,Unknown,Snow/Ice,Not Applicable,"Other Motor Vehicle, Collision With",2
 Accident,12:11,01/24/2014,Friday,Y,Daylight,GREECE,REAR END,MONROE,Straight and Level,Clear,Traffic Signal,Snow/Ice,Not Applicable,"Other Motor Vehicle, Collision With",2
 Damage Accident,15:41,02/27/2014,Thursday,Y,Daylight,,LEFT TURN (3),WESTCHESTER,Straight and Grade,Clear,None,Dry,Not Applicable,"Other Motor Vehicle, Collision With",2
 Damage Accident,18:08,05/25/2014,Sunday,Y,Daylight,BRUNSWICK,OTHER,RENSSELAER,Curve and Level,Clear,No Passing Zone,Dry,Not Applicable,"Guide Rail - Not At End, Collision With Fixed Object",1
 Damage & Injury Accident,18:45,10/18/2014,Saturday,N,Unknown,KINGS,REAR END,KINGS,Unknown,Unknown,Unknown,Unknown,Not Applicable,"Other Motor Vehicle, Collision With",2
 Accident,22:00,09/14/2014,Sunday,Y,Dark-Road Unlighted,BRONX,OVERTAKING,BRONX,Straight and Level,Clear,None,Dry,Not Applicable,"Other Motor Vehicle, Collision With",2
 Damage Accident,19:15,11/03/2014,Monday,N,Unknown,NEW YORK,Unknown,NEW YORK,Unknown,Unknown,Unknown,Unknown,Not Applicable,"Other Motor Vehicle, Collision With",2
 Damage & Injury Accident,12:34,08/01/2014,Friday,Y,Daylight,TONAWANDA,OVERTAKING,ERIE,Straight and Level,Clear,None,Dry,Not Applicable,"Other Motor Vehicle, Collision With",2
 Accident,10:34,08/27/2014,Wednesday,N,Unknown,NEW YORK,Unknown,NEW YORK,Unknown,Unknown,Unknown,Unknown,Not Applicable,"Other Motor Vehicle, Collision With",2
 Accident,17:30,09/18/2014,Thursday,Y,Daylight,KINGS,OTHER,KINGS,Straight and Level,Clear,None,Dry,"Crossing, No Signal or Crosswalk","Bicyclist, Collision With",1
 Damage Accident,11:30,12/11/2014,Thursday,Y,Daylight,NIAGARA,RIGHT ANGLE,NIAGARA,Curve and Level,Snow,None,Snow/Ice,Not Applicable,"Other Motor Vehicle, Collision With",2
 Damage & Injury Accident,11:41,10/22/2014,Wednesday,Y,Daylight,HEMPSTEAD,REAR END,NASSAU,Curve and Level,Cloudy,None,Wet,Not Applicable,"Other Motor Vehicle, Collision With",2
 Damage & Injury Accident,11:14,01/15/2014,Wednesday,Y,Daylight,YONKERS,REAR END,WESTCHESTER,Curve and Level,Cloudy,Yield Sign,Wet,Not Applicable,"Other Motor Vehicle, Collision With",2
 Damage Accident,15:36,07/11/2014,Friday,Y,Daylight,WARRENSBURG,RIGHT ANGLE,WARREN,Straight and Grade,Clear,No Passing Zone,Dry,Not Applicable,"Other Motor Vehicle, Collision With",2
 Damage Accident,8:47,05/03/2014,Saturday,Y,Daylight,KINGS,REAR END,KINGS,Straight and Level,Clear,Traffic Signal,Dry,Not Applicable,"Other Motor Vehicle, Collision With",2
 Damage Accident,20:11,01/05/2014,Sunday,Y,Dark-Road Lighted,NEWBURGH,OVERTAKING,ORANGE,Straight and Grade,Sleet/Hail/Freezing Rain,Stop Sign,Snow/Ice,Not Applicable,"Other Motor Vehicle, Collision With",2
 Damage Accident,11:23,09/10/2014,Wednesday,Y,Daylight,NORTH SYRACUSE,REAR END,ONONDAGA,Straight and Level,Clear,Stop Sign,Dry,Not Applicable,"Other Motor Vehicle, Collision With",2
 Damage Accident,17:56,09/23/2014,Tuesday,Y,Daylight,YORKTOWN,Unknown,WESTCHESTER,Straight and Level,Clear,Stop Sign,Dry,Not Applicable,"Other Motor Vehicle, Collision With",2
 Damage Accident,19:20,05/07/2014,Wednesday,Y,Daylight,WALLKILL,OTHER,ORANGE,Straight and Level,Clear,None,Dry,Not Applicable,"Other Motor Vehicle, Collision With",2
 Damage Accident,7:16,04/09/2014,Wednesday,Y,Daylight,,OTHER,UNKNOWN,Straight and Level,Clear,Traffic Signal,Dry,Not Applicable,"Other Motor Vehicle, Collision With",3
 Damage Accident,18:15,04/23/2014,Wednesday,Y,Daylight,,REAR END,UNKNOWN,Straight and Level,Clear,None,Dry,Not Applicable,"Other Motor Vehicle, Collision With",2
 Damage & Injury Accident,21:00,05/21/2014,Wednesday,Y,Dark-Road Lighted,AMHERST,RIGHT ANGLE,ERIE,Straight and Level,Cloudy,Stop Sign,Dry,Not Applicable,"Other Motor Vehicle, Collision With",2
 Damage Accident,16:30,08/09/2014,Saturday,Y,Daylight,WALLKILL,OTHER,ORANGE,Straight and Level,Clear,None,Dry,Not Applicable,"Other Motor Vehicle, Collision With",2
 Accident,20:50,02/24/2014,Monday,Y,Dark-Road Lighted,KINGS,LEFT TURN (3),KINGS,Straight and Level,Cloudy,Traffic Signal,Dry,Not Applicable,"Other Motor Vehicle, Collision With",2
 Accident,22:55,08/02/2014,Saturday,Y,Dark-Road Lighted,RICHMOND,OTHER,RICHMOND,Straight and Level,Clear,None,Dry,Not Applicable,"Light Support/Utility Pole, Collision With Fixed Object",1
 Damage Accident,13:54,12/15/2014,Monday,Y,Daylight,GLENVILLE,REAR END,SCHENECTADY,Straight and Level,Cloudy,Traffic Signal,Dry,Not Applicable,"Other Motor Vehicle, Collision With",2
 Damage & Injury Accident,16:57,07/15/2014,Tuesday,Y,Daylight,GREENBURGH,OTHER,WESTCHESTER,Straight and Grade,Clear,None,Dry,Not Applicable,"Other Motor Vehicle, Collision With",3
 Damage Accident,20:13,12/05/2014,Friday,Y,Dark-Road Lighted,HORNELL,HEAD ON,STEUBEN,Straight and Level,Rain,None,Wet,Not Applicable,"Other Motor Vehicle, Collision With",2
 Damage & Injury Accident,16:00,02/08/2014,Saturday,Y,Daylight,KINGS,OVERTAKING,KINGS,Straight and Level,Snow,Traffic Signal,Snow/Ice,Not Applicable,"Other Motor Vehicle, Collision With",2
 Damage Accident,17:15,06/24/2014,Tuesday,Y,Daylight,BUFFALO,OTHER,ERIE,Straight and Level,Clear,None,Dry,Not Applicable,"Other Motor Vehicle, Collision With",3
 Damage Accident,19:05,05/24/2014,Saturday,Y,Daylight,HEMPSTEAD,RIGHT ANGLE,NASSAU,Straight and Level,Clear,None,Dry,Not Applicable,"Other Motor Vehicle, Collision With",2
 Damage Accident,16:43,11/03/2014,Monday,Y,Daylight,LYNBROOK,OVERTAKING,NASSAU,Straight and Level,Clear,Traffic Signal,Dry,Not Applicable,"Other Motor Vehicle, Collision With",2
 Damage & Injury Accident,7:55,07/22/2014,Tuesday,Y,Daylight,OYSTER BAY,REAR END,NASSAU,Straight and Level,Cloudy,Yield Sign,Dry,Not Applicable,"Other Motor Vehicle, Collision With",2
 Damage Accident,14:28,10/30/2014,Thursday,Y,Daylight,LIVERPOOL,RIGHT ANGLE,ONONDAGA,Straight and Level,Rain,Traffic Signal,Wet,Not Applicable,"Other Motor Vehicle, Collision With",2
 Accident,8:40,12/10/2014,Wednesday,Y,Daylight,NORTH HEMPSTEAD,REAR END,NASSAU,Straight and Level,Rain,Traffic Signal,Wet,Not Applicable,"Other Motor Vehicle, Collision With",2
 Damage Accident,18:00,04/23/2014,Wednesday,Y,Daylight,NORTH HEMPSTEAD,REAR END,NASSAU,Straight and Level,Clear,None,Dry,Not Applicable,"Other Motor Vehicle, Collision With",2
 Damage Accident,12:00,05/23/2014,Friday,N,Daylight,KINGS,Unknown,KINGS,Straight and Level,Cloudy,Stopped School Bus-Red Lights Flashing,Dry,Not Applicable,"Other Motor Vehicle, Collision With",2
 Accident,21:57,07/11/2014,Friday,Y,Dark-Road Lighted,YONKERS,OTHER,WESTCHESTER,Straight and Level,Clear,None,Dry,"Crossing, No Signal or Crosswalk","Bicyclist, Collision With",1
 Accident,13:25,04/05/2014,Saturday,Y,Daylight,KINGS,Unknown,KINGS,Straight and Level,Clear,Stop Sign,Dry,Not Applicable,"Other Motor Vehicle, Collision With",2
 Accident,9:30,11/10/2014,Monday,N,Unknown,KINGS,REAR END,KINGS,Unknown,Unknown,Unknown,Unknown,Not Applicable,"Other Motor Vehicle, Collision With",2
 Damage Accident,11:29,11/18/2014,Tuesday,Y,Daylight,SARATOGA SPRINGS,RIGHT ANGLE,SARATOGA,Straight and Level,Cloudy,Stop Sign,Dry,Not Applicable,"Other Motor Vehicle, Collision With",2
 Accident,18:45,09/28/2014,Sunday,N,Unknown,KINGS,RIGHT ANGLE,KINGS,Unknown,Unknown,Unknown,Unknown,Not Applicable,"Other Motor Vehicle, Collision With",2
 Accident,9:00,01/06/2014,Monday,Y,Daylight,QUEENS,Unknown,QUEENS,Straight and Level,Rain,Traffic Signal,Wet,Not Applicable,"Other Motor Vehicle, Collision With",2
 Damage Accident,19:15,03/31/2014,Monday,Y,Daylight,OYSTER BAY,OVERTAKING,NASSAU,Straight and Level,Clear,Traffic Signal,Dry,Not Applicable,"Other Motor Vehicle, Collision With",2
 Damage Accident,17:00,04/01/2014,Tuesday,N,Daylight,QUEENS,REAR END,QUEENS,Straight and Level,Clear,Stop Sign,Dry,Not Applicable,"Other Motor Vehicle, Collision With",2
 Damage Accident,9:00,02/06/2014,Thursday,N,Unknown,HUNTINGTON,REAR END,SUFFOLK,Unknown,Unknown,Unknown,Unknown,Not Applicable,"Other Motor Vehicle, Collision With",2
 Accident,14:50,08/23/2014,Saturday,Y,Daylight,BUFFALO,OTHER,ERIE,Straight and Level,Clear,Traffic Signal,Dry,"Crossing, Against Signal","Bicyclist, Collision With",1
 Accident,12:40,06/21/2014,Saturday,Y,Daylight,QUEENS,Unknown,QUEENS,Straight and Level,Clear,Traffic Signal,Dry,Not Applicable,"Other Motor Vehicle, Collision With",2
 Damage Accident,21:48,04/11/2014,Friday,Y,Dark-Road Lighted,WAPPINGER FALLS,REAR END,DUTCHESS,Straight and Level,Rain,Traffic Signal,Wet,Not Applicable,"Other Motor Vehicle, Collision With",2
 Accident,8:16,04/04/2014,Friday,Y,Daylight,KINGS,OVERTAKING,KINGS,Straight and Level,Clear,None,Dry,Not Applicable,"Other Motor Vehicle, Collision With",2
 Damage Accident,15:13,06/12/2014,Thursday,N,Daylight,YONKERS,Unknown,WESTCHESTER,Straight and Level,Cloudy,Traffic Signal,Dry,Not Applicable,"Other Motor Vehicle, Collision With",2
 Damage & Injury Accident,15:26,09/25/2014,Thursday,Y,Daylight,WHITESTOWN,REAR END,ONEIDA,Straight and Level,Cloudy,None,Dry,Not Applicable,"Other Motor Vehicle, Collision With",2
 Accident,20:02,08/17/2014,Sunday,Y,Dark-Road Lighted,SOUTHAMPTON,REAR END,SUFFOLK,Straight and Grade,Clear,No Passing Zone,Dry,Not Applicable,"Other Motor Vehicle, Collision With",2
 Accident,15:00,06/13/2014,Friday,Y,Daylight,RICHMOND,OTHER,ONTARIO,Curve and Grade,Rain,No Passing Zone,Wet,Not Applicable,"Earth Embankment/Rock Cut/Ditch, Collision With Fixed Object",1
 Damage Accident,9:14,12/18/2014,Thursday,Y,Daylight,PERINTON,REAR END,MONROE,Straight and Grade,Cloudy,Other,Wet,Not Applicable,"Other Motor Vehicle, Collision With",2
 Damage Accident,2:31,10/31/2014,Friday,Y,Dark-Road Unlighted,MORAVIA,OTHER,CAYUGA,Straight and Level,Cloudy,None,Dry,Not Applicable,Deer,1
 Damage Accident,20:01,11/29/2014,Saturday,Y,Dark-Road Lighted,CORTLANDVILLE,RIGHT TURN (6),CORTLAND,Straight and Level,Cloudy,Traffic Signal,Dry,Not Applicable,"Other Motor Vehicle, Collision With",2
 Damage Accident,17:46,06/22/2014,Sunday,Y,Daylight,FLORIDA,REAR END,ORANGE,Straight and Level,Clear,No Passing Zone,Dry,Not Applicable,"Other Motor Vehicle, Collision With",2
 Accident,17:00,01/04/2014,Saturday,Y,Dark-Road Lighted,HEMPSTEAD,OTHER,NASSAU,Straight and Level,Clear,Traffic Signal,Snow/Ice,Riding/Walking/Skating Along Highway With Traffic,"Pedestrian, Collision With",1
 Damage Accident,7:50,10/20/2014,Monday,N,Daylight,ROCHESTER,RIGHT TURN (6),MONROE,Straight and Level,Cloudy,Unknown,Unknown,Not Applicable,"Other Motor Vehicle, Collision With",2
 Damage Accident,18:50,09/06/2014,Saturday,Y,Dark-Road Lighted,NORTH HEMPSTEAD,REAR END,NASSAU,Straight and Level,Rain,None,Wet,Not Applicable,"Other Motor Vehicle, Collision With",2
 Damage Accident,21:20,02/28/2014,Friday,Y,Dark-Road Unlighted,WAWARSING,OTHER,ULSTER,Straight and Level,Clear,Other,Dry,Not Applicable,Deer,1
 Accident,10:05,07/15/2014,Tuesday,Y,Daylight,WHITE PLAINS,RIGHT TURN (6),WESTCHESTER,Straight and Level,Cloudy,None,Dry,Not Applicable,"Other Motor Vehicle, Collision With",2
 Damage Accident,21:30,05/25/2014,Sunday,N,Unknown,HILTON,OTHER,MONROE,Unknown,Unknown,Unknown,Unknown,Not Applicable,"Tree, Collision With Fixed Object",1
 Damage & Injury Accident,16:04,06/13/2014,Friday,Y,Daylight,RED CREEK,HEAD ON,WAYNE,Straight and Level,Rain,None,Wet,Not Applicable,"Other Motor Vehicle, Collision With",2
 Accident,17:15,06/20/2014,Friday,N,Unknown,BRONX,OVERTAKING,BRONX,Unknown,Unknown,Unknown,Unknown,Not Applicable,"Other Motor Vehicle, Collision With",2
 Damage & Injury Accident,15:56,08/12/2014,Tuesday,Y,Daylight,SKANEATELES,OTHER,ONONDAGA,Straight and Level,Rain,None,Wet,Not Applicable,"Other Motor Vehicle, Collision With",3
 Damage Accident,8:25,07/19/2014,Saturday,Y,Daylight,OYSTER BAY,LEFT TURN (3),NASSAU,Straight and Level,Cloudy,Traffic Signal,Dry,Not Applicable,"Other Motor Vehicle, Collision With",2
 Accident,20:46,08/14/2014,Thursday,Y,Dark-Road Lighted,KINGS,OTHER,KINGS,Straight and Level,Clear,Stop Sign,Dry,Unknown,"Bicyclist, Collision With",4
 Damage Accident,3:50,11/21/2014,Friday,Y,Dark-Road Unlighted,SAVANNAH,OTHER,WAYNE,Straight and Level,Cloudy,None,Dry,Not Applicable,"Light Support/Utility Pole, Collision With Fixed Object",1
 Damage Accident,11:05,11/11/2014,Tuesday,Y,Daylight,NORTH HEMPSTEAD,RIGHT ANGLE,NASSAU,Straight and Level,Clear,None,Dry,Not Applicable,"Other Motor Vehicle, Collision With",2
 Damage Accident,14:00,03/03/2014,Monday,N,Daylight,INDIAN LAKE,OTHER,HAMILTON,Straight at Hill Crest,Clear,None,Dry,Not Applicable,"Other Object (Not Fixed)*, Collision With",1
 Damage Accident,0:29,04/05/2014,Saturday,Y,Dark-Road Unlighted,COVERT,OTHER,SENECA,Straight and Level,Cloudy,None,Wet,Not Applicable,Deer,1
 Damage & Injury Accident,10:49,06/25/2014,Wednesday,Y,Daylight,CHESTER,OTHER,WARREN,Curve and Grade,Rain,No Passing Zone,Wet,Not Applicable,"Earth Embankment/Rock Cut/Ditch, Collision With Fixed Object",1
 Damage Accident,16:08,09/22/2014,Monday,Y,Daylight,EDEN,OTHER,ERIE,Straight and Grade,Clear,None,Dry,Not Applicable,"Animal, Collision With",1
 Damage & Injury Accident,21:43,07/25/2014,Friday,Y,Dark-Road Unlighted,EATON,RIGHT ANGLE,MADISON,Straight and Level,Clear,Traffic Signal,Dry,Not Applicable,"Other Motor Vehicle, Collision With",2
 Accident,7:14,07/29/2014,Tuesday,Y,Daylight,CLARKSTOWN,OTHER,ROCKLAND,Straight and Grade,Clear,Traffic Signal,Dry,Riding/Walking/Skating Along Highway With Traffic,"Bicyclist, Collision With",1
 Damage Accident,16:45,05/13/2014,Tuesday,Y,Daylight,ONONDAGA,RIGHT ANGLE,ONONDAGA,Straight and Level,Cloudy,None,Dry,Not Applicable,"Other Motor Vehicle, Collision With",2
 Damage Accident,4:57,12/11/2014,Thursday,Y,Dark-Road Lighted,BOLTON,OTHER,WARREN,Straight and Level,Cloudy,None,Wet,Not Applicable,"Other Object (Not Fixed)*, Collision With",1
 Damage Accident,13:42,01/21/2014,Tuesday,Y,Daylight,HEMPSTEAD,REAR END,NASSAU,Straight and Level,Snow,Stop Sign,Snow/Ice,Not Applicable,"Other Motor Vehicle, Collision With",2
 Damage Accident,6:55,05/08/2014,Thursday,Y,Daylight,QUEENS,OTHER,QUEENS,Straight and Level,Rain,None,Wet,Not Applicable,"Median - Not At End, Collision With Fixed Object",1
 Damage & Injury Accident,0:00,03/10/2014,Monday,N,Daylight,BRONX,Unknown,BRONX,Straight and Level,Clear,None,Dry,Not Applicable,"Other Motor Vehicle, Collision With",2
 Damage Accident,9:50,12/16/2014,Tuesday,Y,Daylight,CLIFTON PARK,REAR END,SARATOGA,Straight and Level,Cloudy,No Passing Zone,Dry,Not Applicable,"Other Motor Vehicle, Collision With",2
 Damage Accident,12:14,08/01/2014,Friday,Y,Daylight,JOHNSON CITY,OVERTAKING,BROOME,Straight and Level,Clear,Traffic Signal,Dry,Not Applicable,"Other Motor Vehicle, Collision With",2
 Accident,12:30,10/13/2014,Monday,Y,Daylight,HEMPSTEAD,REAR END,NASSAU,Straight and Level,Cloudy,Traffic Signal,Dry,Not Applicable,"Other Motor Vehicle, Collision With",2
 Damage Accident,9:30,10/01/2014,Wednesday,Y,Daylight,EAST GREENBUSH,OTHER,RENSSELAER,Straight and Level,Rain,None,Wet,Not Applicable,"Other*, Non-Collision",1
 Accident,13:13,03/31/2014,Monday,Y,Daylight,ROCHESTER,OTHER,MONROE,Straight and Level,Clear,Traffic Signal,Dry,"Crossing, Against Signal","Bicyclist, Collision With",1
 Damage & Injury Accident,23:33,07/25/2014,Friday,Y,Dark-Road Lighted,SARATOGA SPRINGS,OTHER,SARATOGA,Straight and Level,Clear,None,Dry,Not Applicable,"Other Motor Vehicle, Collision With",3
 Damage Accident,15:40,08/10/2014,Sunday,Y,Daylight,JACKSON,OTHER,WASHINGTON,Straight and Level,Clear,None,Dry,Not Applicable,Deer,1
 Damage Accident,0:00,03/09/2014,Sunday,N,Daylight,QUEENS,OVERTAKING,QUEENS,Straight and Level,Clear,Traffic Signal,Dry,Not Applicable,"Other Motor Vehicle, Collision With",2
 Damage Accident,6:09,11/07/2014,Friday,Y,Dawn,NEWBURGH,OVERTAKING,ORANGE,Straight and Level,Cloudy,Traffic Signal,Wet,Not Applicable,"Other Motor Vehicle, Collision With",2
 Damage Accident,16:37,02/06/2014,Thursday,Y,Daylight,HEMPSTEAD,RIGHT ANGLE,NASSAU,Straight and Level,Clear,Traffic Signal,Dry,Not Applicable,"Other Motor Vehicle, Collision With",2
 Damage & Injury Accident,10:44,07/26/2014,Saturday,Y,Daylight,,RIGHT ANGLE,ROCKLAND,Straight and Level,Cloudy,None,Dry,Not Applicable,"Other Motor Vehicle, Collision With",2
 Damage Accident,19:29,11/19/2014,Wednesday,Y,Daylight,JAMESTOWN,Unknown,CHAUTAUQUA,Straight and Grade,Snow,Unknown,Snow/Ice,Not Applicable,"Other Motor Vehicle, Collision With",2
 Damage Accident,0:00,06/13/2014,Friday,N,Daylight,OYSTER BAY,REAR END,NASSAU,Straight and Level,Clear,None,Dry,Not Applicable,"Other Motor Vehicle, Collision With",2
 Damage Accident,23:58,12/20/2014,Saturday,Y,Dark-Road Lighted,BRONX,HEAD ON,BRONX,Straight and Level,Clear,Unknown,Dry,Not Applicable,"Other Motor Vehicle, Collision With",2
 Damage Accident,11:30,11/12/2014,Wednesday,Y,Daylight,DE RUYTER,OTHER,MADISON,Curve and Grade,Cloudy,None,Dry,Not Applicable,"Earth Embankment/Rock Cut/Ditch, Collision With Fixed Object",1
 Damage & Injury Accident,11:55,04/10/2014,Thursday,Y,Daylight,HUNTINGTON,Unknown,SUFFOLK,Straight and Level,Clear,None,Dry,Not Applicable,"Other Motor Vehicle, Collision With",2
 Accident,17:10,08/18/2014,Monday,Y,Daylight,BRONX,OTHER,BRONX,Straight and Level,Clear,Stop Sign,Dry,Unknown,"Bicyclist, Collision With",1
 Damage Accident,15:30,11/13/2014,Thursday,Y,Daylight,CONCORD,OTHER,ERIE,Curve and Grade,Snow,None,Snow/Ice,Not Applicable,"Sign Post, Collision With Fixed Object",1
 Damage & Injury Accident,15:15,01/16/2014,Thursday,Y,Daylight,NEW YORK,RIGHT ANGLE,NEW YORK,Straight and Level,Clear,Traffic Signal,Dry,Not Applicable,"Other Motor Vehicle, Collision With",2
 Damage Accident,13:20,03/19/2014,Wednesday,Y,Daylight,MINEOLA,REAR END,NASSAU,Straight and Grade,Cloudy,None,Dry,Not Applicable,"Other Motor Vehicle, Collision With",2
 Damage Accident,23:38,10/22/2014,Wednesday,Y,Dark-Road Lighted,AMSTERDAM,OTHER,MONTGOMERY,Straight and Grade,Rain,Unknown,Wet,Not Applicable,"Building/Wall, Collision With Fixed Object",1
 Accident,15:00,07/04/2014,Friday,Y,Daylight,NEW YORK,REAR END,NEW YORK,Straight and Grade,Rain,Unknown,Wet,Not Applicable,"Other Motor Vehicle, Collision With",2
 Damage Accident,21:00,08/02/2014,Saturday,Y,Dark-Road Lighted,SYRACUSE,OVERTAKING,ONONDAGA,Straight and Grade,Rain,None,Wet,Not Applicable,"Other Motor Vehicle, Collision With",2
 Damage Accident,5:54,02/09/2014,Sunday,Y,Dark-Road Lighted,MAMARONECK,OTHER,WESTCHESTER,Curve and Level,Cloudy,None,Snow/Ice,Not Applicable,"Fence, Collision With Fixed Object",1
 Damage Accident,21:00,10/20/2014,Monday,N,Unknown,KINGS,Unknown,KINGS,Unknown,Unknown,Unknown,Unknown,Not Applicable,"Other Motor Vehicle, Collision With",2
 Damage & Injury Accident,14:24,05/20/2014,Tuesday,Y,Daylight,NORTH HEMPSTEAD,REAR END,NASSAU,Straight and Grade,Clear,Traffic Signal,Dry,Not Applicable,"Other Motor Vehicle, Collision With",2
 Damage & Injury Accident,14:23,02/25/2014,Tuesday,N,Daylight,MOUNT KISCO,OTHER,WESTCHESTER,Straight and Level,Snow,Traffic Signal,Unknown,Riding/Walking/Skating Along Highway With Traffic,"Pedestrian, Collision With",1
 Damage Accident,22:30,02/04/2014,Tuesday,N,Unknown,TONAWANDA,Unknown,ERIE,Unknown,Unknown,Unknown,Unknown,Not Applicable,"Other Motor Vehicle, Collision With",2
 Damage & Injury Accident,10:24,10/11/2014,Saturday,Y,Daylight,ISLIP,OTHER,SUFFOLK,Straight and Level,Rain,None,Wet,Not Applicable,"Tree, Collision With Fixed Object",1
 Damage Accident,20:09,08/24/2014,Sunday,Y,Dark-Road Unlighted,FISHKILL,OTHER,DUTCHESS,Straight and Grade,Clear,None,Dry,Not Applicable,Deer,1
 Accident,22:16,07/10/2014,Thursday,Y,Dark-Road Lighted,NEW YORK,OTHER,NEW YORK,Straight and Level,Clear,None,Dry,Not in Roadway (Indicate),"Pedestrian, Collision With",1
 Damage & Injury Accident,13:25,12/05/2014,Friday,Y,Daylight,CHENANGO,REAR END,BROOME,Straight and Grade,Snow,Stop Sign,Wet,Not Applicable,"Other Motor Vehicle, Collision With",2
 Accident,9:57,11/06/2014,Thursday,Y,Daylight,YONKERS,OTHER,WESTCHESTER,Straight and Level,Rain,None,Wet,Not Applicable,"Tree, Collision With Fixed Object",1
 Damage Accident,19:45,03/14/2014,Friday,Y,Dark-Road Lighted,WILLISTON PARK,LEFT TURN (0),NASSAU,Straight and Level,Cloudy,Traffic Signal,Dry,Not Applicable,"Other Motor Vehicle, Collision With",2
 Damage Accident,19:45,12/28/2014,Sunday,Y,Dark-Road Unlighted,MANCHESTER,OTHER,ONTARIO,Straight and Level,Cloudy,None,Dry,Not Applicable,Deer,1
 Damage & Injury Accident,15:45,12/11/2014,Thursday,Y,Daylight,HENRIETTA,REAR END,MONROE,Straight and Level,Clear,None,Snow/Ice,Not Applicable,"Other Motor Vehicle, Collision With",2
 Damage Accident,8:09,04/03/2014,Thursday,Y,Daylight,BABYLON,OVERTAKING,SUFFOLK,Curve and Grade,Clear,None,Dry,Not Applicable,"Other Motor Vehicle, Collision With",2
 Damage Accident,1:09,11/25/2014,Tuesday,Y,Dark-Road Unlighted,ROCKLAND,OTHER,SULLIVAN,Curve and Grade,Cloudy,None,Wet,Not Applicable,"Guide Rail - Not At End, Collision With Fixed Object",1
 Damage Accident,21:22,06/04/2014,Wednesday,Y,Dark-Road Lighted,TULLY,RIGHT ANGLE,ONONDAGA,Straight and Level,Clear,Traffic Signal,Dry,Not Applicable,"Other Motor Vehicle, Collision With",2
 Damage Accident,15:20,10/22/2014,Wednesday,Y,Daylight,SOUTHEAST,OTHER,PUTNAM,Straight and Grade,Clear,None,Wet,Not Applicable,"Other Motor Vehicle, Collision With",3
 Damage Accident,0:00,07/10/2014,Thursday,N,Unknown,RICHMOND,OVERTAKING,RICHMOND,Unknown,Unknown,Unknown,Unknown,Not Applicable,"Other Motor Vehicle, Collision With",2
 Damage Accident,8:45,03/13/2014,Thursday,N,Unknown,DEWITT,OTHER,ONONDAGA,Unknown,Unknown,Unknown,Unknown,Not Applicable,"Guide Rail - Not At End, Collision With Fixed Object",1
 Damage & Injury Accident,0:00,09/08/2014,Monday,N,Unknown,KINGS,OVERTAKING,KINGS,Unknown,Unknown,Unknown,Unknown,Not Applicable,"Other Motor Vehicle, Collision With",2
 Damage Accident,16:35,08/15/2014,Friday,Y,Daylight,HUNTINGTON,REAR END,SUFFOLK,Straight and Grade,Cloudy,None,Dry,Not Applicable,"Other Motor Vehicle, Collision With",2
 Damage Accident,7:00,12/03/2014,Wednesday,Y,Dawn,BOONVILLE,OTHER,ONEIDA,Straight and Grade,Cloudy,No Passing Zone,Wet,Not Applicable,Deer,1
 Damage Accident,11:19,07/13/2014,Sunday,Y,Daylight,AMHERST,REAR END,ERIE,Straight and Level,Cloudy,Traffic Signal,Wet,Not Applicable,"Other Motor Vehicle, Collision With",2
 Accident,13:23,11/24/2014,Monday,Y,Daylight,HEMPSTEAD,OTHER,NASSAU,Straight and Level,Cloudy,Traffic Signal,Dry,"Crossing, With Signal","Pedestrian, Collision With",1
 Damage & Injury Accident,18:00,05/31/2014,Saturday,N,Daylight,HEMPSTEAD,Unknown,NASSAU,Straight and Level,Clear,Traffic Signal,Dry,Not Applicable,"Other Motor Vehicle, Collision With",2
 Damage & Injury Accident,15:14,12/11/2014,Thursday,Y,Daylight,CHEEKTOWAGA,OTHER,ERIE,Straight and Level,Snow,None,Snow/Ice,Not Applicable,"Other Motor Vehicle, Collision With",4
 Damage Accident,16:39,02/20/2014,Thursday,Y,Dusk,PERRY,OTHER,WYOMING,Curve and Grade,Sleet/Hail/Freezing Rain,None,Slush,Not Applicable,"Snow Embankment, Collision With Fixed Object",1