 Descriptor,Time,Date,Day of Week,Police Report,Lighting Conditions,Municipality,Collision Type Descriptor,County Name,Road Descriptor,Weather Conditions,Traffic Control Device,Road Surface Conditions,Pedestrian Bicyclist Action,Event Descriptor,Number of Vehicles Involved
 Accident,13:15,05/10/2014,Saturday,Y,Daylight,NEWFANE,OTHER,NIAGARA,Straight and Level,Cloudy,None,Dry,Other Actions in Roadway,"Pedestrian, Collision With",1
 Damage Accident,1:04,02/01/2014,Saturday,Y,Dark-Road Lighted,ISLIP,REAR END,SUFFOLK,Straight and Level,Cloudy,None,Dry,Not Applicable,"Other Motor Vehicle, Collision With",2
 Damage Accident,17:55,03/03/2014,Monday,Y,Daylight,ROTTERDAM,OTHER,SCHENECTADY,Straight at Hill Crest,Cloudy,None,Dry,Not Applicable,"Other Fixed Object*, Collision With Fixed Object",1
 Damage & Injury Accident,16:34,05/12/2014,Monday,Y,Daylight,BROOKHAVEN,OTHER,SUFFOLK,Curve and Level,Clear,Construction Work Area,Dry,Not Applicable,"Light Support/Utility Pole, Collision With Fixed Object",1
 Damage Accident,15:40,05/01/2014,Thursday,Y,Daylight,BRONX,OVERTAKING,BRONX,Straight and Level,Clear,Traffic Signal,Dry,Not Applicable,"Other Motor Vehicle, Collision With",2
 Damage Accident,12:54,01/20/2014,Monday,Y,Daylight,WEBSTER,REAR END,MONROE,Straight and Level,Snow,None,Snow/Ice,Not Applicable,"Other Motor Vehicle, Collision With",2
 Damage Accident,16:16,01/09/2014,Thursday,Y,Daylight,MACEDON,LEFT TURN (0),WAYNE,Straight and Level,Cloudy,None,Dry,Not Applicable,"Other Motor Vehicle, Collision With",2
 Damage & Injury Accident,2:40,08/30/2014,Saturday,Y,Dark-Road Lighted,SOUTHEAST,OTHER,PUTNAM,Straight and Level,Cloudy,None,Dry,Not Applicable,"Earth Embankment/Rock Cut/Ditch, Collision With Fixed Object",1
 Accident,15:45,05/29/2014,Thursday,Y,Daylight,BRONX,LEFT TURN (3),BRONX,Straight and Level,Clear,Traffic Signal,Dry,Not Applicable,"Other Motor Vehicle, Collision With",2
 Damage Accident,0:00,06/03/2014,Tuesday,N,Unknown,ITHACA,Unknown,TOMPKINS,Unknown,Unknown,Unknown,Unknown,Not Applicable,"Other Motor Vehicle, Collision With",2
 Accident,17:35,07/21/2014,Monday,Y,Daylight,CHEEKTOWAGA,OTHER,ERIE,Straight and Level,Clear,None,Dry,Not Applicable,"Other Object (Not Fixed)*, Collision With",2
 Damage Accident,15:00,12/26/2014,Friday,N,Daylight,HUNTINGTON,Unknown,SUFFOLK,Straight and Level,Clear,Traffic Signal,Dry,Not Applicable,"Other Motor Vehicle, Collision With",2
 Damage Accident,12:30,09/08/2014,Monday,N,Unknown,HINSDALE,OTHER,CATTARAUGUS,Unknown,Unknown,Unknown,Unknown,Not Applicable,Deer,1
 Damage Accident,22:35,08/13/2014,Wednesday,Y,Dark-Road Lighted,ISLIP,Unknown,SUFFOLK,Straight and Level,Cloudy,None,Wet,Not Applicable,"Other Motor Vehicle, Collision With",2
 Damage Accident,13:50,10/20/2014,Monday,Y,Daylight,CLAY,RIGHT TURN (5),ONONDAGA,Straight and Level,Cloudy,None,Dry,Not Applicable,"Other Motor Vehicle, Collision With",2
 Damage & Injury Accident,20:25,08/09/2014,Saturday,Y,Dark-Road Lighted,ISLIP,LEFT TURN (3),SUFFOLK,Straight and Level,Clear,Traffic Signal,Dry,Not Applicable,"Other Motor Vehicle, Collision With",2
 Damage Accident,9:38,09/28/2014,Sunday,Y,Daylight,NORTH CASTLE,RIGHT ANGLE,WESTCHESTER,Straight and Level,Clear,Stop Sign,Dry,Not Applicable,"Other Motor Vehicle, Collision With",2
 Damage Accident,17:05,06/07/2014,Saturday,Y,Daylight,HEMPSTEAD,REAR END,NASSAU,Curve and Level,Clear,None,Dry,Not Applicable,"Other Motor Vehicle, Collision With",2
 Damage Accident,1:30,08/16/2014,Saturday,Y,Dark-Road Lighted,SYRACUSE,OTHER,ONONDAGA,Curve and Level,Clear,None,Dry,Not Applicable,"Guide Rail - Not At End, Collision With Fixed Object",1
 Accident,23:48,11/16/2014,Sunday,Y,Dark-Road Lighted,NEW YORK,OTHER,NEW YORK,Straight and Level,Rain,Traffic Signal,Wet,"Crossing, With Signal","Pedestrian, Collision With",1
 Accident,18:15,11/08/2014,Saturday,Y,Dark-Road Lighted,RICHMOND,OTHER,RICHMOND,Straight and Level,Clear,Traffic Signal,Dry,Not Applicable,"Other Motor Vehicle, Collision With",3
 Damage Accident,15:30,02/05/2014,Wednesday,N,Daylight,SPRINGVILLE,Unknown,ERIE,Straight and Grade,Snow,None,Snow/Ice,Not Applicable,"Other Motor Vehicle, Collision With",2
 Damage Accident,15:19,01/18/2014,Saturday,Y,Daylight,OYSTER BAY,OVERTAKING,NASSAU,Straight and Level,Clear,None,Dry,Not Applicable,"Other Motor Vehicle, Collision With",2
 Damage Accident,7:00,09/08/2014,Monday,Y,Daylight,QUEENS,OVERTAKING,QUEENS,Straight and Level,Clear,Traffic Signal,Dry,Not Applicable,"Other Motor Vehicle, Collision With",2
 Damage & Injury Accident,7:50,12/02/2014,Tuesday,Y,Daylight,HEMPSTEAD,LEFT TURN (3),NASSAU,Straight and Level,Cloudy,Traffic Signal,Dry,Not Applicable,"Other Motor Vehicle, Collision With",2
 Damage & Injury Accident,8:10,02/14/2014,Friday,N,Daylight,QUEENS,OVERTAKING,QUEENS,Straight and Level,Clear,Flashing Light,Snow/Ice,Not Applicable,"Other Motor Vehicle, Collision With",2
 Damage & Injury Accident,15:39,11/17/2014,Monday,Y,Daylight,HEMPSTEAD,LEFT TURN (3),NASSAU,Straight and Level,Rain,None,Wet,Not Applicable,"Other Motor Vehicle, Collision With",2
 Damage & Injury Accident,21:36,06/04/2014,Wednesday,Y,Dark-Road Lighted,CHEEKTOWAGA,LEFT TURN (0),ERIE,Straight and Level,Cloudy,Traffic Signal,Dry,Not Applicable,"Other Motor Vehicle, Collision With",2
 Accident,19:45,09/20/2014,Saturday,Y,Dark-Road Lighted,KINGS,OTHER,KINGS,Straight and Level,Clear,None,Dry,Emerging from in Front of/Behind Parked Vehicle,"Pedestrian, Collision With",1
 Accident,10:00,06/24/2014,Tuesday,Y,Daylight,CLAY,REAR END,ONONDAGA,Straight and Level,Cloudy,Traffic Signal,Wet,Not Applicable,"Other Motor Vehicle, Collision With",2
 Damage Accident,22:20,05/09/2014,Friday,Y,Dark-Road Unlighted,CHESTERFIELD,OTHER,ESSEX,Curve and Grade,Clear,No Passing Zone,Dry,Not Applicable,"Earth Embankment/Rock Cut/Ditch, Collision With Fixed Object",1
 Damage Accident,17:30,01/03/2014,Friday,N,Unknown,CATO,OTHER,CAYUGA,Unknown,Unknown,Unknown,Unknown,Not Applicable,"Earth Embankment/Rock Cut/Ditch, Collision With Fixed Object",1
 Damage Accident,13:30,01/07/2014,Tuesday,Y,Daylight,BATAVIA,REAR END,GENESEE,Straight and Level,Snow,None,Snow/Ice,Not Applicable,"Other Motor Vehicle, Collision With",2
 Damage & Injury Accident,20:10,01/25/2014,Saturday,Y,Daylight,QUEENS,REAR END,QUEENS,Straight and Level,Unknown,None,Wet,Not Applicable,"Other Motor Vehicle, Collision With",2
 Damage Accident,14:24,07/15/2014,Tuesday,Y,Daylight,MALTA,RIGHT ANGLE,SARATOGA,Straight and Level,Cloudy,None,Wet,Not Applicable,"Other Motor Vehicle, Collision With",2
 Damage & Injury Accident,20:30,12/23/2014,Tuesday,Y,Dark-Road Lighted,GREECE,OTHER,MONROE,Straight and Level,Clear,Traffic Signal,Dry,Not Applicable,"Other Motor Vehicle, Collision With",3
 Damage Accident,8:00,07/20/2014,Sunday,Y,Daylight,RICHMOND,OVERTAKING,RICHMOND,Straight and Level,Clear,None,Dry,Not Applicable,"Other Motor Vehicle, Collision With",2
 Damage & Injury Accident,17:00,08/29/2014,Friday,Y,Daylight,ISLIP,OTHER,SUFFOLK,Straight and Level,Clear,None,Dry,Not Applicable,"Other Motor Vehicle, Collision With",4
 Damage Accident,10:35,05/25/2014,Sunday,Y,Daylight,STUYVESANT,RIGHT ANGLE,COLUMBIA,Straight and Level,Clear,Flashing Light,Dry,Not Applicable,"Other Motor Vehicle, Collision With",2
 Damage & Injury Accident,7:36,05/28/2014,Wednesday,Y,Daylight,ALBANY,REAR END,ALBANY,Straight and Grade,Cloudy,None,Dry,Not Applicable,"Other Motor Vehicle, Collision With",2
 Damage Accident,9:30,05/03/2014,Saturday,Y,Daylight,NISKAYUNA,RIGHT ANGLE,SCHENECTADY,Straight and Level,Cloudy,None,Dry,Not Applicable,"Other Motor Vehicle, Collision With",2
 Accident,11:30,06/24/2014,Tuesday,Y,Daylight,NEW YORK,OTHER,NEW YORK,Straight and Level,Clear,None,Dry,Other Actions in Roadway,"Pedestrian, Collision With",1
 Damage & Injury Accident,16:04,12/23/2014,Tuesday,Y,Dark-Road Lighted,BABYLON,Unknown,SUFFOLK,Straight and Level,Rain,Stop Sign,Wet,Not Applicable,"Other Motor Vehicle, Collision With",2
 Damage & Injury Accident,15:47,07/03/2014,Thursday,Y,Daylight,SALINA,OTHER,ONONDAGA,Straight and Level,Rain,None,Wet,Not Applicable,"Guide Rail - Not At End, Collision With Fixed Object",3
 Damage & Injury Accident,9:42,08/07/2014,Thursday,Y,Daylight,COLONIE,HEAD ON,ALBANY,Straight and Level,Clear,None,Dry,Not Applicable,"Other Motor Vehicle, Collision With",2
 Accident,12:00,09/13/2014,Saturday,Y,Daylight,QUEENS,OTHER,QUEENS,Straight and Grade,Cloudy,None,Dry,Not Applicable,"Other Motor Vehicle, Collision With",3
 Damage Accident,18:40,11/16/2014,Sunday,Y,Dark-Road Lighted,HEMPSTEAD,OVERTAKING,NASSAU,Straight and Level,Cloudy,None,Dry,Not Applicable,"Other Motor Vehicle, Collision With",2
 Accident,16:10,04/15/2014,Tuesday,Y,Daylight,KINGS,RIGHT ANGLE,KINGS,Straight and Level,Rain,Traffic Signal,Wet,Not Applicable,"Other Motor Vehicle, Collision With",2
 Damage Accident,8:31,07/11/2014,Friday,Y,Unknown,QUEENS,Unknown,QUEENS,Unknown,Unknown,Unknown,Unknown,Not Applicable,"Other Motor Vehicle, Collision With",2
 Damage Accident,0:00,01/27/2014,Monday,N,Daylight,NORTH HEMPSTEAD,Unknown,NASSAU,Unknown,Clear,None,Unknown,Not Applicable,"Other Motor Vehicle, Collision With",2
 Damage & Injury Accident,18:40,03/22/2014,Saturday,Y,Dusk,GREENPORT,RIGHT ANGLE,COLUMBIA,Curve and Level,Cloudy,None,Dry,Not Applicable,"Other Motor Vehicle, Collision With",2
 Damage Accident,21:55,02/14/2014,Friday,Y,Dark-Road Lighted,BARRE,OTHER,ORLEANS,Straight at Hill Crest,Cloudy,None,Wet,Not Applicable,Deer,1
 Accident,12:53,05/15/2014,Thursday,Y,Daylight,KINGS,REAR END,KINGS,Straight and Level,Cloudy,Traffic Signal,Wet,Not Applicable,"Other Motor Vehicle, Collision With",2
 Damage Accident,20:46,05/15/2014,Thursday,Y,Dark-Road Lighted,CARMEL,REAR END,PUTNAM,Straight and Level,Cloudy,Traffic Signal,Dry,Not Applicable,"Other Motor Vehicle, Collision With",2
 Damage Accident,23:22,12/11/2014,Thursday,Y,Dark-Road Unlighted,CLERMONT,OTHER,COLUMBIA,Straight and Level,Cloudy,No Passing Zone,Dry,Not Applicable,Deer,1
 Damage Accident,17:43,08/21/2014,Thursday,Y,Daylight,OYSTER BAY,REAR END,NASSAU,Straight and Level,Clear,None,Dry,Not Applicable,"Other Motor Vehicle, Collision With",2
 Damage Accident,18:31,12/01/2014,Monday,Y,Dark-Road Lighted,ROSLYN HARBOR,OTHER,NASSAU,Curve and Grade,Rain,None,Wet,Not Applicable,"Light Support/Utility Pole, Collision With Fixed Object",1
 Damage Accident,19:58,12/11/2014,Thursday,Y,Dark-Road Lighted,PORT CHESTER,RIGHT ANGLE,WESTCHESTER,Straight and Level,Clear,None,Dry,Not Applicable,"Other Motor Vehicle, Collision With",2
 Damage Accident,9:20,04/01/2014,Tuesday,Y,Daylight,CARMEL,OTHER,PUTNAM,Straight and Level,Clear,No Passing Zone,Dry,Not Applicable,"Fire Hydrant, Collision With Fixed Object",1
 Damage Accident,18:35,10/31/2014,Friday,Y,Dark-Road Lighted,RIVERHEAD,OTHER,SUFFOLK,Straight and Level,Cloudy,None,Dry,Not Applicable,"Animal, Collision With",1
 Damage Accident,0:03,06/08/2014,Sunday,Y,Dark-Road Unlighted,CANTON,OTHER,ST. LAWRENCE,Straight and Level,Clear,No Passing Zone,Dry,Not Applicable,Deer,1
 Damage Accident,1:54,11/15/2014,Saturday,Y,Dark-Road Lighted,ROCHESTER,OVERTAKING,MONROE,Straight and Level,Sleet/Hail/Freezing Rain,None,Wet,Not Applicable,"Other Motor Vehicle, Collision With",2
 Damage & Injury Accident,12:58,02/27/2014,Thursday,Y,Daylight,ELMIRA,REAR END,CHEMUNG,Straight and Level,Cloudy,None,Dry,Not Applicable,"Other Motor Vehicle, Collision With",2
 Damage & Injury Accident,15:40,10/02/2014,Thursday,Y,Daylight,KINGS,REAR END,KINGS,Straight and Level,Clear,None,Dry,Not Applicable,"Other Motor Vehicle, Collision With",2
 Accident,8:00,02/03/2014,Monday,N,Unknown,RICHMOND,OTHER,RICHMOND,Unknown,Unknown,Unknown,Unknown,Not Applicable,"Other Motor Vehicle, Collision With",3
 Damage Accident,16:57,09/17/2014,Wednesday,Y,Daylight,BROOKHAVEN,REAR END,SUFFOLK,Straight and Level,Clear,Traffic Signal,Dry,Not Applicable,"Other Motor Vehicle, Collision With",2
 Damage & Injury Accident,10:35,04/26/2014,Saturday,Y,Dark-Road Lighted,KINGS,RIGHT ANGLE,KINGS,Straight and Level,Clear,Traffic Signal,Dry,Not Applicable,"Other Motor Vehicle, Collision With",2
 Damage Accident,12:04,08/07/2014,Thursday,Y,Daylight,CANAJOHARIE,OVERTAKING,MONTGOMERY,Straight and Level,Clear,None,Dry,Not Applicable,"Other Motor Vehicle, Collision With",2
 Accident,14:25,09/07/2014,Sunday,Y,Daylight,CLARKSON,OTHER,MONROE,Straight and Grade,Unknown,Stop Sign,Dry,Not Applicable,"Tree, Collision With Fixed Object",1
 Damage Accident,7:00,03/20/2014,Thursday,Y,Daylight,ISLIP,OTHER,SUFFOLK,Curve and Level,Cloudy,Yield Sign,Wet,Not Applicable,"Other Motor Vehicle, Collision With",3
 Accident,14:20,11/18/2014,Tuesday,Y,Daylight,NEW HAVEN,OTHER,OSWEGO,Curve and Grade,Cloudy,No Passing Zone,Snow/Ice,Not Applicable,"Earth Embankment/Rock Cut/Ditch, Collision With Fixed Object",1
 Damage Accident,6:45,02/01/2014,Saturday,Y,Dawn,CHESTER,OTHER,ORANGE,Straight and Level,Clear,None,Dry,Not Applicable,"Guide Rail - End, Collision With Fixed Object",1
 Accident,18:30,04/22/2014,Tuesday,Y,Daylight,RICHMOND,OTHER,RICHMOND,Straight and Level,Unknown,Traffic Signal,Unknown,"Crossing, With Signal","Bicyclist, Collision With",1
 Damage Accident,12:15,03/02/2014,Sunday,Y,Daylight,ATHENS,OTHER,GREENE,Straight and Grade,Cloudy,None,Dry,Not Applicable,Deer,1
 Damage Accident,11:12,08/09/2014,Saturday,Y,Daylight,SAUGERTIES,LEFT TURN (3),ULSTER,Curve and Level,Clear,Stop Sign,Dry,Not Applicable,"Other Motor Vehicle, Collision With",2
 Damage Accident,1:35,05/31/2014,Saturday,Y,Dark-Road Unlighted,CANISTEO,OTHER,STEUBEN,Straight and Level,Clear,No Passing Zone,Dry,Not Applicable,Deer,1
 Damage Accident,11:54,03/28/2014,Friday,Y,Daylight,ISLIP,REAR END,SUFFOLK,Straight and Grade,Cloudy,Yield Sign,Dry,Not Applicable,"Other Motor Vehicle, Collision With",2
 Accident,18:37,03/19/2014,Wednesday,Y,Dusk,MONROE,REAR END,ORANGE,Straight and Grade,Rain,None,Wet,Not Applicable,"Other Motor Vehicle, Collision With",2
 Damage Accident,19:25,12/17/2014,Wednesday,Y,Dark-Road Lighted,SARATOGA SPRINGS,OVERTAKING,SARATOGA,Straight and Level,Rain,Traffic Signal,Wet,Not Applicable,"Other Motor Vehicle, Collision With",2
 Damage & Injury Accident,7:39,01/09/2014,Thursday,Y,Daylight,SPRINGVILLE,OTHER,ERIE,Straight and Level,Snow,None,Snow/Ice,Not Applicable,"Other Motor Vehicle, Collision With",3
 Damage Accident,13:11,09/07/2014,Sunday,Y,Daylight,ELMSFORD,OVERTAKING,WESTCHESTER,Straight and Level,Clear,None,Dry,Not Applicable,"Other Motor Vehicle, Collision With",2
 Damage Accident,8:00,05/17/2014,Saturday,Y,Daylight,SPAFFORD,OTHER,ONONDAGA,Straight and Level,Clear,None,Dry,Not Applicable,"Earth Embankment/Rock Cut/Ditch, Collision With Fixed Object",1
 Damage Accident,5:30,11/28/2014,Friday,Y,Dark-Road Unlighted,COVERT,OTHER,SENECA,Curve and Grade,Cloudy,None,Snow/Ice,Not Applicable,"Guide Rail - Not At End, Collision With Fixed Object",1
 Damage & Injury Accident,18:35,09/02/2014,Tuesday,Y,Daylight,GARDEN CITY,LEFT TURN (3),NASSAU,Straight and Level,Cloudy,Traffic Signal,Dry,Not Applicable,"Other Motor Vehicle, Collision With",2
 Damage Accident,21:00,02/09/2014,Sunday,N,Dark-Road Unlighted,LIVINGSTON,OTHER,COLUMBIA,Straight and Level,Snow,Unknown,Snow/Ice,Not Applicable,Deer,1
 Damage & Injury Accident,9:44,07/31/2014,Thursday,Y,Daylight,ISLIP,OTHER,SUFFOLK,Straight and Level,Clear,None,Dry,Not Applicable,"Tree, Collision With Fixed Object",1
 Damage Accident,17:18,01/21/2014,Tuesday,Y,Dark-Road Unlighted,NORTH NORWICH,OTHER,CHENANGO,Straight and Level,Cloudy,No Passing Zone,Dry,Not Applicable,Deer,1
 Damage Accident,19:03,06/26/2014,Thursday,Y,Daylight,NORTHPORT,OVERTAKING,SUFFOLK,Straight and Grade,Clear,Unknown,Dry,Not Applicable,"Other Motor Vehicle, Collision With",2
 Accident,14:45,09/26/2014,Friday,Y,Daylight,QUEENS,REAR END,QUEENS,Straight and Level,Clear,None,Dry,Not Applicable,"Other Motor Vehicle, Collision With",2
 Damage Accident,22:05,08/08/2014,Friday,Y,Dark-Road Unlighted,RYE BROOKE,REAR END,WESTCHESTER,Straight and Level,Clear,None,Dry,Not Applicable,"Other Motor Vehicle, Collision With",2
 Damage Accident,8:56,05/08/2014,Thursday,Y,Daylight,BUTLER,OTHER,WAYNE,Straight and Grade,Clear,None,Dry,Not Applicable,Deer,1
 Damage & Injury Accident,9:45,04/14/2014,Monday,Y,Daylight,VESTAL,REAR END,BROOME,Straight and Level,Cloudy,No Passing Zone,Dry,Not Applicable,"Other Motor Vehicle, Collision With",2
 Damage Accident,18:33,01/09/2014,Thursday,Y,Dark-Road Unlighted,NORTH HILLS,REAR END,NASSAU,Straight and Level,Clear,None,Dry,Not Applicable,"Other Motor Vehicle, Collision With",2
 Damage & Injury Accident,18:59,09/28/2014,Sunday,Y,Dark-Road Unlighted,ROOT,OTHER,MONTGOMERY,Straight and Level,Clear,None,Dry,Not Applicable,"Guide Rail - End, Collision With Fixed Object",1
 Damage Accident,16:30,03/26/2014,Wednesday,Y,Daylight,LA GRANGE,OTHER,DUTCHESS,Straight and Grade,Clear,No Passing Zone,Dry,Not Applicable,Deer,1
 Accident,20:15,07/11/2014,Friday,Y,Dusk,BRONX,REAR END,BRONX,Curve and Grade,Clear,Traffic Signal,Dry,Not Applicable,"Other Motor Vehicle, Collision With",2
 Damage Accident,20:08,03/30/2014,Sunday,Y,Dark-Road Unlighted,UTICA,OTHER,ONEIDA,Straight and Level,Snow,None,Snow/Ice,Not Applicable,"Guide Rail - Not At End, Collision With Fixed Object",1
 Damage Accident,12:45,04/08/2014,Tuesday,Y,Daylight,QUEENS,OVERTAKING,QUEENS,Curve and Grade,Clear,Construction Work Area,Dry,Not Applicable,"Other Motor Vehicle, Collision With",2
 Damage Accident,11:59,05/19/2014,Monday,Y,Daylight,SCHENECTADY,REAR END,SCHENECTADY,Straight and Level,Clear,None,Dry,Not Applicable,"Other Motor Vehicle, Collision With",2
 Damage Accident,15:15,05/16/2014,Friday,Y,Daylight,SOUTHEAST,REAR END,PUTNAM,Straight and Grade,Rain,No Passing Zone,Wet,Not Applicable,"Other Motor Vehicle, Collision With",2
 Accident,13:49,12/10/2014,Wednesday,Y,Daylight,KINGS,OTHER,KINGS,Straight and Level,Cloudy,Traffic Signal,Wet,"Crossing, With Signal","Pedestrian, Collision With",1
 Damage Accident,8:17,09/27/2014,Saturday,Y,Daylight,ROME,OTHER,ONEIDA,Straight and Level,Fog/Smog/Smoke,None,Dry,Not Applicable,"Fence, Collision With Fixed Object",1
 Damage Accident,13:14,08/10/2014,Sunday,Y,Daylight,MASSENA,REAR END,ST. LAWRENCE,Curve and Grade,Clear,Yield Sign,Dry,Not Applicable,"Other Motor Vehicle, Collision With",2
 Damage Accident,7:39,03/15/2014,Saturday,Y,Daylight,WAWARSING,OTHER,ULSTER,Straight and Level,Clear,No Passing Zone,Dry,Not Applicable,Deer,1
 Damage Accident,16:03,09/13/2014,Saturday,Y,Daylight,SOUTHAMPTON,OVERTAKING,SUFFOLK,Straight and Level,Rain,None,Wet,Not Applicable,"Other Motor Vehicle, Collision With",2
 Damage Accident,10:19,04/29/2014,Tuesday,Y,Daylight,GREENBURGH,OTHER,WESTCHESTER,Straight and Level,Cloudy,None,Dry,Not Applicable,"Fence, Collision With Fixed Object",3
 Damage Accident,16:00,08/26/2014,Tuesday,N,Unknown,SYRACUSE,OVERTAKING,ONONDAGA,Unknown,Unknown,Unknown,Unknown,Not Applicable,"Other Motor Vehicle, Collision With",2
 Damage Accident,17:40,05/27/2014,Tuesday,Y,Daylight,,RIGHT ANGLE,ORANGE,Straight and Level,Cloudy,None,Dry,Not Applicable,"Other Motor Vehicle, Collision With",2
 Damage Accident,1:00,04/11/2014,Friday,N,Unknown,KINGS,OTHER,KINGS,Unknown,Unknown,Unknown,Unknown,Not Applicable,"Other Motor Vehicle, Collision With",4
 Damage Accident,15:00,05/03/2014,Saturday,N,Daylight,FLOWER HILL,OTHER,NASSAU,Straight and Level,Clear,None,Dry,Not Applicable,"Building/Wall, Collision With Fixed Object",1
 Damage Accident,10:30,12/07/2014,Sunday,N,Daylight,CHEEKTOWAGA,OTHER,ERIE,Straight and Level,Clear,None,Dry,Not Applicable,"Other Object (Not Fixed)*, Collision With",2
 Damage Accident,15:10,09/12/2014,Friday,Y,Daylight,LEWISBORO,RIGHT ANGLE,WESTCHESTER,Straight and Level,Clear,Traffic Signal,Dry,Not Applicable,"Other Motor Vehicle, Collision With",2
 Accident,20:30,11/18/2014,Tuesday,Y,Dark-Road Lighted,NEW YORK,OTHER,NEW YORK,Straight and Level,Clear,None,Dry,Unknown,"Bicyclist, Collision With",1
 Damage Accident,16:55,08/04/2014,Monday,N,Daylight,POUGHKEEPSIE,REAR END,DUTCHESS,Curve and Level,Clear,Stop Sign,Dry,Not Applicable,"Other Motor Vehicle, Collision With",2
 Accident,8:14,02/24/2014,Monday,Y,Daylight,QUEENS,REAR END,QUEENS,Straight and Level,Clear,None,Dry,Not Applicable,"Other Motor Vehicle, Collision With",2
 Damage Accident,0:00,01/18/2014,Saturday,N,Dawn,RICHMOND,Unknown,RICHMOND,Straight and Level,Clear,None,Dry,Not Applicable,"Other Motor Vehicle, Collision With",2
 Damage & Injury Accident,13:28,08/24/2014,Sunday,Y,Daylight,HUNTINGTON,LEFT TURN (3),SUFFOLK,Straight and Level,Clear,Traffic Signal,Dry,Not Applicable,"Other Motor Vehicle, Collision With",2
 Damage Accident,8:26,03/04/2014,Tuesday,N,Daylight,KINGS,OVERTAKING,KINGS,Straight and Level,Clear,None,Dry,Not Applicable,"Other Motor Vehicle, Collision With",2
 Damage Accident,17:03,07/31/2014,Thursday,Y,Daylight,ALBANY,RIGHT ANGLE,ALBANY,Straight and Level,Rain,Traffic Signal,Wet,Not Applicable,"Other Motor Vehicle, Collision With",2
 Damage & Injury Accident,16:45,08/07/2014,Thursday,Y,Daylight,,REAR END,ORANGE,Straight and Grade,Clear,No Passing Zone,Dry,Not Applicable,"Other Motor Vehicle, Collision With",2
 Damage & Injury Accident,13:40,08/02/2014,Saturday,Y,Daylight,HUNTINGTON,OTHER,SUFFOLK,Straight and Level,Cloudy,None,Dry,Not Applicable,"Light Support/Utility Pole, Collision With Fixed Object",1
 Damage Accident,8:33,03/13/2014,Thursday,Y,Daylight,LLOYD,OTHER,ULSTER,Curve and Grade,Clear,No Passing Zone,Snow/Ice,Not Applicable,"Other Fixed Object*, Collision With Fixed Object",1
 Damage & Injury Accident,13:20,02/09/2014,Sunday,Y,Daylight,CLINTON,LEFT TURN (3),DUTCHESS,Straight and Grade,Cloudy,No Passing Zone,Dry,Not Applicable,"Other Motor Vehicle, Collision With",2
 Damage Accident,2:43,04/12/2014,Saturday,Y,Dark-Road Lighted,RYE,OVERTAKING,WESTCHESTER,Straight and Level,Clear,None,Dry,Not Applicable,"Other Motor Vehicle, Collision With",2
 Damage Accident,16:00,06/13/2014,Friday,N,Daylight,AMHERST,Unknown,ERIE,Straight and Level,Clear,None,Dry,Not Applicable,"Other Motor Vehicle, Collision With",2
 Accident,10:08,11/19/2014,Wednesday,Y,Daylight,QUEENS,OTHER,QUEENS,Straight at Hill Crest,Clear,None,Dry,Not Applicable,"Other Object (Not Fixed)*, Collision With",1
 Damage Accident,14:03,04/24/2014,Thursday,Y,Daylight,ALABAMA,OTHER,GENESEE,Straight and Level,Clear,None,Dry,Not Applicable,"Building/Wall, Collision With Fixed Object",1
 Accident,16:00,09/04/2014,Thursday,Y,Daylight,NEW YORK,OTHER,NEW YORK,Straight and Level,Clear,Traffic Signal,Dry,"Crossing, With Signal","Bicyclist, Collision With",1
 Damage Accident,17:09,07/10/2014,Thursday,Y,Daylight,BRIGHTON,REAR END,MONROE,Straight and Level,Clear,None,Dry,Not Applicable,"Other Motor Vehicle, Collision With",2
 Accident,21:26,09/22/2014,Monday,Y,Dark-Road Lighted,NEW YORK,OTHER,NEW YORK,Straight and Level,Clear,Traffic Signal,Dry,"Crossing, With Signal","Pedestrian, Collision With",1
 Damage & Injury Accident,19:30,01/08/2014,Wednesday,Y,Dark-Road Lighted,HEMPSTEAD,OTHER,NASSAU,Straight and Grade,Clear,Traffic Signal,Dry,Not Applicable,"Other Motor Vehicle, Collision With",3
 Damage & Injury Accident,10:26,08/13/2014,Wednesday,Y,Daylight,RHINEBECK,OTHER,DUTCHESS,Curve and Grade,Rain,No Passing Zone,Wet,Not Applicable,"Earth Embankment/Rock Cut/Ditch, Collision With Fixed Object",1
 Damage Accident,0:00,01/10/2014,Friday,N,Daylight,ISLIP,Unknown,SUFFOLK,Straight and Level,Sleet/Hail/Freezing Rain,Unknown,Snow/Ice,Not Applicable,"Other Motor Vehicle, Collision With",2
 Accident,10:45,05/24/2014,Saturday,Y,Daylight,NEW YORK,OTHER,NEW YORK,Straight and Level,Clear,Traffic Signal,Dry,"Crossing, Against Signal","Bicyclist, Collision With",1
 Damage Accident,20:13,10/28/2014,Tuesday,Y,Dark-Road Unlighted,HANNIBAL,OTHER,OSWEGO,Straight and Level,Cloudy,None,Dry,Not Applicable,Deer,1
 Accident,21:15,01/18/2014,Saturday,Y,Dark-Road Lighted,NEW YORK,OTHER,NEW YORK,Straight at Hill Crest,Clear,None,Dry,Not in Roadway (Indicate),"Bicyclist, Collision With",1