 Descriptor,Time,Date,Day of Week,Police Report,Lighting Conditions,Municipality,Collision Type Descriptor,County Name,Road Descriptor,Weather Conditions,Traffic Control Device,Road Surface Conditions,Pedestrian Bicyclist Action,Event Descriptor,Number of Vehicles Involved
 Damage & Injury Accident,1:00,08/17/2014,Sunday,Y,Dark-Road Lighted,ALDEN,REAR END,ERIE,Straight and Level,Cloudy,None,Wet,Not Applicable,"Other Motor Vehicle, Collision With",2
 Damage Accident,12:12,01/10/2014,Friday,Y,Daylight,RAMAPO,OTHER,ROCKLAND,Curve and Grade,Cloudy,Stopped School Bus-Red Lights Flashing,Snow/Ice,Not Applicable,"Other Motor Vehicle, Collision With",2
 Accident,14:50,05/07/2014,Wednesday,Y,Daylight,KINGS,REAR END,KINGS,Straight and Level,Clear,Traffic Signal,Dry,Not Applicable,"Other Motor Vehicle, Collision With",2
 Damage Accident,21:05,05/28/2014,Wednesday,N,Daylight,KINGS,OVERTAKING,KINGS,Straight and Level,Clear,None,Dry,Not Applicable,"Other Motor Vehicle, Collision With",2
 Damage Accident,19:45,08/14/2014,Thursday,Y,Daylight,OYSTER BAY,REAR END,NASSAU,Straight and Level,Clear,None,Dry,Not Applicable,"Other Motor Vehicle, Collision With",2
 Accident,20:22,10/21/2014,Tuesday,Y,Dark-Road Lighted,BRONX,OTHER,BRONX,Straight and Grade,Clear,None,Dry,Emerging from in Front of/Behind Parked Vehicle,"Pedestrian, Collision With",1
 Damage Accident,12:05,10/14/2014,Tuesday,Y,Daylight,ROCHESTER,RIGHT TURN (5),MONROE,Straight and Level,Clear,Traffic Signal,Dry,Not Applicable,"Other Motor Vehicle, Collision With",2
 Accident,15:13,01/02/2014,Thursday,Y,Daylight,CHURCHVILLE,OTHER,MONROE,Straight and Level,Snow,None,Snow/Ice,Not Applicable,"Sign Post, Collision With Fixed Object",1
 Damage Accident,20:06,09/05/2014,Friday,Y,Dark-Road Unlighted,AMBOY,OTHER,OSWEGO,Curve and Level,Clear,None,Dry,Not Applicable,"Tree, Collision With Fixed Object",1
 Damage Accident,12:27,09/24/2014,Wednesday,Y,Daylight,WAPPINGER,REAR END,DUTCHESS,Straight and Level,Cloudy,None,Dry,Not Applicable,"Other Motor Vehicle, Collision With",2
 Accident,17:30,08/03/2014,Sunday,Y,Daylight,KINGS,OVERTAKING,KINGS,Straight and Level,Clear,None,Dry,Not Applicable,"Other Motor Vehicle, Collision With",2
 Damage Accident,18:41,11/23/2014,Sunday,N,Dark-Road Lighted,HENRIETTA,Unknown,MONROE,Straight and Level,Clear,Unknown,Dry,Not Applicable,"Other Motor Vehicle, Collision With",2
 Damage Accident,10:35,07/22/2014,Tuesday,Y,Daylight,COLONIE,OTHER,ALBANY,Straight and Level,Clear,None,Dry,Not Applicable,"Fire Hydrant, Collision With Fixed Object",1
 Damage Accident,0:00,05/07/2014,Wednesday,N,Unknown,NEW YORK,Unknown,NEW YORK,Unknown,Unknown,Unknown,Unknown,Not Applicable,"Other Motor Vehicle, Collision With",2
 Damage Accident,23:55,08/28/2014,Thursday,Y,Dark-Road Unlighted,VERONA,OTHER,ONEIDA,Straight and Level,Cloudy,None,Dry,Not Applicable,"Fire/Explosion, Non-Collision",1
 Damage Accident,16:40,05/05/2014,Monday,Y,Daylight,CLARKSTOWN,REAR END,ROCKLAND,Straight and Level,Clear,Traffic Signal,Dry,Not Applicable,"Other Motor Vehicle, Collision With",2
 Damage Accident,12:00,05/03/2014,Saturday,Y,Daylight,KINGS,REAR END,KINGS,Straight and Level,Cloudy,None,Dry,Not Applicable,"Other Motor Vehicle, Collision With",2
 Damage Accident,19:13,02/28/2014,Friday,Y,Dark-Road Unlighted,MOREAU,RIGHT ANGLE,SARATOGA,Straight and Level,Clear,Traffic Signal,Dry,Not Applicable,"Other Motor Vehicle, Collision With",2
 Damage & Injury Accident,2:10,06/22/2014,Sunday,Y,Dark-Road Lighted,BABYLON,SIDESWIPE,SUFFOLK,Straight and Level,Clear,None,Dry,Not Applicable,"Other Motor Vehicle, Collision With",2
 Damage Accident,18:27,04/08/2014,Tuesday,Y,Daylight,OYSTER BAY,REAR END,NASSAU,Straight and Level,Cloudy,None,Dry,Not Applicable,"Other Motor Vehicle, Collision With",2
 Damage Accident,9:30,07/29/2014,Tuesday,Y,Daylight,UTICA,RIGHT ANGLE,ONEIDA,Straight and Level,Clear,Traffic Signal,Dry,Not Applicable,"Other Motor Vehicle, Collision With",2
 Accident,8:30,09/29/2014,Monday,N,Unknown,QUEENS,REAR END,QUEENS,Unknown,Unknown,Unknown,Unknown,Not Applicable,"Other Motor Vehicle, Collision With",2
 Accident,17:43,11/13/2014,Thursday,Y,Dark-Road Unlighted,BUSTI,OTHER,CHAUTAUQUA,Straight and Level,Snow,None,Snow/Ice,Not Applicable,"Ran Off Roadway Only, Non-Collision",1
 Damage Accident,21:12,08/21/2014,Thursday,Y,Dark-Road Unlighted,ISLIP,SIDESWIPE,SUFFOLK,Straight and Level,Clear,None,Dry,Not Applicable,"Other Motor Vehicle, Collision With",2
 Damage Accident,21:35,06/05/2014,Thursday,Y,Dark-Road Unlighted,HAMPTONBURGH,OTHER,ORANGE,Straight and Level,Clear,None,Dry,Not Applicable,Deer,1
 Accident,22:15,12/15/2014,Monday,Y,Dark-Road Lighted,KINGS,REAR END,KINGS,Straight and Level,Clear,Traffic Signal,Dry,Not Applicable,"Other Motor Vehicle, Collision With",2
 Damage Accident,7:55,03/20/2014,Thursday,N,Daylight,PATCHOGUE,RIGHT ANGLE,SUFFOLK,Curve and Level,Clear,Stop Sign,Dry,Not Applicable,"Other Motor Vehicle, Collision With",2
 Damage Accident,13:45,02/07/2014,Friday,N,Daylight,HEMPSTEAD,REAR END,NASSAU,Straight and Level,Cloudy,Traffic Signal,Dry,Not Applicable,"Other Motor Vehicle, Collision With",2
 Damage & Injury Accident,20:30,06/15/2014,Sunday,Y,Dusk,KINGS,OVERTAKING,KINGS,Straight and Level,Clear,Unknown,Dry,Not Applicable,"Other Motor Vehicle, Collision With",2
 Damage Accident,13:00,02/09/2014,Sunday,N,Unknown,PENDLETON,Unknown,NIAGARA,Unknown,Unknown,Unknown,Unknown,Not Applicable,"Other Motor Vehicle, Collision With",2
 Damage & Injury Accident,11:15,03/13/2014,Thursday,Y,Daylight,ALBANY,OTHER,ALBANY,Straight and Grade,Cloudy,None,Slush,Not Applicable,"Fence, Collision With Fixed Object",1
 Accident,13:00,09/19/2014,Friday,Y,Daylight,HORSEHEADS,OTHER,CHEMUNG,Straight and Level,Cloudy,None,Dry,"Crossing, No Signal or Crosswalk","Bicyclist, Collision With",1
 Damage Accident,8:40,03/31/2014,Monday,N,Daylight,BRONX,Unknown,BRONX,Straight and Level,Clear,None,Dry,Not Applicable,"Other Motor Vehicle, Collision With",2
 Accident,13:35,04/05/2014,Saturday,Y,Daylight,KINGS,OTHER,KINGS,Straight and Level,Clear,None,Dry,"Crossing, No Signal or Crosswalk","Pedestrian, Collision With",1
 Damage Accident,23:10,07/06/2014,Sunday,Y,Dark-Road Unlighted,,OTHER,UNKNOWN,Straight and Level,Clear,None,Dry,Not Applicable,"Other Fixed Object*, Collision With Fixed Object",1
 Damage Accident,12:20,07/07/2014,Monday,N,Daylight,BRONX,OVERTAKING,BRONX,Straight and Level,Clear,None,Dry,Not Applicable,"Other Motor Vehicle, Collision With",2
 Damage Accident,9:16,10/10/2014,Friday,Y,Dark-Road Lighted,PULASKI,OVERTAKING,OSWEGO,Straight and Level,Clear,None,Dry,Not Applicable,"Other Motor Vehicle, Collision With",2
 Accident,12:53,06/01/2014,Sunday,Y,Daylight,NEW YORK,OTHER,NEW YORK,Straight and Level,Clear,Traffic Signal,Dry,Riding/Walking/Skating Along Highway With Traffic,"Bicyclist, Collision With",1
 Damage Accident,16:00,02/13/2014,Thursday,N,Unknown,QUEENS,OTHER,QUEENS,Unknown,Unknown,Unknown,Unknown,Not Applicable,"Guide Rail - Not At End, Collision With Fixed Object",1
 Damage Accident,15:19,11/18/2014,Tuesday,Y,Daylight,HUNTINGTON,REAR END,SUFFOLK,Straight and Level,Cloudy,None,Dry,Not Applicable,"Other Motor Vehicle, Collision With",2
 Damage Accident,0:45,12/17/2014,Wednesday,Y,Dark-Road Lighted,SYRACUSE,REAR END,ONONDAGA,Straight and Level,Rain,None,Wet,Not Applicable,"Other Motor Vehicle, Collision With",2
 Damage Accident,15:40,01/07/2014,Tuesday,Y,Daylight,BABYLON,RIGHT ANGLE,SUFFOLK,Curve and Level,Clear,Stop Sign,Dry,Not Applicable,"Other Motor Vehicle, Collision With",2
 Damage Accident,12:30,10/03/2014,Friday,N,Unknown,NEW YORK,REAR END,NEW YORK,Unknown,Unknown,Unknown,Unknown,Not Applicable,"Other Motor Vehicle, Collision With",2
 Damage Accident,9:31,09/04/2014,Thursday,Y,Daylight,LONG BEACH,OTHER,NASSAU,Straight and Level,Clear,None,Dry,Not Applicable,"Light Support/Utility Pole, Collision With Fixed Object",1
 Damage Accident,18:52,11/10/2014,Monday,Y,Dark-Road Unlighted,POTSDAM,OTHER,ST. LAWRENCE,Straight and Level,Cloudy,None,Dry,Not Applicable,Deer,1
 Accident,16:09,07/17/2014,Thursday,Y,Daylight,NEW YORK,OTHER,NEW YORK,Straight and Level,Clear,None,Dry,Other Actions in Roadway,"Pedestrian, Collision With",1
 Damage Accident,18:00,11/26/2014,Wednesday,N,Dark-Road Lighted,GREECE,RIGHT TURN (6),MONROE,Straight and Grade,Rain,Traffic Signal,Wet,Not Applicable,"Other Motor Vehicle, Collision With",2
 Damage Accident,7:18,11/24/2014,Monday,Y,Daylight,COLONIE,REAR END,ALBANY,Curve and Grade,Rain,None,Wet,Not Applicable,"Other Motor Vehicle, Collision With",2
 Accident,12:55,10/24/2014,Friday,Y,Daylight,KINGS,REAR END,KINGS,Straight and Level,Clear,Traffic Signal,Dry,Not Applicable,"Other Motor Vehicle, Collision With",2
 Damage Accident,12:15,08/28/2014,Thursday,Y,Daylight,HUNTINGTON,REAR END,SUFFOLK,Straight and Level,Clear,Traffic Signal,Dry,Not Applicable,"Other Motor Vehicle, Collision With",2
 Damage Accident,17:58,02/07/2014,Friday,Y,Daylight,VESTAL,REAR END,BROOME,Straight and Level,Clear,None,Dry,Not Applicable,"Other Motor Vehicle, Collision With",2
 Damage & Injury Accident,16:28,11/04/2014,Tuesday,Y,Daylight,BROOKHAVEN,REAR END,SUFFOLK,Straight and Level,Clear,Traffic Signal,Dry,Not Applicable,"Other Motor Vehicle, Collision With",2
 Accident,14:03,08/01/2014,Friday,Y,Daylight,GLENS FALLS,OTHER,WARREN,Straight and Level,Clear,None,Dry,Not Applicable,"Other*, Non-Collision",1
 Damage Accident,12:03,10/13/2014,Monday,Y,Daylight,WHITE PLAINS,REAR END,WESTCHESTER,Straight and Level,Cloudy,Traffic Signal,Dry,Not Applicable,"Other Motor Vehicle, Collision With",2
 Damage Accident,4:55,10/14/2014,Tuesday,Y,Dark-Road Lighted,OYSTER BAY,SIDESWIPE,NASSAU,Straight and Level,Cloudy,None,Wet,Not Applicable,"Other Motor Vehicle, Collision With",2
 Damage Accident,7:40,07/29/2014,Tuesday,Y,Daylight,EAST FISHKILL,OTHER,DUTCHESS,Curve and Grade,Clear,No Passing Zone,Dry,Not Applicable,Deer,1
 Damage & Injury Accident,8:40,11/13/2014,Thursday,Y,Daylight,BROOKHAVEN,REAR END,SUFFOLK,Straight and Level,Clear,Stop Sign,Dry,Not Applicable,"Other Motor Vehicle, Collision With",2
 Damage & Injury Accident,17:00,07/07/2014,Monday,Y,Daylight,HEMPSTEAD,RIGHT ANGLE,NASSAU,Straight and Level,Clear,None,Dry,Not Applicable,"Other Motor Vehicle, Collision With",2
 Damage Accident,17:06,11/14/2014,Friday,Y,Dark-Road Lighted,HEMPSTEAD,RIGHT ANGLE,NASSAU,Straight and Level,Clear,Traffic Signal,Dry,Not Applicable,"Other Motor Vehicle, Collision With",2
 Damage Accident,15:10,06/05/2014,Thursday,Y,Daylight,BRONX,RIGHT ANGLE,BRONX,Straight and Grade,Clear,Stop Sign,Dry,Not Applicable,"Other Motor Vehicle, Collision With",2
 Accident,9:12,10/31/2014,Friday,Y,Daylight,ISLIP,Unknown,SUFFOLK,Straight and Level,Cloudy,None,Dry,Not Applicable,"Other Motor Vehicle, Collision With",2
 Damage & Injury Accident,17:20,03/28/2014,Friday,Y,Daylight,BABYLON,RIGHT ANGLE,SUFFOLK,Straight and Level,Cloudy,Stop Sign,Dry,Not Applicable,"Other Motor Vehicle, Collision With",2
 Damage Accident,13:00,02/16/2014,Sunday,N,Daylight,KINGS,Unknown,KINGS,Straight and Level,Clear,Stop Sign,Dry,Not Applicable,"Other Motor Vehicle, Collision With",2
 Damage Accident,8:45,09/03/2014,Wednesday,Y,Daylight,SYRACUSE,RIGHT ANGLE,ONONDAGA,Straight and Level,Clear,Stop Sign,Dry,Not Applicable,"Other Motor Vehicle, Collision With",2
 Accident,9:00,03/19/2014,Wednesday,Y,Daylight,YONKERS,OTHER,WESTCHESTER,Straight and Level,Cloudy,None,Dry,"Crossing, No Signal or Crosswalk","Pedestrian, Collision With",1
 Damage Accident,8:14,02/15/2014,Saturday,Y,Daylight,OTSELIC,OTHER,CHENANGO,Curve and Grade,Cloudy,None,Snow/Ice,Not Applicable,"Guide Rail - End, Collision With Fixed Object",1
 Damage Accident,17:49,04/25/2014,Friday,Y,Daylight,AMHERST,RIGHT ANGLE,ERIE,Straight and Level,Cloudy,None,Dry,Not Applicable,"Other Motor Vehicle, Collision With",2
 Damage Accident,0:00,03/12/2014,Wednesday,N,Daylight,,RIGHT TURN (6),UNKNOWN,Curve and Grade,Snow,Traffic Signal,Snow/Ice,Not Applicable,"Other Motor Vehicle, Collision With",2
 Accident,7:20,03/06/2014,Thursday,N,Daylight,NEW YORK,OTHER,NEW YORK,Straight and Level,Clear,Traffic Signal,Dry,"Crossing, With Signal","Pedestrian, Collision With",1
 Damage Accident,9:15,06/23/2014,Monday,Y,Daylight,NORTH HEMPSTEAD,REAR END,NASSAU,Straight and Level,Clear,None,Dry,Not Applicable,"Other Motor Vehicle, Collision With",2
 Accident,10:15,10/22/2014,Wednesday,Y,Daylight,NEW YORK,OTHER,NEW YORK,Straight and Level,Rain,Traffic Signal,Wet,"Crossing, With Signal","Pedestrian, Collision With",1
 Damage Accident,22:54,02/08/2014,Saturday,Y,Dark-Road Lighted,WATERTOWN,RIGHT ANGLE,JEFFERSON,Straight and Level,Snow,Stop Sign,Snow/Ice,Not Applicable,"Other Motor Vehicle, Collision With",2
 Damage Accident,9:27,12/10/2014,Wednesday,Y,Daylight,MONTEBELLO,OTHER,ROCKLAND,Straight and Grade,Cloudy,None,Dry,Not Applicable,"Earth Embankment/Rock Cut/Ditch, Collision With Fixed Object",1
 Damage Accident,1:50,11/18/2014,Tuesday,Y,Dark-Road Lighted,QUEENS,OVERTAKING,QUEENS,Straight and Level,Clear,None,Dry,Not Applicable,"Other Motor Vehicle, Collision With",2
 Damage & Injury Accident,22:40,12/13/2014,Saturday,Y,Dark-Road Lighted,YONKERS,SIDESWIPE,WESTCHESTER,Curve and Grade,Cloudy,None,Dry,Not Applicable,"Other Motor Vehicle, Collision With",2
 Damage Accident,16:52,12/26/2014,Friday,Y,Dusk,HENRIETTA,RIGHT ANGLE,MONROE,Straight and Level,Clear,None,Dry,Not Applicable,"Other Motor Vehicle, Collision With",2
 Damage Accident,11:09,08/20/2014,Wednesday,Y,Daylight,BURLINGTON,LEFT TURN (3),OTSEGO,Straight and Level,Cloudy,None,Dry,Not Applicable,"Other Motor Vehicle, Collision With",2
 Damage Accident,11:50,11/23/2014,Sunday,N,Daylight,QUEENS,RIGHT ANGLE,QUEENS,Straight and Level,Clear,Stop Sign,Dry,Not Applicable,"Other Motor Vehicle, Collision With",2
 Damage & Injury Accident,16:43,11/14/2014,Friday,Y,Dusk,BUFFALO,RIGHT ANGLE,ERIE,Straight and Level,Clear,Stop Sign,Dry,Not Applicable,"Other Motor Vehicle, Collision With",2
 Damage Accident,17:50,12/15/2014,Monday,Y,Dark-Road Unlighted,SANGERFIELD,OTHER,ONEIDA,Straight and Level,Cloudy,No Passing Zone,Wet,Not Applicable,Deer,1
 Damage Accident,8:00,08/05/2014,Tuesday,Y,Daylight,HEMPSTEAD,OTHER,NASSAU,Straight and Level,Clear,Traffic Signal,Dry,Not Applicable,"Other Motor Vehicle, Collision With",3
 Damage Accident,13:08,07/19/2014,Saturday,Y,Daylight,ALBANY,LEFT TURN (0),ALBANY,Straight and Level,Cloudy,None,Dry,Not Applicable,"Other Motor Vehicle, Collision With",2
 Damage Accident,17:15,01/05/2014,Sunday,Y,Dark-Road Unlighted,WATERLOO,REAR END,SENECA,Straight and Level,Cloudy,None,Dry,Not Applicable,"Other Motor Vehicle, Collision With",2
 Damage & Injury Accident,14:11,12/03/2014,Wednesday,Y,Daylight,HUNTINGTON,OTHER,SUFFOLK,Straight and Level,Rain,None,Wet,Not Applicable,"Other Motor Vehicle, Collision With",3
 Damage Accident,15:22,08/24/2014,Sunday,Y,Daylight,HOOSICK,OVERTAKING,RENSSELAER,Straight and Level,Clear,None,Dry,Not Applicable,"Other Motor Vehicle, Collision With",2
 Damage Accident,8:00,04/04/2014,Friday,Y,Daylight,KINGS,Unknown,KINGS,Straight and Level,Cloudy,None,Wet,Not Applicable,"Other Motor Vehicle, Collision With",2
 Accident,16:35,09/17/2014,Wednesday,Y,Daylight,HUNTINGTON,Unknown,SUFFOLK,Straight at Hill Crest,Clear,None,Dry,Not Applicable,"Other Motor Vehicle, Collision With",2
 Damage Accident,17:21,10/14/2014,Tuesday,Y,Daylight,COLONIE,REAR END,ALBANY,Straight and Level,Cloudy,None,Dry,Not Applicable,"Other Motor Vehicle, Collision With",2
 Damage Accident,5:00,04/01/2014,Tuesday,Y,Dark-Road Lighted,SOUTHAMPTON,OTHER,SUFFOLK,Straight and Level,Clear,Traffic Signal,Dry,Not Applicable,"Tree, Collision With Fixed Object",1
 Damage & Injury Accident,12:08,04/11/2014,Friday,Y,Daylight,TONAWANDA,OTHER,ERIE,Straight and Level,Clear,Traffic Signal,Dry,Not Applicable,"Other Motor Vehicle, Collision With",3
 Accident,19:25,12/05/2014,Friday,Y,Dark-Road Lighted,OYSTER BAY,REAR END,NASSAU,Straight and Level,Rain,Traffic Signal,Wet,Not Applicable,"Other Motor Vehicle, Collision With",2
 Damage & Injury Accident,4:00,01/11/2014,Saturday,N,Dark-Road Unlighted,SCHAGHTICOKE,OTHER,RENSSELAER,Curve at Hill Crest,Sleet/Hail/Freezing Rain,None,Snow/Ice,Not Applicable,"Overturned, Non-Collision",1
 Damage & Injury Accident,17:30,11/08/2014,Saturday,Y,Dark-Road Lighted,IRONDEQUOIT,OTHER,MONROE,Straight and Level,Cloudy,None,Dry,Not Applicable,"Other Motor Vehicle, Collision With",3
 Damage & Injury Accident,7:35,05/19/2014,Monday,Y,Daylight,ISLIP,Unknown,SUFFOLK,Straight and Level,Clear,Traffic Signal,Dry,Not Applicable,"Other Motor Vehicle, Collision With",2
 Damage & Injury Accident,21:07,12/05/2014,Friday,Y,Dark-Road Lighted,POUGHKEEPSIE,RIGHT ANGLE,DUTCHESS,Straight and Level,Rain,Traffic Signal,Wet,Not Applicable,"Other Motor Vehicle, Collision With",2
 Damage Accident,15:22,06/03/2014,Tuesday,Y,Daylight,OWEGO,LEFT TURN (0),TIOGA,Straight and Level,Cloudy,Traffic Signal,Dry,Not Applicable,"Other Motor Vehicle, Collision With",2
 Damage & Injury Accident,18:36,02/23/2014,Sunday,Y,Dark-Road Lighted,GREECE,REAR END,MONROE,Straight and Level,Clear,None,Dry,Not Applicable,"Other Motor Vehicle, Collision With",2
 Damage & Injury Accident,18:40,10/19/2014,Sunday,Y,Dark-Road Lighted,CORNWALL,REAR END,ORANGE,Straight and Grade,Clear,None,Dry,Not Applicable,"Other Motor Vehicle, Collision With",2
 Damage Accident,9:45,05/24/2014,Saturday,Y,Daylight,LOCKPORT,REAR END,NIAGARA,Straight and Level,Cloudy,None,Dry,Not Applicable,"Other Motor Vehicle, Collision With",2
 Damage & Injury Accident,17:00,03/15/2014,Saturday,Y,Daylight,KINGS,RIGHT ANGLE,KINGS,Straight and Level,Clear,Stop Sign,Dry,Not Applicable,"Other Motor Vehicle, Collision With",2
 Damage Accident,21:30,04/05/2014,Saturday,N,Dark-Road Lighted,NEW YORK,REAR END,NEW YORK,Straight and Level,Clear,Unknown,Dry,Not Applicable,"Other Motor Vehicle, Collision With",2
 Damage Accident,14:57,07/01/2014,Tuesday,N,Daylight,ARDSLEY,OTHER,WESTCHESTER,Straight and Level,Cloudy,None,Dry,Not Applicable,"Other Fixed Object*, Collision With Fixed Object",1
 Damage Accident,20:35,11/15/2014,Saturday,Y,Dark-Road Unlighted,CATO,OTHER,CAYUGA,Straight and Grade,Clear,No Passing Zone,Dry,Not Applicable,"Earth Embankment/Rock Cut/Ditch, Collision With Fixed Object",1
 Accident,21:30,09/27/2014,Saturday,Y,Dark-Road Lighted,NEW YORK,OTHER,NEW YORK,Straight and Level,Clear,Traffic Signal,Dry,Riding/Walking/Skating Along Highway With Traffic,"Bicyclist, Collision With",1
 Damage Accident,7:25,02/25/2014,Tuesday,Y,Daylight,,REAR END,ORANGE,Straight and Level,Cloudy,No Passing Zone,Dry,Not Applicable,"Other Motor Vehicle, Collision With",2
 Damage Accident,21:45,07/17/2014,Thursday,Y,Dark-Road Unlighted,CALLICOON,OTHER,SULLIVAN,Straight and Level,Clear,Construction Work Area,Dry,Not Applicable,"Fence, Collision With Fixed Object",1
 Damage & Injury Accident,22:45,08/07/2014,Thursday,Y,Dark-Road Lighted,HEMPSTEAD,OTHER,NASSAU,Straight and Level,Clear,Traffic Signal,Dry,Not Applicable,"Light Support/Utility Pole, Collision With Fixed Object",1
 Damage & Injury Accident,14:30,05/23/2014,Friday,Y,Daylight,KINGSTON,REAR END,ULSTER,Straight and Level,Rain,None,Wet,Not Applicable,"Other Motor Vehicle, Collision With",2
 Damage Accident,19:30,08/04/2014,Monday,N,Daylight,,Unknown,SARATOGA,Straight and Level,Clear,None,Dry,Not Applicable,"Other Motor Vehicle, Collision With",2
 Damage Accident,7:16,01/20/2014,Monday,Y,Dawn,LE RAY,OTHER,JEFFERSON,Curve and Grade,Snow,No Passing Zone,Snow/Ice,Not Applicable,"Guide Rail - Not At End, Collision With Fixed Object",1
 Damage Accident,19:00,01/21/2014,Tuesday,Y,Dusk,QUEENS,Unknown,QUEENS,Straight and Level,Snow,None,Wet,Not Applicable,"Other Motor Vehicle, Collision With",2
 Damage Accident,6:06,11/14/2014,Friday,Y,Dawn,CORTLANDVILLE,OTHER,CORTLAND,Straight and Level,Clear,No Passing Zone,Wet,Not Applicable,Deer,1
 Damage & Injury Accident,13:00,04/21/2014,Monday,Y,Daylight,ISLIP,REAR END,SUFFOLK,Straight and Level,Clear,None,Dry,Not Applicable,"Other Motor Vehicle, Collision With",2
 Damage & Injury Accident,3:43,10/31/2014,Friday,Y,Dark-Road Unlighted,DEERPARK,OTHER,ORANGE,Straight and Level,Clear,None,Dry,Not Applicable,"Light Support/Utility Pole, Collision With Fixed Object",1
 Damage Accident,10:56,08/09/2014,Saturday,Y,Daylight,HEMPSTEAD,REAR END,NASSAU,Curve and Grade,Clear,Stop Sign,Dry,Not Applicable,"Other Motor Vehicle, Collision With",2
 Damage Accident,7:00,12/03/2014,Wednesday,Y,Daylight,MINEOLA,Unknown,NASSAU,Straight and Level,Cloudy,None,Wet,Not Applicable,"Other Motor Vehicle, Collision With",2
 Damage Accident,16:53,05/13/2014,Tuesday,N,Daylight,BRONX,RIGHT ANGLE,BRONX,Straight and Level,Clear,Traffic Signal,Dry,Not Applicable,"Other Motor Vehicle, Collision With",2
 Damage Accident,0:34,02/18/2014,Tuesday,Y,Dark-Road Unlighted,PLEASANTVILLE,OTHER,WESTCHESTER,Curve and Level,Clear,None,Dry,Not Applicable,Deer,1
 Damage & Injury Accident,8:36,02/06/2014,Thursday,Y,Daylight,OWEGO,LEFT TURN (0),TIOGA,Straight and Level,Clear,No Passing Zone,Wet,Not Applicable,"Other Motor Vehicle, Collision With",2
 Damage Accident,22:40,03/31/2014,Monday,Y,Dark-Road Unlighted,PENDLETON,OTHER,NIAGARA,Straight and Level,Clear,No Passing Zone,Dry,Not Applicable,Deer,1
 Damage Accident,15:00,01/24/2014,Friday,Y,Daylight,SYRACUSE,RIGHT ANGLE,ONONDAGA,Straight and Grade,Clear,Stop Sign,Snow/Ice,Not Applicable,"Other Motor Vehicle, Collision With",2
 Damage & Injury Accident,7:05,10/01/2014,Wednesday,Y,Daylight,KINGSTON,LEFT TURN (3),ULSTER,Straight and Grade,Cloudy,Traffic Signal,Dry,Not Applicable,"Other Motor Vehicle, Collision With",2
 Damage Accident,15:30,10/26/2014,Sunday,Y,Daylight,EAST SYRACUSE,OTHER,ONONDAGA,Curve and Grade,Rain,Traffic Signal,Wet,Not Applicable,"Guide Rail - Not At End, Collision With Fixed Object",1
 Damage Accident,6:45,03/06/2014,Thursday,Y,Daylight,SARATOGA SPRINGS,REAR END,SARATOGA,Straight and Level,Clear,None,Dry,Not Applicable,"Other Motor Vehicle, Collision With",2
 Damage Accident,1:26,01/29/2014,Wednesday,Y,Dark-Road Unlighted,COLESVILLE,OTHER,BROOME,Straight and Level,Clear,None,Dry,Not Applicable,"Guide Rail - Not At End, Collision With Fixed Object",1
 Damage Accident,6:50,08/21/2014,Thursday,Y,Dawn,LEDYARD,OTHER,CAYUGA,Straight and Grade,Cloudy,No Passing Zone,Wet,Not Applicable,Deer,1
 Damage & Injury Accident,19:12,05/26/2014,Monday,Y,Daylight,PELHAM MANOR,OTHER,WESTCHESTER,Straight and Level,Clear,None,Dry,Not Applicable,"Other Motor Vehicle, Collision With",5
 Damage & Injury Accident,20:11,09/09/2014,Tuesday,Y,Dark-Road Lighted,ISLIP,HEAD ON,SUFFOLK,Straight and Level,Cloudy,None,Dry,Not Applicable,"Other Motor Vehicle, Collision With",2
 Damage & Injury Accident,10:27,04/18/2014,Friday,Y,Daylight,KINGS,OVERTAKING,KINGS,Straight at Hill Crest,Cloudy,None,Dry,Not Applicable,"Other Motor Vehicle, Collision With",2
 Damage Accident,15:45,09/23/2014,Tuesday,N,Unknown,NORTH TONAWANDA,LEFT TURN (3),NIAGARA,Unknown,Unknown,Unknown,Unknown,Not Applicable,"Other Motor Vehicle, Collision With",2
 Damage & Injury Accident,6:48,02/10/2014,Monday,Y,Dawn,ONTARIO,OTHER,WAYNE,Curve and Grade,Snow,No Passing Zone,Snow/Ice,Not Applicable,"Other Motor Vehicle, Collision With",3
 Damage & Injury Accident,5:10,05/23/2014,Friday,Y,Dawn,HEMPSTEAD,RIGHT ANGLE,NASSAU,Straight at Hill Crest,Clear,Traffic Signal,Dry,Not Applicable,"Other Motor Vehicle, Collision With",2
 Accident,11:00,10/18/2014,Saturday,Y,Daylight,NEW YORK,OTHER,NEW YORK,Straight and Level,Clear,Traffic Signal,Dry,"Crossing, With Signal","Pedestrian, Collision With",1
 Damage Accident,2:59,05/11/2014,Sunday,Y,Dark-Road Lighted,SYRACUSE,OTHER,ONONDAGA,Straight and Grade,Clear,None,Dry,Not Applicable,"Other Motor Vehicle, Collision With",4