 Descriptor,Time,Date,Day of Week,Police Report,Lighting Conditions,Municipality,Collision Type Descriptor,County Name,Road Descriptor,Weather Conditions,Traffic Control Device,Road Surface Conditions,Pedestrian Bicyclist Action,Event Descriptor,Number of Vehicles Involved
 Damage & Injury Accident,12:48,08/26/2014,Tuesday,Y,Daylight,ISLIP,LEFT TURN (3),SUFFOLK,Straight and Level,Clear,None,Dry,Not Applicable,"Other Motor Vehicle, Collision With",2
 Damage & Injury Accident,9:37,05/03/2014,Saturday,Y,Daylight,GARDEN CITY,OTHER,NASSAU,Straight and Level,Clear,None,Dry,Not Applicable,"Other Motor Vehicle, Collision With",3
 Accident,13:30,12/31/2014,Wednesday,Y,Daylight,BABYLON,OTHER,SUFFOLK,Straight and Level,Clear,None,Dry,"Crossing, No Signal or Crosswalk","Pedestrian, Collision With",1
 Damage Accident,20:26,05/07/2014,Wednesday,Y,Dusk,FREMONT,OTHER,STEUBEN,Straight and Level,Cloudy,None,Dry,Not Applicable,Deer,1
 Damage Accident,8:05,06/09/2014,Monday,Y,Daylight,OYSTER BAY,OTHER,NASSAU,Straight and Level,Rain,None,Wet,Not Applicable,"Barrier, Collision With Fixed Object",1
 Accident,13:30,06/25/2014,Wednesday,Y,Daylight,KINGS,OTHER,KINGS,Straight and Level,Clear,None,Dry,"Crossing, No Signal or Crosswalk","Pedestrian, Collision With",1
 Damage Accident,9:00,02/20/2014,Thursday,Y,Daylight,HEMPSTEAD,OTHER,NASSAU,Straight and Level,Clear,None,Dry,Not Applicable,"Other Motor Vehicle, Collision With",3
 Damage Accident,12:55,04/28/2014,Monday,Y,Daylight,QUEENS,OVERTAKING,QUEENS,Straight and Level,Clear,None,Dry,Not Applicable,"Other Motor Vehicle, Collision With",2
 Damage Accident,15:47,08/19/2014,Tuesday,Y,Daylight,SENNETT,OVERTAKING,CAYUGA,Straight and Level,Clear,Traffic Signal,Dry,Not Applicable,"Other Motor Vehicle, Collision With",2
 Damage Accident,7:45,09/19/2014,Friday,Y,Daylight,NEWBURGH,REAR END,ORANGE,Straight and Level,Clear,None,Dry,Not Applicable,"Other Motor Vehicle, Collision With",2
 Damage Accident,11:10,11/17/2014,Monday,Y,Daylight,BROOKHAVEN,REAR END,SUFFOLK,Straight and Level,Rain,Traffic Signal,Wet,Not Applicable,"Other Motor Vehicle, Collision With",2
 Damage Accident,7:54,07/29/2014,Tuesday,N,Daylight,KINGS,Unknown,KINGS,Straight and Level,Clear,Unknown,Dry,Not Applicable,"Other Motor Vehicle, Collision With",2
 Damage Accident,0:35,07/26/2014,Saturday,Y,Dark-Road Lighted,SOUTHEAST,LEFT TURN (3),PUTNAM,Straight and Level,Clear,Traffic Signal,Dry,Not Applicable,"Other Motor Vehicle, Collision With",2
 Damage Accident,17:02,11/24/2014,Monday,Y,Dusk,DIX,OTHER,SCHUYLER,Straight and Grade,Cloudy,None,Dry,Not Applicable,Deer,1
 Damage & Injury Accident,0:30,01/01/2014,Wednesday,Y,Dark-Road Unlighted,BEACON,OTHER,DUTCHESS,Straight and Level,Clear,Flashing Light,Dry,Not Applicable,"Barrier, Collision With Fixed Object",1
 Damage Accident,8:27,02/06/2014,Thursday,N,Unknown,HAMBURG,REAR END,ERIE,Unknown,Unknown,Unknown,Unknown,Not Applicable,"Other Motor Vehicle, Collision With",2
 Damage Accident,12:44,03/04/2014,Tuesday,Y,Daylight,SARATOGA SPRINGS,LEFT TURN (3),SARATOGA,Straight and Level,Cloudy,None,Dry,Not Applicable,"Other Motor Vehicle, Collision With",2
 Damage Accident,14:54,08/20/2014,Wednesday,Y,Daylight,FREEPORT,OTHER,NASSAU,Straight and Level,Clear,None,Dry,Not Applicable,"Guide Rail - Not At End, Collision With Fixed Object",1
 Damage Accident,11:00,02/03/2014,Monday,N,Unknown,BRONX,REAR END,BRONX,Unknown,Unknown,Unknown,Unknown,Not Applicable,"Other Motor Vehicle, Collision With",2
 Damage Accident,14:45,01/09/2014,Thursday,Y,Daylight,NIAGARA FALLS,LEFT TURN (3),NIAGARA,Straight and Level,Clear,Stop Sign,Dry,Not Applicable,"Other Motor Vehicle, Collision With",2
 Damage Accident,12:07,06/08/2014,Sunday,Y,Daylight,NORTH GREENBUSH,OTHER,RENSSELAER,Straight and Grade,Clear,None,Dry,Not Applicable,Deer,1
 Damage Accident,15:25,02/09/2014,Sunday,Y,Daylight,KIRKWOOD,OTHER,BROOME,Curve and Grade,Snow,None,Snow/Ice,Not Applicable,"Guide Rail - Not At End, Collision With Fixed Object",1
 Accident,17:00,07/28/2014,Monday,N,Unknown,BRONX,OTHER,BRONX,Unknown,Unknown,Traffic Signal,Unknown,Not Applicable,"Other Motor Vehicle, Collision With",3
 Accident,23:20,10/10/2014,Friday,Y,Daylight,QUEENS,OTHER,QUEENS,Straight and Level,Cloudy,None,Dry,"Crossing, No Signal or Crosswalk","Pedestrian, Collision With",1
 Damage Accident,13:58,01/25/2014,Saturday,Y,Daylight,CLARKSTOWN,OTHER,ROCKLAND,Straight and Grade,Snow,None,Snow/Ice,Not Applicable,"Other Motor Vehicle, Collision With",2
 Damage Accident,20:15,04/05/2014,Saturday,Y,Dark-Road Unlighted,PLYMOUTH,OTHER,CHENANGO,Straight and Level,Cloudy,None,Dry,Not Applicable,Deer,1
 Accident,6:40,01/18/2014,Saturday,N,Dark-Road Lighted,KINGS,OTHER,KINGS,Straight and Level,Clear,Stop Sign,Dry,"Crossing, With Signal","Pedestrian, Collision With",1
 Damage Accident,23:33,01/24/2014,Friday,Y,Dark-Road Lighted,BENNINGTON,OTHER,WYOMING,Curve and Grade,Cloudy,None,Snow/Ice,Not Applicable,"Other Motor Vehicle, Collision With",3
 Damage Accident,6:00,05/06/2014,Tuesday,Y,Dawn,NEW YORK,Unknown,NEW YORK,Straight and Level,Clear,Traffic Signal,Dry,Not Applicable,"Other Motor Vehicle, Collision With",2
 Damage Accident,5:51,09/04/2014,Thursday,Y,Dark-Road Unlighted,HYDE PARK,OTHER,DUTCHESS,Curve and Level,Clear,None,Dry,Not Applicable,"Sign Post, Collision With Fixed Object",1
 Damage & Injury Accident,0:00,05/12/2014,Monday,N,Unknown,RICHMOND,OVERTAKING,RICHMOND,Unknown,Unknown,Unknown,Unknown,Not Applicable,"Other Motor Vehicle, Collision With",2
 Damage Accident,16:25,11/19/2014,Wednesday,Y,Dusk,HEMPSTEAD,REAR END,NASSAU,Straight and Level,Clear,None,Dry,Not Applicable,"Other Motor Vehicle, Collision With",2
 Damage Accident,2:40,06/25/2014,Wednesday,Y,Dark-Road Unlighted,GARDINER,OTHER,ULSTER,Straight and Level,Clear,None,Dry,Not Applicable,"Building/Wall, Collision With Fixed Object",1
 Damage Accident,16:15,05/28/2014,Wednesday,Y,Daylight,AMHERST,RIGHT ANGLE,ERIE,Straight and Level,Clear,None,Dry,Not Applicable,"Other Motor Vehicle, Collision With",2
 Damage Accident,18:41,09/01/2014,Monday,Y,Daylight,ISLIP,OVERTAKING,SUFFOLK,Straight and Level,Clear,None,Dry,Not Applicable,"Other Motor Vehicle, Collision With",2
 Accident,20:12,03/21/2014,Friday,Y,Dark-Road Lighted,NEW YORK,OTHER,NEW YORK,Straight and Level,Clear,None,Dry,Riding/Walking/Skating Along Highway With Traffic,"Bicyclist, Collision With",1
 Damage Accident,22:45,08/21/2014,Thursday,Y,Dark-Road Lighted,EASTCHESTER,OTHER,WESTCHESTER,Curve and Level,Rain,None,Wet,Not Applicable,"Other Motor Vehicle, Collision With",3
 Damage & Injury Accident,15:30,11/17/2014,Monday,Y,Dusk,ROSENDALE,OTHER,ULSTER,Straight and Level,Rain,No Passing Zone,Wet,Not Applicable,"Other Motor Vehicle, Collision With",3
 Damage Accident,13:30,11/05/2014,Wednesday,Y,Dark-Road Lighted,BROOKHAVEN,REAR END,SUFFOLK,Straight and Level,Clear,None,Dry,Not Applicable,"Other Motor Vehicle, Collision With",2
 Accident,7:50,07/16/2014,Wednesday,Y,Daylight,HEMPSTEAD,OTHER,NASSAU,Straight and Level,Rain,Traffic Signal,Wet,Not Applicable,"Other Motor Vehicle, Collision With",3
 Damage & Injury Accident,8:42,07/03/2014,Thursday,Y,Daylight,SMITHTOWN,OTHER,SUFFOLK,Straight and Grade,Clear,None,Dry,Not Applicable,"Other Fixed Object*, Collision With Fixed Object",1
 Damage Accident,0:00,08/21/2014,Thursday,N,Dark-Road Lighted,HUNTINGTON,Unknown,SUFFOLK,Straight and Level,Clear,None,Dry,Not Applicable,"Other Motor Vehicle, Collision With",2
 Damage Accident,20:00,09/16/2014,Tuesday,Y,Dark-Road Unlighted,COLD SPRING,OTHER,CATTARAUGUS,Straight and Level,Clear,None,Dry,Not Applicable,Deer,1
 Damage Accident,17:13,07/23/2014,Wednesday,Y,Daylight,UTICA,REAR END,ONEIDA,Straight and Level,Rain,None,Wet,Not Applicable,"Other Motor Vehicle, Collision With",2
 Damage Accident,9:50,01/10/2014,Friday,Y,Daylight,GARDEN CITY,REAR END,NASSAU,Straight and Grade,Rain,None,Snow/Ice,Not Applicable,"Other Motor Vehicle, Collision With",2
 Damage Accident,8:00,04/18/2014,Friday,Y,Daylight,PEEKSKILL,REAR END,WESTCHESTER,Curve and Grade,Clear,None,Dry,Not Applicable,"Other Motor Vehicle, Collision With",2
 Damage Accident,2:21,06/15/2014,Sunday,Y,Dark-Road Lighted,OYSTER BAY,OTHER,NASSAU,Straight and Level,Clear,None,Dry,Not Applicable,"Guide Rail - Not At End, Collision With Fixed Object",1
 Damage Accident,13:00,06/25/2014,Wednesday,N,Daylight,QUEENS,RIGHT ANGLE,QUEENS,Straight and Level,Clear,None,Dry,Not Applicable,"Other Motor Vehicle, Collision With",2
 Damage Accident,4:16,12/24/2014,Wednesday,Y,Dark-Road Unlighted,WHITE PLAINS,OTHER,WESTCHESTER,Curve and Level,Rain,None,Wet,Not Applicable,"Median - Not At End, Collision With Fixed Object",1
 Damage Accident,2:13,08/17/2014,Sunday,Y,Dark-Road Lighted,BUFFALO,OVERTAKING,ERIE,Straight and Level,Cloudy,None,Dry,Not Applicable,"Other Motor Vehicle, Collision With",2
 Accident,10:30,03/08/2014,Saturday,N,Unknown,NEW YORK,OTHER,NEW YORK,Unknown,Unknown,Unknown,Unknown,Not Applicable,"Other Motor Vehicle, Collision With",2
 Damage & Injury Accident,18:00,11/11/2014,Tuesday,Y,Dark-Road Lighted,HEMPSTEAD,OTHER,NASSAU,Straight and Level,Clear,None,Dry,Not in Roadway (Indicate),"Building/Wall, Collision With Fixed Object",1
 Damage Accident,4:15,10/26/2014,Sunday,Y,Dark-Road Lighted,UTICA,SIDESWIPE,ONEIDA,Straight and Level,Rain,None,Wet,Not Applicable,"Other Motor Vehicle, Collision With",2
 Accident,12:00,11/28/2014,Friday,N,Unknown,KINGS,LEFT TURN (0),KINGS,Unknown,Unknown,Unknown,Unknown,Not Applicable,"Other Motor Vehicle, Collision With",2
 Accident,5:20,01/28/2014,Tuesday,Y,Dark-Road Unlighted,FAIRFIELD,OTHER,HERKIMER,Straight and Grade,Unknown,No Passing Zone,Snow/Ice,Not Applicable,"Earth Embankment/Rock Cut/Ditch, Collision With Fixed Object",1
 Damage Accident,0:00,06/01/2014,Sunday,N,Unknown,HEMPSTEAD,Unknown,NASSAU,Unknown,Unknown,Unknown,Unknown,Not Applicable,"Other Motor Vehicle, Collision With",2
 Damage Accident,5:10,12/30/2014,Tuesday,Y,Dark-Road Lighted,YONKERS,OVERTAKING,WESTCHESTER,Straight and Grade,Clear,None,Dry,Not Applicable,"Other Motor Vehicle, Collision With",2
 Damage Accident,12:30,12/02/2014,Tuesday,Y,Daylight,NORTH HEMPSTEAD,OTHER,NASSAU,Straight and Grade,Sleet/Hail/Freezing Rain,None,Wet,Not Applicable,"Other Motor Vehicle, Collision With",3
 Damage Accident,14:17,06/08/2014,Sunday,Y,Daylight,OWEGO,RIGHT ANGLE,TIOGA,Straight and Level,Cloudy,None,Dry,Not Applicable,"Other Motor Vehicle, Collision With",2
 Damage Accident,17:06,11/12/2014,Wednesday,Y,Dark-Road Lighted,NORTH HEMPSTEAD,REAR END,NASSAU,Straight and Grade,Clear,None,Dry,Not Applicable,"Other Motor Vehicle, Collision With",2
 Damage Accident,16:45,07/20/2014,Sunday,Y,Daylight,OLIVE,REAR END,ULSTER,Straight and Grade,Clear,None,Dry,Not Applicable,"Other Motor Vehicle, Collision With",2
 Damage Accident,17:43,05/14/2014,Wednesday,Y,Daylight,POUGHKEEPSIE,OVERTAKING,DUTCHESS,Straight and Grade,Cloudy,None,Dry,Not Applicable,"Other Motor Vehicle, Collision With",2
 Damage Accident,15:33,05/21/2014,Wednesday,Y,Daylight,WHITE PLAINS,OVERTAKING,WESTCHESTER,Straight and Level,Clear,None,Dry,Not Applicable,"Other Motor Vehicle, Collision With",2
 Damage Accident,11:12,01/20/2014,Monday,Y,Daylight,,RIGHT ANGLE,UNKNOWN,Straight and Level,Snow,None,Wet,Not Applicable,"Other Motor Vehicle, Collision With",2
 Damage Accident,16:45,12/16/2014,Tuesday,Y,Dark-Road Unlighted,MAMAKATING,OTHER,SULLIVAN,Straight and Grade,Rain,No Passing Zone,Wet,Not Applicable,Deer,1
 Damage Accident,8:50,12/11/2014,Thursday,Y,Daylight,BROOKHAVEN,Unknown,SUFFOLK,Straight and Level,Rain,Other,Snow/Ice,Not Applicable,"Other Motor Vehicle, Collision With",2
 Damage Accident,9:55,12/16/2014,Tuesday,Y,Daylight,PITTSFORD,OTHER,MONROE,Straight and Level,Cloudy,None,Dry,Not Applicable,"Other Fixed Object*, Collision With Fixed Object",1
 Damage Accident,16:58,06/24/2014,Tuesday,Y,Daylight,ORANGETOWN,RIGHT ANGLE,ROCKLAND,Straight and Grade,Clear,None,Dry,Not Applicable,"Other Motor Vehicle, Collision With",2
 Damage Accident,16:03,09/24/2014,Wednesday,Y,Daylight,SARATOGA SPRINGS,REAR END,SARATOGA,Straight and Level,Clear,None,Dry,Not Applicable,"Other Motor Vehicle, Collision With",2
 Damage Accident,19:30,02/17/2014,Monday,Y,Dark-Road Unlighted,BEDFORD,OTHER,WESTCHESTER,Straight and Level,Clear,None,Dry,Not Applicable,Deer,1
 Damage Accident,17:00,05/29/2014,Thursday,N,Unknown,RAMAPO,OTHER,ROCKLAND,Unknown,Unknown,Unknown,Unknown,Not Applicable,"Fire Hydrant, Collision With Fixed Object",1
 Damage Accident,20:15,04/22/2014,Tuesday,Y,Dark-Road Unlighted,HORSEHEADS,OTHER,CHEMUNG,Straight and Level,Cloudy,None,Dry,Not Applicable,Deer,1
 Damage Accident,13:00,04/06/2014,Sunday,Y,Daylight,CLARKSTOWN,LEFT TURN (3),ROCKLAND,Straight and Level,Clear,Stop Sign,Dry,Not Applicable,"Other Motor Vehicle, Collision With",2
 Damage & Injury Accident,10:20,08/12/2014,Tuesday,Y,Daylight,HORSEHEADS,RIGHT ANGLE,CHEMUNG,Straight and Level,Rain,Yield Sign,Wet,Not Applicable,"Other Motor Vehicle, Collision With",2
 Damage & Injury Accident,22:00,11/01/2014,Saturday,Y,Dark-Road Lighted,NEW YORK,OTHER,NEW YORK,Straight and Level,Rain,Traffic Signal,Wet,"Crossing, Against Signal","Pedestrian, Collision With",1
 Accident,13:45,10/04/2014,Saturday,Y,Daylight,QUEENS,LEFT TURN (0),QUEENS,Straight and Level,Rain,Traffic Signal,Wet,Not Applicable,"Other Motor Vehicle, Collision With",2
 Damage & Injury Accident,19:22,03/21/2014,Friday,N,Unknown,QUEENS,OTHER,QUEENS,Unknown,Unknown,Unknown,Unknown,Not Applicable,"Other Motor Vehicle, Collision With",3
 Damage & Injury Accident,6:45,12/30/2014,Tuesday,Y,Dark-Road Lighted,NEWFIELD,OTHER,TOMPKINS,Curve and Grade,Snow,No Passing Zone,Snow/Ice,Not Applicable,"Other Motor Vehicle, Collision With",2
 Damage Accident,12:22,07/18/2014,Friday,Y,Daylight,NEW PALTZ,OVERTAKING,ULSTER,Straight and Level,Clear,None,Dry,Not Applicable,"Other Motor Vehicle, Collision With",2
 Damage Accident,13:15,04/22/2014,Tuesday,N,Unknown,OYSTER BAY,OVERTAKING,NASSAU,Unknown,Unknown,Unknown,Unknown,Not Applicable,"Other Motor Vehicle, Collision With",2
 Accident,18:50,08/17/2014,Sunday,Y,Daylight,QUEENS,OTHER,QUEENS,Straight and Level,Clear,Traffic Signal,Dry,"Crossing, Against Signal","Pedestrian, Collision With",1
 Damage & Injury Accident,13:15,10/29/2014,Wednesday,Y,Daylight,OYSTER BAY,REAR END,NASSAU,Straight and Level,Clear,None,Dry,Not Applicable,"Other Motor Vehicle, Collision With",2
 Damage Accident,20:15,02/03/2014,Monday,N,Dark-Road Unlighted,BABYLON,OVERTAKING,SUFFOLK,Straight and Level,Snow,None,Snow/Ice,Not Applicable,"Other Motor Vehicle, Collision With",2
 Damage Accident,15:05,12/05/2014,Friday,Y,Daylight,GREECE,REAR END,MONROE,Straight and Level,Cloudy,Traffic Signal,Dry,Not Applicable,"Other Motor Vehicle, Collision With",2
 Accident,17:05,05/31/2014,Saturday,Y,Daylight,BRONX,RIGHT ANGLE,BRONX,Straight and Level,Clear,Stop Sign,Dry,Not Applicable,"Other Motor Vehicle, Collision With",2
 Damage & Injury Accident,8:40,06/22/2014,Sunday,Y,Daylight,NORTH ELBA,RIGHT ANGLE,ESSEX,Straight and Level,Clear,No Passing Zone,Dry,Not Applicable,"Other Motor Vehicle, Collision With",2
 Damage Accident,15:56,10/26/2014,Sunday,Y,Daylight,ROCKLAND,OTHER,SULLIVAN,Curve and Level,Rain,None,Wet,Not Applicable,"Guide Rail - Not At End, Collision With Fixed Object",1
 Damage Accident,7:30,03/22/2014,Saturday,N,Dawn,,OTHER,LIVINGSTON,Curve and Grade,Rain,None,Wet,Not Applicable,Deer,1
 Accident,16:25,10/21/2014,Tuesday,Y,Daylight,KINGS,REAR END,KINGS,Straight and Level,Clear,Traffic Signal,Dry,Not Applicable,"Other Motor Vehicle, Collision With",2
 Damage Accident,16:30,01/03/2014,Friday,Y,Daylight,WALLKILL,OTHER,ORANGE,Straight and Grade,Clear,None,Snow/Ice,Not Applicable,"Guide Rail - Not At End, Collision With Fixed Object",1
 Damage & Injury Accident,16:48,07/01/2014,Tuesday,Y,Daylight,HUNTINGTON,OTHER,SUFFOLK,Straight and Level,Clear,Unknown,Dry,Not Applicable,"Other Fixed Object*, Collision With Fixed Object",1
 Damage & Injury Accident,23:05,04/07/2014,Monday,Y,Dark-Road Unlighted,SOMERSET,RIGHT ANGLE,NIAGARA,Straight and Level,Rain,Stop Sign,Wet,Not Applicable,"Other Motor Vehicle, Collision With",2
 Damage & Injury Accident,17:48,12/19/2014,Friday,Y,Dark-Road Unlighted,BANGOR,OTHER,FRANKLIN,Straight and Level,Cloudy,No Passing Zone,Snow/Ice,Not Applicable,"Other Motor Vehicle, Collision With",2
 Damage Accident,15:16,02/16/2014,Sunday,Y,Daylight,WATERTOWN,RIGHT ANGLE,JEFFERSON,Straight and Level,Clear,Stop Sign,Dry,Not Applicable,"Other Motor Vehicle, Collision With",2
 Accident,11:10,11/07/2014,Friday,Y,Daylight,NEWSTEAD,REAR END,ERIE,Straight and Level,Cloudy,Traffic Signal,Wet,Not Applicable,"Other Motor Vehicle, Collision With",2
 Damage & Injury Accident,7:30,09/11/2014,Thursday,Y,Daylight,ISLIP,REAR END,SUFFOLK,Straight and Level,Cloudy,Traffic Signal,Dry,Not Applicable,"Other Motor Vehicle, Collision With",2
 Damage & Injury Accident,18:13,08/26/2014,Tuesday,Y,Daylight,MALONE,LEFT TURN (0),FRANKLIN,Straight and Level,Clear,Traffic Signal,Dry,Not Applicable,"Other Motor Vehicle, Collision With",2
 Accident,17:45,12/13/2014,Saturday,Y,Dark-Road Unlighted,RYE BROOKE,OTHER,WESTCHESTER,Straight and Level,Clear,None,Dry,Riding/Walking/Skating Along Highway Against Traffic,"Pedestrian, Collision With",1
 Damage Accident,8:10,06/22/2014,Sunday,Y,Daylight,SOLVAY,LEFT TURN (0),ONONDAGA,Straight and Level,Clear,Stop Sign,Dry,Not Applicable,"Other Motor Vehicle, Collision With",2
 Damage Accident,19:09,12/10/2014,Wednesday,Y,Dark-Road Unlighted,MONTGOMERY,OTHER,ORANGE,Straight and Level,Snow,None,Snow/Ice,Not Applicable,Deer,1
 Damage Accident,10:50,03/20/2014,Thursday,Y,Daylight,SYRACUSE,RIGHT ANGLE,ONONDAGA,Straight and Grade,Cloudy,None,Dry,Not Applicable,"Other Motor Vehicle, Collision With",2
 Damage Accident,19:00,08/23/2014,Saturday,Y,Daylight,UNION,OTHER,BROOME,Curve and Grade,Rain,None,Wet,Not Applicable,"Other Fixed Object*, Collision With Fixed Object",1
 Damage Accident,11:54,05/27/2014,Tuesday,Y,Daylight,NEW WINDSOR,OVERTAKING,ORANGE,Straight and Grade,Clear,None,Dry,Not Applicable,"Other Motor Vehicle, Collision With",2
 Damage Accident,17:48,12/16/2014,Tuesday,Y,Daylight,HEMPSTEAD,RIGHT ANGLE,NASSAU,Straight and Level,Rain,None,Wet,Not Applicable,"Other Motor Vehicle, Collision With",2
 Damage & Injury Accident,15:57,03/26/2014,Wednesday,Y,Daylight,OYSTER BAY,REAR END,NASSAU,Straight and Grade,Clear,None,Dry,Not Applicable,"Other Motor Vehicle, Collision With",2
 Damage & Injury Accident,17:14,06/26/2014,Thursday,Y,Daylight,HAMBURG,OTHER,ERIE,Straight and Level,Clear,Traffic Signal,Dry,Not Applicable,"Other Motor Vehicle, Collision With",3
 Damage Accident,10:45,01/21/2014,Tuesday,N,Unknown,QUEENS,REAR END,QUEENS,Unknown,Unknown,Unknown,Unknown,Not Applicable,"Other Motor Vehicle, Collision With",2
 Accident,18:20,02/05/2014,Wednesday,Y,Dark-Road Lighted,HEMPSTEAD,RIGHT TURN (5),NASSAU,Straight and Level,Cloudy,None,Snow/Ice,Not Applicable,"Other Motor Vehicle, Collision With",2
 Damage Accident,7:30,11/07/2014,Friday,Y,Daylight,ELLERY,OTHER,CHAUTAUQUA,Straight and Level,Sleet/Hail/Freezing Rain,None,Wet,Not Applicable,Deer,1
 Damage Accident,0:05,02/10/2014,Monday,N,Dusk,QUEENS,SIDESWIPE,QUEENS,Straight and Level,Sleet/Hail/Freezing Rain,None,Snow/Ice,Not Applicable,"Other Motor Vehicle, Collision With",2
 Damage Accident,15:38,07/05/2014,Saturday,Y,Daylight,SMITHTOWN,RIGHT ANGLE,SUFFOLK,Straight and Level,Clear,None,Dry,Not Applicable,"Other Motor Vehicle, Collision With",2
 Damage Accident,17:45,11/13/2014,Thursday,Y,Dark-Road Lighted,NEW YORK,Unknown,NEW YORK,Straight and Grade,Cloudy,None,Wet,Not Applicable,"Other Motor Vehicle, Collision With",2
 Damage Accident,8:15,05/01/2014,Thursday,Y,Daylight,HEMPSTEAD,OVERTAKING,NASSAU,Straight and Level,Cloudy,None,Wet,Not Applicable,"Other Motor Vehicle, Collision With",2
 Accident,11:00,09/28/2014,Sunday,Y,Daylight,QUEENS,OTHER,QUEENS,Straight and Level,Clear,Traffic Signal,Dry,"Crossing, Against Signal","Pedestrian, Collision With",1
 Accident,12:07,07/02/2014,Wednesday,Y,Daylight,TROY,LEFT TURN (3),RENSSELAER,Straight and Level,Cloudy,Traffic Signal,Dry,Not Applicable,"Other Motor Vehicle, Collision With",2
 Accident,3:50,11/02/2014,Sunday,Y,Dark-Road Lighted,NEW YORK,REAR END,NEW YORK,Straight and Level,Cloudy,None,Wet,Not Applicable,"Other Motor Vehicle, Collision With",2
 Damage & Injury Accident,6:50,09/28/2014,Sunday,Y,Daylight,MILTON,OTHER,SARATOGA,Straight and Grade,Clear,None,Dry,Not Applicable,"Guide Rail - Not At End, Collision With Fixed Object",1
 Damage Accident,19:00,02/13/2014,Thursday,N,Dark-Road Lighted,SALINA,REAR END,ONONDAGA,Straight and Level,Snow,Traffic Signal,Snow/Ice,Not Applicable,"Other Motor Vehicle, Collision With",2
 Damage Accident,13:05,07/03/2014,Thursday,Y,Daylight,NORTH HEMPSTEAD,OVERTAKING,NASSAU,Straight and Level,Clear,None,Dry,Not Applicable,"Other Motor Vehicle, Collision With",2
 Accident,15:44,10/05/2014,Sunday,Y,Daylight,EASTCHESTER,OTHER,WESTCHESTER,Straight and Level,Clear,None,Dry,"Crossing, No Signal or Crosswalk","Pedestrian, Collision With",1
 Accident,4:45,10/04/2014,Saturday,Y,Dark-Road Lighted,KINGS,OTHER,KINGS,Straight and Level,Clear,Traffic Signal,Wet,"Crossing, With Signal","Pedestrian, Collision With",1
 Accident,17:11,05/01/2014,Thursday,Y,Daylight,SOUTHAMPTON,OTHER,SUFFOLK,Straight and Level,Cloudy,None,Dry,Not Applicable,Deer,1
 Accident,16:10,10/24/2014,Friday,Y,Dusk,KINGS,RIGHT ANGLE,KINGS,Straight and Level,Clear,Stop Sign,Dry,Not Applicable,"Other Motor Vehicle, Collision With",2
 Damage & Injury Accident,15:00,10/05/2014,Sunday,Y,Daylight,OYSTER BAY,RIGHT ANGLE,NASSAU,Straight and Level,Clear,None,Dry,Not Applicable,"Other Motor Vehicle, Collision With",2
 Damage Accident,15:45,12/18/2014,Thursday,Y,Dark-Road Unlighted,NUNDA,OTHER,LIVINGSTON,Straight at Hill Crest,Rain,None,Snow/Ice,Not Applicable,Deer,1
 Damage Accident,16:31,08/14/2014,Thursday,Y,Daylight,NEW YORK,REAR END,NEW YORK,Straight and Level,Clear,None,Dry,Not Applicable,"Other Motor Vehicle, Collision With",2
 Damage Accident,10:00,09/09/2014,Tuesday,N,Unknown,QUEENS,REAR END,QUEENS,Unknown,Unknown,Unknown,Unknown,Not Applicable,"Other Motor Vehicle, Collision With",2
 Damage Accident,10:35,02/17/2014,Monday,Y,Daylight,SOLVAY,REAR END,ONONDAGA,Straight and Level,Clear,Traffic Signal,Slush,Not Applicable,"Other Motor Vehicle, Collision With",2
 Damage Accident,14:20,11/24/2014,Monday,Y,Daylight,HEMPSTEAD,OVERTAKING,NASSAU,Curve and Level,Cloudy,None,Dry,Not Applicable,"Other Motor Vehicle, Collision With",2
 Damage Accident,3:15,08/18/2014,Monday,Y,Dark-Road Lighted,HAMBURG,OTHER,ERIE,Straight and Level,Clear,None,Dry,Not Applicable,Deer,1
 Damage Accident,7:57,07/31/2014,Thursday,Y,Daylight,WARWICK,RIGHT ANGLE,ORANGE,Straight and Level,Cloudy,None,Dry,Not Applicable,"Other Motor Vehicle, Collision With",2
 Accident,16:23,03/17/2014,Monday,Y,Daylight,NORTH TONAWANDA,RIGHT ANGLE,NIAGARA,Curve and Level,Clear,None,Dry,Not Applicable,"Snow Embankment, Collision With Fixed Object",2
 Damage Accident,0:00,03/29/2014,Saturday,N,Unknown,KINGS,Unknown,KINGS,Unknown,Unknown,Unknown,Unknown,Not Applicable,"Other Motor Vehicle, Collision With",2
 Accident,19:40,11/10/2014,Monday,Y,Dark-Road Lighted,MT. MORRIS,OTHER,LIVINGSTON,Straight and Grade,Cloudy,None,Dry,Not Applicable,Deer,1
 Damage Accident,0:00,09/27/2014,Saturday,N,Unknown,WATERFORD,OTHER,SARATOGA,Unknown,Unknown,Unknown,Unknown,Not Applicable,"Other Fixed Object*, Collision With Fixed Object",1
 Damage Accident,15:21,10/04/2014,Saturday,Y,Daylight,CHEEKTOWAGA,OTHER,ERIE,Straight and Level,Cloudy,Traffic Signal,Dry,Not Applicable,"Other Motor Vehicle, Collision With",3
 Damage & Injury Accident,19:29,05/06/2014,Tuesday,Y,Daylight,ISLIP,RIGHT ANGLE,SUFFOLK,Curve and Level,Clear,Stop Sign,Dry,Not Applicable,"Other Motor Vehicle, Collision With",2
 Damage & Injury Accident,13:15,04/02/2014,Wednesday,Y,Daylight,NORTH HEMPSTEAD,REAR END,NASSAU,Straight and Level,Cloudy,None,Dry,Not Applicable,"Other Motor Vehicle, Collision With",2