 Descriptor,Time,Date,Day of Week,Police Report,Lighting Conditions,Municipality,Collision Type Descriptor,County Name,Road Descriptor,Weather Conditions,Traffic Control Device,Road Surface Conditions,Pedestrian Bicyclist Action,Event Descriptor,Number of Vehicles Involved
 Accident,11:00,04/26/2014,Saturday,Y,Daylight,KINGS,RIGHT ANGLE,KINGS,Straight and Level,Clear,Traffic Signal,Dry,Not Applicable,"Other Motor Vehicle, Collision With",2
 Damage Accident,17:35,12/02/2014,Tuesday,Y,Dark-Road Lighted,OYSTER BAY,OVERTAKING,NASSAU,Straight and Level,Rain,None,Wet,Not Applicable,"Other Motor Vehicle, Collision With",2
 Damage & Injury Accident,17:13,11/14/2014,Friday,Y,Dark-Road Lighted,BROOKHAVEN,REAR END,SUFFOLK,Straight and Level,Cloudy,Stop Sign,Dry,Not Applicable,"Other Motor Vehicle, Collision With",2
 Damage & Injury Accident,6:49,06/09/2014,Monday,Y,Daylight,YORKTOWN,REAR END,WESTCHESTER,Straight and Level,Rain,None,Wet,Not Applicable,"Other Motor Vehicle, Collision With",2
 Accident,9:30,10/26/2014,Sunday,Y,Daylight,NORTHPORT,OTHER,SUFFOLK,Straight and Level,Clear,Traffic Signal,Dry,"Crossing, No Signal, Marked Crosswalk","Pedestrian, Collision With",1
 Damage & Injury Accident,8:00,07/14/2014,Monday,Y,Daylight,ISLIP,OTHER,SUFFOLK,Curve and Level,Clear,None,Dry,Not Applicable,"Light Support/Utility Pole, Collision With Fixed Object",1
 Damage Accident,18:45,02/14/2014,Friday,Y,Dark-Road Unlighted,PATTERSON,REAR END,PUTNAM,Straight and Level,Clear,Traffic Signal,Wet,Not Applicable,"Other Motor Vehicle, Collision With",2
 Accident,14:30,04/13/2014,Sunday,Y,Daylight,KINGS,REAR END,KINGS,Straight and Level,Clear,Stop Sign,Dry,Not Applicable,"Other Motor Vehicle, Collision With",2
 Damage Accident,22:46,09/16/2014,Tuesday,Y,Dark-Road Unlighted,CICERO,OTHER,ONONDAGA,Straight and Level,Cloudy,None,Dry,Not Applicable,"Sign Post, Collision With Fixed Object",1
 Accident,0:05,12/15/2014,Monday,Y,Dark-Road Lighted,HEMPSTEAD,RIGHT ANGLE,NASSAU,Straight and Level,Clear,None,Dry,Not Applicable,"Other Motor Vehicle, Collision With",2
 Damage & Injury Accident,10:53,08/31/2014,Sunday,Y,Daylight,BRONX,REAR END,BRONX,Straight and Level,Rain,None,Wet,Not Applicable,"Other Motor Vehicle, Collision With",2
 Damage & Injury Accident,20:55,02/04/2014,Tuesday,Y,Dark-Road Lighted,YONKERS,REAR END,WESTCHESTER,Straight and Level,Cloudy,None,Dry,Not Applicable,"Other Motor Vehicle, Collision With",2
 Damage & Injury Accident,17:56,07/25/2014,Friday,Y,Daylight,OYSTER BAY,OTHER,NASSAU,Straight and Level,Clear,None,Dry,Not Applicable,"Other Motor Vehicle, Collision With",4
 Accident,17:11,06/23/2014,Monday,Y,Daylight,MAMARONECK,REAR END,WESTCHESTER,Straight and Level,Clear,None,Dry,Not Applicable,"Other Motor Vehicle, Collision With",2
 Damage Accident,8:40,11/04/2014,Tuesday,Y,Daylight,YORKTOWN,OTHER,WESTCHESTER,Straight and Level,Clear,None,Dry,Not Applicable,Deer,1
 Accident,23:15,05/12/2014,Monday,Y,Dark-Road Lighted,QUEENS,OTHER,QUEENS,Straight and Level,Clear,None,Dry,Unknown,Other Pedestrian,1
 Damage & Injury Accident,15:17,02/06/2014,Thursday,Y,Daylight,BROOKHAVEN,OTHER,SUFFOLK,Straight and Level,Clear,Traffic Signal,Wet,Not Applicable,"Other Motor Vehicle, Collision With",3
 Damage & Injury Accident,11:55,06/23/2014,Monday,Y,Daylight,OYSTER BAY,REAR END,NASSAU,Straight and Level,Clear,None,Dry,Not Applicable,"Other Motor Vehicle, Collision With",2
 Damage Accident,7:58,03/15/2014,Saturday,Y,Daylight,ENDICOTT,OVERTAKING,BROOME,Straight and Level,Cloudy,None,Wet,Not Applicable,"Other Motor Vehicle, Collision With",2
 Damage Accident,15:06,08/05/2014,Tuesday,Y,Daylight,CAMBRIA,HEAD ON,NIAGARA,Straight and Level,Cloudy,Stop Sign,Dry,Not Applicable,"Other Motor Vehicle, Collision With",2
 Damage Accident,19:31,03/06/2014,Thursday,Y,Dark-Road Unlighted,WESTVILLE,OTHER,FRANKLIN,Straight and Level,Clear,None,Dry,Not Applicable,Deer,1
 Damage Accident,7:03,11/26/2014,Wednesday,Y,Daylight,BUFFALO,OTHER,ERIE,Straight and Level,Clear,None,Dry,Not Applicable,"Other Motor Vehicle, Collision With",3
 Damage & Injury Accident,10:33,05/29/2014,Thursday,Y,Daylight,AURORA,OTHER,ERIE,Straight and Grade,Cloudy,No Passing Zone,Dry,Not Applicable,"Other Motor Vehicle, Collision With",3
 Damage Accident,12:00,07/24/2014,Thursday,N,Daylight,VESTAL,OTHER,BROOME,Straight and Grade,Clear,None,Dry,Not Applicable,"Other*, Non-Collision",1
 Damage & Injury Accident,7:27,11/13/2014,Thursday,Y,Daylight,HEMPSTEAD,REAR END,NASSAU,Straight and Level,Clear,None,Dry,Not Applicable,"Other Motor Vehicle, Collision With",2
 Accident,10:50,12/27/2014,Saturday,N,Unknown,MOUNT VERNON,RIGHT ANGLE,WESTCHESTER,Unknown,Unknown,Unknown,Unknown,Not Applicable,"Other Motor Vehicle, Collision With",2
 Damage Accident,17:48,11/02/2014,Sunday,Y,Dark-Road Unlighted,HURLEY,OTHER,ULSTER,Straight and Grade,Cloudy,No Passing Zone,Dry,Not Applicable,"Tree, Collision With Fixed Object",1
 Damage Accident,17:00,06/03/2014,Tuesday,N,Daylight,OYSTER BAY,OTHER,NASSAU,Straight and Level,Clear,None,Dry,Not Applicable,"Fence, Collision With Fixed Object",1
 Accident,16:30,03/21/2014,Friday,Y,Daylight,QUEENS,RIGHT ANGLE,QUEENS,Straight and Level,Clear,Traffic Signal,Dry,Not Applicable,"Other Motor Vehicle, Collision With",2
 Damage Accident,0:00,05/10/2014,Saturday,N,Daylight,KINGS,Unknown,KINGS,Straight and Level,Clear,None,Dry,Not Applicable,"Other Motor Vehicle, Collision With",2
 Damage Accident,16:09,12/22/2014,Monday,Y,Daylight,GREECE,REAR END,MONROE,Straight and Level,Clear,None,Dry,Not Applicable,"Other Motor Vehicle, Collision With",2
 Damage Accident,6:55,01/02/2014,Thursday,Y,Dawn,BATAVIA,OTHER,GENESEE,Straight and Grade,Snow,Other,Snow/Ice,Not Applicable,"Curbing, Collision With Fixed Object",1
 Damage Accident,15:45,11/25/2014,Tuesday,Y,Daylight,FORT EDWARD,OVERTAKING,WASHINGTON,Straight and Level,Clear,None,Dry,Not Applicable,"Other Motor Vehicle, Collision With",2
 Damage & Injury Accident,8:30,11/03/2014,Monday,Y,Daylight,DEWITT,OTHER,ONONDAGA,Straight and Level,Cloudy,Traffic Signal,Dry,Not Applicable,"Other Motor Vehicle, Collision With",3
 Damage Accident,19:45,01/25/2014,Saturday,Y,Dark-Road Lighted,HUNTINGTON,RIGHT ANGLE,SUFFOLK,Curve and Level,Snow,None,Snow/Ice,Not Applicable,"Other Motor Vehicle, Collision With",2
 Accident,18:00,01/21/2014,Tuesday,Y,Dark-Road Lighted,KINGS,OTHER,KINGS,Straight and Level,Snow,None,Snow/Ice,"Crossing, With Signal","Pedestrian, Collision With",1
 Damage & Injury Accident,11:02,03/12/2014,Wednesday,Y,Daylight,PERINTON,HEAD ON,MONROE,Straight and Grade,Snow,None,Snow/Ice,Not Applicable,"Other Motor Vehicle, Collision With",2
 Accident,22:30,07/17/2014,Thursday,Y,Dark-Road Lighted,QUEENS,RIGHT ANGLE,QUEENS,Straight and Level,Clear,Stop Sign,Dry,Not Applicable,"Other Motor Vehicle, Collision With",2
 Damage Accident,12:55,03/25/2014,Tuesday,Y,Daylight,WATERTOWN,RIGHT ANGLE,JEFFERSON,Straight and Level,Clear,Stop Sign,Dry,Not Applicable,"Other Motor Vehicle, Collision With",2
 Damage Accident,12:02,10/04/2014,Saturday,Y,Daylight,PEMBROKE,OVERTAKING,GENESEE,Straight and Level,Cloudy,Stop Sign,Dry,Not Applicable,"Other Motor Vehicle, Collision With",2
 Damage Accident,8:30,12/13/2014,Saturday,Y,Daylight,QUEENS,OVERTAKING,QUEENS,Straight and Level,Clear,None,Dry,Not Applicable,"Other Motor Vehicle, Collision With",2
 Damage Accident,22:06,07/31/2014,Thursday,Y,Dark-Road Lighted,HUDSON,OTHER,COLUMBIA,Straight and Grade,Clear,None,Dry,Not Applicable,"Other Motor Vehicle, Collision With",4
 Accident,17:20,07/06/2014,Sunday,Y,Daylight,ISLIP,Unknown,SUFFOLK,Straight and Level,Clear,None,Dry,Not Applicable,"Other Motor Vehicle, Collision With",2
 Damage Accident,12:06,10/12/2014,Sunday,Y,Daylight,PLATTSBURG,LEFT TURN (3),CLINTON,Straight and Level,Clear,No Passing Zone,Dry,Not Applicable,"Other Motor Vehicle, Collision With",2
 Accident,11:40,09/18/2014,Thursday,Y,Daylight,,Unknown,UNKNOWN,Straight and Level,Cloudy,None,Dry,Not Applicable,"Other Motor Vehicle, Collision With",2
 Accident,7:37,08/01/2014,Friday,Y,Daylight,DEWITT,OTHER,ONONDAGA,Straight and Level,Clear,None,Dry,Not Applicable,"Other Motor Vehicle, Collision With",3
 Damage & Injury Accident,20:14,10/16/2014,Thursday,Y,Dark-Road Lighted,ROCHESTER,REAR END,MONROE,Straight and Level,Clear,None,Dry,Not Applicable,"Other Motor Vehicle, Collision With",2
 Damage Accident,0:00,07/15/2014,Tuesday,N,Unknown,GRANGER,OTHER,ALLEGANY,Unknown,Unknown,Unknown,Unknown,Not Applicable,Deer,1
 Accident,19:20,12/01/2014,Monday,Y,Dark-Road Lighted,NEW YORK,OTHER,NEW YORK,Straight and Level,Rain,Traffic Signal,Wet,"Crossing, With Signal","Pedestrian, Collision With",1
 Damage & Injury Accident,16:45,06/05/2014,Thursday,Y,Daylight,HEMPSTEAD,RIGHT ANGLE,NASSAU,Straight and Level,Clear,Traffic Signal,Dry,Not Applicable,"Other Motor Vehicle, Collision With",2
 Damage Accident,13:39,08/17/2014,Sunday,Y,Daylight,CHAMPION,OTHER,JEFFERSON,Curve and Level,Cloudy,None,Dry,Not Applicable,"Other Fixed Object*, Collision With Fixed Object",1
 Damage Accident,16:10,05/18/2014,Sunday,Y,Daylight,SAUGERTIES,OTHER,ULSTER,Straight and Level,Cloudy,None,Dry,Not Applicable,"Tree, Collision With Fixed Object",1
 Damage Accident,17:22,02/08/2014,Saturday,Y,Dusk,YONKERS,OTHER,WESTCHESTER,Straight and Level,Cloudy,None,Dry,Not Applicable,"Other Motor Vehicle, Collision With",3
 Damage Accident,7:05,01/17/2014,Friday,N,Daylight,MONTGOMERY,OTHER,ORANGE,Straight and Level,Clear,Unknown,Dry,Not Applicable,Deer,1
 Accident,20:40,02/20/2014,Thursday,Y,Dark-Road Lighted,NEW YORK,OTHER,NEW YORK,Straight and Level,Unknown,Traffic Signal,Wet,"Crossing, With Signal","Pedestrian, Collision With",1
 Accident,14:05,05/08/2014,Thursday,Y,Daylight,KINGS,SIDESWIPE,KINGS,Straight and Level,Rain,None,Wet,Not Applicable,"Other Motor Vehicle, Collision With",2
 Damage Accident,18:00,05/05/2014,Monday,Y,Daylight,PAVILION,REAR END,GENESEE,Straight and Level,Clear,None,Dry,Not Applicable,"Other Motor Vehicle, Collision With",2
 Damage Accident,21:40,02/10/2014,Monday,Y,Dark-Road Lighted,BRONX,RIGHT ANGLE,BRONX,Straight and Level,Clear,Stop Sign,Snow/Ice,Not Applicable,"Other Motor Vehicle, Collision With",2
 Accident,17:26,09/26/2014,Friday,Y,Daylight,MECHANICVILLE,OTHER,SARATOGA,Straight and Level,Clear,Traffic Signal,Dry,"Crossing, With Signal","Pedestrian, Collision With",1
 Damage Accident,7:55,02/27/2014,Thursday,Y,Daylight,HEMPSTEAD,REAR END,NASSAU,Straight and Level,Clear,Traffic Signal,Dry,Not Applicable,"Other Motor Vehicle, Collision With",2
 Damage Accident,8:31,10/31/2014,Friday,Y,Daylight,GRAND ISLAND,OTHER,ERIE,Straight and Grade,Rain,None,Wet,Not Applicable,Deer,1
 Damage Accident,4:16,03/30/2014,Sunday,Y,Dark-Road Lighted,LAKE PLACID,OTHER,ESSEX,Curve and Level,Snow,No Passing Zone,Snow/Ice,Not Applicable,"Tree, Collision With Fixed Object",1
 Damage Accident,9:00,06/11/2014,Wednesday,Y,Daylight,ROCHESTER,OTHER,MONROE,Curve and Grade,Rain,None,Wet,Not Applicable,"Guide Rail - Not At End, Collision With Fixed Object",1
 Damage Accident,18:51,02/13/2014,Thursday,Y,Dark-Road Unlighted,KIRKWOOD,RIGHT ANGLE,BROOME,Straight and Level,Snow,Stop Sign,Snow/Ice,Not Applicable,"Other Motor Vehicle, Collision With",2
 Damage Accident,18:34,10/25/2014,Saturday,Y,Dark-Road Lighted,CHILI,OTHER,MONROE,Straight and Level,Clear,None,Dry,Not Applicable,Deer,1
 Damage & Injury Accident,8:15,02/12/2014,Wednesday,Y,Daylight,QUEENS,RIGHT ANGLE,QUEENS,Straight and Level,Clear,Stop Sign,Dry,Not Applicable,"Other Motor Vehicle, Collision With",2
 Accident,16:24,05/01/2014,Thursday,Y,Daylight,KINGS,Unknown,KINGS,Straight and Level,Clear,None,Dry,Not Applicable,"Other Motor Vehicle, Collision With",2
 Damage Accident,20:57,10/06/2014,Monday,Y,Dark-Road Unlighted,PERINTON,OTHER,MONROE,Straight and Level,Rain,None,Wet,Not Applicable,"Light Support/Utility Pole, Collision With Fixed Object",1
 Accident,18:00,10/17/2014,Friday,Y,Daylight,BRONX,OVERTAKING,BRONX,Straight at Hill Crest,Clear,None,Dry,Not Applicable,"Other Motor Vehicle, Collision With",2
 Accident,17:23,03/27/2014,Thursday,Y,Daylight,QUEENS,REAR END,QUEENS,Straight and Level,Clear,None,Dry,Not Applicable,"Other Motor Vehicle, Collision With",2
 Damage & Injury Accident,16:56,03/01/2014,Saturday,Y,Daylight,SOUTHAMPTON,RIGHT ANGLE,SUFFOLK,Straight and Grade,Clear,Stop Sign,Dry,Not Applicable,"Other Motor Vehicle, Collision With",2
 Accident,15:00,07/01/2014,Tuesday,Y,Daylight,BUFFALO,REAR END,ERIE,Straight and Level,Clear,Traffic Signal,Dry,Not Applicable,"Other Motor Vehicle, Collision With",2
 Damage & Injury Accident,12:58,09/07/2014,Sunday,Y,Daylight,NEW ROCHELLE,OTHER,WESTCHESTER,Straight and Level,Cloudy,None,Dry,Not Applicable,"Median - Not At End, Collision With Fixed Object",2
 Damage Accident,10:41,07/22/2014,Tuesday,Y,Daylight,HERKIMER,OTHER,HERKIMER,Straight at Hill Crest,Clear,None,Dry,Not Applicable,"Building/Wall, Collision With Fixed Object",1
 Damage & Injury Accident,14:50,01/28/2014,Tuesday,Y,Daylight,AMITYVILLE,REAR END,SUFFOLK,Straight and Level,Clear,None,Dry,Not Applicable,"Other Motor Vehicle, Collision With",2
 Damage Accident,10:05,12/31/2014,Wednesday,Y,Daylight,ISLIP,Unknown,SUFFOLK,Straight and Level,Clear,Stop Sign,Dry,Not Applicable,"Other Motor Vehicle, Collision With",2
 Damage & Injury Accident,15:25,07/18/2014,Friday,Y,Daylight,OYSTER BAY,LEFT TURN (3),NASSAU,Straight and Level,Clear,None,Dry,Not Applicable,"Other Motor Vehicle, Collision With",2
 Damage Accident,12:35,02/01/2014,Saturday,Y,Daylight,PENFIELD,RIGHT ANGLE,MONROE,Straight and Level,Cloudy,Traffic Signal,Dry,Not Applicable,"Other Motor Vehicle, Collision With",2
 Accident,0:01,12/30/2014,Tuesday,N,Unknown,KINGS,OVERTAKING,KINGS,Unknown,Unknown,Unknown,Unknown,Not Applicable,"Other Motor Vehicle, Collision With",2
 Damage Accident,19:01,01/23/2014,Thursday,Y,Dark-Road Unlighted,JERUSALEM,OTHER,YATES,Straight and Level,Cloudy,None,Snow/Ice,Not Applicable,"Other Fixed Object*, Collision With Fixed Object",1
 Damage Accident,6:34,03/26/2014,Wednesday,Y,Dark-Road Lighted,PENFIELD,OTHER,MONROE,Straight and Level,Snow,None,Wet,Not Applicable,Deer,1
 Accident,12:15,07/17/2014,Thursday,Y,Daylight,RICHMOND,OTHER,RICHMOND,Straight and Level,Clear,Traffic Signal,Dry,"Crossing, Against Signal","Pedestrian, Collision With",1
 Damage Accident,14:29,12/24/2014,Wednesday,Y,Daylight,MAMARONECK,REAR END,WESTCHESTER,Straight and Level,Rain,None,Wet,Not Applicable,"Other Motor Vehicle, Collision With",2
 Damage Accident,17:47,11/12/2014,Wednesday,Y,Dark-Road Unlighted,CANANDAIGUA,OTHER,ONTARIO,Straight and Level,Cloudy,None,Dry,Not Applicable,Deer,1
 Damage & Injury Accident,13:23,11/16/2014,Sunday,Y,Daylight,COLONIE,OTHER,ALBANY,Straight and Level,Cloudy,None,Dry,Not Applicable,"Other Motor Vehicle, Collision With",3
 Damage Accident,10:39,07/28/2014,Monday,Y,Daylight,RICHMOND,RIGHT ANGLE,ONTARIO,Straight and Level,Rain,None,Wet,Not Applicable,"Other Motor Vehicle, Collision With",2
 Accident,18:25,09/19/2014,Friday,Y,Daylight,RICHMOND,OTHER,RICHMOND,Straight and Level,Clear,Traffic Signal,Dry,Not Applicable,"Other Motor Vehicle, Collision With",3
 Damage Accident,0:45,03/09/2014,Sunday,Y,Dark-Road Lighted,BUFFALO,OVERTAKING,ERIE,Straight and Level,Clear,Traffic Signal,Dry,Not Applicable,"Other Motor Vehicle, Collision With",2
 Accident,18:23,01/04/2014,Saturday,Y,Dark-Road Lighted,HEMPSTEAD,REAR END,NASSAU,Straight and Level,Cloudy,None,Snow/Ice,Not Applicable,"Other Motor Vehicle, Collision With",2
 Accident,9:30,03/28/2014,Friday,Y,Daylight,NEW YORK,OTHER,NEW YORK,Straight and Level,Clear,Unknown,Dry,Other Actions in Roadway,"Pedestrian, Collision With",1
 Damage Accident,17:30,12/19/2014,Friday,N,Dark-Road Lighted,SARATOGA SPRINGS,REAR END,SARATOGA,Straight and Level,Clear,Traffic Signal,Dry,Not Applicable,"Other Motor Vehicle, Collision With",2
 Damage Accident,12:38,02/24/2014,Monday,Y,Daylight,CAMERON,OTHER,STEUBEN,Straight and Level,Clear,None,Flooded Water,Not Applicable,"Earth Embankment/Rock Cut/Ditch, Collision With Fixed Object",1
 Damage Accident,8:15,10/27/2014,Monday,Y,Daylight,NEW CASTLE,HEAD ON,WESTCHESTER,Straight and Level,Clear,None,Dry,Not Applicable,"Other Motor Vehicle, Collision With",2
 Damage Accident,8:00,01/29/2014,Wednesday,N,Unknown,NORTH TONAWANDA,REAR END,NIAGARA,Unknown,Snow,Unknown,Snow/Ice,Not Applicable,"Other Motor Vehicle, Collision With",2
 Damage Accident,10:01,07/18/2014,Friday,Y,Daylight,WEST SPARTA,OTHER,LIVINGSTON,Straight and Grade,Clear,None,Dry,Not Applicable,Deer,1
 Damage & Injury Accident,21:05,08/20/2014,Wednesday,Y,Dark-Road Unlighted,MALTA,OTHER,SARATOGA,Straight and Level,Cloudy,None,Wet,Not Applicable,"Light Support/Utility Pole, Collision With Fixed Object",1
 Damage Accident,10:10,01/13/2014,Monday,Y,Daylight,OYSTER BAY,REAR END,NASSAU,Straight and Level,Clear,Traffic Signal,Dry,Not Applicable,"Other Motor Vehicle, Collision With",2
 Damage & Injury Accident,12:21,03/18/2014,Tuesday,Y,Daylight,LITTLE VALLEY,OTHER,CATTARAUGUS,Curve and Grade,Clear,None,Dry,Not Applicable,"Other Fixed Object*, Collision With Fixed Object",1
 Damage Accident,8:27,10/08/2014,Wednesday,Y,Daylight,ALBANY,REAR END,ALBANY,Straight and Level,Clear,None,Wet,Not Applicable,"Other Motor Vehicle, Collision With",2
 Damage Accident,17:30,03/26/2014,Wednesday,N,Daylight,POUGHKEEPSIE,REAR END,DUTCHESS,Straight and Level,Clear,Unknown,Dry,Not Applicable,"Other Motor Vehicle, Collision With",2
 Accident,16:35,07/08/2014,Tuesday,Y,Daylight,QUEENS,OVERTAKING,QUEENS,Straight and Level,Clear,None,Dry,Not Applicable,"Other Motor Vehicle, Collision With",2
 Damage Accident,7:24,08/02/2014,Saturday,Y,Daylight,SOUTH NYACK,REAR END,ROCKLAND,Straight and Level,Rain,None,Wet,Not Applicable,"Other Motor Vehicle, Collision With",2
 Accident,12:00,02/18/2014,Tuesday,Y,Daylight,NEW YORK,OTHER,NEW YORK,Straight and Level,Clear,Traffic Signal,Wet,"Crossing, With Signal","Pedestrian, Collision With",1
 Damage Accident,16:45,11/26/2014,Wednesday,Y,Dusk,DRYDEN,OTHER,TOMPKINS,Straight and Grade,Snow,None,Snow/Ice,Not Applicable,"Sign Post, Collision With Fixed Object",1
 Damage Accident,9:07,06/23/2014,Monday,Y,Daylight,ELMSFORD,OVERTAKING,WESTCHESTER,Straight and Level,Clear,None,Dry,Not Applicable,"Other Motor Vehicle, Collision With",2
 Damage Accident,16:25,08/02/2014,Saturday,Y,Daylight,SOUTHOLD,LEFT TURN (3),SUFFOLK,Straight and Level,Cloudy,None,Dry,Not Applicable,"Other Motor Vehicle, Collision With",2
 Damage Accident,0:00,02/27/2014,Thursday,N,Unknown,,Unknown,UNKNOWN,Unknown,Unknown,Unknown,Unknown,Not Applicable,"Other Motor Vehicle, Collision With",2
 Damage & Injury Accident,21:30,07/23/2014,Wednesday,Y,Dark-Road Lighted,WEBSTER,LEFT TURN (3),MONROE,Straight and Level,Clear,Traffic Signal,Dry,Not Applicable,"Other Motor Vehicle, Collision With",2
 Accident,19:25,06/22/2014,Sunday,Y,Daylight,QUEENS,OTHER,QUEENS,Straight at Hill Crest,Clear,Traffic Signal,Dry,"Crossing, With Signal","Pedestrian, Collision With",1
 Accident,14:30,06/02/2014,Monday,Y,Daylight,NEW YORK,OTHER,NEW YORK,Straight and Grade,Clear,None,Dry,Not Applicable,"Other Fixed Object*, Collision With Fixed Object",1
 Damage Accident,17:31,05/09/2014,Friday,Y,Daylight,ULSTER,OTHER,ULSTER,Straight and Grade,Rain,None,Wet,Not Applicable,"Other Motor Vehicle, Collision With",3
 Damage Accident,17:25,10/22/2014,Wednesday,Y,Daylight,AMHERST,RIGHT ANGLE,ERIE,Straight and Level,Clear,Traffic Signal,Dry,Not Applicable,"Other Motor Vehicle, Collision With",2
 Damage Accident,14:25,02/25/2014,Tuesday,Y,Daylight,SYRACUSE,OTHER,ONONDAGA,Straight and Grade,Cloudy,Traffic Signal,Dry,Not Applicable,"Other Motor Vehicle, Collision With",3
 Damage & Injury Accident,21:35,03/06/2014,Thursday,Y,Dark-Road Lighted,HUNTINGTON,OTHER,SUFFOLK,Curve and Grade,Cloudy,None,Dry,Not Applicable,"Other Fixed Object*, Collision With Fixed Object",1
 Damage Accident,18:55,12/15/2014,Monday,N,Dark-Road Unlighted,MANLIUS,OTHER,ONONDAGA,Straight and Level,Clear,None,Snow/Ice,Not Applicable,Deer,1
 Damage Accident,18:20,11/25/2014,Tuesday,N,Unknown,BROOKHAVEN,OVERTAKING,SUFFOLK,Unknown,Unknown,Unknown,Unknown,Not Applicable,"Other Motor Vehicle, Collision With",2
 Damage & Injury Accident,15:15,01/09/2014,Thursday,Y,Daylight,EDEN,RIGHT TURN (6),ERIE,Straight and Level,Cloudy,Stop Sign,Wet,Not Applicable,"Other Motor Vehicle, Collision With",2
 Damage Accident,12:11,01/25/2014,Saturday,Y,Daylight,HILLSDALE,OTHER,COLUMBIA,Curve and Grade,Snow,None,Snow/Ice,Not Applicable,"Guide Rail - End, Collision With Fixed Object",1
 Accident,11:50,12/16/2014,Tuesday,Y,Daylight,VALLEY STREAM,LEFT TURN (3),NASSAU,Straight and Level,Cloudy,None,Dry,Not Applicable,"Other Motor Vehicle, Collision With",2
 Accident,15:30,08/20/2014,Wednesday,N,Unknown,RICHMOND,REAR END,RICHMOND,Unknown,Unknown,Yield Sign,Unknown,Not Applicable,"Other Motor Vehicle, Collision With",2
 Damage Accident,7:15,06/16/2014,Monday,N,Unknown,KINGS,Unknown,KINGS,Straight and Level,Clear,None,Dry,Not Applicable,"Other Motor Vehicle, Collision With",2
 Damage Accident,6:25,04/08/2014,Tuesday,Y,Dawn,CRAWFORD,OTHER,ORANGE,Curve and Grade,Rain,None,Wet,Not Applicable,"Animal, Collision With",1
 Accident,10:05,11/21/2014,Friday,Y,Daylight,KINGS,SIDESWIPE,KINGS,Straight and Level,Clear,None,Dry,Not Applicable,"Other Motor Vehicle, Collision With",2
 Damage Accident,17:40,06/02/2014,Monday,N,Daylight,GLENVILLE,Unknown,SCHENECTADY,Straight and Level,Clear,None,Dry,Not Applicable,"Other Motor Vehicle, Collision With",2
 Accident,14:00,08/26/2014,Tuesday,Y,Daylight,BABYLON,Unknown,SUFFOLK,Straight and Level,Clear,None,Dry,Not Applicable,"Other Motor Vehicle, Collision With",2
 Damage Accident,11:45,10/05/2014,Sunday,Y,Daylight,QUEENS,REAR END,QUEENS,Straight and Level,Clear,None,Dry,Not Applicable,"Other Motor Vehicle, Collision With",2
 Damage Accident,19:52,01/18/2014,Saturday,Y,Dark-Road Unlighted,BANGOR,OTHER,FRANKLIN,Straight and Level,Snow,No Passing Zone,Snow/Ice,Not Applicable,Deer,1
 Damage Accident,6:00,07/26/2014,Saturday,Y,Dawn,SAUGERTIES,OTHER,ULSTER,Straight and Level,Clear,None,Dry,Not Applicable,"Other Fixed Object*, Collision With Fixed Object",1
 Damage & Injury Accident,7:05,05/12/2014,Monday,Y,Daylight,CLARKSTOWN,OTHER,ROCKLAND,Straight and Level,Clear,None,Dry,Not Applicable,"Curbing, Collision With Fixed Object",1
 Damage & Injury Accident,15:00,04/26/2014,Saturday,Y,Daylight,KINGS,RIGHT ANGLE,KINGS,Straight and Level,Clear,Stop Sign,Dry,Not Applicable,"Other Motor Vehicle, Collision With",2
 Accident,15:20,10/04/2014,Saturday,Y,Daylight,QUEENS,REAR END,QUEENS,Straight and Level,Rain,None,Wet,Not Applicable,"Other Motor Vehicle, Collision With",2
 Damage Accident,20:25,12/23/2014,Tuesday,Y,Dark-Road Lighted,HUNTINGTON,RIGHT ANGLE,SUFFOLK,Straight and Level,Rain,None,Wet,Not Applicable,"Other Motor Vehicle, Collision With",2
 Accident,7:50,05/10/2014,Saturday,Y,Daylight,KINGS,OTHER,KINGS,Straight and Level,Cloudy,Traffic Signal,Wet,"Crossing, With Signal","Pedestrian, Collision With",1
 Accident,16:23,09/13/2014,Saturday,Y,Dusk,HUNTINGTON,OTHER,SUFFOLK,Straight and Level,Rain,Stop Sign,Wet,Not Applicable,"Other Motor Vehicle, Collision With",3
 Damage Accident,4:15,02/23/2014,Sunday,Y,Dark-Road Lighted,MIDDLETOWN,SIDESWIPE,ORANGE,Straight and Level,Clear,None,Snow/Ice,Not Applicable,"Other Motor Vehicle, Collision With",2
 Damage Accident,22:01,10/15/2014,Wednesday,Y,Dark-Road Unlighted,BATAVIA,OTHER,GENESEE,Straight and Grade,Clear,None,Dry,Not Applicable,Deer,1
 Accident,17:45,05/03/2014,Saturday,Y,Daylight,GLEN COVE,Unknown,NASSAU,Straight and Level,Clear,None,Dry,Not Applicable,"Other Motor Vehicle, Collision With",2
 Damage Accident,8:15,10/01/2014,Wednesday,N,Daylight,BUFFALO,Unknown,ERIE,Straight and Level,Clear,None,Dry,Not Applicable,"Other Motor Vehicle, Collision With",2