 Descriptor,Time,Date,Day of Week,Police Report,Lighting Conditions,Municipality,Collision Type Descriptor,County Name,Road Descriptor,Weather Conditions,Traffic Control Device,Road Surface Conditions,Pedestrian Bicyclist Action,Event Descriptor,Number of Vehicles Involved
 Damage & Injury Accident,4:40,11/01/2014,Saturday,Y,Dark-Road Lighted,BROOKHAVEN,OTHER,SUFFOLK,Curve and Level,Clear,None,Dry,Not Applicable,"Other Object (Not Fixed)*, Collision With",1
 Accident,16:09,11/25/2014,Tuesday,Y,Daylight,FLORIDA,Unknown,MONTGOMERY,Straight and Level,Clear,None,Dry,Not Applicable,"Other Motor Vehicle, Collision With",2
 Accident,20:49,11/10/2014,Monday,Y,Dark-Road Lighted,ISLIP,REAR END,SUFFOLK,Straight and Level,Clear,Traffic Signal,Dry,Not Applicable,"Other Motor Vehicle, Collision With",2
 Damage & Injury Accident,21:15,02/19/2014,Wednesday,Y,Dark-Road Lighted,BROOKHAVEN,RIGHT ANGLE,SUFFOLK,Straight and Level,Cloudy,Traffic Signal,Wet,Not Applicable,"Other Motor Vehicle, Collision With",2
 Damage Accident,0:40,05/03/2014,Saturday,Y,Dark-Road Lighted,CLAY,OTHER,ONONDAGA,Curve and Grade,Cloudy,None,Dry,Not Applicable,"Earth Embankment/Rock Cut/Ditch, Collision With Fixed Object",1
 Damage Accident,22:00,08/28/2014,Thursday,Y,Dark-Road Lighted,BROOKHAVEN,OVERTAKING,SUFFOLK,Straight and Level,Clear,None,Dry,Not Applicable,"Other Motor Vehicle, Collision With",2
 Damage & Injury Accident,14:58,12/02/2014,Tuesday,Y,Daylight,GATES,OTHER,MONROE,Curve and Level,Clear,None,Dry,Not Applicable,"Tree, Collision With Fixed Object",1
 Damage & Injury Accident,14:28,07/07/2014,Monday,Y,Daylight,QUEENS,OTHER,QUEENS,Straight and Level,Clear,Stop Sign,Dry,Not Applicable,"Other Motor Vehicle, Collision With",3
 Accident,14:55,08/17/2014,Sunday,N,Unknown,KINGS,OTHER,KINGS,Straight and Level,Clear,Unknown,Dry,Not Applicable,"Other Motor Vehicle, Collision With",3
 Accident,14:40,05/28/2014,Wednesday,Y,Daylight,QUEENS,OTHER,QUEENS,Straight and Level,Cloudy,Stop Sign,Dry,Not Applicable,"Other Motor Vehicle, Collision With",3
 Damage Accident,13:43,09/29/2014,Monday,Y,Daylight,SALINA,OVERTAKING,ONONDAGA,Straight and Level,Cloudy,None,Dry,Not Applicable,"Other Motor Vehicle, Collision With",2
 Damage Accident,9:27,06/01/2014,Sunday,Y,Daylight,WALLKILL,OTHER,ORANGE,Curve and Level,Clear,None,Dry,Not Applicable,Deer,1
 Damage & Injury Accident,14:54,08/12/2014,Tuesday,Y,Daylight,FREEPORT,OVERTAKING,NASSAU,Straight and Level,Rain,Traffic Signal,Wet,Not Applicable,"Other Motor Vehicle, Collision With",2
 Damage Accident,14:28,01/08/2014,Wednesday,Y,Daylight,ORCHARD PARK,REAR END,ERIE,Straight and Grade,Clear,Traffic Signal,Snow/Ice,Not Applicable,"Other Motor Vehicle, Collision With",2
 Damage & Injury Accident,2:30,06/14/2014,Saturday,Y,Dark-Road Lighted,BRONX,RIGHT ANGLE,BRONX,Straight and Grade,Rain,Traffic Signal,Wet,Not Applicable,"Other Motor Vehicle, Collision With",2
 Accident,22:30,03/09/2014,Sunday,Y,Dark-Road Lighted,BRONX,OTHER,BRONX,Straight and Level,Clear,None,Dry,Not Applicable,"Other Motor Vehicle, Collision With",8
 Damage Accident,15:10,04/23/2014,Wednesday,Y,Daylight,HEMPSTEAD,RIGHT ANGLE,NASSAU,Straight and Level,Clear,None,Dry,Not Applicable,"Other Motor Vehicle, Collision With",2
 Accident,15:10,12/10/2014,Wednesday,Y,Daylight,RICHMOND,OTHER,RICHMOND,Straight and Level,Snow,None,Wet,Unknown,Unknown,2
 Accident,14:24,02/19/2014,Wednesday,Y,Daylight,NEW YORK,OTHER,NEW YORK,Straight and Level,Cloudy,Traffic Signal,Wet,"Crossing, With Signal","Pedestrian, Collision With",1
 Accident,13:00,07/17/2014,Thursday,Y,Daylight,QUEENS,REAR END,QUEENS,Straight and Level,Clear,None,Dry,Not Applicable,"Other Motor Vehicle, Collision With",2
 Damage & Injury Accident,13:38,10/30/2014,Thursday,Y,Daylight,HUME,OTHER,ALLEGANY,Curve and Level,Cloudy,None,Dry,Not Applicable,"Tree, Collision With Fixed Object",1
 Damage Accident,13:02,12/31/2014,Wednesday,Y,Daylight,BRIGHTON,RIGHT ANGLE,MONROE,Straight and Level,Clear,None,Dry,Not Applicable,"Other Motor Vehicle, Collision With",2
 Damage Accident,10:57,11/24/2014,Monday,Y,Daylight,MONTICELLO,REAR END,SULLIVAN,Straight and Level,Rain,None,Wet,Not Applicable,"Other Motor Vehicle, Collision With",2
 Damage Accident,19:25,04/13/2014,Sunday,Y,Dusk,GLENS FALLS,OTHER,WARREN,Straight and Level,Clear,None,Dry,Not Applicable,"Other Motor Vehicle, Collision With",2
 Damage Accident,19:29,03/27/2014,Thursday,Y,Dark-Road Unlighted,VICTORY,OTHER,CAYUGA,Straight and Grade,Clear,Other,Dry,Not Applicable,Deer,1
 Damage Accident,15:50,12/20/2014,Saturday,Y,Daylight,ROME,OTHER,ONEIDA,Straight and Level,Clear,None,Dry,Not Applicable,"Other Motor Vehicle, Collision With",2
 Accident,12:30,10/26/2014,Sunday,Y,Daylight,BRONX,OTHER,BRONX,Straight and Level,Clear,None,Dry,Other Actions in Roadway,"Bicyclist, Collision With",1
 Damage Accident,10:10,05/25/2014,Sunday,Y,Daylight,NORTH HEMPSTEAD,SIDESWIPE,NASSAU,Straight and Level,Clear,Traffic Signal,Dry,Not Applicable,"Other Motor Vehicle, Collision With",2
 Damage Accident,1:23,06/26/2014,Thursday,N,Unknown,NEW YORK,OTHER,NEW YORK,Unknown,Unknown,Unknown,Unknown,Not Applicable,"Other Motor Vehicle, Collision With",4
 Damage & Injury Accident,13:45,10/17/2014,Friday,Y,Daylight,FRIENDSHIP,OTHER,ALLEGANY,Straight at Hill Crest,Cloudy,None,Dry,Not Applicable,"Earth Embankment/Rock Cut/Ditch, Collision With Fixed Object",1
 Accident,22:35,02/19/2014,Wednesday,Y,Dark-Road Lighted,NEW YORK,OTHER,NEW YORK,Straight and Level,Clear,None,Wet,Not Applicable,"Other Object (Not Fixed)*, Collision With",1
 Accident,8:23,07/02/2014,Wednesday,Y,Daylight,KINGS,RIGHT ANGLE,KINGS,Straight and Level,Clear,Traffic Signal,Dry,Not Applicable,"Other Motor Vehicle, Collision With",2
 Damage & Injury Accident,11:10,09/06/2014,Saturday,Y,Daylight,HANOVER,OTHER,CHAUTAUQUA,Straight and Level,Rain,None,Wet,Not Applicable,"Other Object (Not Fixed)*, Collision With",1
 Accident,19:15,05/12/2014,Monday,Y,Dusk,KINGS,OTHER,KINGS,Curve and Level,Cloudy,Stop Sign,Dry,Not Applicable,"Other Motor Vehicle, Collision With",3
 Damage & Injury Accident,22:34,10/15/2014,Wednesday,Y,Dark-Road Unlighted,CLIFTON PARK,OVERTAKING,SARATOGA,Straight and Level,Rain,None,Wet,Not Applicable,"Other Motor Vehicle, Collision With",2
 Damage Accident,17:18,12/19/2014,Friday,Y,Dark-Road Lighted,FLOYD,OTHER,ONEIDA,Straight and Level,Cloudy,No Passing Zone,Dry,Not Applicable,"Other Motor Vehicle, Collision With",3
 Damage Accident,23:30,06/11/2014,Wednesday,Y,Dark-Road Lighted,ROTTERDAM,OTHER,SCHENECTADY,Straight and Level,Clear,None,Dry,Not Applicable,"Other Motor Vehicle, Collision With",3
 Damage & Injury Accident,18:03,12/23/2014,Tuesday,Y,Dark-Road Lighted,WHITE PLAINS,REAR END,WESTCHESTER,Straight and Grade,Rain,None,Wet,Not Applicable,"Other Motor Vehicle, Collision With",2
 Damage & Injury Accident,7:20,04/02/2014,Wednesday,Y,Daylight,LAKE SUCCESS,OTHER,NASSAU,Straight and Level,Cloudy,None,Dry,Not Applicable,"Other Motor Vehicle, Collision With",3
 Damage Accident,13:18,03/23/2014,Sunday,Y,Daylight,CORINTH,RIGHT ANGLE,SARATOGA,Straight and Grade,Clear,None,Dry,Not Applicable,"Other Motor Vehicle, Collision With",2
 Damage Accident,7:21,08/19/2014,Tuesday,Y,Daylight,NORTH HILLS,OVERTAKING,NASSAU,Straight and Level,Clear,Traffic Signal,Dry,Not Applicable,"Other Motor Vehicle, Collision With",2
 Damage Accident,17:30,11/21/2014,Friday,Y,Dark-Road Unlighted,NEW LISBON,OTHER,OTSEGO,Straight and Level,Clear,None,Dry,Not Applicable,Deer,1
 Damage Accident,5:40,02/26/2014,Wednesday,Y,Dark-Road Lighted,SENECA FALLS,RIGHT ANGLE,SENECA,Straight and Level,Sleet/Hail/Freezing Rain,Traffic Signal,Wet,Not Applicable,"Other Motor Vehicle, Collision With",2
 Damage Accident,12:15,01/07/2014,Tuesday,Y,Daylight,BABYLON,REAR END,SUFFOLK,Straight and Level,Clear,Traffic Signal,Dry,Not Applicable,"Other Motor Vehicle, Collision With",2
 Damage Accident,13:23,08/24/2014,Sunday,Y,Daylight,ROCHESTER,SIDESWIPE,MONROE,Straight and Level,Clear,None,Dry,Not Applicable,"Other Motor Vehicle, Collision With",2
 Accident,8:25,03/04/2014,Tuesday,N,Unknown,QUEENS,REAR END,QUEENS,Unknown,Unknown,Unknown,Unknown,Not Applicable,"Other Motor Vehicle, Collision With",2
 Accident,9:42,01/10/2014,Friday,Y,Daylight,HUNTINGTON,Unknown,SUFFOLK,Curve and Level,Rain,None,Snow/Ice,Not Applicable,"Other Motor Vehicle, Collision With",2
 Damage Accident,20:13,03/05/2014,Wednesday,Y,Dark-Road Lighted,PLATTSBURG,REAR END,CLINTON,Straight and Level,Clear,Stop Sign,Dry,Not Applicable,"Other Motor Vehicle, Collision With",2
 Accident,8:30,11/19/2014,Wednesday,N,Daylight,BRONX,REAR END,BRONX,Straight and Level,Clear,Traffic Signal,Dry,Not Applicable,"Other Motor Vehicle, Collision With",2
 Damage & Injury Accident,13:00,04/21/2014,Monday,Y,Daylight,NEW HYDE PARK,REAR END,NASSAU,Straight and Grade,Clear,Traffic Signal,Dry,Not Applicable,"Other Motor Vehicle, Collision With",2
 Accident,18:30,11/05/2014,Wednesday,Y,Dark-Road Lighted,QUEENS,OTHER,QUEENS,Straight and Level,Clear,Traffic Signal,Dry,"Crossing, Against Signal","Pedestrian, Collision With",1
 Damage Accident,8:50,12/02/2014,Tuesday,Y,Daylight,QUEENS,Unknown,QUEENS,Straight and Level,Cloudy,None,Dry,Not Applicable,"Other Motor Vehicle, Collision With",2
 Damage Accident,9:09,06/05/2014,Thursday,Y,Daylight,HEMPSTEAD,REAR END,NASSAU,Straight and Level,Rain,None,Wet,Not Applicable,"Other Motor Vehicle, Collision With",2
 Damage Accident,11:50,02/17/2014,Monday,Y,Daylight,PHARSALIA,OTHER,CHENANGO,Curve and Grade,Cloudy,None,Snow/Ice,Not Applicable,"Tree, Collision With Fixed Object",1
 Damage & Injury Accident,7:30,10/24/2014,Friday,Y,Daylight,OYSTER BAY,LEFT TURN (3),NASSAU,Curve and Level,Cloudy,Stop Sign,Wet,Not Applicable,"Other Motor Vehicle, Collision With",2
 Damage Accident,10:48,05/22/2014,Thursday,Y,Daylight,EPHRATAH,OTHER,FULTON,Straight and Grade,Cloudy,None,Wet,Not Applicable,"Other Motor Vehicle, Collision With",2
 Damage & Injury Accident,20:50,08/21/2014,Thursday,Y,Dark-Road Lighted,NEW YORK,Unknown,NEW YORK,Straight and Level,Clear,Traffic Signal,Dry,Not Applicable,"Other Motor Vehicle, Collision With",2
 Damage Accident,13:30,10/15/2014,Wednesday,Y,Daylight,COLCHESTER,SIDESWIPE,DELAWARE,Straight and Level,Rain,No Passing Zone,Wet,Not Applicable,"Other Motor Vehicle, Collision With",2
 Damage Accident,22:00,07/18/2014,Friday,Y,Dark-Road Lighted,HEMPSTEAD,Unknown,NASSAU,Straight and Level,Clear,None,Dry,Not Applicable,"Other Motor Vehicle, Collision With",2
 Accident,13:58,12/18/2014,Thursday,Y,Daylight,KINGS,OTHER,KINGS,Straight and Level,Clear,None,Dry,"Crossing, With Signal","Pedestrian, Collision With",1
 Damage Accident,20:30,03/21/2014,Friday,N,Unknown,CARMEL,OTHER,PUTNAM,Unknown,Unknown,Unknown,Unknown,Not Applicable,Deer,1
 Damage Accident,0:00,02/20/2014,Thursday,N,Unknown,CANISTEO,OTHER,STEUBEN,Unknown,Unknown,Unknown,Unknown,Not Applicable,"Bridge Structure, Collision With Fixed Object",1
 Accident,16:59,09/17/2014,Wednesday,Y,Daylight,BROCKPORT,OTHER,MONROE,Straight and Grade,Clear,None,Dry,"Crossing, No Signal, Marked Crosswalk","Bicyclist, Collision With",1
 Damage & Injury Accident,16:07,05/01/2014,Thursday,Y,Daylight,NISKAYUNA,REAR END,SCHENECTADY,Straight and Grade,Cloudy,None,Dry,Not Applicable,"Other Motor Vehicle, Collision With",2
 Damage & Injury Accident,22:22,11/10/2014,Monday,Y,Dark-Road Lighted,HEMPSTEAD,OTHER,NASSAU,Straight and Level,Clear,None,Dry,Not Applicable,"Other Motor Vehicle, Collision With",3
 Damage Accident,13:39,08/14/2014,Thursday,Y,Daylight,ONONDAGA,RIGHT TURN (5),ONONDAGA,Straight and Level,Cloudy,Traffic Signal,Dry,Not Applicable,"Other Motor Vehicle, Collision With",2
 Damage & Injury Accident,22:10,11/19/2014,Wednesday,Y,Dark-Road Lighted,ISLIP,OTHER,SUFFOLK,Straight and Level,Clear,None,Dry,Not Applicable,"Fence, Collision With Fixed Object",1
 Damage & Injury Accident,16:08,08/21/2014,Thursday,Y,Daylight,ILION,OVERTAKING,HERKIMER,Straight and Level,Cloudy,None,Dry,Not Applicable,"Other Motor Vehicle, Collision With",2
 Damage Accident,13:16,03/21/2014,Friday,Y,Daylight,VESTAL,OTHER,BROOME,Curve and Grade,Clear,None,Dry,Not Applicable,"Earth Embankment/Rock Cut/Ditch, Collision With Fixed Object",1
 Accident,0:15,08/22/2014,Friday,Y,Dark-Road Lighted,QUEENS,REAR END,QUEENS,Straight and Level,Rain,None,Wet,Not Applicable,"Other Motor Vehicle, Collision With",2
 Damage Accident,5:39,10/27/2014,Monday,Y,Dark-Road Unlighted,NAPLES,OTHER,ONTARIO,Straight and Grade,Clear,None,Dry,Not Applicable,Deer,1
 Damage & Injury Accident,17:09,06/23/2014,Monday,Y,Daylight,CHESTER,LEFT TURN (3),ORANGE,Straight and Grade,Cloudy,None,Dry,Not Applicable,"Other Motor Vehicle, Collision With",2
 Damage Accident,8:30,12/13/2014,Saturday,Y,Daylight,CHATHAM,OTHER,COLUMBIA,Curve and Grade,Clear,None,Snow/Ice,Not Applicable,"Fence, Collision With Fixed Object",1
 Damage Accident,10:38,10/15/2014,Wednesday,Y,Daylight,VESTAL,REAR END,BROOME,Straight and Level,Cloudy,None,Dry,Not Applicable,"Other Motor Vehicle, Collision With",2
 Damage Accident,14:15,03/04/2014,Tuesday,Y,Daylight,PAWLING,RIGHT ANGLE,DUTCHESS,Straight and Grade,Clear,None,Dry,Not Applicable,"Other Motor Vehicle, Collision With",2
 Damage Accident,15:00,01/01/2014,Wednesday,N,Daylight,UTICA,SIDESWIPE,ONEIDA,Curve and Grade,Snow,None,Snow/Ice,Not Applicable,"Other Motor Vehicle, Collision With",2
 Accident,12:23,08/08/2014,Friday,Y,Daylight,QUEENS,RIGHT ANGLE,QUEENS,Straight and Level,Clear,Stop Sign,Dry,Not Applicable,"Other Motor Vehicle, Collision With",2
 Damage Accident,15:48,03/14/2014,Friday,Y,Daylight,UTICA,REAR END,ONEIDA,Straight and Level,Cloudy,None,Wet,Not Applicable,"Other Motor Vehicle, Collision With",2
 Damage Accident,18:37,11/06/2014,Thursday,Y,Dark-Road Lighted,COLONIE,RIGHT ANGLE,ALBANY,Straight and Level,Rain,None,Wet,Not Applicable,"Other Motor Vehicle, Collision With",2
 Damage Accident,23:35,01/18/2014,Saturday,Y,Dark-Road Unlighted,MONROE,OTHER,ORANGE,Straight and Level,Cloudy,None,Dry,Not Applicable,"Guide Rail - Not At End, Collision With Fixed Object",1
 Damage Accident,18:00,10/05/2014,Sunday,Y,Dusk,BLOOMING GROVE,OVERTAKING,ORANGE,Curve and Grade,Cloudy,None,Dry,Not Applicable,"Other Motor Vehicle, Collision With",2
 Damage Accident,9:10,10/01/2014,Wednesday,Y,Daylight,OYSTER BAY,RIGHT ANGLE,NASSAU,Straight and Level,Cloudy,Stop Sign,Dry,Not Applicable,"Other Motor Vehicle, Collision With",2
 Damage & Injury Accident,7:54,09/27/2014,Saturday,Y,Daylight,FORT ANN,OTHER,WASHINGTON,Curve and Grade,Clear,No Passing Zone,Dry,Not Applicable,"Guide Rail - End, Collision With Fixed Object",1
 Damage Accident,13:00,10/02/2014,Thursday,N,Unknown,BROOKHAVEN,Unknown,SUFFOLK,Unknown,Unknown,Unknown,Unknown,Not Applicable,"Other Motor Vehicle, Collision With",2
 Damage Accident,22:17,03/25/2014,Tuesday,Y,Dark-Road Lighted,NEW HARTFORD,REAR END,ONEIDA,Straight and Level,Clear,Traffic Signal,Dry,Not Applicable,"Other Motor Vehicle, Collision With",2
 Damage & Injury Accident,0:35,03/05/2014,Wednesday,Y,Dark-Road Unlighted,WILTON,OTHER,SARATOGA,Straight and Level,Snow,None,Snow/Ice,Not Applicable,"Snow Embankment, Collision With Fixed Object",1
 Accident,15:54,04/12/2014,Saturday,Y,Daylight,BRONX,OTHER,BRONX,Straight and Level,Clear,Traffic Signal,Dry,"Crossing, With Signal","Bicyclist, Collision With",1
 Damage & Injury Accident,12:03,09/03/2014,Wednesday,Y,Daylight,ISLIP,REAR END,SUFFOLK,Straight and Level,Clear,Unknown,Dry,Not Applicable,"Other Motor Vehicle, Collision With",2
 Accident,14:00,06/28/2014,Saturday,Y,Daylight,HEMPSTEAD,RIGHT ANGLE,NASSAU,Straight and Level,Clear,Stop Sign,Dry,Not Applicable,"Other Motor Vehicle, Collision With",2
 Damage Accident,13:25,04/17/2014,Thursday,Y,Daylight,GREENPORT,OVERTAKING,SUFFOLK,Straight and Level,Clear,None,Dry,Not Applicable,"Other Motor Vehicle, Collision With",2
 Damage & Injury Accident,19:00,09/16/2014,Tuesday,Y,Dark-Road Lighted,OYSTER BAY,RIGHT ANGLE,NASSAU,Straight and Level,Cloudy,Traffic Signal,Dry,Not Applicable,"Other Motor Vehicle, Collision With",2
 Damage Accident,21:19,02/07/2014,Friday,Y,Dark-Road Lighted,COLONIE,RIGHT TURN (6),ALBANY,Straight and Level,Clear,None,Dry,Not Applicable,"Other Motor Vehicle, Collision With",2
 Damage Accident,1:00,05/12/2014,Monday,Y,Dark-Road Lighted,SMITHTOWN,OTHER,SUFFOLK,Straight at Hill Crest,Clear,None,Dry,Not Applicable,"Curbing, Collision With Fixed Object",1
 Accident,16:50,05/20/2014,Tuesday,Y,Daylight,BRONX,LEFT TURN (0),BRONX,Straight and Level,Clear,Traffic Signal,Dry,Not Applicable,"Other Motor Vehicle, Collision With",2
 Damage Accident,15:00,07/22/2014,Tuesday,Y,Daylight,WARSAW,REAR END,WYOMING,Straight and Level,Clear,None,Dry,Not Applicable,"Other Motor Vehicle, Collision With",2
 Damage Accident,0:00,12/15/2014,Monday,N,Daylight,KINGS,Unknown,KINGS,Straight and Level,Clear,None,Dry,Not Applicable,"Other Motor Vehicle, Collision With",2
 Damage Accident,12:17,04/18/2014,Friday,Y,Daylight,NORTH HEMPSTEAD,OVERTAKING,NASSAU,Straight and Level,Cloudy,None,Dry,Not Applicable,"Other Motor Vehicle, Collision With",2
 Damage Accident,10:40,01/29/2014,Wednesday,Y,Daylight,POUND RIDGE,REAR END,WESTCHESTER,Straight and Grade,Clear,None,Wet,Not Applicable,"Other Motor Vehicle, Collision With",2
 Damage Accident,10:34,12/05/2014,Friday,Y,Daylight,HENRIETTA,RIGHT ANGLE,MONROE,Straight and Level,Cloudy,None,Dry,Not Applicable,"Other Motor Vehicle, Collision With",2
 Damage & Injury Accident,0:00,10/04/2014,Saturday,N,Dawn,GREECE,OTHER,MONROE,Straight and Level,Cloudy,Unknown,Dry,Not Applicable,"Tree, Collision With Fixed Object",1
 Damage Accident,22:11,09/09/2014,Tuesday,Y,Dark-Road Lighted,NEW WINDSOR,RIGHT ANGLE,ORANGE,Straight and Level,Clear,Stop Sign,Dry,Not Applicable,"Other Motor Vehicle, Collision With",2
 Damage Accident,6:30,10/06/2014,Monday,N,Unknown,CHAUTAUQUA,OTHER,CHAUTAUQUA,Unknown,Unknown,Unknown,Unknown,Not Applicable,Deer,1
 Damage Accident,13:35,10/08/2014,Wednesday,Y,Daylight,GREENVILLE,LEFT TURN (0),GREENE,Straight and Level,Clear,Stop Sign,Dry,Not Applicable,"Other Motor Vehicle, Collision With",2
 Damage & Injury Accident,20:00,12/25/2014,Thursday,Y,Dark-Road Unlighted,WEBSTER,OVERTAKING,MONROE,Straight and Level,Clear,None,Dry,Not Applicable,"Other Motor Vehicle, Collision With",2
 Damage & Injury Accident,9:41,05/15/2014,Thursday,Y,Daylight,OYSTER BAY,LEFT TURN (3),NASSAU,Straight and Level,Cloudy,Traffic Signal,Dry,Not Applicable,"Other Motor Vehicle, Collision With",2
 Damage Accident,15:38,05/05/2014,Monday,Y,Daylight,TROY,RIGHT ANGLE,RENSSELAER,Straight and Level,Clear,None,Dry,Not Applicable,"Other Motor Vehicle, Collision With",2
 Damage Accident,11:00,02/27/2014,Thursday,N,Unknown,TONAWANDA,OTHER,ERIE,Unknown,Unknown,Unknown,Unknown,Not Applicable,"Guide Rail - Not At End, Collision With Fixed Object",1
 Damage Accident,12:17,03/05/2014,Wednesday,Y,Daylight,TROY,Unknown,RENSSELAER,Straight and Level,Clear,Unknown,Dry,Not Applicable,"Other Motor Vehicle, Collision With",2
 Damage & Injury Accident,9:45,04/10/2014,Thursday,Y,Daylight,QUEENS,RIGHT ANGLE,QUEENS,Straight and Level,Clear,Stop Sign,Dry,Not Applicable,"Other Motor Vehicle, Collision With",2
 Damage Accident,12:24,06/12/2014,Thursday,Y,Daylight,SPRING VALLEY,OVERTAKING,ROCKLAND,Straight and Level,Cloudy,None,Wet,Not Applicable,"Other Motor Vehicle, Collision With",2
 Damage Accident,0:00,03/15/2014,Saturday,N,Daylight,WHITE PLAINS,OTHER,WESTCHESTER,Straight and Level,Clear,Stop Sign,Dry,Not Applicable,"Fence, Collision With Fixed Object",1
 Damage Accident,11:20,06/07/2014,Saturday,Y,Daylight,LOCKPORT,REAR END,NIAGARA,Straight and Level,Clear,Police/Fire Emergency,Dry,Not Applicable,"Other Motor Vehicle, Collision With",2
 Damage Accident,15:20,05/11/2014,Sunday,N,Unknown,CLARENCE,REAR END,ERIE,Unknown,Unknown,Unknown,Unknown,Not Applicable,"Other Motor Vehicle, Collision With",2
 Damage Accident,14:57,11/14/2014,Friday,Y,Daylight,NEW WINDSOR,OTHER,ORANGE,Straight and Level,Clear,Traffic Signal,Dry,Not Applicable,"Other Motor Vehicle, Collision With",2
 Damage Accident,13:32,06/07/2014,Saturday,Y,Daylight,ALBANY,OTHER,ALBANY,Straight and Level,Clear,None,Dry,Not Applicable,"Earth Embankment/Rock Cut/Ditch, Collision With Fixed Object",1
 Accident,16:00,05/24/2014,Saturday,N,Unknown,SARATOGA SPRINGS,Unknown,SARATOGA,Straight and Level,Clear,Traffic Signal,Dry,Not Applicable,"Other Motor Vehicle, Collision With",2
 Damage Accident,14:30,08/25/2014,Monday,Y,Daylight,ISLIP,REAR END,SUFFOLK,Straight and Level,Clear,Traffic Signal,Dry,Not Applicable,"Other Motor Vehicle, Collision With",2
 Accident,19:05,01/19/2014,Sunday,Y,Dark-Road Lighted,QUEENS,RIGHT ANGLE,QUEENS,Straight and Level,Clear,Traffic Signal,Dry,Not Applicable,"Other Motor Vehicle, Collision With",2
 Damage & Injury Accident,11:38,08/03/2014,Sunday,Y,Daylight,ROTTERDAM,REAR END,SCHENECTADY,Straight and Level,Clear,None,Dry,Not Applicable,"Other Motor Vehicle, Collision With",2
 Damage & Injury Accident,22:23,02/18/2014,Tuesday,Y,Dark-Road Unlighted,ISLIP,OTHER,SUFFOLK,Straight and Level,Clear,None,Wet,Not Applicable,"Tree, Collision With Fixed Object",1
 Damage & Injury Accident,14:45,03/22/2014,Saturday,N,Unknown,NORTH HEMPSTEAD,OTHER,NASSAU,Unknown,Unknown,Unknown,Unknown,Not Applicable,"Other Fixed Object*, Collision With Fixed Object",1
 Damage Accident,18:38,01/02/2014,Thursday,Y,Dark-Road Unlighted,CARMEL,OTHER,PUTNAM,Curve and Grade,Snow,No Passing Zone,Snow/Ice,Not Applicable,"Other Fixed Object*, Collision With Fixed Object",1
 Damage Accident,13:37,05/09/2014,Friday,Y,Daylight,WATERTOWN,REAR END,JEFFERSON,Straight and Grade,Clear,None,Dry,Not Applicable,"Other Motor Vehicle, Collision With",2
 Damage Accident,0:00,11/14/2014,Friday,N,Unknown,SAUGERTIES,OTHER,ULSTER,Unknown,Unknown,Unknown,Unknown,Not Applicable,Deer,1
 Accident,9:50,02/25/2014,Tuesday,Y,Daylight,NEW YORK,OVERTAKING,NEW YORK,Straight and Level,Clear,Traffic Signal,Dry,Not Applicable,"Other Motor Vehicle, Collision With",2
 Accident,8:12,01/15/2014,Wednesday,Y,Daylight,BUFFALO,Unknown,ERIE,Straight and Level,Cloudy,None,Snow/Ice,Not Applicable,"Other Motor Vehicle, Collision With",2
 Damage Accident,14:00,02/06/2014,Thursday,Y,Daylight,OYSTER BAY,RIGHT ANGLE,NASSAU,Straight and Level,Cloudy,None,Wet,Not Applicable,"Other Motor Vehicle, Collision With",2
 Damage Accident,0:00,02/05/2014,Wednesday,N,Dark-Road Unlighted,BLOOMING GROVE,SIDESWIPE,ORANGE,Straight and Level,Clear,None,Dry,Not Applicable,"Other Motor Vehicle, Collision With",2
 Damage Accident,14:14,06/20/2014,Friday,Y,Daylight,ARCADIA,LEFT TURN (3),WAYNE,Straight and Level,Clear,None,Dry,Not Applicable,"Other Motor Vehicle, Collision With",2
 Damage Accident,8:28,09/10/2014,Wednesday,Y,Daylight,WILSON,OTHER,NIAGARA,Curve and Level,Clear,None,Dry,Not Applicable,"Earth Embankment/Rock Cut/Ditch, Collision With Fixed Object",1
 Damage Accident,17:36,10/17/2014,Friday,Y,Dusk,ROCHESTER,OTHER,ULSTER,Curve and Grade,Clear,No Passing Zone,Dry,Not Applicable,"Animal, Collision With",1
 Damage & Injury Accident,13:40,04/01/2014,Tuesday,Y,Daylight,CLARKSTOWN,OTHER,ROCKLAND,Straight and Level,Cloudy,None,Dry,Not Applicable,"Guide Rail - Not At End, Collision With Fixed Object",2
 Damage Accident,19:00,05/23/2014,Friday,Y,Daylight,BABYLON,REAR END,SUFFOLK,Straight and Level,Rain,Traffic Signal,Wet,Not Applicable,"Other Motor Vehicle, Collision With",2
 Damage & Injury Accident,21:30,01/27/2014,Monday,Y,Dark-Road Lighted,QUEENS,RIGHT ANGLE,QUEENS,Straight and Level,Clear,Traffic Signal,Dry,Not Applicable,"Other Motor Vehicle, Collision With",2
 Damage & Injury Accident,20:33,09/08/2014,Monday,Y,Dark-Road Lighted,HEMPSTEAD,OTHER,NASSAU,Straight and Level,Clear,Traffic Signal,Dry,Not Applicable,"Other Motor Vehicle, Collision With",3
 Damage Accident,20:21,08/30/2014,Saturday,Y,Dark-Road Unlighted,SIDNEY,OTHER,DELAWARE,Straight and Level,Cloudy,None,Dry,Not Applicable,Deer,1