 Descriptor,Time,Date,Day of Week,Police Report,Lighting Conditions,Municipality,Collision Type Descriptor,County Name,Road Descriptor,Weather Conditions,Traffic Control Device,Road Surface Conditions,Pedestrian Bicyclist Action,Event Descriptor,Number of Vehicles Involved
 Damage Accident,12:45,05/15/2014,Thursday,Y,Daylight,KINDERHOOK,OTHER,COLUMBIA,Straight and Level,Cloudy,None,Wet,Not Applicable,"Building/Wall, Collision With Fixed Object",1
 Damage Accident,16:45,03/12/2014,Wednesday,Y,Daylight,OYSTER BAY,REAR END,NASSAU,Straight and Level,Rain,None,Wet,Not Applicable,"Other Motor Vehicle, Collision With",2
 Damage & Injury Accident,15:30,10/08/2014,Wednesday,Y,Daylight,HEMPSTEAD,OTHER,NASSAU,Straight and Level,Clear,None,Dry,Not Applicable,"Other Motor Vehicle, Collision With",3
 Damage Accident,13:35,01/21/2014,Tuesday,Y,Daylight,HEMPSTEAD,LEFT TURN (3),NASSAU,Straight and Level,Snow,Traffic Signal,Snow/Ice,Not Applicable,"Other Motor Vehicle, Collision With",2
 Accident,9:10,08/04/2014,Monday,Y,Daylight,AUBURN,OTHER,CAYUGA,Straight and Level,Clear,Stop Sign,Dry,"Crossing, No Signal, Marked Crosswalk","Bicyclist, Collision With",1
 Damage & Injury Accident,7:00,10/16/2014,Thursday,Y,Dawn,SCOTIA,REAR END,SCHENECTADY,Straight and Level,Rain,Traffic Signal,Wet,Not Applicable,"Other Motor Vehicle, Collision With",2
 Damage Accident,15:20,02/14/2014,Friday,Y,Daylight,SMITHTOWN,REAR END,SUFFOLK,Straight and Level,Clear,None,Snow/Ice,Not Applicable,"Other Motor Vehicle, Collision With",2
 Damage Accident,7:59,01/11/2014,Saturday,Y,Daylight,POUND RIDGE,OTHER,WESTCHESTER,Curve and Level,Rain,No Passing Zone,Snow/Ice,Not Applicable,"Earth Embankment/Rock Cut/Ditch, Collision With Fixed Object",1
 Damage Accident,18:30,02/24/2014,Monday,Y,Dark-Road Unlighted,NEW CASTLE,OTHER,WESTCHESTER,Curve and Level,Cloudy,Other,Wet,Not Applicable,"Other Motor Vehicle, Collision With",3
 Damage Accident,15:47,02/04/2014,Tuesday,Y,Daylight,CENTRAL SQUARE,REAR END,OSWEGO,Straight and Level,Cloudy,None,Muddy,Not Applicable,"Other Motor Vehicle, Collision With",2
 Damage Accident,21:04,12/16/2014,Tuesday,Y,Dark-Road Unlighted,RODMAN,OTHER,JEFFERSON,Straight and Grade,Rain,None,Wet,Not Applicable,Deer,1
 Damage Accident,7:20,06/23/2014,Monday,N,Unknown,ROCHESTER,Unknown,MONROE,Unknown,Unknown,Unknown,Unknown,Not Applicable,"Other Motor Vehicle, Collision With",2
 Damage Accident,6:30,04/07/2014,Monday,N,Dark-Road Unlighted,ATTICA,OTHER,WYOMING,Curve and Grade,Cloudy,None,Dry,Not Applicable,Deer,1
 Damage Accident,10:15,09/04/2014,Thursday,Y,Daylight,,REAR END,GENESEE,Straight and Level,Clear,None,Dry,Not Applicable,"Other Motor Vehicle, Collision With",2
 Damage Accident,22:25,07/05/2014,Saturday,Y,Dark-Road Lighted,MAMARONECK,RIGHT ANGLE,WESTCHESTER,Straight and Grade,Clear,Stop Sign,Dry,Not Applicable,"Other Motor Vehicle, Collision With",2
 Damage Accident,8:40,03/12/2014,Wednesday,N,Daylight,MOUNT VERNON,Unknown,WESTCHESTER,Straight and Level,Cloudy,Unknown,Wet,Not Applicable,"Other Motor Vehicle, Collision With",2
 Damage & Injury Accident,20:01,11/13/2014,Thursday,Y,Dark-Road Lighted,BABYLON,LEFT TURN (3),SUFFOLK,Straight and Level,Rain,Traffic Signal,Wet,Not Applicable,"Other Motor Vehicle, Collision With",2
 Damage Accident,16:45,06/26/2014,Thursday,Y,Daylight,WILTON,SIDESWIPE,SARATOGA,Straight and Level,Clear,Stop Sign,Dry,Not Applicable,"Other Motor Vehicle, Collision With",2
 Damage & Injury Accident,10:33,12/12/2014,Friday,Y,Daylight,BRONX,REAR END,BRONX,Straight and Level,Clear,None,Dry,Not Applicable,"Other Motor Vehicle, Collision With",2
 Accident,18:34,11/06/2014,Thursday,Y,Dark-Road Lighted,HEMPSTEAD,REAR END,NASSAU,Straight and Level,Cloudy,Traffic Signal,Wet,Not Applicable,"Other Motor Vehicle, Collision With",2
 Damage & Injury Accident,12:09,11/26/2014,Wednesday,Y,Daylight,BRIDGEWATER,OTHER,ONEIDA,Curve and Grade,Snow,No Passing Zone,Snow/Ice,Not Applicable,"Earth Embankment/Rock Cut/Ditch, Collision With Fixed Object",1
 Damage Accident,14:15,12/13/2014,Saturday,N,Unknown,QUEENS,Unknown,QUEENS,Unknown,Unknown,Unknown,Unknown,Not Applicable,"Other Motor Vehicle, Collision With",2
 Damage Accident,7:57,10/03/2014,Friday,Y,Daylight,HENRIETTA,REAR END,MONROE,Straight and Level,Clear,None,Dry,Not Applicable,"Other Motor Vehicle, Collision With",2
 Accident,18:30,02/25/2014,Tuesday,Y,Dark-Road Lighted,BRONX,RIGHT ANGLE,BRONX,Straight and Level,Clear,Other,Dry,Not Applicable,"Other Motor Vehicle, Collision With",2
 Damage Accident,6:48,10/08/2014,Wednesday,Y,Dawn,SCHENECTADY,RIGHT ANGLE,SCHENECTADY,Straight and Level,Cloudy,Traffic Signal,Wet,Not Applicable,"Other Motor Vehicle, Collision With",2
 Accident,15:40,04/15/2014,Tuesday,Y,Daylight,KINGS,RIGHT ANGLE,KINGS,Straight and Level,Rain,None,Wet,Not Applicable,"Other Motor Vehicle, Collision With",2
 Accident,16:36,06/23/2014,Monday,Y,Daylight,SYRACUSE,RIGHT ANGLE,ONONDAGA,Straight and Grade,Clear,Stop Sign,Dry,Not Applicable,"Other Motor Vehicle, Collision With",2
 Damage Accident,14:29,05/28/2014,Wednesday,Y,Daylight,SCOTIA,RIGHT ANGLE,SCHENECTADY,Straight and Grade,Cloudy,Stop Sign,Dry,Not Applicable,"Other Motor Vehicle, Collision With",2
 Damage & Injury Accident,3:10,02/10/2014,Monday,Y,Dark-Road Lighted,NEW YORK,OTHER,NEW YORK,Straight and Grade,Clear,Traffic Signal,Wet,Not Applicable,"Median - End, Collision With Fixed Object",1
 Damage & Injury Accident,12:55,09/12/2014,Friday,Y,Daylight,NORTH TONAWANDA,OTHER,NIAGARA,Straight and Level,Cloudy,None,Dry,Not Applicable,"Earth Embankment/Rock Cut/Ditch, Collision With Fixed Object",1
 Damage Accident,22:50,05/14/2014,Wednesday,Y,Dark-Road Lighted,ISLIP,OTHER,SUFFOLK,Straight and Level,Cloudy,None,Dry,Not Applicable,"Light Support/Utility Pole, Collision With Fixed Object",1
 Damage Accident,18:56,01/10/2014,Friday,Y,Dark-Road Lighted,NORTH TONAWANDA,OVERTAKING,NIAGARA,Straight and Level,Cloudy,None,Wet,Not Applicable,"Other Motor Vehicle, Collision With",2
 Damage Accident,16:18,10/16/2014,Thursday,Y,Daylight,GLENVILLE,REAR END,SCHENECTADY,Straight and Level,Cloudy,None,Dry,Not Applicable,"Other Motor Vehicle, Collision With",2
 Accident,10:18,02/26/2014,Wednesday,Y,Daylight,WEST SENECA,REAR END,ERIE,Straight and Level,Cloudy,None,Wet,Not Applicable,"Other Motor Vehicle, Collision With",2
 Damage Accident,11:38,10/14/2014,Tuesday,Y,Daylight,WATERTOWN,OTHER,JEFFERSON,Straight and Level,Clear,None,Dry,Not Applicable,"Sign Post, Collision With Fixed Object",1
 Damage Accident,6:42,11/08/2014,Saturday,Y,Daylight,PARISHVILLE,OTHER,ST. LAWRENCE,Straight and Grade,Cloudy,No Passing Zone,Dry,Not Applicable,Deer,1
 Damage Accident,12:57,11/05/2014,Wednesday,Y,Daylight,NIAGARA FALLS,OTHER,NIAGARA,Straight and Level,Clear,None,Dry,Not Applicable,"Fire Hydrant, Collision With Fixed Object",1
 Damage Accident,0:00,01/14/2014,Tuesday,N,Daylight,GREENBURGH,Unknown,WESTCHESTER,Straight and Grade,Rain,None,Wet,Not Applicable,"Other Motor Vehicle, Collision With",2
 Damage Accident,19:10,06/22/2014,Sunday,Y,Daylight,HEMPSTEAD,SIDESWIPE,NASSAU,Straight and Level,Clear,None,Dry,Not Applicable,"Other Motor Vehicle, Collision With",2
 Accident,6:31,01/29/2014,Wednesday,Y,Dark-Road Unlighted,LE RAY,OTHER,JEFFERSON,Straight and Grade,Snow,No Passing Zone,Snow/Ice,Not Applicable,"Sign Post, Collision With Fixed Object",1
 Damage Accident,4:25,01/06/2014,Monday,Y,Dark-Road Unlighted,LISBON,OTHER,ST. LAWRENCE,Straight and Level,Rain,None,Slush,Not Applicable,Deer,1
 Accident,4:45,09/28/2014,Sunday,Y,Dark-Road Lighted,KINGS,REAR END,KINGS,Straight and Level,Clear,None,Dry,Not Applicable,"Other Motor Vehicle, Collision With",2
 Damage Accident,17:30,09/12/2014,Friday,N,Unknown,COLONIE,REAR END,ALBANY,Unknown,Unknown,Unknown,Unknown,Not Applicable,"Other Motor Vehicle, Collision With",2
 Accident,10:50,05/14/2014,Wednesday,Y,Daylight,RICHMOND,OTHER,RICHMOND,Straight and Level,Clear,Stop Sign,Dry,"Crossing, No Signal or Crosswalk","Pedestrian, Collision With",1
 Damage & Injury Accident,0:10,09/07/2014,Sunday,Y,Dark-Road Lighted,SMITHTOWN,LEFT TURN (3),SUFFOLK,Straight and Grade,Rain,Traffic Signal,Wet,Not Applicable,"Other Motor Vehicle, Collision With",2
 Damage Accident,14:40,01/06/2014,Monday,Y,Daylight,BRONX,OTHER,BRONX,Straight and Level,Cloudy,Traffic Signal,Wet,Not Applicable,"Other Motor Vehicle, Collision With",3
 Damage & Injury Accident,21:00,12/18/2014,Thursday,Y,Dark-Road Lighted,ROCHESTER,RIGHT TURN (6),MONROE,Straight and Level,Rain,RR Crossing Sign,Wet,Not Applicable,"Other Motor Vehicle, Collision With",2
 Damage Accident,15:27,08/22/2014,Friday,Y,Daylight,BROOKHAVEN,OVERTAKING,SUFFOLK,Straight and Level,Cloudy,None,Dry,Not Applicable,"Other Motor Vehicle, Collision With",2
 Damage Accident,18:25,10/21/2014,Tuesday,Y,Dark-Road Unlighted,HEMPSTEAD,REAR END,NASSAU,Straight and Grade,Cloudy,None,Wet,Not Applicable,"Other Motor Vehicle, Collision With",2
 Damage Accident,8:15,06/19/2014,Thursday,Y,Daylight,OYSTER BAY,REAR END,NASSAU,Straight and Level,Cloudy,None,Dry,Not Applicable,"Other Motor Vehicle, Collision With",2
 Accident,21:45,09/29/2014,Monday,Y,Dark-Road Lighted,KINGS,OVERTAKING,KINGS,Straight and Level,Clear,Traffic Signal,Dry,Not Applicable,"Other Motor Vehicle, Collision With",2
 Damage Accident,7:20,09/08/2014,Monday,N,Unknown,CHEEKTOWAGA,REAR END,ERIE,Unknown,Unknown,Unknown,Unknown,Not Applicable,"Other Motor Vehicle, Collision With",2
 Damage Accident,7:30,05/12/2014,Monday,Y,Daylight,ALLEGANY,OTHER,CATTARAUGUS,Straight at Hill Crest,Clear,None,Dry,Not Applicable,Deer,1
 Damage & Injury Accident,18:15,10/07/2014,Tuesday,Y,Daylight,QUEENS,OTHER,QUEENS,Straight and Level,Clear,None,Dry,Emerging from in Front of/Behind Parked Vehicle,"Pedestrian, Collision With",1
 Damage & Injury Accident,15:05,03/15/2014,Saturday,Y,Daylight,HEMPSTEAD,REAR END,NASSAU,Curve and Level,Clear,None,Dry,Not Applicable,"Other Motor Vehicle, Collision With",2
 Damage & Injury Accident,16:30,10/18/2014,Saturday,Y,Daylight,CLARENDON,OTHER,ORLEANS,Straight and Level,Rain,None,Wet,Not Applicable,"Other Motor Vehicle, Collision With",3
 Damage Accident,14:16,07/31/2014,Thursday,Y,Daylight,SOUTHOLD,OTHER,SUFFOLK,Straight and Level,Clear,None,Dry,Not Applicable,Deer,1
 Damage Accident,9:08,07/14/2014,Monday,Y,Daylight,WHITE PLAINS,LEFT TURN (3),WESTCHESTER,Straight and Level,Cloudy,Traffic Signal,Dry,Not Applicable,"Other Motor Vehicle, Collision With",2
 Damage Accident,15:18,04/11/2014,Friday,Y,Daylight,CORTLAND,REAR END,CORTLAND,Straight and Level,Cloudy,None,Dry,Not Applicable,"Other Motor Vehicle, Collision With",2
 Damage Accident,19:54,09/21/2014,Sunday,Y,Dark-Road Unlighted,JOHNSTOWN,RIGHT ANGLE,FULTON,Straight and Level,Cloudy,None,Dry,Not Applicable,"Other Motor Vehicle, Collision With",2
 Damage Accident,19:24,12/03/2014,Wednesday,Y,Dark-Road Unlighted,LE RAY,OTHER,JEFFERSON,Curve and Level,Cloudy,No Passing Zone,Snow/Ice,Not Applicable,"Other Fixed Object*, Collision With Fixed Object",1
 Damage & Injury Accident,16:10,01/25/2014,Saturday,Y,Daylight,AMSTERDAM,OTHER,MONTGOMERY,Straight and Level,Snow,None,Snow/Ice,Not Applicable,"Earth Embankment/Rock Cut/Ditch, Collision With Fixed Object",1
 Damage Accident,17:21,12/30/2014,Tuesday,Y,Dark-Road Unlighted,TURIN,OTHER,LEWIS,Straight and Level,Clear,None,Dry,Not Applicable,Deer,1
 Accident,8:05,12/17/2014,Wednesday,Y,Daylight,ROCHESTER,REAR END,MONROE,Straight and Level,Cloudy,Stopped School Bus-Red Lights Flashing,Wet,Not Applicable,"Other Motor Vehicle, Collision With",2
 Damage Accident,19:03,12/07/2014,Sunday,Y,Dark-Road Unlighted,CHARLESTON,OTHER,MONTGOMERY,Straight and Level,Clear,None,Dry,Not Applicable,"Animal, Collision With",1
 Damage & Injury Accident,22:36,08/20/2014,Wednesday,Y,Dark-Road Lighted,QUEENS,REAR END,QUEENS,Straight and Level,Clear,None,Dry,Not Applicable,"Other Motor Vehicle, Collision With",2
 Damage Accident,18:08,11/06/2014,Thursday,Y,Dark-Road Lighted,COLONIE,RIGHT ANGLE,ALBANY,Straight and Level,Rain,None,Wet,Not Applicable,"Other Motor Vehicle, Collision With",2
 Damage Accident,7:45,06/09/2014,Monday,Y,Daylight,OYSTER BAY,REAR END,NASSAU,Straight and Level,Rain,None,Wet,Not Applicable,"Other Motor Vehicle, Collision With",2
 Damage & Injury Accident,9:08,07/06/2014,Sunday,Y,Daylight,TIOGA,OTHER,TIOGA,Straight and Level,Clear,None,Dry,Not Applicable,"Light Support/Utility Pole, Collision With Fixed Object",1
 Damage Accident,6:45,12/22/2014,Monday,Y,Dawn,RUTLAND,OTHER,JEFFERSON,Curve and Grade,Cloudy,None,Dry,Not Applicable,Deer,1
 Damage Accident,0:00,01/25/2014,Saturday,N,Unknown,OSSINING,Unknown,WESTCHESTER,Unknown,Unknown,Unknown,Unknown,Not Applicable,"Other Motor Vehicle, Collision With",2
 Accident,5:00,07/12/2014,Saturday,Y,Dark-Road Lighted,BRONX,REAR END,BRONX,Straight and Level,Clear,Traffic Signal,Dry,Not Applicable,"Other Motor Vehicle, Collision With",2
 Damage Accident,11:21,09/28/2014,Sunday,Y,Daylight,WASHINGTONVILLE,REAR END,ORANGE,Straight and Level,Clear,No Passing Zone,Dry,Not Applicable,"Other Motor Vehicle, Collision With",2
 Damage Accident,5:59,12/09/2014,Tuesday,Y,Dark-Road Lighted,MONROE,OVERTAKING,ORANGE,Straight and Grade,Sleet/Hail/Freezing Rain,None,Snow/Ice,Not Applicable,"Other Motor Vehicle, Collision With",2
 Damage Accident,0:00,11/25/2014,Tuesday,Y,Unknown,BUFFALO,OTHER,ERIE,Straight and Level,Unknown,None,Unknown,Not Applicable,"Fence, Collision With Fixed Object",1
 Damage & Injury Accident,8:17,07/28/2014,Monday,Y,Daylight,GREAT NECK PLAZA,REAR END,NASSAU,Straight and Level,Cloudy,None,Dry,Not Applicable,"Other Motor Vehicle, Collision With",2
 Damage & Injury Accident,13:00,05/10/2014,Saturday,Y,Daylight,SHERBURNE,REAR END,CHENANGO,Straight and Level,Clear,No Passing Zone,Dry,Not Applicable,"Other Motor Vehicle, Collision With",2
 Damage Accident,5:59,05/23/2014,Friday,Y,Daylight,LA GRANGE,OTHER,DUTCHESS,Curve and Level,Cloudy,None,Wet,Not Applicable,"Earth Embankment/Rock Cut/Ditch, Collision With Fixed Object",1
 Damage Accident,12:54,04/12/2014,Saturday,Y,Daylight,NISKAYUNA,RIGHT ANGLE,SCHENECTADY,Straight and Grade,Clear,None,Dry,Not Applicable,"Other Motor Vehicle, Collision With",2
 Damage Accident,1:30,12/31/2014,Wednesday,Y,Dark-Road Unlighted,MAINE,OTHER,BROOME,Straight and Grade,Cloudy,None,Dry,Not Applicable,Deer,1
 Damage Accident,7:24,04/08/2014,Tuesday,Y,Dawn,WAMPSVILLE,REAR END,MADISON,Straight and Level,Clear,Traffic Signal,Dry,Not Applicable,"Other Motor Vehicle, Collision With",2
 Accident,11:25,09/20/2014,Saturday,Y,Daylight,ALBANY,OTHER,ALBANY,Curve and Grade,Cloudy,None,Dry,Not Applicable,"Guide Rail - Not At End, Collision With Fixed Object",1
 Damage Accident,19:30,04/27/2014,Sunday,Y,Daylight,BOSTON,OTHER,ERIE,Straight and Grade,Clear,None,Dry,Not Applicable,"Earth Embankment/Rock Cut/Ditch, Collision With Fixed Object",1
 Accident,23:15,05/29/2014,Thursday,N,Unknown,KINGS,OTHER,KINGS,Unknown,Unknown,Unknown,Unknown,Unknown,"Pedestrian, Collision With",1
 Damage Accident,0:00,11/02/2014,Sunday,N,Unknown,NEW YORK,Unknown,NEW YORK,Unknown,Unknown,Unknown,Unknown,Not Applicable,"Other Motor Vehicle, Collision With",2
 Damage Accident,12:30,08/01/2014,Friday,N,Unknown,KENMORE,OTHER,ERIE,Unknown,Unknown,Unknown,Unknown,Not Applicable,"Other Motor Vehicle, Collision With",4
 Accident,15:30,11/23/2014,Sunday,N,Unknown,BABYLON,REAR END,SUFFOLK,Unknown,Unknown,Unknown,Unknown,Not Applicable,"Other Motor Vehicle, Collision With",2
 Damage Accident,15:38,09/26/2014,Friday,N,Unknown,PELHAM MANOR,REAR END,WESTCHESTER,Unknown,Unknown,Unknown,Unknown,Not Applicable,"Other Motor Vehicle, Collision With",2
 Damage Accident,15:31,12/27/2014,Saturday,Y,Dusk,QUEENSBURY,REAR END,WARREN,Straight and Grade,Cloudy,None,Dry,Not Applicable,"Other Motor Vehicle, Collision With",2
 Damage Accident,5:24,01/23/2014,Thursday,Y,Dark-Road Unlighted,CUYLER,OTHER,CORTLAND,Straight and Level,Cloudy,None,Dry,Not Applicable,Deer,1
 Damage Accident,13:24,02/08/2014,Saturday,Y,Daylight,ULSTER,REAR END,ULSTER,Straight and Level,Clear,Traffic Signal,Dry,Not Applicable,"Other Motor Vehicle, Collision With",2
 Accident,9:15,10/14/2014,Tuesday,Y,Daylight,NORTH SYRACUSE,REAR END,ONONDAGA,Straight and Level,Clear,Traffic Signal,Dry,Not Applicable,"Other Motor Vehicle, Collision With",2
 Damage Accident,8:07,08/26/2014,Tuesday,Y,Daylight,NUNDA,OTHER,LIVINGSTON,Straight and Level,Clear,None,Dry,Not Applicable,Deer,1
 Accident,18:05,08/29/2014,Friday,Y,Daylight,NEW YORK,OTHER,NEW YORK,Straight and Level,Clear,Stop Sign,Dry,Riding/Walking/Skating Along Highway With Traffic,Other Pedestrian,1
 Damage Accident,21:00,02/11/2014,Tuesday,N,Dark-Road Lighted,NEW YORK,OTHER,NEW YORK,Straight and Grade,Clear,None,Dry,Not Applicable,"Fence, Collision With Fixed Object",1
 Accident,7:35,04/22/2014,Tuesday,Y,Daylight,LINDENHURST,RIGHT ANGLE,SUFFOLK,Straight and Level,Clear,Stop Sign,Dry,Not Applicable,"Other Motor Vehicle, Collision With",2
 Damage Accident,17:00,07/27/2014,Sunday,N,Unknown,CLIFTON PARK,OTHER,SARATOGA,Unknown,Unknown,Unknown,Unknown,Not Applicable,"Earth Embankment/Rock Cut/Ditch, Collision With Fixed Object",1
 Damage Accident,0:00,08/04/2014,Monday,N,Daylight,HAMBURG,REAR END,ERIE,Straight and Level,Clear,Other,Dry,Not Applicable,"Other Motor Vehicle, Collision With",2
 Damage & Injury Accident,7:31,05/27/2014,Tuesday,Y,Daylight,ALDEN,OTHER,ERIE,Straight and Level,Cloudy,None,Dry,Not Applicable,"Fire Hydrant, Collision With Fixed Object",1
 Damage & Injury Accident,17:53,02/06/2014,Thursday,Y,Dark-Road Lighted,HEMPSTEAD,OTHER,NASSAU,Straight and Level,Clear,None,Dry,Not Applicable,"Other Motor Vehicle, Collision With",3
 Damage & Injury Accident,16:15,05/02/2014,Friday,Y,Daylight,SMITHTOWN,RIGHT ANGLE,SUFFOLK,Straight and Level,Clear,Stop Sign,Dry,Not Applicable,"Other Motor Vehicle, Collision With",2
 Damage & Injury Accident,12:36,02/17/2014,Monday,Y,Daylight,ANGELICA,SIDESWIPE,ALLEGANY,Straight and Level,Clear,None,Wet,Not Applicable,"Other Motor Vehicle, Collision With",2
 Damage Accident,18:43,05/02/2014,Friday,Y,Daylight,HEMPSTEAD,REAR END,NASSAU,Straight and Level,Clear,None,Dry,Not Applicable,"Other Motor Vehicle, Collision With",2
 Accident,11:25,06/02/2014,Monday,Y,Daylight,TONAWANDA,OTHER,ERIE,Straight and Level,Clear,None,Dry,Not Applicable,"Other Motor Vehicle, Collision With",4
 Damage Accident,23:30,03/06/2014,Thursday,Y,Dark-Road Unlighted,TONAWANDA,OTHER,ERIE,Straight and Level,Cloudy,None,Dry,Not Applicable,Deer,1
 Damage & Injury Accident,17:26,03/19/2014,Wednesday,Y,Dark-Road Lighted,LLOYD,REAR END,ULSTER,Straight and Level,Rain,None,Wet,Not Applicable,"Guide Rail - Not At End, Collision With Fixed Object",2
 Damage & Injury Accident,21:30,10/24/2014,Friday,Y,Dark-Road Unlighted,WHITESTOWN,REAR END,ONEIDA,Straight and Grade,Cloudy,None,Dry,Not Applicable,"Other Motor Vehicle, Collision With",2
 Accident,15:50,11/10/2014,Monday,Y,Daylight,BRONX,OTHER,BRONX,Straight and Level,Clear,Traffic Signal,Dry,"Crossing, Against Signal","Pedestrian, Collision With",1
 Damage Accident,7:54,10/10/2014,Friday,Y,Daylight,NEWBURGH,REAR END,ORANGE,Straight and Level,Clear,Traffic Signal,Dry,Not Applicable,"Other Motor Vehicle, Collision With",2
 Damage Accident,12:14,01/10/2014,Friday,Y,Daylight,ALBANY,HEAD ON,ALBANY,Straight and Grade,Cloudy,None,Wet,Not Applicable,"Other Motor Vehicle, Collision With",2
 Damage & Injury Accident,7:15,10/10/2014,Friday,Y,Daylight,NEWBURGH,LEFT TURN (3),ORANGE,Straight and Level,Clear,None,Dry,Not Applicable,"Other Motor Vehicle, Collision With",2
 Damage & Injury Accident,21:00,09/06/2014,Saturday,Y,Dark-Road Lighted,KINGS,REAR END,KINGS,Straight and Level,Clear,None,Dry,Not Applicable,"Other Motor Vehicle, Collision With",2
 Damage & Injury Accident,0:00,05/20/2014,Tuesday,N,Dusk,SYRACUSE,RIGHT ANGLE,ONONDAGA,Straight and Level,Clear,Traffic Signal,Dry,Not Applicable,"Other Motor Vehicle, Collision With",2
 Damage Accident,10:30,01/18/2014,Saturday,Y,Daylight,GEDDES,OTHER,ONONDAGA,Curve and Grade,Snow,None,Snow/Ice,Not Applicable,"Earth Embankment/Rock Cut/Ditch, Collision With Fixed Object",1
 Damage Accident,6:10,07/30/2014,Wednesday,Y,Daylight,NEW YORK,OTHER,NEW YORK,Straight and Level,Clear,None,Dry,Not Applicable,"Other Motor Vehicle, Collision With",3
 Damage & Injury Accident,20:08,06/14/2014,Saturday,Y,Daylight,ELMSFORD,OTHER,WESTCHESTER,Straight and Level,Clear,Stop Sign,Dry,Not Applicable,"Other Motor Vehicle, Collision With",3
 Damage Accident,10:41,08/17/2014,Sunday,Y,Daylight,WARWICK,SIDESWIPE,ORANGE,Curve and Level,Cloudy,None,Dry,Not Applicable,"Other Motor Vehicle, Collision With",2
 Damage Accident,0:00,05/13/2014,Tuesday,N,Unknown,NEW YORK,Unknown,NEW YORK,Unknown,Unknown,Unknown,Unknown,Not Applicable,"Other Motor Vehicle, Collision With",2
 Damage Accident,0:00,05/13/2014,Tuesday,N,Unknown,NEW YORK,Unknown,NEW YORK,Unknown,Unknown,Unknown,Unknown,Not Applicable,"Other Motor Vehicle, Collision With",2
 Damage & Injury Accident,15:59,03/31/2014,Monday,Y,Daylight,EAST FISHKILL,REAR END,DUTCHESS,Straight at Hill Crest,Clear,Officer/Guard,Dry,Not Applicable,"Other Motor Vehicle, Collision With",2
 Damage Accident,20:15,08/29/2014,Friday,Y,Dusk,SHERIDAN,LEFT TURN (3),CHAUTAUQUA,Straight and Level,Clear,None,Dry,Not Applicable,"Other Motor Vehicle, Collision With",2
 Damage Accident,0:00,03/12/2014,Wednesday,N,Daylight,RYE,Unknown,WESTCHESTER,Unknown,Clear,Unknown,Unknown,Not Applicable,"Other Motor Vehicle, Collision With",2
 Accident,8:05,12/16/2014,Tuesday,Y,Daylight,NEW YORK,OTHER,NEW YORK,Straight and Level,Rain,Traffic Signal,Dry,"Crossing, With Signal","Pedestrian, Collision With",1
 Accident,18:15,03/26/2014,Wednesday,Y,Daylight,KINGS,OTHER,KINGS,Straight and Level,Clear,None,Dry,"Crossing, No Signal or Crosswalk","Pedestrian, Collision With",1
 Damage Accident,11:25,05/11/2014,Sunday,Y,Daylight,HUDSON FALLS,OTHER,WASHINGTON,Straight and Level,Clear,None,Dry,Not Applicable,"Other Motor Vehicle, Collision With",3
 Damage Accident,11:45,06/24/2014,Tuesday,N,Daylight,QUEENS,REAR END,QUEENS,Straight and Level,Clear,Unknown,Dry,Not Applicable,"Other Motor Vehicle, Collision With",2
 Damage Accident,10:10,11/16/2014,Sunday,Y,Dawn,KINGS,OVERTAKING,KINGS,Straight and Level,Clear,None,Dry,Not Applicable,"Other Motor Vehicle, Collision With",2
 Damage & Injury Accident,4:00,11/27/2014,Thursday,Y,Dark-Road Lighted,FARMINGDALE,OVERTAKING,NASSAU,Straight and Level,Clear,None,Dry,Not Applicable,"Other Motor Vehicle, Collision With",2
 Accident,23:00,08/05/2014,Tuesday,Y,Dark-Road Lighted,QUEENS,OTHER,QUEENS,Straight and Level,Clear,None,Dry,Not Applicable,"Other Motor Vehicle, Collision With",3
 Damage Accident,11:27,05/24/2014,Saturday,Y,Daylight,PORT CHESTER,OTHER,WESTCHESTER,Straight and Grade,Cloudy,None,Dry,Not Applicable,"Building/Wall, Collision With Fixed Object",1
 Damage Accident,16:45,09/03/2014,Wednesday,Y,Daylight,MALTA,RIGHT ANGLE,SARATOGA,Straight and Level,Clear,None,Dry,Not Applicable,"Other Motor Vehicle, Collision With",2
 Damage & Injury Accident,9:10,02/08/2014,Saturday,Y,Daylight,KINGS,Unknown,KINGS,Straight at Hill Crest,Cloudy,None,Dry,Not Applicable,"Other Motor Vehicle, Collision With",2
 Accident,14:55,12/09/2014,Tuesday,Y,Daylight,OTEGO,OTHER,OTSEGO,Curve and Level,Snow,No Passing Zone,Snow/Ice,Not Applicable,"Earth Embankment/Rock Cut/Ditch, Collision With Fixed Object",1
 Damage Accident,18:05,11/18/2014,Tuesday,Y,Dark-Road Lighted,HUNTINGTON,LEFT TURN (3),SUFFOLK,Straight and Level,Clear,Traffic Signal,Dry,Not Applicable,"Other Motor Vehicle, Collision With",2
 Damage Accident,13:25,03/14/2014,Friday,Y,Daylight,BATH,REAR END,STEUBEN,Straight and Level,Cloudy,None,Wet,Not Applicable,"Other Motor Vehicle, Collision With",2
 Accident,8:35,03/17/2014,Monday,Y,Daylight,KINGS,OTHER,KINGS,Straight and Level,Clear,Traffic Signal,Dry,"Crossing, With Signal","Pedestrian, Collision With",1