 Descriptor,Time,Date,Day of Week,Police Report,Lighting Conditions,Municipality,Collision Type Descriptor,County Name,Road Descriptor,Weather Conditions,Traffic Control Device,Road Surface Conditions,Pedestrian Bicyclist Action,Event Descriptor,Number of Vehicles Involved
 Damage Accident,20:00,08/22/2014,Friday,N,Unknown,CORTLAND,RIGHT ANGLE,CORTLAND,Unknown,Unknown,Unknown,Unknown,Not Applicable,"Other Motor Vehicle, Collision With",2
 Damage & Injury Accident,5:37,02/01/2014,Saturday,Y,Dark-Road Lighted,GLENVILLE,OTHER,SCHENECTADY,Curve and Level,Clear,No Passing Zone,Dry,Not Applicable,"Sign Post, Collision With Fixed Object",1
 Damage Accident,13:08,12/26/2014,Friday,Y,Daylight,GREECE,REAR END,MONROE,Straight and Level,Clear,None,Dry,Not Applicable,"Other Motor Vehicle, Collision With",2
 Damage Accident,16:25,10/13/2014,Monday,Y,Daylight,NEW PALTZ,OTHER,ULSTER,Straight and Level,Cloudy,Traffic Signal,Dry,Not Applicable,"Other Motor Vehicle, Collision With",2
 Damage Accident,7:10,12/29/2014,Monday,N,Dark-Road Unlighted,THERESA,OTHER,JEFFERSON,Straight and Grade,Clear,Unknown,Dry,Not Applicable,Deer,1
 Damage Accident,20:32,04/17/2014,Thursday,Y,Dark-Road Unlighted,FISHKILL,Unknown,DUTCHESS,Curve and Grade,Clear,None,Dry,Not Applicable,"Other Motor Vehicle, Collision With",2
 Accident,18:00,04/18/2014,Friday,Y,Daylight,RICHMOND,RIGHT ANGLE,RICHMOND,Straight and Level,Clear,Traffic Signal,Dry,Not Applicable,"Other Motor Vehicle, Collision With",2
 Accident,16:05,10/11/2014,Saturday,N,Unknown,NEW YORK,OVERTAKING,NEW YORK,Unknown,Unknown,Unknown,Unknown,Not Applicable,"Other Motor Vehicle, Collision With",2
 Damage Accident,16:15,10/12/2014,Sunday,Y,Daylight,LONG LAKE,OTHER,HAMILTON,Straight and Level,Clear,No Passing Zone,Dry,Not Applicable,Deer,1
 Damage Accident,14:10,05/08/2014,Thursday,Y,Daylight,CHEEKTOWAGA,REAR END,ERIE,Straight and Level,Clear,Stopped School Bus-Red Lights Flashing,Dry,Not Applicable,"Other Motor Vehicle, Collision With",2
 Damage & Injury Accident,15:40,10/03/2014,Friday,Y,Daylight,QUEENS,OTHER,QUEENS,Straight and Grade,Clear,None,Dry,Not Applicable,"Other Motor Vehicle, Collision With",3
 Damage Accident,19:10,10/22/2014,Wednesday,Y,Dark-Road Lighted,ISLIP,RIGHT ANGLE,SUFFOLK,Straight and Level,Rain,Stop Sign,Wet,Not Applicable,"Other Motor Vehicle, Collision With",2
 Damage & Injury Accident,16:30,08/27/2014,Wednesday,Y,Daylight,PENDLETON,HEAD ON,NIAGARA,Straight and Level,Clear,None,Dry,Not Applicable,"Other Motor Vehicle, Collision With",2
 Accident,0:00,08/22/2014,Friday,Y,Dark-Road Lighted,BUFFALO,RIGHT ANGLE,ERIE,Straight and Level,Cloudy,Traffic Signal,Dry,Not Applicable,"Other Motor Vehicle, Collision With",2
 Damage Accident,19:02,11/27/2014,Thursday,Y,Dark-Road Unlighted,WESTERN,OTHER,ONEIDA,Curve and Level,Snow,No Passing Zone,Snow/Ice,Not Applicable,"Sign Post, Collision With Fixed Object",1
 Accident,8:04,10/03/2014,Friday,Y,Daylight,BRIGHTON,REAR END,MONROE,Curve and Grade,Clear,Yield Sign,Dry,Not Applicable,"Other Motor Vehicle, Collision With",2
 Accident,11:44,11/16/2014,Sunday,N,Unknown,BRONX,Unknown,BRONX,Unknown,Unknown,Unknown,Unknown,Not Applicable,"Other Motor Vehicle, Collision With",2
 Damage Accident,0:28,07/06/2014,Sunday,Y,Dark-Road Unlighted,FISHKILL,OTHER,DUTCHESS,Straight and Grade,Clear,None,Dry,Not Applicable,Deer,1
 Damage Accident,16:08,12/19/2014,Friday,Y,Daylight,CLERMONT,OTHER,COLUMBIA,Curve and Grade,Cloudy,None,Dry,Not Applicable,"Building/Wall, Collision With Fixed Object",1
 Damage Accident,15:56,10/10/2014,Friday,Y,Daylight,SWEDEN,LEFT TURN (0),MONROE,Straight and Level,Clear,None,Dry,Not Applicable,"Other Motor Vehicle, Collision With",2
 Damage & Injury Accident,17:57,01/31/2014,Friday,Y,Dark-Road Lighted,BUFFALO,REAR END,ERIE,Straight and Grade,Cloudy,Yield Sign,Wet,Not Applicable,"Other Motor Vehicle, Collision With",2
 Damage & Injury Accident,17:31,03/29/2014,Saturday,Y,Daylight,ROCHESTER,REAR END,MONROE,Straight and Level,Rain,None,Wet,Not Applicable,"Other Motor Vehicle, Collision With",2
 Damage Accident,8:42,06/09/2014,Monday,Y,Daylight,ALBION,REAR END,OSWEGO,Straight and Grade,Clear,Stopped School Bus-Red Lights Flashing,Dry,Not Applicable,"Other Motor Vehicle, Collision With",2
 Damage Accident,21:40,05/19/2014,Monday,Y,Dark-Road Lighted,BROOKHAVEN,OTHER,SUFFOLK,Straight and Level,Clear,None,Dry,Not Applicable,"Other Motor Vehicle, Collision With",3
 Damage Accident,10:10,10/16/2014,Thursday,Y,Daylight,RAMAPO,OTHER,ROCKLAND,Curve and Level,Rain,None,Wet,Not Applicable,"Guide Rail - Not At End, Collision With Fixed Object",1
 Damage Accident,12:43,05/09/2014,Friday,Y,Daylight,WATERTOWN,RIGHT ANGLE,JEFFERSON,Straight and Level,Clear,None,Dry,Not Applicable,"Other Motor Vehicle, Collision With",2
 Damage Accident,15:06,06/18/2014,Wednesday,Y,Daylight,HUNTINGTON,RIGHT ANGLE,SUFFOLK,Straight and Level,Clear,Traffic Signal,Dry,Not Applicable,"Other Motor Vehicle, Collision With",2
 Damage Accident,17:20,09/11/2014,Thursday,N,Daylight,MINEOLA,REAR END,NASSAU,Straight and Level,Clear,Traffic Signal,Dry,Not Applicable,"Other Motor Vehicle, Collision With",2
 Damage Accident,8:45,02/07/2014,Friday,N,Daylight,QUEENS,Unknown,QUEENS,Straight and Level,Clear,Traffic Signal,Dry,Not Applicable,"Other Motor Vehicle, Collision With",2
 Accident,4:18,08/03/2014,Sunday,Y,Dark-Road Lighted,NEW YORK,REAR END,NEW YORK,Straight and Level,Rain,Traffic Signal,Wet,Not Applicable,"Other Motor Vehicle, Collision With",2
 Damage Accident,14:30,07/06/2014,Sunday,N,Daylight,NORWICH,OTHER,CHENANGO,Straight at Hill Crest,Clear,None,Dry,Not Applicable,"Ran Off Roadway Only, Non-Collision",1
 Damage & Injury Accident,12:20,05/22/2014,Thursday,Y,Daylight,BROOKHAVEN,Unknown,SUFFOLK,Curve at Hill Crest,Rain,None,Wet,Not Applicable,"Other Motor Vehicle, Collision With",2
 Damage Accident,18:45,01/01/2014,Wednesday,N,Unknown,BUFFALO,Unknown,ERIE,Unknown,Unknown,Unknown,Unknown,Not Applicable,"Other Motor Vehicle, Collision With",2
 Damage Accident,7:25,09/09/2014,Tuesday,Y,Daylight,ISLAND PARK,OTHER,NASSAU,Straight and Level,Clear,Traffic Signal,Dry,Not Applicable,"Other Motor Vehicle, Collision With",3
 Damage & Injury Accident,16:20,02/15/2014,Saturday,Y,Daylight,SOUTHAMPTON,OTHER,SUFFOLK,Straight and Grade,Snow,None,Snow/Ice,Not Applicable,"Snow Embankment, Collision With Fixed Object",1
 Damage Accident,20:50,11/13/2014,Thursday,Y,Dark-Road Lighted,OYSTER BAY,REAR END,NASSAU,Straight and Level,Cloudy,None,Dry,Not Applicable,"Other Motor Vehicle, Collision With",2
 Accident,12:50,06/16/2014,Monday,N,Unknown,BRONX,REAR END,BRONX,Unknown,Unknown,Unknown,Unknown,Not Applicable,"Other Motor Vehicle, Collision With",2
 Damage & Injury Accident,12:21,07/12/2014,Saturday,Y,Daylight,PLYMOUTH,OTHER,CHENANGO,Curve and Grade,Cloudy,No Passing Zone,Wet,Not Applicable,"Other Motor Vehicle, Collision With",3
 Damage Accident,22:47,03/15/2014,Saturday,Y,Dark-Road Unlighted,CANANDAIGUA,OTHER,ONTARIO,Straight and Level,Cloudy,None,Dry,Not Applicable,Deer,1
 Damage Accident,8:42,04/11/2014,Friday,Y,Daylight,OLD WESTBURY,OVERTAKING,NASSAU,Straight and Level,Cloudy,Traffic Signal,Dry,Not Applicable,"Other Motor Vehicle, Collision With",2
 Damage Accident,9:06,11/14/2014,Friday,Y,Daylight,NEW HARTFORD,OTHER,ONEIDA,Curve and Level,Cloudy,None,Snow/Ice,Not Applicable,"Guide Rail - Not At End, Collision With Fixed Object",1
 Damage Accident,11:00,02/19/2014,Wednesday,N,Unknown,LANCASTER,Unknown,ERIE,Unknown,Unknown,Unknown,Unknown,Not Applicable,"Other Motor Vehicle, Collision With",2
 Damage Accident,17:38,06/26/2014,Thursday,Y,Daylight,GARDEN CITY,REAR END,NASSAU,Straight and Level,Cloudy,None,Dry,Not Applicable,"Other Motor Vehicle, Collision With",2
 Damage Accident,6:00,02/09/2014,Sunday,Y,Dawn,RUSSIA,OTHER,HERKIMER,Curve and Level,Clear,None,Snow/Ice,Not Applicable,"Tree, Collision With Fixed Object",1
 Damage Accident,22:00,05/13/2014,Tuesday,Y,Dark-Road Lighted,RICHMOND,OVERTAKING,RICHMOND,Straight and Level,Clear,Other,Dry,Not Applicable,"Other Motor Vehicle, Collision With",2
 Damage Accident,12:22,01/20/2014,Monday,Y,Daylight,EVANS,OTHER,ERIE,Straight and Level,Snow,None,Snow/Ice,Not Applicable,"Light Support/Utility Pole, Collision With Fixed Object",1
 Damage Accident,22:41,01/04/2014,Saturday,Y,Dark-Road Lighted,CANANDAIGUA,OTHER,ONTARIO,Straight and Level,Clear,None,Dry,Not Applicable,Deer,1
 Damage Accident,0:00,12/29/2014,Monday,N,Unknown,BATAVIA,OTHER,GENESEE,Unknown,Unknown,Unknown,Unknown,Not Applicable,Deer,1
 Damage Accident,14:05,07/03/2014,Thursday,Y,Daylight,GREAT NECK,OTHER,NASSAU,Straight and Level,Clear,None,Dry,Not Applicable,"Other Motor Vehicle, Collision With",3
 Damage Accident,0:00,07/11/2014,Friday,N,Unknown,SYRACUSE,Unknown,ONONDAGA,Unknown,Unknown,Unknown,Unknown,Not Applicable,"Other Motor Vehicle, Collision With",2
 Damage & Injury Accident,8:58,08/11/2014,Monday,Y,Daylight,NEW ROCHELLE,LEFT TURN (0),WESTCHESTER,Straight and Level,Clear,Traffic Signal,Dry,Not Applicable,"Other Motor Vehicle, Collision With",2
 Damage Accident,15:00,07/31/2014,Thursday,Y,Daylight,RICHMOND,REAR END,RICHMOND,Straight and Level,Clear,Traffic Signal,Dry,Not Applicable,"Other Motor Vehicle, Collision With",2
 Damage Accident,12:52,08/01/2014,Friday,Y,Daylight,ORANGETOWN,SIDESWIPE,ROCKLAND,Straight and Level,Cloudy,None,Dry,Not Applicable,"Other Motor Vehicle, Collision With",2
 Damage & Injury Accident,13:17,04/08/2014,Tuesday,Y,Daylight,IRONDEQUOIT,REAR END,MONROE,Curve and Level,Rain,Yield Sign,Wet,Not Applicable,"Other Motor Vehicle, Collision With",2
 Accident,13:11,06/26/2014,Thursday,Y,Daylight,BABYLON,REAR END,SUFFOLK,Straight and Level,Clear,None,Dry,Not Applicable,"Other Motor Vehicle, Collision With",2
 Damage Accident,17:00,05/10/2014,Saturday,Y,Daylight,BRONX,OVERTAKING,BRONX,Straight at Hill Crest,Rain,Traffic Signal,Wet,Not Applicable,"Other Motor Vehicle, Collision With",2
 Damage Accident,0:00,07/30/2014,Wednesday,N,Unknown,NEW YORK,Unknown,NEW YORK,Unknown,Unknown,Unknown,Unknown,Not Applicable,"Other Motor Vehicle, Collision With",2
 Accident,9:19,04/23/2014,Wednesday,Y,Daylight,KINGS,OTHER,KINGS,Straight and Level,Clear,Traffic Signal,Dry,Unknown,"Pedestrian, Collision With",1
 Damage Accident,12:00,07/03/2014,Thursday,Y,Daylight,ONEONTA,SIDESWIPE,OTSEGO,Straight and Grade,Clear,None,Dry,Not Applicable,"Other Motor Vehicle, Collision With",2
 Damage Accident,23:00,01/02/2014,Thursday,N,Dark-Road Unlighted,CANAAN,OTHER,COLUMBIA,Curve and Level,Other*,None,Snow/Ice,Not Applicable,"Other Object (Not Fixed)*, Collision With",1
 Damage Accident,8:00,12/12/2014,Friday,Y,Daylight,KENT,OTHER,PUTNAM,Curve and Level,Cloudy,None,Dry,Not Applicable,"Guide Rail - Not At End, Collision With Fixed Object",2
 Damage & Injury Accident,11:01,11/10/2014,Monday,Y,Daylight,BROOKHAVEN,REAR END,SUFFOLK,Straight and Level,Clear,Traffic Signal,Dry,Not Applicable,"Other Motor Vehicle, Collision With",2
 Damage Accident,14:47,11/18/2014,Tuesday,Y,Daylight,LITTLE VALLEY,OTHER,CATTARAUGUS,Straight and Level,Cloudy,None,Dry,Not Applicable,Deer,1
 Damage Accident,18:53,03/11/2014,Tuesday,Y,Dark-Road Lighted,BINGHAMTON,OTHER,BROOME,Curve and Grade,Cloudy,None,Wet,Not Applicable,"Other Fixed Object*, Collision With Fixed Object",1
 Damage Accident,16:25,08/06/2014,Wednesday,Y,Daylight,ALBANY,OVERTAKING,ALBANY,Curve and Level,Clear,Yield Sign,Dry,Not Applicable,"Other Motor Vehicle, Collision With",2
 Damage Accident,13:24,12/31/2014,Wednesday,Y,Daylight,MINEOLA,OVERTAKING,NASSAU,Straight and Level,Cloudy,None,Dry,Not Applicable,"Other Motor Vehicle, Collision With",2
 Damage Accident,7:50,07/29/2014,Tuesday,Y,Daylight,GREAT NECK PLAZA,RIGHT ANGLE,NASSAU,Straight and Level,Clear,None,Dry,Not Applicable,"Other Motor Vehicle, Collision With",2
 Damage Accident,0:00,11/30/2014,Sunday,N,Unknown,HOLLAND,OTHER,ERIE,Unknown,Unknown,Unknown,Unknown,Not Applicable,Deer,1
 Damage Accident,9:00,06/27/2014,Friday,Y,Daylight,KINGS,OVERTAKING,KINGS,Straight and Level,Clear,Traffic Signal,Dry,Not Applicable,"Other Motor Vehicle, Collision With",2
 Accident,9:25,05/18/2014,Sunday,Y,Daylight,AMITYVILLE,LEFT TURN (3),SUFFOLK,Straight and Level,Clear,None,Dry,Not Applicable,"Other Motor Vehicle, Collision With",2
 Damage Accident,13:38,10/29/2014,Wednesday,Y,Daylight,CANANDAIGUA,OVERTAKING,ONTARIO,Straight and Level,Cloudy,None,Dry,Not Applicable,"Other Motor Vehicle, Collision With",2
 Damage Accident,11:24,03/14/2014,Friday,Y,Daylight,ROUSES POINT,OTHER,CLINTON,Straight and Level,Cloudy,RR Crossing Gates,Snow/Ice,Not Applicable,"Barrier, Collision With Fixed Object",1
 Damage & Injury Accident,14:07,07/21/2014,Monday,Y,Daylight,CHEEKTOWAGA,OTHER,ERIE,Straight and Level,Clear,None,Dry,Not Applicable,"Other Motor Vehicle, Collision With",4
 Damage & Injury Accident,0:14,08/18/2014,Monday,Y,Dark-Road Unlighted,NORTHUMBERLAND,OTHER,SARATOGA,Straight and Level,Clear,None,Dry,Not Applicable,"Other Motor Vehicle, Collision With",3
 Accident,12:18,08/01/2014,Friday,Y,Daylight,WAPPINGER,REAR END,DUTCHESS,Curve and Grade,Clear,Traffic Signal,Dry,Not Applicable,"Other Motor Vehicle, Collision With",2
 Damage & Injury Accident,12:21,01/25/2014,Saturday,Y,Daylight,MAMAKATING,OTHER,SULLIVAN,Straight and Grade,Snow,No Passing Zone,Snow/Ice,Not Applicable,"Light Support/Utility Pole, Collision With Fixed Object",1
 Accident,22:10,07/01/2014,Tuesday,Y,Dark-Road Lighted,BRONX,RIGHT ANGLE,BRONX,Straight and Level,Clear,Traffic Signal,Dry,Not Applicable,"Other Motor Vehicle, Collision With",2
 Accident,12:08,06/30/2014,Monday,Y,Daylight,TROY,REAR END,RENSSELAER,Straight and Level,Clear,None,Dry,Not Applicable,"Other Motor Vehicle, Collision With",2
 Damage & Injury Accident,19:11,12/10/2014,Wednesday,Y,Dark-Road Unlighted,WARWICK,OTHER,ORANGE,Straight and Level,Snow,None,Snow/Ice,Not Applicable,"Light Support/Utility Pole, Collision With Fixed Object",1
 Damage Accident,8:00,01/20/2014,Monday,Y,Daylight,KINDERHOOK,OTHER,COLUMBIA,Straight and Level,Clear,None,Wet,Not Applicable,Deer,1
 Damage Accident,20:00,04/10/2014,Thursday,N,Dusk,NEW LISBON,OTHER,OTSEGO,Straight and Grade,Clear,None,Dry,Not Applicable,Deer,1
 Damage & Injury Accident,16:37,07/26/2014,Saturday,Y,Daylight,CORNWALL,OTHER,ORANGE,Curve and Level,Clear,None,Dry,Not Applicable,"Earth Embankment/Rock Cut/Ditch, Collision With Fixed Object",1
 Damage Accident,18:52,09/17/2014,Wednesday,Y,Dusk,NEW PALTZ,REAR END,ULSTER,Straight and Grade,Clear,Other,Dry,Not Applicable,"Other Motor Vehicle, Collision With",2
 Accident,23:15,04/18/2014,Friday,N,Unknown,KINGS,REAR END,KINGS,Unknown,Unknown,Unknown,Unknown,Not Applicable,"Other Motor Vehicle, Collision With",2
 Damage & Injury Accident,13:50,05/09/2014,Friday,Y,Daylight,JAMESTOWN,OTHER,CHAUTAUQUA,Straight and Grade,Clear,None,Dry,Not Applicable,"Curbing, Collision With Fixed Object",1
 Damage Accident,12:13,01/27/2014,Monday,Y,Daylight,CAMILLUS,OTHER,ONONDAGA,Straight and Grade,Snow,None,Snow/Ice,Not Applicable,"Other Motor Vehicle, Collision With",2
 Damage Accident,19:26,06/16/2014,Monday,Y,Daylight,LYONS FALLS,RIGHT ANGLE,LEWIS,Straight and Level,Clear,None,Dry,Not Applicable,"Other Motor Vehicle, Collision With",2
 Damage Accident,14:20,02/28/2014,Friday,Y,Daylight,HEMPSTEAD,OTHER,NASSAU,Straight and Level,Clear,Traffic Signal,Dry,Not Applicable,"Other Motor Vehicle, Collision With",2
 Damage Accident,16:56,12/15/2014,Monday,Y,Dark-Road Unlighted,TORREY,OTHER,YATES,Straight and Level,Cloudy,None,Wet,Not Applicable,Deer,1
 Damage Accident,13:42,07/15/2014,Tuesday,Y,Daylight,WALLKILL,REAR END,ORANGE,Straight and Level,Cloudy,Traffic Signal,Dry,Not Applicable,"Other Motor Vehicle, Collision With",2
 Damage Accident,16:00,05/08/2014,Thursday,Y,Daylight,HEMPSTEAD,REAR END,NASSAU,Straight and Level,Cloudy,Traffic Signal,Wet,Not Applicable,"Other Motor Vehicle, Collision With",2
 Damage Accident,6:42,10/15/2014,Wednesday,Y,Dark-Road Unlighted,SHELDON,OTHER,WYOMING,Straight and Level,Rain,None,Wet,Not Applicable,Deer,1
 Accident,5:35,04/30/2014,Wednesday,Y,Dawn,LA GRANGE,OTHER,DUTCHESS,Straight and Level,Cloudy,Traffic Signal,Dry,"Crossing, Against Signal","Pedestrian, Collision With",1
 Damage Accident,5:33,10/29/2014,Wednesday,Y,Dark-Road Unlighted,YORKTOWN,OTHER,WESTCHESTER,Curve and Level,Cloudy,None,Dry,Not Applicable,Deer,1
 Damage Accident,19:30,01/23/2014,Thursday,Y,Dark-Road Lighted,SMITHTOWN,REAR END,SUFFOLK,Straight and Level,Cloudy,None,Dry,Not Applicable,"Other Motor Vehicle, Collision With",2
 Damage Accident,11:40,12/16/2014,Tuesday,Y,Daylight,BROOKHAVEN,Unknown,SUFFOLK,Straight and Level,Cloudy,Traffic Signal,Dry,Not Applicable,"Other Motor Vehicle, Collision With",2
 Damage Accident,7:38,08/27/2014,Wednesday,Y,Daylight,CLARKSTOWN,REAR END,ROCKLAND,Straight and Level,Clear,Traffic Signal,Dry,Not Applicable,"Other Motor Vehicle, Collision With",2
 Damage Accident,17:38,02/10/2014,Monday,Y,Dark-Road Lighted,LYNBROOK,LEFT TURN (3),NASSAU,Straight and Level,Clear,Traffic Signal,Dry,Not Applicable,"Other Motor Vehicle, Collision With",2
 Damage Accident,15:50,09/22/2014,Monday,Y,Daylight,LIVONIA,RIGHT ANGLE,LIVINGSTON,Straight and Level,Cloudy,Stop Sign,Dry,Not Applicable,"Other Motor Vehicle, Collision With",2
 Accident,19:30,11/04/2014,Tuesday,Y,Dark-Road Lighted,KINGS,OTHER,KINGS,Straight and Level,Clear,Traffic Signal,Dry,Not Applicable,"Other Motor Vehicle, Collision With",4
 Damage Accident,16:56,03/13/2014,Thursday,Y,Daylight,ROCHESTER,LEFT TURN (3),MONROE,Straight and Level,Clear,None,Snow/Ice,Not Applicable,"Other Motor Vehicle, Collision With",2
 Damage Accident,15:05,06/08/2014,Sunday,Y,Daylight,OYSTER BAY,LEFT TURN (3),NASSAU,Straight and Level,Clear,Traffic Signal,Dry,Not Applicable,"Other Motor Vehicle, Collision With",2
 Damage & Injury Accident,18:00,05/09/2014,Friday,Y,Daylight,LANCASTER,REAR END,ERIE,Straight and Level,Rain,Traffic Signal,Wet,Not Applicable,"Other Motor Vehicle, Collision With",2
 Damage & Injury Accident,9:44,10/27/2014,Monday,Y,Daylight,GREAT VALLEY,OTHER,CATTARAUGUS,Straight and Level,Fog/Smog/Smoke,None,Dry,Not Applicable,"Other Fixed Object*, Collision With Fixed Object",1
 Accident,3:35,10/27/2014,Monday,Y,Dark-Road Lighted,BRONX,OTHER,BRONX,Straight and Level,Clear,Traffic Signal,Dry,Unknown,"Bicyclist, Collision With",1
 Accident,12:25,01/10/2014,Friday,Y,Daylight,NEW YORK,REAR END,NEW YORK,Straight and Grade,Cloudy,Traffic Signal,Wet,Not Applicable,"Other Motor Vehicle, Collision With",2
 Accident,14:50,12/30/2014,Tuesday,Y,Daylight,QUEENS,REAR END,QUEENS,Straight and Level,Clear,None,Dry,Not Applicable,"Other Motor Vehicle, Collision With",2
 Damage Accident,9:24,10/01/2014,Wednesday,Y,Daylight,OYSTER BAY,OVERTAKING,NASSAU,Straight and Level,Rain,None,Wet,Not Applicable,"Other Motor Vehicle, Collision With",2
 Damage Accident,7:57,02/09/2014,Sunday,Y,Daylight,FREDONIA,OTHER,CHAUTAUQUA,Straight and Level,Snow,None,Snow/Ice,Not Applicable,"Tree, Collision With Fixed Object",1
 Accident,8:24,01/14/2014,Tuesday,Y,Daylight,HEMPSTEAD,REAR END,NASSAU,Curve and Grade,Rain,Stop Sign,Wet,Not Applicable,"Other Motor Vehicle, Collision With",2
 Damage & Injury Accident,14:51,09/26/2014,Friday,Y,Daylight,ISLIP,OTHER,SUFFOLK,Straight and Level,Clear,Traffic Signal,Dry,Not Applicable,"Other Motor Vehicle, Collision With",3
 Damage Accident,14:40,02/27/2014,Thursday,Y,Daylight,SMITHTOWN,LEFT TURN (0),SUFFOLK,Straight and Level,Clear,None,Dry,Not Applicable,"Other Motor Vehicle, Collision With",2
 Damage Accident,17:43,10/24/2014,Friday,Y,Dusk,IRVINGTON,OVERTAKING,WESTCHESTER,Straight and Grade,Cloudy,None,Dry,Not Applicable,"Other Motor Vehicle, Collision With",2
 Accident,16:05,05/17/2014,Saturday,Y,Daylight,QUEENS,OTHER,QUEENS,Straight and Level,Clear,Unknown,Dry,Not Applicable,"Other Motor Vehicle, Collision With",3
 Damage Accident,0:00,09/27/2014,Saturday,N,Unknown,AMSTERDAM,OTHER,MONTGOMERY,Unknown,Unknown,Unknown,Unknown,Not Applicable,"Light Support/Utility Pole, Collision With Fixed Object",1
 Damage Accident,13:18,01/17/2014,Friday,N,Unknown,MOUNT PLEASANT,Unknown,WESTCHESTER,Unknown,Unknown,Unknown,Unknown,Not Applicable,"Other Motor Vehicle, Collision With",2
 Damage Accident,23:06,01/19/2014,Sunday,Y,Dark-Road Lighted,NIAGARA FALLS,OTHER,NIAGARA,Straight and Level,Clear,None,Snow/Ice,Not Applicable,"Other Motor Vehicle, Collision With",3
 Damage Accident,14:49,11/25/2014,Tuesday,Y,Daylight,CHILI,OTHER,MONROE,Straight and Level,Cloudy,None,Dry,Not Applicable,"Light Support/Utility Pole, Collision With Fixed Object",1
 Damage & Injury Accident,9:50,06/06/2014,Friday,N,Unknown,BRONX,Unknown,BRONX,Unknown,Unknown,Unknown,Unknown,Not Applicable,"Other Motor Vehicle, Collision With",2
 Damage Accident,0:00,12/11/2014,Thursday,N,Dark-Road Unlighted,GUILDERLAND,OTHER,ALBANY,Straight and Level,Clear,None,Snow/Ice,Not Applicable,Deer,1
 Damage Accident,14:43,11/26/2014,Wednesday,Y,Daylight,RENSSELAERVILLE,OTHER,ALBANY,Curve and Grade,Snow,None,Snow/Ice,Not Applicable,"Earth Embankment/Rock Cut/Ditch, Collision With Fixed Object",1
 Damage & Injury Accident,10:49,04/03/2014,Thursday,Y,Daylight,OYSTER BAY,RIGHT ANGLE,NASSAU,Straight and Level,Clear,Traffic Signal,Dry,Not Applicable,"Other Motor Vehicle, Collision With",2
 Accident,13:30,03/01/2014,Saturday,Y,Daylight,QUEENS,OTHER,QUEENS,Straight and Level,Clear,None,Dry,Not Applicable,"Other Motor Vehicle, Collision With",3
 Damage Accident,17:25,09/30/2014,Tuesday,Y,Daylight,KINGS,Unknown,KINGS,Straight and Level,Clear,Traffic Signal,Dry,Not Applicable,"Other Motor Vehicle, Collision With",2
 Damage & Injury Accident,19:16,06/29/2014,Sunday,Y,Daylight,HEMPSTEAD,OTHER,NASSAU,Curve and Level,Clear,None,Dry,Not Applicable,"Guide Rail - Not At End, Collision With Fixed Object",1
 Accident,15:25,07/15/2014,Tuesday,Y,Daylight,NORTH TONAWANDA,REAR END,NIAGARA,Straight and Level,Clear,None,Dry,Not Applicable,"Other Motor Vehicle, Collision With",2
 Accident,13:05,10/19/2014,Sunday,Y,Daylight,BABYLON,OTHER,SUFFOLK,Straight and Level,Clear,Traffic Signal,Dry,Riding/Walking/Skating Along Highway With Traffic,"Pedestrian, Collision With",1
 Accident,15:58,03/21/2014,Friday,Y,Daylight,ROCHESTER,REAR END,MONROE,Straight and Level,Clear,Traffic Signal,Dry,Not Applicable,"Other Motor Vehicle, Collision With",2
 Damage Accident,2:13,06/16/2014,Monday,Y,Dark-Road Unlighted,BARRINGTON,OTHER,YATES,Straight and Level,Clear,None,Dry,Not Applicable,Deer,1
 Damage Accident,10:50,01/10/2014,Friday,Y,Daylight,HUNTINGTON,OTHER,SUFFOLK,Curve and Grade,Snow,None,Snow/Ice,Not Applicable,"Other Motor Vehicle, Collision With",3
 Damage & Injury Accident,11:18,08/29/2014,Friday,Y,Daylight,CLAY,OTHER,ONONDAGA,Straight and Level,Clear,None,Dry,Not Applicable,"Other Motor Vehicle, Collision With",3
 Damage & Injury Accident,7:50,02/11/2014,Tuesday,Y,Daylight,HAVERSTRAW,REAR END,ROCKLAND,Straight and Level,Clear,None,Dry,Not Applicable,"Other Motor Vehicle, Collision With",2
 Damage Accident,7:08,03/16/2014,Sunday,Y,Daylight,PARIS,OTHER,ONEIDA,Curve and Grade,Snow,No Passing Zone,Snow/Ice,Not Applicable,"Guide Rail - Not At End, Collision With Fixed Object",1
 Damage & Injury Accident,15:00,03/17/2014,Monday,Y,Daylight,VALLEY STREAM,LEFT TURN (0),NASSAU,Straight and Level,Clear,None,Dry,Not Applicable,"Other Motor Vehicle, Collision With",2
 Damage Accident,17:00,08/14/2014,Thursday,N,Daylight,CLAY,REAR END,ONONDAGA,Straight and Level,Clear,Traffic Signal,Dry,Not Applicable,"Other Motor Vehicle, Collision With",2
 Damage Accident,9:51,01/28/2014,Tuesday,Y,Daylight,VESTAL,OTHER,BROOME,Straight at Hill Crest,Clear,None,Dry,Not Applicable,"Other Motor Vehicle, Collision With",3
 Damage Accident,15:05,10/12/2014,Sunday,Y,Daylight,BABYLON,OTHER,SUFFOLK,Straight and Level,Clear,Traffic Signal,Dry,Not Applicable,"Other Motor Vehicle, Collision With",2