 Descriptor,Time,Date,Day of Week,Police Report,Lighting Conditions,Municipality,Collision Type Descriptor,County Name,Road Descriptor,Weather Conditions,Traffic Control Device,Road Surface Conditions,Pedestrian Bicyclist Action,Event Descriptor,Number of Vehicles Involved
 Damage Accident,16:10,12/04/2014,Thursday,Y,Daylight,HEMPSTEAD,OVERTAKING,NASSAU,Straight and Grade,Clear,None,Dry,Not Applicable,"Other Motor Vehicle, Collision With",2
 Damage Accident,10:20,02/19/2014,Wednesday,Y,Daylight,MAMARONECK,REAR END,WESTCHESTER,Straight and Level,Cloudy,None,Dry,Not Applicable,"Other Motor Vehicle, Collision With",2
 Accident,3:10,05/04/2014,Sunday,N,Unknown,NEW YORK,REAR END,NEW YORK,Unknown,Unknown,Traffic Signal,Unknown,Not Applicable,"Other Motor Vehicle, Collision With",2
 Damage Accident,17:00,05/05/2014,Monday,N,Daylight,LAUREL HOLLOW,OTHER,NASSAU,Straight and Level,Clear,None,Dry,Not Applicable,"Other Fixed Object*, Collision With Fixed Object",1
 Damage Accident,23:06,03/12/2014,Wednesday,Y,Dark-Road Unlighted,BRUTUS,OTHER,CAYUGA,Straight and Level,Snow,None,Snow/Ice,Not Applicable,"Guide Rail - Not At End, Collision With Fixed Object",1
 Damage & Injury Accident,16:19,06/02/2014,Monday,Y,Daylight,EAST BLOOMFIELD,REAR END,ONTARIO,Straight and Level,Clear,No Passing Zone,Dry,Not Applicable,"Other Motor Vehicle, Collision With",2
 Damage & Injury Accident,19:19,01/17/2014,Friday,Y,Dark-Road Unlighted,CLINTON,OTHER,DUTCHESS,Curve and Grade,Cloudy,No Passing Zone,Dry,Not Applicable,"Sign Post, Collision With Fixed Object",1
 Damage & Injury Accident,6:58,09/16/2014,Tuesday,Y,Daylight,SOUTHAMPTON,OTHER,SUFFOLK,Straight and Level,Clear,None,Dry,Not Applicable,"Overturned, Non-Collision",1
 Damage Accident,12:20,07/06/2014,Sunday,Y,Daylight,MINEOLA,OTHER,NASSAU,Straight and Level,Clear,None,Dry,Not Applicable,"Other Motor Vehicle, Collision With",4
 Damage Accident,13:35,09/24/2014,Wednesday,N,Daylight,NIAGARA,REAR END,NIAGARA,Straight and Level,Clear,Traffic Signal,Dry,Not Applicable,"Other Motor Vehicle, Collision With",2
 Damage & Injury Accident,3:11,10/06/2014,Monday,Y,Dark-Road Unlighted,WILSON,OTHER,NIAGARA,Straight and Level,Cloudy,None,Dry,Not Applicable,"Earth Embankment/Rock Cut/Ditch, Collision With Fixed Object",1
 Damage Accident,15:20,02/16/2014,Sunday,Y,Daylight,,OVERTAKING,UNKNOWN,Straight and Level,Clear,None,Dry,Not Applicable,"Other Motor Vehicle, Collision With",2
 Accident,22:02,04/15/2014,Tuesday,Y,Dark-Road Lighted,NEW YORK,OTHER,NEW YORK,Straight and Grade,Sleet/Hail/Freezing Rain,Traffic Signal,Wet,"Crossing, With Signal","Pedestrian, Collision With",1
 Damage & Injury Accident,14:00,10/12/2014,Sunday,Y,Daylight,PUTNAM VALLEY,OTHER,PUTNAM,Curve and Grade,Clear,None,Dry,Not Applicable,"Other Motor Vehicle, Collision With",3
 Damage Accident,15:05,11/05/2014,Wednesday,Y,Daylight,RAMAPO,OTHER,ROCKLAND,Straight and Level,Cloudy,None,Dry,Not Applicable,"Other Motor Vehicle, Collision With",2
 Damage Accident,16:35,11/17/2014,Monday,Y,Dusk,SILVER CREEK,RIGHT ANGLE,CHAUTAUQUA,Straight and Level,Snow,None,Snow/Ice,Not Applicable,"Other Motor Vehicle, Collision With",2
 Damage Accident,10:02,02/03/2014,Monday,Y,Daylight,MAMAKATING,OTHER,SULLIVAN,Straight and Grade,Snow,No Passing Zone,Snow/Ice,Not Applicable,"Tree, Collision With Fixed Object",1
 Damage & Injury Accident,14:45,05/20/2014,Tuesday,Y,Daylight,ISLIP,OTHER,SUFFOLK,Straight and Level,Clear,Traffic Signal,Dry,Not Applicable,"Other Motor Vehicle, Collision With",4
 Damage & Injury Accident,19:22,03/26/2014,Wednesday,N,Unknown,BRONX,Unknown,BRONX,Unknown,Unknown,Unknown,Unknown,Not Applicable,"Other Motor Vehicle, Collision With",2
 Accident,16:39,12/10/2014,Wednesday,Y,Dusk,OLEAN,REAR END,CATTARAUGUS,Straight and Level,Snow,Traffic Signal,Snow/Ice,Not Applicable,"Other Motor Vehicle, Collision With",2
 Damage Accident,7:22,10/24/2014,Friday,Y,Dawn,VESTAL,OTHER,BROOME,Straight and Level,Clear,None,Dry,Not Applicable,Deer,1
 Damage & Injury Accident,14:16,10/16/2014,Thursday,Y,Daylight,CORTLANDT,REAR END,WESTCHESTER,Curve and Grade,Cloudy,No Passing Zone,Wet,Not Applicable,"Other Motor Vehicle, Collision With",2
 Damage Accident,7:00,09/04/2014,Thursday,Y,Daylight,BROOKHAVEN,REAR END,SUFFOLK,Straight and Level,Cloudy,None,Dry,Not Applicable,"Other Motor Vehicle, Collision With",2
 Damage Accident,14:45,07/11/2014,Friday,Y,Daylight,MONROE,OTHER,ORANGE,Straight and Grade,Clear,No Passing Zone,Dry,Not Applicable,"Earth Embankment/Rock Cut/Ditch, Collision With Fixed Object",1
 Damage Accident,12:15,12/31/2014,Wednesday,Y,Daylight,HEMPSTEAD,REAR END,NASSAU,Straight and Level,Clear,None,Dry,Not Applicable,"Other Motor Vehicle, Collision With",2
 Accident,21:41,05/19/2014,Monday,Y,Dawn,BRONX,OTHER,BRONX,Unknown,Clear,Traffic Signal,Dry,Riding/Walking/Skating Along Highway Against Traffic,"Bicyclist, Collision With",1
 Damage Accident,21:24,01/04/2014,Saturday,Y,Dark-Road Lighted,GREAT NECK PLAZA,REAR END,NASSAU,Straight and Grade,Cloudy,Traffic Signal,Snow/Ice,Not Applicable,"Other Motor Vehicle, Collision With",2
 Damage Accident,6:45,03/28/2014,Friday,Y,Dawn,HAMDEN,OTHER,DELAWARE,Curve and Level,Rain,No Passing Zone,Wet,Not Applicable,Deer,1
 Damage Accident,14:23,11/12/2014,Wednesday,Y,Daylight,ONEONTA,REAR END,OTSEGO,Straight and Level,Clear,None,Dry,Not Applicable,"Other Motor Vehicle, Collision With",2
 Damage & Injury Accident,10:46,10/06/2014,Monday,Y,Daylight,NEWBURGH,HEAD ON,ORANGE,Straight and Level,Clear,None,Dry,Not Applicable,"Other Motor Vehicle, Collision With",2
 Damage Accident,8:00,10/14/2014,Tuesday,N,Daylight,HUNTINGTON,Unknown,SUFFOLK,Straight and Level,Clear,None,Dry,Not Applicable,"Other Motor Vehicle, Collision With",2
 Damage Accident,16:04,03/31/2014,Monday,N,Daylight,KINGS,OVERTAKING,KINGS,Straight and Level,Clear,Traffic Signal,Dry,Not Applicable,"Other Motor Vehicle, Collision With",2
 Accident,20:15,10/10/2014,Friday,Y,Dark-Road Lighted,QUEENS,OTHER,QUEENS,Straight and Level,Cloudy,Traffic Signal,Dry,Not Applicable,"Other Object (Not Fixed)*, Collision With",1
 Damage Accident,13:59,12/23/2014,Tuesday,Y,Daylight,ROCHESTER,OVERTAKING,MONROE,Straight and Grade,Cloudy,None,Wet,Not Applicable,"Other Motor Vehicle, Collision With",2
 Damage & Injury Accident,16:20,08/20/2014,Wednesday,Y,Daylight,ISLIP,OTHER,SUFFOLK,Straight and Level,Clear,None,Dry,Not Applicable,"Other Motor Vehicle, Collision With",4
 Damage & Injury Accident,14:50,11/17/2014,Monday,Y,Daylight,QUEENS,OTHER,QUEENS,Curve and Level,Rain,None,Wet,Not Applicable,"Other Motor Vehicle, Collision With",3
 Damage & Injury Accident,19:35,11/18/2014,Tuesday,Y,Dark-Road Lighted,HEMPSTEAD,REAR END,NASSAU,Straight and Level,Clear,None,Dry,Not Applicable,"Other Motor Vehicle, Collision With",2
 Damage Accident,12:40,01/23/2014,Thursday,N,Unknown,KINGS,Unknown,KINGS,Unknown,Unknown,Unknown,Unknown,Not Applicable,"Other Motor Vehicle, Collision With",2
 Accident,19:46,03/12/2014,Wednesday,Y,Dark-Road Lighted,QUEENS,OTHER,QUEENS,Straight and Level,Rain,Traffic Signal,Wet,Not Applicable,"Other Motor Vehicle, Collision With",3
 Damage & Injury Accident,8:01,06/24/2014,Tuesday,Y,Daylight,BROOKHAVEN,Unknown,SUFFOLK,Straight and Level,Clear,Stop Sign,Dry,Not Applicable,"Other Motor Vehicle, Collision With",2
 Accident,19:30,12/20/2014,Saturday,Y,Dark-Road Lighted,QUEENS,REAR END,QUEENS,Straight and Level,Clear,Traffic Signal,Dry,Not Applicable,"Other Motor Vehicle, Collision With",2
 Damage Accident,7:28,12/18/2014,Thursday,Y,Daylight,NORTH HILLS,OTHER,NASSAU,Curve and Grade,Clear,None,Dry,Not Applicable,"Guide Rail - Not At End, Collision With Fixed Object",1
 Damage Accident,6:38,11/18/2014,Tuesday,Y,Dawn,SENNETT,OTHER,CAYUGA,Curve and Grade,Cloudy,No Passing Zone,Wet,Not Applicable,Deer,1
 Damage Accident,12:03,01/08/2014,Wednesday,Y,Daylight,MORAVIA,OTHER,CAYUGA,Straight and Level,Clear,No Passing Zone,Dry,Not Applicable,"Animal, Collision With",1
 Damage & Injury Accident,10:45,01/26/2014,Sunday,Y,Daylight,NEWBURGH,OTHER,ORANGE,Curve and Grade,Clear,None,Wet,Not Applicable,"Other Motor Vehicle, Collision With",2
 Damage Accident,22:30,02/13/2014,Thursday,N,Unknown,RYE,OTHER,WESTCHESTER,Unknown,Unknown,Unknown,Unknown,Not Applicable,"Snow Embankment, Collision With Fixed Object",1
 Damage Accident,7:44,07/25/2014,Friday,Y,Daylight,HENRIETTA,OTHER,MONROE,Straight and Level,Cloudy,None,Dry,Not Applicable,Deer,1
 Damage Accident,10:00,07/08/2014,Tuesday,Y,Daylight,KINGS,Unknown,KINGS,Straight and Level,Clear,None,Dry,Not Applicable,"Other Motor Vehicle, Collision With",2
 Damage Accident,11:49,11/07/2014,Friday,Y,Daylight,GREAT NECK PLAZA,OVERTAKING,NASSAU,Straight and Level,Clear,None,Dry,Not Applicable,"Other Motor Vehicle, Collision With",2
 Damage Accident,0:00,09/15/2014,Monday,N,Unknown,EAST FISHKILL,OTHER,DUTCHESS,Unknown,Unknown,Unknown,Unknown,Not Applicable,"Light Support/Utility Pole, Collision With Fixed Object",1
 Accident,23:35,02/08/2014,Saturday,Y,Dark-Road Unlighted,CLAY,OTHER,ONONDAGA,Curve and Level,Clear,None,Dry,Not Applicable,"Snow Embankment, Collision With Fixed Object",1
 Damage Accident,5:15,12/02/2014,Tuesday,Y,Dark-Road Unlighted,WORCESTER,OTHER,OTSEGO,Straight and Level,Cloudy,None,Dry,Not Applicable,"Animal, Collision With",1
 Damage Accident,21:34,01/15/2014,Wednesday,Y,Dark-Road Unlighted,PHELPS,OTHER,ONTARIO,Curve and Grade,Cloudy,No Passing Zone,Dry,Not Applicable,Deer,1
 Damage & Injury Accident,9:30,08/25/2014,Monday,Y,Daylight,LATTINGTOWN,REAR END,NASSAU,Straight and Level,Clear,Traffic Signal,Dry,Not Applicable,"Other Motor Vehicle, Collision With",2
 Damage & Injury Accident,17:16,02/20/2014,Thursday,Y,Daylight,TORREY,OTHER,YATES,Straight and Grade,Sleet/Hail/Freezing Rain,No Passing Zone,Slush,Not Applicable,"Guide Rail - Not At End, Collision With Fixed Object",1
 Damage Accident,20:30,12/30/2014,Tuesday,Y,Dark-Road Unlighted,BROOKHAVEN,OVERTAKING,SUFFOLK,Straight and Level,Clear,None,Dry,Not Applicable,"Other Motor Vehicle, Collision With",2
 Damage Accident,20:00,08/24/2014,Sunday,Y,Dark-Road Lighted,ORCHARD PARK,LEFT TURN (3),ERIE,Straight and Level,Clear,Traffic Signal,Dry,Not Applicable,"Other Motor Vehicle, Collision With",2
 Damage & Injury Accident,20:59,07/29/2014,Tuesday,Y,Dark-Road Lighted,ALBANY,RIGHT ANGLE,ALBANY,Straight and Level,Clear,Traffic Signal,Dry,Not Applicable,"Other Motor Vehicle, Collision With",2
 Accident,17:12,11/25/2014,Tuesday,Y,Dark-Road Lighted,TROY,REAR END,RENSSELAER,Straight and Level,Clear,None,Dry,Not Applicable,"Other Motor Vehicle, Collision With",2
 Accident,16:54,12/18/2014,Thursday,Y,Dark-Road Lighted,HENRIETTA,OTHER,MONROE,Straight and Level,Rain,Traffic Signal,Wet,Not Applicable,"Other Motor Vehicle, Collision With",3
 Damage Accident,10:42,11/18/2014,Tuesday,Y,Daylight,EAST FISHKILL,OVERTAKING,DUTCHESS,Straight and Level,Cloudy,None,Dry,Not Applicable,"Other Motor Vehicle, Collision With",2
 Damage Accident,20:30,02/14/2014,Friday,Y,Dark-Road Lighted,KINGSTON,OVERTAKING,ULSTER,Straight and Grade,Clear,None,Wet,Not Applicable,"Other Motor Vehicle, Collision With",2
 Damage Accident,21:32,07/19/2014,Saturday,Y,Dark-Road Lighted,OSWEGO,OVERTAKING,OSWEGO,Straight and Level,Rain,None,Wet,Not Applicable,"Other Motor Vehicle, Collision With",2
 Damage Accident,15:52,11/10/2014,Monday,Y,Daylight,OSWEGO,LEFT TURN (3),OSWEGO,Straight and Level,Clear,Traffic Signal,Dry,Not Applicable,"Other Motor Vehicle, Collision With",2
 Damage & Injury Accident,17:21,08/20/2014,Wednesday,Y,Daylight,LAKE SUCCESS,REAR END,NASSAU,Straight and Level,Clear,None,Dry,Not Applicable,"Other Motor Vehicle, Collision With",2
 Damage Accident,15:15,07/02/2014,Wednesday,Y,Daylight,VALLEY STREAM,RIGHT ANGLE,NASSAU,Straight and Level,Clear,Traffic Signal,Dry,Not Applicable,"Other Motor Vehicle, Collision With",2
 Damage Accident,10:00,06/13/2014,Friday,N,Unknown,,OTHER,ORANGE,Unknown,Unknown,Unknown,Unknown,Not Applicable,"Other Fixed Object*, Collision With Fixed Object",1
 Damage Accident,21:07,09/27/2014,Saturday,Y,Dark-Road Unlighted,SHAWANGUNK,OTHER,ULSTER,Straight and Level,Clear,None,Dry,Not Applicable,Deer,1
 Damage & Injury Accident,12:30,08/29/2014,Friday,Y,Daylight,ELLENVILLE,OTHER,ULSTER,Straight and Level,Clear,None,Dry,Not Applicable,"Other Motor Vehicle, Collision With",3
 Damage Accident,14:10,09/22/2014,Monday,Y,Daylight,PINE PLAINS,OVERTAKING,DUTCHESS,Straight and Level,Clear,None,Dry,Not Applicable,"Other Motor Vehicle, Collision With",2
 Accident,11:20,08/26/2014,Tuesday,N,Daylight,NORTH GREENBUSH,REAR END,RENSSELAER,Straight and Level,Clear,None,Dry,Not Applicable,"Other Motor Vehicle, Collision With",2
 Damage Accident,0:00,01/06/2014,Monday,N,Unknown,TROY,Unknown,RENSSELAER,Unknown,Unknown,Unknown,Unknown,Not Applicable,"Other Motor Vehicle, Collision With",2
 Damage Accident,21:30,04/05/2014,Saturday,N,Unknown,ROSENDALE,OTHER,ULSTER,Unknown,Unknown,Unknown,Unknown,Not Applicable,Deer,1
 Damage Accident,17:25,07/25/2014,Friday,Y,Daylight,UTICA,OTHER,ONEIDA,Straight and Grade,Clear,None,Dry,Not Applicable,"Other Motor Vehicle, Collision With",3
 Damage Accident,17:50,10/22/2014,Wednesday,Y,Dark-Road Unlighted,ISLIP,OTHER,SUFFOLK,Straight and Level,Rain,None,Wet,Not Applicable,"Fence, Collision With Fixed Object",1
 Damage Accident,11:13,02/05/2014,Wednesday,Y,Daylight,GREENBURGH,OVERTAKING,WESTCHESTER,Straight and Level,Rain,None,Snow/Ice,Not Applicable,"Other Motor Vehicle, Collision With",2
 Damage Accident,16:00,09/19/2014,Friday,Y,Daylight,MEXICO,OTHER,OSWEGO,Straight and Grade,Clear,No Passing Zone,Dry,Not Applicable,"Building/Wall, Collision With Fixed Object",1
 Damage & Injury Accident,10:00,04/26/2014,Saturday,Y,Daylight,QUEENS,REAR END,QUEENS,Straight and Level,Clear,Traffic Signal,Dry,Not Applicable,"Other Motor Vehicle, Collision With",2
 Damage Accident,12:38,05/08/2014,Thursday,Y,Daylight,WEST SENECA,REAR END,ERIE,Curve and Grade,Cloudy,None,Dry,Not Applicable,"Other Motor Vehicle, Collision With",2
 Damage Accident,22:44,09/26/2014,Friday,Y,Dark-Road Lighted,DEPEW,RIGHT ANGLE,ERIE,Straight and Level,Clear,Stop Sign,Dry,Not Applicable,"Other Motor Vehicle, Collision With",2
 Damage & Injury Accident,17:25,10/02/2014,Thursday,Y,Daylight,ELMSFORD,OTHER,WESTCHESTER,Curve and Level,Clear,None,Dry,Not Applicable,"Earth Embankment/Rock Cut/Ditch, Collision With Fixed Object",1
 Damage Accident,16:07,11/06/2014,Thursday,Y,Dusk,WOODSTOCK,REAR END,ULSTER,Straight and Level,Rain,None,Wet,Not Applicable,"Other Motor Vehicle, Collision With",2
 Damage & Injury Accident,13:31,03/08/2014,Saturday,Y,Daylight,COLONIE,LEFT TURN (0),ALBANY,Straight and Level,Clear,Stop Sign,Dry,Not Applicable,"Other Motor Vehicle, Collision With",2
 Damage Accident,16:28,09/30/2014,Tuesday,Y,Daylight,RHINEBECK,REAR END,DUTCHESS,Straight and Grade,Cloudy,No Passing Zone,Wet,Not Applicable,"Other Motor Vehicle, Collision With",2
 Damage Accident,1:06,04/16/2014,Wednesday,Y,Dark-Road Unlighted,CANAAN,HEAD ON,COLUMBIA,Straight at Hill Crest,Snow,None,Snow/Ice,Not Applicable,"Other Motor Vehicle, Collision With",2
 Damage & Injury Accident,17:30,06/21/2014,Saturday,Y,Daylight,OYSTER BAY,RIGHT TURN (5),NASSAU,Straight and Level,Clear,None,Dry,Not Applicable,"Other Motor Vehicle, Collision With",2
 Damage Accident,20:05,10/06/2014,Monday,Y,Dark-Road Lighted,NEW YORK,OVERTAKING,NEW YORK,Straight and Level,Clear,Traffic Signal,Dry,Not Applicable,"Other Motor Vehicle, Collision With",2
 Damage Accident,0:00,08/25/2014,Monday,N,Unknown,,OTHER,NASSAU,Unknown,Unknown,Unknown,Unknown,Not Applicable,"Other Fixed Object*, Collision With Fixed Object",1
 Damage Accident,11:30,09/18/2014,Thursday,Y,Daylight,NORTH HEMPSTEAD,RIGHT ANGLE,NASSAU,Straight and Level,Clear,None,Dry,Not Applicable,"Other Motor Vehicle, Collision With",2
 Damage Accident,18:00,11/19/2014,Wednesday,Y,Dark-Road Unlighted,BURLINGTON,OTHER,OTSEGO,Curve and Grade,Clear,None,Dry,Not Applicable,Deer,1
 Accident,15:46,04/30/2014,Wednesday,Y,Daylight,NORTH HEMPSTEAD,REAR END,NASSAU,Straight and Level,Rain,Traffic Signal,Wet,Not Applicable,"Other Motor Vehicle, Collision With",2
 Accident,23:00,06/12/2014,Thursday,Y,Dark-Road Lighted,BRONX,OTHER,BRONX,Curve at Hill Crest,Rain,None,Wet,Not Applicable,"Curbing, Collision With Fixed Object",1
 Damage & Injury Accident,14:12,02/14/2014,Friday,Y,Daylight,POUGHKEEPSIE,RIGHT ANGLE,DUTCHESS,Straight and Level,Clear,Stop Sign,Snow/Ice,Not Applicable,"Other Motor Vehicle, Collision With",2
 Damage Accident,19:20,05/17/2014,Saturday,Y,Daylight,ROCHESTER,RIGHT ANGLE,MONROE,Straight and Level,Clear,Stop Sign,Dry,Not Applicable,"Other Motor Vehicle, Collision With",2
 Damage Accident,15:00,12/01/2014,Monday,Y,Daylight,WHITESTOWN,OTHER,ONEIDA,Straight and Level,Cloudy,None,Dry,Not Applicable,"Animal, Collision With",1
 Damage & Injury Accident,18:56,01/05/2014,Sunday,Y,Dark-Road Unlighted,SHAWANGUNK,OTHER,ULSTER,Curve and Grade,Sleet/Hail/Freezing Rain,None,Snow/Ice,Not Applicable,"Tree, Collision With Fixed Object",1
 Damage Accident,19:15,02/24/2014,Monday,N,Dark-Road Lighted,NEW YORK,OVERTAKING,NEW YORK,Straight and Level,Clear,Traffic Signal,Dry,Not Applicable,"Other Motor Vehicle, Collision With",2
 Accident,19:03,06/19/2014,Thursday,Y,Daylight,NEW YORK,OTHER,NEW YORK,Straight and Level,Clear,None,Dry,Riding/Walking/Skating Along Highway With Traffic,"Bicyclist, Collision With",1
 Damage & Injury Accident,7:55,06/09/2014,Monday,Y,Daylight,QUEENS,Unknown,QUEENS,Straight and Level,Rain,None,Wet,Not Applicable,"Other Motor Vehicle, Collision With",2
 Damage Accident,8:10,05/05/2014,Monday,Y,Daylight,HUNTINGTON,Unknown,SUFFOLK,Straight and Level,Clear,Stop Sign,Dry,Not Applicable,"Other Motor Vehicle, Collision With",2
 Damage & Injury Accident,8:30,12/21/2014,Sunday,Y,Daylight,DEWITT,OTHER,ONONDAGA,Curve and Grade,Cloudy,None,Wet,Not Applicable,"Guide Rail - Not At End, Collision With Fixed Object",1
 Damage Accident,18:46,03/20/2014,Thursday,Y,Daylight,CICERO,OTHER,ONONDAGA,Straight and Level,Sleet/Hail/Freezing Rain,None,Snow/Ice,Not Applicable,"Earth Embankment/Rock Cut/Ditch, Collision With Fixed Object",1
 Damage & Injury Accident,17:40,06/20/2014,Friday,Y,Daylight,WAPPINGER FALLS,REAR END,DUTCHESS,Straight and Level,Clear,None,Dry,Not Applicable,"Other Motor Vehicle, Collision With",2
 Damage Accident,4:45,01/18/2014,Saturday,Y,Dark-Road Lighted,KINGS,OTHER,KINGS,Straight and Level,Clear,None,Dry,Not Applicable,"Other Motor Vehicle, Collision With",4
 Damage & Injury Accident,15:00,10/17/2014,Friday,Y,Daylight,BUFFALO,RIGHT ANGLE,ERIE,Straight and Level,Cloudy,Stop Sign,Dry,Not Applicable,"Other Motor Vehicle, Collision With",2
 Damage Accident,18:00,12/08/2014,Monday,N,Dark-Road Lighted,RICHMOND,Unknown,RICHMOND,Curve and Grade,Clear,Traffic Signal,Dry,Not Applicable,"Other Motor Vehicle, Collision With",2
 Damage Accident,22:30,11/26/2014,Wednesday,N,Dark-Road Unlighted,BRIARCLIFF MANOR,OTHER,WESTCHESTER,Straight and Grade,Sleet/Hail/Freezing Rain,None,Snow/Ice,Not Applicable,"Guide Rail - Not At End, Collision With Fixed Object",1
 Damage & Injury Accident,10:41,11/18/2014,Tuesday,Y,Daylight,NEW PALTZ,REAR END,ULSTER,Straight and Level,Clear,Traffic Signal,Dry,Not Applicable,"Other Motor Vehicle, Collision With",2
 Damage Accident,8:14,10/30/2014,Thursday,Y,Daylight,CHILI,RIGHT ANGLE,MONROE,Straight and Level,Clear,Stop Sign,Dry,Not Applicable,"Other Motor Vehicle, Collision With",2
 Damage Accident,13:22,09/04/2014,Thursday,Y,Daylight,ORANGETOWN,LEFT TURN (3),ROCKLAND,Straight and Level,Clear,None,Dry,Not Applicable,"Other Motor Vehicle, Collision With",2
 Damage Accident,11:00,11/05/2014,Wednesday,N,Daylight,KINGS,Unknown,KINGS,Straight and Level,Clear,Unknown,Dry,Not Applicable,"Other Motor Vehicle, Collision With",2
 Damage Accident,0:00,11/21/2014,Friday,N,Daylight,RICHMOND,Unknown,RICHMOND,Straight and Level,Clear,None,Dry,Not Applicable,"Other Motor Vehicle, Collision With",2
 Damage Accident,15:05,07/15/2014,Tuesday,Y,Daylight,MALONE,RIGHT TURN (6),FRANKLIN,Straight and Level,Clear,Stop Sign,Dry,Not Applicable,"Other Motor Vehicle, Collision With",2
 Damage Accident,20:30,04/18/2014,Friday,N,Dark-Road Unlighted,POUND RIDGE,OTHER,WESTCHESTER,Straight and Grade,Cloudy,None,Dry,Not Applicable,Deer,1
 Damage Accident,13:30,09/28/2014,Sunday,Y,Daylight,RICHMOND,Unknown,RICHMOND,Straight and Level,Clear,Construction Work Area,Dry,Not Applicable,"Other Motor Vehicle, Collision With",2
 Accident,21:05,10/22/2014,Wednesday,N,Unknown,KINGS,Unknown,KINGS,Unknown,Unknown,Unknown,Unknown,Not Applicable,"Other Motor Vehicle, Collision With",2
 Damage & Injury Accident,16:44,07/04/2014,Friday,Y,Daylight,BROOKHAVEN,OTHER,SUFFOLK,Curve and Level,Rain,None,Wet,Not Applicable,"Guide Rail - Not At End, Collision With Fixed Object",1
 Accident,23:42,02/15/2014,Saturday,Y,Dark-Road Lighted,BATH,OTHER,STEUBEN,Straight and Level,Clear,None,Dry,Other Actions in Roadway,"Pedestrian, Collision With",1
 Damage Accident,10:45,12/24/2014,Wednesday,Y,Daylight,OYSTER BAY,REAR END,NASSAU,Straight and Level,Rain,Stop Sign,Wet,Not Applicable,"Other Motor Vehicle, Collision With",2
 Accident,17:20,11/23/2014,Sunday,Y,Dusk,BROOKHAVEN,OTHER,SUFFOLK,Curve and Grade,Clear,None,Dry,Not Applicable,"Fence, Collision With Fixed Object",1
 Accident,10:23,02/03/2014,Monday,Y,Daylight,NEW YORK,OTHER,NEW YORK,Straight and Level,Snow,Traffic Signal,Snow/Ice,"Crossing, With Signal","Pedestrian, Collision With",1
 Damage Accident,10:18,07/21/2014,Monday,Y,Daylight,ROCHESTER,RIGHT ANGLE,MONROE,Straight and Level,Clear,Traffic Signal,Dry,Not Applicable,"Other Motor Vehicle, Collision With",2
 Damage Accident,19:30,03/06/2014,Thursday,N,Dark-Road Unlighted,RHINEBECK,OTHER,DUTCHESS,Straight and Grade,Clear,None,Dry,Not Applicable,Deer,1
 Damage Accident,20:00,10/27/2014,Monday,Y,Dark-Road Lighted,BOSTON,OTHER,ERIE,Straight and Level,Cloudy,None,Dry,Not Applicable,Deer,1
 Damage Accident,11:04,01/24/2014,Friday,Y,Daylight,FLORAL PARK,REAR END,NASSAU,Straight and Level,Clear,None,Wet,Not Applicable,"Other Motor Vehicle, Collision With",2
 Damage Accident,13:42,12/15/2014,Monday,Y,Daylight,WHITE PLAINS,RIGHT ANGLE,WESTCHESTER,Straight and Level,Clear,Construction Work Area,Dry,Not Applicable,"Other Motor Vehicle, Collision With",2
 Accident,10:20,01/21/2014,Tuesday,Y,Daylight,HUNTINGTON,OTHER,SUFFOLK,Curve at Hill Crest,Snow,None,Snow/Ice,Not Applicable,"Guide Rail - Not At End, Collision With Fixed Object",1
 Damage Accident,5:50,04/22/2014,Tuesday,Y,Dark-Road Unlighted,AVON,OTHER,LIVINGSTON,Straight and Level,Cloudy,None,Dry,Not Applicable,Deer,1
 Damage Accident,6:49,12/08/2014,Monday,Y,Daylight,ISLIP,RIGHT ANGLE,SUFFOLK,Straight and Level,Cloudy,None,Dry,Not Applicable,"Other Motor Vehicle, Collision With",2
 Accident,19:26,04/13/2014,Sunday,Y,Dusk,ROCHESTER,OTHER,MONROE,Straight and Level,Clear,None,Dry,Not Applicable,"Earth Embankment/Rock Cut/Ditch, Collision With Fixed Object",1
 Damage & Injury Accident,14:33,03/19/2014,Wednesday,Y,Daylight,JOHNSTOWN,RIGHT ANGLE,FULTON,Straight and Grade,Cloudy,None,Dry,Not Applicable,"Other Motor Vehicle, Collision With",2
 Damage Accident,20:36,10/24/2014,Friday,Y,Dark-Road Lighted,HUNTINGTON,OTHER,SUFFOLK,Straight and Grade,Clear,None,Dry,Not Applicable,"Sign Post, Collision With Fixed Object",3
 Damage Accident,8:25,05/21/2014,Wednesday,Y,Daylight,NORTH HILLS,REAR END,NASSAU,Straight and Level,Clear,None,Dry,Not Applicable,"Other Motor Vehicle, Collision With",2
 Damage Accident,17:02,05/10/2014,Saturday,Y,Daylight,CHESTERFIELD,RIGHT ANGLE,ESSEX,Straight and Grade,Clear,Stop Sign,Dry,Not Applicable,"Other Motor Vehicle, Collision With",2
 Accident,10:30,11/24/2014,Monday,Y,Daylight,KINGS,Unknown,KINGS,Straight and Level,Cloudy,None,Wet,Not Applicable,"Other Motor Vehicle, Collision With",2