 Descriptor,Time,Date,Day of Week,Police Report,Lighting Conditions,Municipality,Collision Type Descriptor,County Name,Road Descriptor,Weather Conditions,Traffic Control Device,Road Surface Conditions,Pedestrian Bicyclist Action,Event Descriptor,Number of Vehicles Involved
 Damage Accident,8:56,02/04/2014,Tuesday,Y,Daylight,HEMPSTEAD,OVERTAKING,NASSAU,Straight and Level,Clear,None,Wet,Not Applicable,"Other Motor Vehicle, Collision With",2
 Accident,11:20,06/06/2014,Friday,Y,Daylight,QUEENS,OTHER,QUEENS,Straight and Level,Clear,None,Dry,Not Applicable,"Guide Rail - End, Collision With Fixed Object",1
 Damage & Injury Accident,7:52,05/27/2014,Tuesday,Y,Daylight,BRONX,REAR END,BRONX,Straight and Level,Clear,Not Applicable,Dry,Not Applicable,"Other Motor Vehicle, Collision With",2
 Damage Accident,20:45,02/18/2014,Tuesday,N,Dark-Road Lighted,MOUNT PLEASANT,OTHER,WESTCHESTER,Straight and Level,Other*,None,Dry,Not Applicable,Deer,1
 Accident,9:30,04/26/2014,Saturday,Y,Daylight,QUEENS,OTHER,QUEENS,Straight and Level,Cloudy,Stop Sign,Wet,Not Applicable,"Fence, Collision With Fixed Object",1
 Damage Accident,0:00,01/25/2014,Saturday,N,Daylight,LOCKPORT,OTHER,NIAGARA,Curve and Grade,Snow,Unknown,Snow/Ice,Not Applicable,"Earth Embankment/Rock Cut/Ditch, Collision With Fixed Object",1
 Damage & Injury Accident,0:38,06/13/2014,Friday,Y,Dark-Road Lighted,MAMARONECK,OTHER,WESTCHESTER,Curve and Grade,Rain,None,Wet,Not Applicable,"Light Support/Utility Pole, Collision With Fixed Object",1
 Damage Accident,0:00,11/18/2014,Tuesday,N,Unknown,AMHERST,REAR END,ERIE,Unknown,Unknown,Unknown,Unknown,Not Applicable,"Other Motor Vehicle, Collision With",2
 Damage Accident,21:03,09/14/2014,Sunday,Y,Dark-Road Unlighted,BROOKHAVEN,OTHER,SUFFOLK,Straight and Level,Clear,Stop Sign,Dry,Not Applicable,"Fence, Collision With Fixed Object",1
 Damage Accident,7:13,10/28/2014,Tuesday,Y,Daylight,BROOKHAVEN,OTHER,SUFFOLK,Straight and Level,Clear,None,Dry,Not Applicable,"Other Motor Vehicle, Collision With",3
 Accident,11:10,10/14/2014,Tuesday,Y,Daylight,RICHMOND,REAR END,RICHMOND,Straight and Level,Clear,Stop Sign,Dry,Not Applicable,"Other Motor Vehicle, Collision With",2
 Damage Accident,9:30,03/31/2014,Monday,Y,Daylight,BROOKHAVEN,REAR END,SUFFOLK,Straight and Level,Snow,None,Snow/Ice,Not Applicable,"Other Motor Vehicle, Collision With",2
 Damage & Injury Accident,6:55,11/22/2014,Saturday,Y,Daylight,OYSTER BAY,LEFT TURN (0),NASSAU,Straight and Level,Clear,None,Dry,Not Applicable,"Other Motor Vehicle, Collision With",2
 Damage Accident,9:40,06/20/2014,Friday,Y,Daylight,ISLIP,OTHER,SUFFOLK,Straight and Level,Clear,Stop Sign,Dry,Not Applicable,"Other Motor Vehicle, Collision With",3
 Damage Accident,13:21,09/06/2014,Saturday,Y,Daylight,WEBSTER,OTHER,MONROE,Straight and Grade,Cloudy,None,Dry,Not Applicable,"Light Support/Utility Pole, Collision With Fixed Object",1
 Damage Accident,21:37,09/21/2014,Sunday,Y,Dark-Road Unlighted,KIRKWOOD,OTHER,BROOME,Straight and Grade,Rain,None,Wet,Not Applicable,"Guide Rail - Not At End, Collision With Fixed Object",1
 Accident,16:00,08/24/2014,Sunday,Y,Daylight,QUEENS,RIGHT ANGLE,QUEENS,Straight and Level,Clear,Stop Sign,Dry,Not Applicable,"Other Motor Vehicle, Collision With",2
 Damage Accident,6:34,09/25/2014,Thursday,Y,Dawn,SENNETT,OTHER,CAYUGA,Straight and Level,Clear,No Passing Zone,Dry,Not Applicable,Deer,1
 Damage & Injury Accident,13:24,12/17/2014,Wednesday,Y,Daylight,SYRACUSE,RIGHT ANGLE,ONONDAGA,Straight and Level,Cloudy,Stop Sign,Other,Not Applicable,"Other Motor Vehicle, Collision With",2
 Accident,1:55,03/24/2014,Monday,Y,Dark-Road Lighted,QUEENS,OTHER,QUEENS,Straight and Level,Clear,None,Dry,Not Applicable,"Median - Not At End, Collision With Fixed Object",1
 Accident,17:20,01/08/2014,Wednesday,Y,Dusk,BRONX,OTHER,BRONX,Straight and Level,Clear,None,Dry,Unknown,"Pedestrian, Collision With",1
 Damage Accident,11:40,08/06/2014,Wednesday,Y,Daylight,NEW YORK,OVERTAKING,NEW YORK,Straight and Level,Clear,Traffic Signal,Dry,Not Applicable,"Other Motor Vehicle, Collision With",2
 Damage Accident,16:30,09/21/2014,Sunday,Y,Daylight,DUANESBURG,Unknown,SCHENECTADY,Straight and Level,Clear,None,Dry,Not Applicable,"Other Motor Vehicle, Collision With",2
 Damage & Injury Accident,13:17,02/02/2014,Sunday,Y,Daylight,BELFAST,OTHER,ALLEGANY,Straight and Level,Cloudy,No Passing Zone,Wet,Not Applicable,"Earth Embankment/Rock Cut/Ditch, Collision With Fixed Object",1
 Damage & Injury Accident,13:50,07/20/2014,Sunday,Y,Daylight,PIERREPONT,RIGHT ANGLE,ST. LAWRENCE,Straight and Level,Clear,Stop Sign,Dry,Not Applicable,"Other Motor Vehicle, Collision With",2
 Accident,9:00,12/03/2014,Wednesday,Y,Daylight,SOUTHEAST,OVERTAKING,PUTNAM,Straight and Level,Rain,None,Wet,Not Applicable,"Other Motor Vehicle, Collision With",2
 Damage & Injury Accident,16:39,02/26/2014,Wednesday,Y,Daylight,PIERREPONT,HEAD ON,ST. LAWRENCE,Straight and Level,Clear,None,Dry,Not Applicable,"Other Motor Vehicle, Collision With",2
 Accident,15:11,09/22/2014,Monday,Y,Daylight,BATAVIA,OTHER,GENESEE,Straight and Level,Cloudy,None,Dry,"Crossing, No Signal or Crosswalk","Pedestrian, Collision With",1
 Accident,16:00,11/30/2014,Sunday,Y,Dark-Road Lighted,KINGS,LEFT TURN (3),KINGS,Straight and Level,Clear,Traffic Signal,Dry,Not Applicable,"Other Motor Vehicle, Collision With",2
 Accident,13:53,09/20/2014,Saturday,Y,Daylight,ELIZABETHTOWN,OTHER,ESSEX,Curve and Grade,Cloudy,No Passing Zone,Dry,Not Applicable,"Earth Embankment/Rock Cut/Ditch, Collision With Fixed Object",1
 Damage Accident,7:10,07/08/2014,Tuesday,Y,Daylight,BROOKHAVEN,REAR END,SUFFOLK,Straight and Grade,Clear,None,Dry,Not Applicable,"Other Motor Vehicle, Collision With",2
 Damage Accident,11:15,01/25/2014,Saturday,Y,Daylight,NEW YORK,REAR END,NEW YORK,Straight and Level,Cloudy,Traffic Signal,Dry,Not Applicable,"Other Motor Vehicle, Collision With",2
 Damage & Injury Accident,11:34,04/12/2014,Saturday,Y,Daylight,BABYLON,RIGHT ANGLE,SUFFOLK,Straight and Level,Clear,Stop Sign,Dry,Not Applicable,"Other Motor Vehicle, Collision With",2
 Damage Accident,11:51,05/31/2014,Saturday,Y,Daylight,ROCHESTER,OVERTAKING,MONROE,Straight and Level,Clear,None,Dry,Not Applicable,"Other Motor Vehicle, Collision With",2
 Accident,18:00,04/27/2014,Sunday,Y,Daylight,QUEENS,REAR END,QUEENS,Straight and Level,Clear,None,Dry,Not Applicable,"Other Motor Vehicle, Collision With",2
 Damage Accident,18:00,10/05/2014,Sunday,N,Unknown,KINGS,REAR END,KINGS,Unknown,Unknown,Unknown,Unknown,Not Applicable,"Other Motor Vehicle, Collision With",2
 Damage Accident,14:53,11/18/2014,Tuesday,Y,Daylight,SOUTHAMPTON,REAR END,SUFFOLK,Straight and Level,Clear,Traffic Signal,Dry,Not Applicable,"Other Motor Vehicle, Collision With",2
 Accident,12:05,05/08/2014,Thursday,Y,Daylight,QUEENS,RIGHT ANGLE,QUEENS,Straight and Level,Rain,Traffic Signal,Wet,Not Applicable,"Other Motor Vehicle, Collision With",2
 Damage Accident,11:30,09/26/2014,Friday,Y,Daylight,NORTH CASTLE,REAR END,WESTCHESTER,Straight and Level,Clear,Traffic Signal,Dry,Not Applicable,"Other Motor Vehicle, Collision With",2
 Accident,19:50,03/27/2014,Thursday,Y,Dark-Road Lighted,QUEENS,REAR END,QUEENS,Straight and Level,Clear,Traffic Signal,Dry,Not Applicable,"Other Motor Vehicle, Collision With",2
 Damage Accident,13:07,07/29/2014,Tuesday,Y,Daylight,BUFFALO,RIGHT ANGLE,ERIE,Straight and Level,Clear,Traffic Signal,Dry,Not Applicable,"Other Motor Vehicle, Collision With",2
 Damage Accident,10:05,03/19/2014,Wednesday,Y,Daylight,RAMAPO,REAR END,ROCKLAND,Curve and Level,Cloudy,Yield Sign,Dry,Not Applicable,"Other Motor Vehicle, Collision With",2
 Damage Accident,6:35,05/05/2014,Monday,Y,Daylight,QUEENS,OTHER,QUEENS,Straight and Level,Clear,Traffic Signal,Dry,Not Applicable,"Other Motor Vehicle, Collision With",3
 Accident,16:40,01/21/2014,Tuesday,N,Unknown,QUEENS,REAR END,QUEENS,Unknown,Unknown,Unknown,Unknown,Not Applicable,"Other Motor Vehicle, Collision With",2
 Accident,17:30,05/13/2014,Tuesday,Y,Daylight,QUEENS,OTHER,QUEENS,Curve and Grade,Clear,None,Dry,Not Applicable,"Other Motor Vehicle, Collision With",4
 Damage Accident,0:00,04/26/2014,Saturday,N,Unknown,HUNTINGTON,Unknown,SUFFOLK,Unknown,Unknown,Unknown,Unknown,Not Applicable,"Other Motor Vehicle, Collision With",2
 Damage Accident,11:10,10/05/2014,Sunday,Y,Daylight,ISLIP,OVERTAKING,SUFFOLK,Straight and Level,Clear,None,Dry,Not Applicable,"Other Motor Vehicle, Collision With",2
 Damage & Injury Accident,9:45,11/21/2014,Friday,Y,Daylight,SYRACUSE,OTHER,ONONDAGA,Straight and Grade,Snow,Traffic Signal,Snow/Ice,Not Applicable,"Other Motor Vehicle, Collision With",3
 Damage & Injury Accident,9:43,01/24/2014,Friday,Y,Daylight,WEST MONROE,LEFT TURN (3),OSWEGO,Straight and Level,Clear,None,Snow/Ice,Not Applicable,"Other Motor Vehicle, Collision With",2
 Accident,20:12,09/10/2014,Wednesday,Y,Dark-Road Lighted,NEW YORK,Unknown,NEW YORK,Curve and Grade,Clear,None,Dry,Not Applicable,"Other Motor Vehicle, Collision With",2
 Damage Accident,7:50,02/18/2014,Tuesday,Y,Daylight,FARMINGDALE,OTHER,NASSAU,Straight and Level,Snow,None,Snow/Ice,Not Applicable,"Other Motor Vehicle, Collision With",3
 Damage Accident,23:00,02/21/2014,Friday,Y,Dark-Road Lighted,MINEOLA,HEAD ON,NASSAU,Straight and Level,Cloudy,None,Wet,Not Applicable,"Other Motor Vehicle, Collision With",2
 Accident,6:30,09/10/2014,Wednesday,Y,Dawn,NEWBURGH,REAR END,ORANGE,Straight and Level,Clear,Traffic Signal,Dry,Not Applicable,"Other Motor Vehicle, Collision With",2
 Accident,20:35,03/04/2014,Tuesday,Y,Dark-Road Lighted,BROOKHAVEN,OTHER,SUFFOLK,Straight and Level,Cloudy,None,Dry,Not Applicable,"Other*, Non-Collision",1
 Damage Accident,3:05,03/14/2014,Friday,Y,Dark-Road Unlighted,VAN BUREN,OTHER,ONONDAGA,Straight at Hill Crest,Clear,None,Dry,Not Applicable,Deer,1
 Accident,12:30,01/08/2014,Wednesday,Y,Daylight,HANOVER,OTHER,CHAUTAUQUA,Curve and Grade,Clear,None,Snow/Ice,Not Applicable,"Snow Embankment, Collision With Fixed Object",1
 Damage Accident,17:55,08/31/2014,Sunday,Y,Daylight,CORNWALL,OTHER,ORANGE,Straight and Level,Rain,Unknown,Wet,Not Applicable,Deer,1
 Accident,11:18,09/16/2014,Tuesday,Y,Daylight,HUNTINGTON,REAR END,SUFFOLK,Straight and Level,Rain,Stop Sign,Dry,Not Applicable,"Other Motor Vehicle, Collision With",2
 Damage Accident,18:28,07/18/2014,Friday,Y,Daylight,RIVERHEAD,REAR END,SUFFOLK,Curve and Level,Clear,Yield Sign,Dry,Not Applicable,"Other Motor Vehicle, Collision With",2
 Accident,12:33,05/18/2014,Sunday,Y,Daylight,QUEENS,LEFT TURN (0),QUEENS,Straight and Level,Clear,Traffic Signal,Dry,Not Applicable,"Other Motor Vehicle, Collision With",2
 Damage Accident,11:02,08/17/2014,Sunday,Y,Daylight,GUILDERLAND,REAR END,ALBANY,Straight and Grade,Cloudy,No Passing Zone,Wet,Not Applicable,"Other Motor Vehicle, Collision With",2
 Damage Accident,15:45,03/24/2014,Monday,N,Unknown,EAST AURORA,REAR END,ERIE,Unknown,Unknown,Unknown,Unknown,Not Applicable,"Other Motor Vehicle, Collision With",2
 Damage & Injury Accident,12:14,01/31/2014,Friday,Y,Daylight,LA GRANGE,RIGHT ANGLE,DUTCHESS,Straight and Level,Clear,Traffic Signal,Dry,Not Applicable,"Other Motor Vehicle, Collision With",2
 Accident,7:30,05/30/2014,Friday,Y,Daylight,QUEENS,OTHER,QUEENS,Straight and Level,Clear,None,Dry,Riding/Walking/Skating Along Highway With Traffic,"Bicyclist, Collision With",1
 Accident,10:00,04/01/2014,Tuesday,Y,Daylight,NEW YORK,OTHER,NEW YORK,Straight at Hill Crest,Clear,Traffic Signal,Dry,"Crossing, With Signal","Bicyclist, Collision With",1
 Damage Accident,17:30,03/26/2014,Wednesday,Y,Daylight,QUEENS,RIGHT ANGLE,QUEENS,Straight and Level,Clear,Stop Sign,Dry,Not Applicable,"Other Motor Vehicle, Collision With",2
 Damage & Injury Accident,13:49,10/18/2014,Saturday,Y,Daylight,KINGS,REAR END,KINGS,Straight and Level,Clear,None,Dry,Not Applicable,"Other Motor Vehicle, Collision With",2
 Damage Accident,5:00,10/18/2014,Saturday,Y,Dark-Road Unlighted,ALABAMA,OTHER,GENESEE,Straight and Level,Clear,None,Dry,Not Applicable,Deer,1
 Damage Accident,13:30,03/17/2014,Monday,N,Unknown,LARCHMONT,Unknown,WESTCHESTER,Unknown,Unknown,Unknown,Unknown,Not Applicable,"Other Motor Vehicle, Collision With",2
 Damage Accident,14:13,05/23/2014,Friday,Y,Daylight,HEMPSTEAD,REAR END,NASSAU,Curve and Grade,Rain,Stop Sign,Wet,Not Applicable,"Other Motor Vehicle, Collision With",2
 Damage Accident,15:22,12/31/2014,Wednesday,Y,Daylight,ORCHARD PARK,REAR END,ERIE,Curve and Level,Snow,None,Snow/Ice,Not Applicable,"Other Motor Vehicle, Collision With",2
 Damage Accident,4:31,12/07/2014,Sunday,Y,Dark-Road Lighted,KINGSTON,OTHER,ULSTER,Straight and Level,Cloudy,None,Wet,Not Applicable,"Tree, Collision With Fixed Object",1
 Damage Accident,16:43,06/12/2014,Thursday,Y,Daylight,BABYLON,OVERTAKING,SUFFOLK,Straight and Level,Cloudy,None,Dry,Not Applicable,"Other Motor Vehicle, Collision With",2
 Damage Accident,7:05,01/28/2014,Tuesday,Y,Daylight,ALEXANDRIA,OTHER,JEFFERSON,Straight at Hill Crest,Clear,None,Snow/Ice,Not Applicable,"Light Support/Utility Pole, Collision With Fixed Object",1
 Damage Accident,14:48,11/21/2014,Friday,Y,Daylight,ALBANY,REAR END,ALBANY,Curve and Level,Clear,None,Dry,Not Applicable,"Other Motor Vehicle, Collision With",2
 Damage Accident,14:34,01/23/2014,Thursday,Y,Daylight,KINGSTON,RIGHT ANGLE,ULSTER,Straight and Level,Cloudy,None,Dry,Not Applicable,"Other Motor Vehicle, Collision With",2
 Damage Accident,20:00,12/12/2014,Friday,Y,Dark-Road Lighted,CAMILLUS,REAR END,ONONDAGA,Straight and Level,Cloudy,None,Snow/Ice,Not Applicable,"Other Motor Vehicle, Collision With",2
 Damage Accident,10:20,01/01/2014,Wednesday,Y,Daylight,ALBANY,LEFT TURN (3),ALBANY,Straight and Level,Cloudy,Traffic Signal,Wet,Not Applicable,"Other Motor Vehicle, Collision With",2
 Damage Accident,14:44,10/17/2014,Friday,Y,Daylight,HUNTINGTON,Unknown,SUFFOLK,Straight and Level,Clear,Traffic Signal,Dry,Not Applicable,"Other Motor Vehicle, Collision With",2
 Damage Accident,8:16,05/13/2014,Tuesday,Y,Daylight,MOHAWK,OTHER,MONTGOMERY,Straight and Level,Clear,None,Dry,Not Applicable,"Light Support/Utility Pole, Collision With Fixed Object",1
 Damage Accident,18:47,10/23/2014,Thursday,Y,Dark-Road Lighted,MAMARONECK,OVERTAKING,WESTCHESTER,Straight and Level,Cloudy,None,Dry,Not Applicable,"Other Motor Vehicle, Collision With",2
 Accident,16:00,07/16/2014,Wednesday,Y,Daylight,QUEENS,OTHER,QUEENS,Straight and Grade,Clear,Traffic Signal,Dry,Unknown,"Pedestrian, Collision With",1
 Damage & Injury Accident,19:25,11/20/2014,Thursday,Y,Dark-Road Lighted,OGDENSBURG,OTHER,ST. LAWRENCE,Straight and Level,Cloudy,None,Wet,Not Applicable,"Other Motor Vehicle, Collision With",3
 Damage Accident,7:00,05/23/2014,Friday,Y,Daylight,GREECE,OTHER,MONROE,Straight and Level,Clear,No Passing Zone,Dry,Not Applicable,"Fire Hydrant, Collision With Fixed Object",1
 Damage Accident,10:15,02/26/2014,Wednesday,Y,Daylight,CLAY,OTHER,ONONDAGA,Curve and Level,Clear,None,Snow/Ice,Not Applicable,"Guide Rail - Not At End, Collision With Fixed Object",1
 Damage & Injury Accident,14:21,02/08/2014,Saturday,Y,Daylight,SOUTHAMPTON,REAR END,SUFFOLK,Straight and Level,Cloudy,Traffic Signal,Dry,Not Applicable,"Other Motor Vehicle, Collision With",2
 Damage Accident,4:04,06/24/2014,Tuesday,Y,Dark-Road Unlighted,TOMPKINS,OTHER,DELAWARE,Straight and Level,Cloudy,No Passing Zone,Dry,Not Applicable,Deer,1
 Damage Accident,7:30,03/24/2014,Monday,N,Unknown,QUEENS,REAR END,QUEENS,Straight and Level,Clear,Unknown,Dry,Not Applicable,"Other Motor Vehicle, Collision With",2
 Accident,15:05,05/18/2014,Sunday,Y,Daylight,KINGS,OTHER,KINGS,Straight and Level,Clear,Traffic Signal,Dry,Not Applicable,"Other Motor Vehicle, Collision With",4
 Damage Accident,0:00,05/10/2014,Saturday,N,Unknown,NEW YORK,Unknown,NEW YORK,Unknown,Unknown,Unknown,Unknown,Not Applicable,"Other Motor Vehicle, Collision With",2
 Damage Accident,22:05,07/10/2014,Thursday,Y,Dark-Road Unlighted,CAIRO,OTHER,GREENE,Straight and Level,Clear,None,Dry,Not Applicable,"Earth Embankment/Rock Cut/Ditch, Collision With Fixed Object",1
 Accident,12:50,05/10/2014,Saturday,Y,Daylight,QUEENS,REAR END,QUEENS,Straight and Level,Clear,Traffic Signal,Dry,Not Applicable,"Other Motor Vehicle, Collision With",2
 Damage Accident,21:36,07/12/2014,Saturday,Y,Dark-Road Lighted,RIVERHEAD,RIGHT ANGLE,SUFFOLK,Curve and Grade,Clear,Yield Sign,Dry,Not Applicable,"Other Motor Vehicle, Collision With",2
 Accident,19:27,12/10/2014,Wednesday,Y,Dark-Road Unlighted,OWEGO,OTHER,TIOGA,Curve and Grade,Snow,None,Snow/Ice,Not Applicable,"Ran Off Roadway Only, Non-Collision",1
 Damage Accident,11:20,12/10/2014,Wednesday,Y,Daylight,MANLIUS,REAR END,ONONDAGA,Straight and Level,Snow,None,Snow/Ice,Not Applicable,"Other Motor Vehicle, Collision With",2
 Damage Accident,14:08,03/18/2014,Tuesday,Y,Daylight,GREENBURGH,REAR END,WESTCHESTER,Straight and Level,Clear,None,Dry,Not Applicable,"Other Motor Vehicle, Collision With",2
 Accident,6:50,01/10/2014,Friday,Y,Dawn,BABYLON,OTHER,SUFFOLK,Straight and Level,Cloudy,None,Dry,"Crossing, No Signal or Crosswalk","Pedestrian, Collision With",1
 Damage Accident,7:00,03/24/2014,Monday,Y,Daylight,NORTHAMPTON,OTHER,FULTON,Straight and Level,Cloudy,None,Dry,Not Applicable,Deer,1
 Damage Accident,13:30,05/18/2014,Sunday,N,Unknown,KINGS,REAR END,KINGS,Unknown,Unknown,Unknown,Unknown,Not Applicable,"Other Motor Vehicle, Collision With",2
 Accident,1:45,11/25/2014,Tuesday,Y,Dark-Road Lighted,NEW YORK,Unknown,NEW YORK,Straight and Level,Clear,Traffic Signal,Dry,Not Applicable,"Other Motor Vehicle, Collision With",2
 Damage Accident,5:15,08/30/2014,Saturday,N,Dark-Road Lighted,NEW YORK,OVERTAKING,NEW YORK,Straight and Level,Clear,None,Dry,Not Applicable,"Other Motor Vehicle, Collision With",2
 Damage & Injury Accident,22:00,03/28/2014,Friday,Y,Dark-Road Lighted,QUEENS,RIGHT ANGLE,QUEENS,Straight and Level,Rain,Stop Sign,Wet,Not Applicable,"Other Motor Vehicle, Collision With",2
 Accident,19:45,07/12/2014,Saturday,Y,Daylight,ALBANY,OVERTAKING,ALBANY,Straight and Level,Clear,None,Dry,Not Applicable,"Other Motor Vehicle, Collision With",2
 Damage Accident,12:30,11/24/2014,Monday,Y,Daylight,OYSTER BAY,REAR END,NASSAU,Straight and Level,Cloudy,Stop Sign,Wet,Not Applicable,"Other Motor Vehicle, Collision With",2
 Damage Accident,20:14,08/27/2014,Wednesday,Y,Dark-Road Lighted,HAVERSTRAW,OTHER,ROCKLAND,Straight and Level,Clear,No Passing Zone,Dry,Not Applicable,"Animal, Collision With",1
 Accident,22:40,12/26/2014,Friday,Y,Dark-Road Lighted,YONKERS,OTHER,WESTCHESTER,Straight at Hill Crest,Clear,None,Dry,"Crossing, No Signal or Crosswalk","Pedestrian, Collision With",1
 Accident,13:30,08/08/2014,Friday,N,Unknown,HASTINGS ON HUDSON,Unknown,WESTCHESTER,Unknown,Unknown,Unknown,Unknown,Not Applicable,"Other Motor Vehicle, Collision With",2
 Damage Accident,22:23,11/09/2014,Sunday,Y,Dark-Road Lighted,SMITHVILLE,OTHER,CHENANGO,Straight and Grade,Clear,None,Dry,Not Applicable,Deer,1
 Accident,16:30,02/18/2014,Tuesday,Y,Daylight,QUEENS,OTHER,QUEENS,Straight and Level,Clear,None,Dry,Not Applicable,"Other Motor Vehicle, Collision With",3
 Damage Accident,20:48,12/24/2014,Wednesday,Y,Dark-Road Lighted,RAMAPO,HEAD ON,ROCKLAND,Straight and Level,Rain,None,Wet,Not Applicable,"Other Motor Vehicle, Collision With",2
 Damage Accident,14:12,02/14/2014,Friday,Y,Daylight,NEWBURGH,OVERTAKING,ORANGE,Straight and Grade,Cloudy,Yield Sign,Wet,Not Applicable,"Other Motor Vehicle, Collision With",2
 Accident,16:45,09/03/2014,Wednesday,Y,Daylight,NORTH HEMPSTEAD,OTHER,NASSAU,Straight and Level,Clear,None,Dry,Not Applicable,"Sign Post, Collision With Fixed Object",1
 Damage Accident,14:03,01/08/2014,Wednesday,Y,Daylight,CLAVERACK,OTHER,COLUMBIA,Straight and Level,Clear,No Passing Zone,Dry,Not Applicable,"Other Motor Vehicle, Collision With",3
 Damage Accident,12:54,03/22/2014,Saturday,Y,Daylight,POUGHKEEPSIE,REAR END,DUTCHESS,Straight and Level,Clear,None,Dry,Not Applicable,"Other Motor Vehicle, Collision With",2
 Damage Accident,8:00,05/15/2014,Thursday,Y,Daylight,FARMINGDALE,OTHER,NASSAU,Straight and Level,Cloudy,None,Dry,Not Applicable,"Other Object (Not Fixed)*, Collision With",1
 Damage & Injury Accident,11:15,08/09/2014,Saturday,Y,Daylight,HAMBURG,OVERTAKING,ERIE,Straight and Level,Cloudy,None,Dry,Not Applicable,"Other Motor Vehicle, Collision With",2
 Damage Accident,20:40,07/30/2014,Wednesday,Y,Daylight,LAKE GROVE,Unknown,SUFFOLK,Straight and Level,Clear,Traffic Signal,Dry,Not Applicable,"Other Motor Vehicle, Collision With",2
 Damage Accident,17:20,12/08/2014,Monday,Y,Dark-Road Unlighted,BROOKHAVEN,OTHER,SUFFOLK,Curve and Grade,Snow,None,Snow/Ice,Not Applicable,"Guide Rail - Not At End, Collision With Fixed Object",1
 Damage & Injury Accident,6:15,06/19/2014,Thursday,Y,Dawn,THOMPSON,OTHER,SULLIVAN,Straight and Grade,Rain,None,Wet,Not Applicable,"Barrier, Collision With Fixed Object",1
 Damage & Injury Accident,7:42,09/11/2014,Thursday,Y,Daylight,EASTCHESTER,LEFT TURN (3),WESTCHESTER,Straight and Level,Cloudy,Traffic Signal,Dry,Not Applicable,"Other Motor Vehicle, Collision With",2
 Damage Accident,16:49,08/27/2014,Wednesday,Y,Daylight,BABYLON,OTHER,SUFFOLK,Straight and Level,Clear,None,Dry,Not Applicable,"Other Motor Vehicle, Collision With",3
 Damage Accident,7:40,03/11/2014,Tuesday,Y,Daylight,THOMPSON,REAR END,SULLIVAN,Straight and Level,Clear,None,Wet,Not Applicable,"Other Motor Vehicle, Collision With",2
 Accident,17:20,07/22/2014,Tuesday,Y,Daylight,KINGS,OTHER,KINGS,Straight and Level,Clear,Traffic Signal,Dry,Riding/Walking/Skating Along Highway With Traffic,"Pedestrian, Collision With",1
 Damage & Injury Accident,21:10,11/28/2014,Friday,Y,Dark-Road Lighted,ORANGETOWN,REAR END,ROCKLAND,Straight and Level,Clear,Traffic Signal,Dry,Not Applicable,"Other Motor Vehicle, Collision With",2
 Accident,11:48,08/02/2014,Saturday,Y,Daylight,BUFFALO,OTHER,ERIE,Straight and Grade,Clear,None,Dry,Not in Roadway (Indicate),"Pedestrian, Collision With",1
 Accident,19:50,02/12/2014,Wednesday,Y,Dusk,NEW YORK,OTHER,NEW YORK,Straight and Level,Clear,Traffic Signal,Dry,Unknown,"Bicyclist, Collision With",1
 Damage Accident,11:27,12/05/2014,Friday,Y,Daylight,GLENVILLE,HEAD ON,SCHENECTADY,Straight and Level,Clear,None,Snow/Ice,Not Applicable,"Other Motor Vehicle, Collision With",2
 Damage & Injury Accident,9:25,08/27/2014,Wednesday,Y,Daylight,GREENBURGH,OTHER,WESTCHESTER,Straight and Level,Clear,None,Dry,Not Applicable,"Median - Not At End, Collision With Fixed Object",1
 Accident,16:00,05/23/2014,Friday,Y,Daylight,NEW YORK,OTHER,NEW YORK,Straight and Level,Clear,Traffic Signal,Dry,Riding/Walking/Skating Along Highway Against Traffic,"Pedestrian, Collision With",1
 Damage & Injury Accident,10:40,08/17/2014,Sunday,Y,Daylight,BAYVILLE,RIGHT ANGLE,NASSAU,Straight and Level,Clear,None,Dry,Not Applicable,"Other Motor Vehicle, Collision With",2
 Damage Accident,15:30,01/22/2014,Wednesday,Y,Daylight,ISLIP,OTHER,SUFFOLK,Straight and Level,Clear,None,Snow/Ice,Not Applicable,"Curbing, Collision With Fixed Object",1
 Damage & Injury Accident,11:01,02/11/2014,Tuesday,Y,Daylight,BROOKHAVEN,OTHER,SUFFOLK,Straight and Level,Clear,None,Dry,Not Applicable,"Other Motor Vehicle, Collision With",3
 Accident,17:24,11/10/2014,Monday,Y,Dark-Road Unlighted,BRONX,REAR END,BRONX,Curve and Grade,Clear,None,Dry,Not Applicable,"Other Motor Vehicle, Collision With",2
 Accident,0:00,11/04/2014,Tuesday,N,Daylight,BROOKHAVEN,REAR END,SUFFOLK,Straight and Level,Clear,Traffic Signal,Dry,Not Applicable,"Other Motor Vehicle, Collision With",2
 Damage Accident,2:40,04/05/2014,Saturday,Y,Dark-Road Lighted,NEW YORK,OTHER,NEW YORK,Straight and Level,Clear,Traffic Signal,Dry,Not Applicable,"Other Fixed Object*, Collision With Fixed Object",1
 Damage & Injury Accident,14:05,12/22/2014,Monday,N,Daylight,QUEENS,RIGHT ANGLE,QUEENS,Straight and Level,Unknown,None,Unknown,Not Applicable,"Other Motor Vehicle, Collision With",2
 Accident,12:33,07/19/2014,Saturday,Y,Daylight,MONTGOMERY,OTHER,ORANGE,Curve and Grade,Clear,RR Crossing Gates,Dry,Riding/Walking/Skating Along Highway With Traffic,"Bicyclist, Collision With",1