 Descriptor,Time,Date,Day of Week,Police Report,Lighting Conditions,Municipality,Collision Type Descriptor,County Name,Road Descriptor,Weather Conditions,Traffic Control Device,Road Surface Conditions,Pedestrian Bicyclist Action,Event Descriptor,Number of Vehicles Involved
 Damage Accident,0:00,03/10/2014,Monday,N,Unknown,ALBANY,Unknown,ALBANY,Unknown,Unknown,Unknown,Unknown,Not Applicable,"Other Motor Vehicle, Collision With",2
 Accident,18:15,05/31/2014,Saturday,Y,Daylight,QUEENS,REAR END,QUEENS,Straight and Level,Clear,None,Dry,Not Applicable,"Other Motor Vehicle, Collision With",2
 Damage & Injury Accident,19:26,06/28/2014,Saturday,Y,Daylight,BEACON,REAR END,DUTCHESS,Straight and Grade,Clear,No Passing Zone,Dry,Not Applicable,"Other Motor Vehicle, Collision With",2
 Damage Accident,16:18,12/08/2014,Monday,N,Unknown,,REAR END,STEUBEN,Unknown,Unknown,Unknown,Unknown,Not Applicable,"Other Motor Vehicle, Collision With",2
 Accident,8:53,11/19/2014,Wednesday,Y,Daylight,KINGS,OTHER,KINGS,Straight and Level,Clear,Traffic Signal,Dry,Riding/Walking/Skating Along Highway Against Traffic,"Bicyclist, Collision With",1
 Accident,13:30,08/30/2014,Saturday,Y,Daylight,POLAND,OTHER,CHAUTAUQUA,Curve and Grade,Clear,None,Dry,Not Applicable,"Earth Embankment/Rock Cut/Ditch, Collision With Fixed Object",1
 Accident,16:20,12/06/2014,Saturday,Y,Dusk,KINGS,OTHER,KINGS,Straight and Level,Rain,Traffic Signal,Wet,"Crossing, With Signal","Pedestrian, Collision With",1
 Damage Accident,10:04,12/22/2014,Monday,Y,Daylight,ANDES,REAR END,DELAWARE,Curve and Grade,Cloudy,None,Wet,Not Applicable,"Other Motor Vehicle, Collision With",2
 Accident,8:59,07/29/2014,Tuesday,Y,Daylight,GARDEN CITY,REAR END,NASSAU,Straight and Level,Clear,Traffic Signal,Dry,Not Applicable,"Other Motor Vehicle, Collision With",2
 Damage & Injury Accident,17:05,06/12/2014,Thursday,Y,Daylight,BUFFALO,RIGHT ANGLE,ERIE,Straight and Level,Rain,Stop Sign,Wet,Not Applicable,"Other Motor Vehicle, Collision With",2
 Damage Accident,16:43,05/12/2014,Monday,Y,Daylight,SALINA,REAR END,ONONDAGA,Straight and Level,Clear,None,Dry,Not Applicable,"Other Motor Vehicle, Collision With",2
 Damage Accident,2:00,06/22/2014,Sunday,Y,Dark-Road Lighted,SMITHTOWN,OTHER,SUFFOLK,Curve and Grade,Clear,None,Dry,Not Applicable,"Curbing, Collision With Fixed Object",1
 Damage Accident,16:10,08/01/2014,Friday,Y,Daylight,BATAVIA,OTHER,GENESEE,Straight and Level,Cloudy,None,Dry,Not Applicable,"Other Motor Vehicle, Collision With",2
 Accident,10:00,09/16/2014,Tuesday,Y,Daylight,WALLKILL,RIGHT ANGLE,ORANGE,Straight and Level,Cloudy,None,Wet,Not Applicable,"Other Motor Vehicle, Collision With",2
 Accident,14:53,01/27/2014,Monday,Y,Daylight,KINGS,OVERTAKING,KINGS,Straight and Level,Clear,Traffic Signal,Dry,Not Applicable,"Other Motor Vehicle, Collision With",2
 Damage Accident,15:19,09/29/2014,Monday,Y,Daylight,NEW WINDSOR,RIGHT ANGLE,ORANGE,Straight and Level,Cloudy,None,Dry,Not Applicable,"Other Motor Vehicle, Collision With",2
 Damage Accident,16:40,03/11/2014,Tuesday,Y,Daylight,QUEENS,REAR END,QUEENS,Straight and Grade,Clear,Unknown,Dry,Not Applicable,"Other Motor Vehicle, Collision With",2
 Damage & Injury Accident,8:25,08/25/2014,Monday,Y,Daylight,BABYLON,OVERTAKING,SUFFOLK,Straight and Level,Clear,None,Dry,Not Applicable,"Other Motor Vehicle, Collision With",2
 Damage Accident,6:00,11/12/2014,Wednesday,Y,Dark-Road Unlighted,PLEASANT VALLEY,OTHER,DUTCHESS,Straight and Grade,Clear,No Passing Zone,Dry,Not Applicable,Deer,1
 Damage Accident,13:05,04/22/2014,Tuesday,Y,Daylight,CLARKSTOWN,REAR END,ROCKLAND,Straight and Level,Cloudy,None,Dry,Not Applicable,"Other Motor Vehicle, Collision With",2
 Damage Accident,8:11,07/22/2014,Tuesday,Y,Daylight,COVINGTON,OTHER,WYOMING,Straight and Level,Clear,None,Dry,Not Applicable,"Animal, Collision With",1
 Damage Accident,18:46,10/13/2014,Monday,Y,Dark-Road Unlighted,SOUTHAMPTON,OTHER,SUFFOLK,Straight and Level,Clear,None,Dry,Not Applicable,Deer,1
 Damage Accident,19:00,11/11/2014,Tuesday,Y,Dark-Road Unlighted,CATO,OTHER,CAYUGA,Straight and Level,Clear,No Passing Zone,Dry,Not Applicable,Deer,1
 Damage Accident,17:40,02/12/2014,Wednesday,Y,Dusk,ROCHESTER,REAR END,MONROE,Straight and Level,Clear,Traffic Signal,Snow/Ice,Not Applicable,"Other Motor Vehicle, Collision With",2
 Damage Accident,1:30,12/25/2014,Thursday,Y,Dark-Road Lighted,THOMPSON,REAR END,SULLIVAN,Straight and Level,Rain,None,Wet,Not Applicable,"Fence, Collision With Fixed Object",2
 Damage Accident,14:00,09/01/2014,Monday,Y,Daylight,CLIFTON PARK,OTHER,SARATOGA,Curve and Level,Clear,None,Dry,Not Applicable,"Sign Post, Collision With Fixed Object",1
 Damage Accident,13:56,03/13/2014,Thursday,Y,Daylight,BETHLEHEM,OTHER,ALBANY,Straight and Level,Clear,None,Snow/Ice,Not Applicable,"Earth Embankment/Rock Cut/Ditch, Collision With Fixed Object",1
 Damage & Injury Accident,20:51,09/06/2014,Saturday,Y,Dark-Road Unlighted,SHELTER ISLAND,OTHER,SUFFOLK,Curve and Grade,Cloudy,None,Dry,Not Applicable,"Ran Off Roadway Only, Non-Collision",1
 Accident,17:05,07/01/2014,Tuesday,N,Daylight,BRONX,REAR END,BRONX,Straight and Level,Clear,Traffic Signal,Dry,Not Applicable,"Other Motor Vehicle, Collision With",2
 Damage Accident,0:20,10/31/2014,Friday,Y,Dark-Road Lighted,HEMPSTEAD,OTHER,NASSAU,Curve and Level,Clear,None,Dry,Not Applicable,"Other Motor Vehicle, Collision With",3
 Damage & Injury Accident,14:15,10/23/2014,Thursday,Y,Daylight,ROME,RIGHT ANGLE,ONEIDA,Straight and Level,Rain,None,Wet,Not Applicable,"Other Motor Vehicle, Collision With",2
 Damage & Injury Accident,12:44,03/12/2014,Wednesday,Y,Daylight,BIG FLATS,OTHER,CHEMUNG,Curve and Grade,Snow,No Passing Zone,Snow/Ice,Not Applicable,"Earth Embankment/Rock Cut/Ditch, Collision With Fixed Object",1
 Damage & Injury Accident,7:14,02/28/2014,Friday,Y,Daylight,PITTSFIELD,OTHER,OTSEGO,Curve and Grade,Clear,No Passing Zone,Snow/Ice,Not Applicable,"Earth Embankment/Rock Cut/Ditch, Collision With Fixed Object",1
 Damage Accident,16:40,11/08/2014,Saturday,Y,Dusk,ITHACA,OTHER,TOMPKINS,Curve and Grade,Cloudy,None,Dry,Not Applicable,Deer,1
 Damage Accident,22:00,04/26/2014,Saturday,N,Dark-Road Unlighted,HAMILTON,OTHER,MADISON,Curve and Level,Clear,None,Dry,Not Applicable,Deer,1
 Accident,6:45,10/16/2014,Thursday,Y,Daylight,HEMPSTEAD,REAR END,NASSAU,Straight and Level,Rain,Traffic Signal,Wet,Not Applicable,"Other Motor Vehicle, Collision With",2
 Damage Accident,15:43,03/06/2014,Thursday,Y,Daylight,BRIGHTON,REAR END,MONROE,Straight and Level,Clear,None,Dry,Not Applicable,"Other Motor Vehicle, Collision With",2
 Damage & Injury Accident,12:20,10/26/2014,Sunday,Y,Daylight,CHILI,OTHER,MONROE,Straight and Level,Cloudy,None,Dry,Not Applicable,"Earth Embankment/Rock Cut/Ditch, Collision With Fixed Object",1
 Damage Accident,14:36,04/27/2014,Sunday,Y,Daylight,SCHENECTADY,OTHER,SCHENECTADY,Straight and Level,Cloudy,None,Dry,Not Applicable,"Light Support/Utility Pole, Collision With Fixed Object",1
 Damage & Injury Accident,4:18,06/22/2014,Sunday,Y,Dark-Road Lighted,ISLIP,OTHER,SUFFOLK,Straight and Level,Clear,None,Dry,Not Applicable,"Overturned, Non-Collision",1
 Damage Accident,11:26,01/06/2014,Monday,Y,Daylight,SOUTHOLD,RIGHT ANGLE,SUFFOLK,Straight and Level,Rain,No Passing Zone,Wet,Not Applicable,"Other Motor Vehicle, Collision With",2
 Damage Accident,18:55,10/15/2014,Wednesday,Y,Dark-Road Lighted,VALLEY STREAM,REAR END,NASSAU,Straight and Level,Cloudy,Traffic Signal,Wet,Not Applicable,"Other Motor Vehicle, Collision With",2
 Damage Accident,15:54,01/01/2014,Wednesday,Y,Daylight,GATES,OTHER,MONROE,Curve and Grade,Snow,None,Snow/Ice,Not Applicable,"Guide Rail - Not At End, Collision With Fixed Object",1
 Damage Accident,18:30,02/04/2014,Tuesday,Y,Dark-Road Unlighted,FALLSBURGH,OTHER,SULLIVAN,Straight and Level,Clear,None,Dry,Not Applicable,Deer,1
 Damage Accident,11:17,08/08/2014,Friday,Y,Daylight,WAVERLY,OVERTAKING,TIOGA,Straight and Level,Clear,No Passing Zone,Dry,Not Applicable,"Other Motor Vehicle, Collision With",2
 Damage Accident,23:20,10/13/2014,Monday,Y,Dark-Road Lighted,BROOKHAVEN,OTHER,SUFFOLK,Straight and Grade,Cloudy,None,Wet,Not Applicable,"Other Object (Not Fixed)*, Collision With",1
 Damage Accident,7:27,06/07/2014,Saturday,Y,Daylight,HUNTINGTON,OVERTAKING,SUFFOLK,Straight and Level,Clear,None,Dry,Not Applicable,"Other Motor Vehicle, Collision With",2
 Accident,5:55,03/12/2014,Wednesday,Y,Dark-Road Lighted,RICHMOND,OTHER,RICHMOND,Straight and Level,Clear,None,Dry,Other Actions in Roadway,"Pedestrian, Collision With",1
 Damage Accident,20:10,08/31/2014,Sunday,Y,Dark-Road Unlighted,SCHODACK,OTHER,RENSSELAER,Straight and Level,Cloudy,No Passing Zone,Wet,Not Applicable,Deer,1
 Accident,19:15,08/05/2014,Tuesday,Y,Daylight,QUEENS,REAR END,QUEENS,Straight and Level,Clear,None,Dry,Not Applicable,"Other Motor Vehicle, Collision With",2
 Damage Accident,10:10,12/15/2014,Monday,Y,Daylight,BRONX,RIGHT ANGLE,BRONX,Straight and Level,Clear,None,Dry,Not Applicable,"Other Motor Vehicle, Collision With",2
 Damage & Injury Accident,13:00,08/27/2014,Wednesday,Y,Daylight,ALLEN,OTHER,ALLEGANY,Curve and Grade,Clear,None,Dry,Not Applicable,"Overturned, Non-Collision",1
 Damage Accident,10:59,02/27/2014,Thursday,Y,Daylight,SAG HARBOR,OVERTAKING,SUFFOLK,Straight and Level,Clear,None,Dry,Not Applicable,"Other Motor Vehicle, Collision With",2
 Accident,13:25,06/01/2014,Sunday,Y,Daylight,QUEENS,REAR END,QUEENS,Straight and Level,Clear,Traffic Signal,Dry,Not Applicable,"Other Motor Vehicle, Collision With",2
 Damage Accident,9:48,03/20/2014,Thursday,Y,Daylight,,OVERTAKING,UNKNOWN,Straight and Level,Clear,None,Dry,Not Applicable,"Other Motor Vehicle, Collision With",2
 Damage Accident,23:30,12/14/2014,Sunday,N,Dark-Road Unlighted,HALFMOON,OTHER,SARATOGA,Straight and Level,Clear,Unknown,Dry,Not Applicable,"Snow Embankment, Collision With Fixed Object",1
 Damage Accident,5:00,10/30/2014,Thursday,N,Dark-Road Unlighted,PERINTON,OTHER,MONROE,Straight and Level,Cloudy,None,Dry,Not Applicable,Deer,1
 Accident,9:35,06/04/2014,Wednesday,Y,Daylight,BUFFALO,RIGHT TURN (5),ERIE,Straight and Level,Clear,Stop Sign,Dry,Not Applicable,"Other Motor Vehicle, Collision With",2
 Damage & Injury Accident,14:11,02/06/2014,Thursday,Y,Daylight,GUILDERLAND,OTHER,ALBANY,Straight and Level,Clear,Traffic Signal,Wet,Not Applicable,"Other Motor Vehicle, Collision With",3
 Damage & Injury Accident,11:30,02/04/2014,Tuesday,Y,Daylight,ARCADE,REAR END,WYOMING,Straight and Level,Clear,Traffic Signal,Dry,Not Applicable,"Other Motor Vehicle, Collision With",2
 Damage Accident,12:30,09/22/2014,Monday,N,Unknown,ISLIP,Unknown,SUFFOLK,Unknown,Unknown,Unknown,Unknown,Not Applicable,"Other Motor Vehicle, Collision With",2
 Damage Accident,0:00,10/09/2014,Thursday,N,Unknown,YONKERS,RIGHT ANGLE,WESTCHESTER,Unknown,Unknown,Unknown,Unknown,Not Applicable,"Other Motor Vehicle, Collision With",2
 Damage Accident,22:00,11/13/2014,Thursday,Y,Dark-Road Unlighted,YORK,OTHER,LIVINGSTON,Straight and Level,Cloudy,None,Dry,Not Applicable,"Animal, Collision With",1
 Damage Accident,20:50,01/12/2014,Sunday,Y,Dark-Road Unlighted,CHESTER,OTHER,ORANGE,Straight and Level,Cloudy,None,Dry,Not Applicable,"Overturned, Non-Collision",1
 Damage Accident,14:55,05/05/2014,Monday,Y,Daylight,LONG BEACH,OTHER,NASSAU,Straight and Level,Clear,None,Dry,Not Applicable,"Fire Hydrant, Collision With Fixed Object",1
 Damage Accident,9:15,08/04/2014,Monday,Y,Daylight,NORTH HEMPSTEAD,RIGHT ANGLE,NASSAU,Straight and Level,Clear,Traffic Signal,Dry,Not Applicable,"Other Motor Vehicle, Collision With",2
 Damage Accident,0:00,03/17/2014,Monday,N,Unknown,NEWBURGH,OTHER,ORANGE,Unknown,Unknown,Unknown,Unknown,Not Applicable,"Light Support/Utility Pole, Collision With Fixed Object",1
 Damage & Injury Accident,5:40,11/18/2014,Tuesday,Y,Dark-Road Lighted,,OTHER,UNKNOWN,Straight at Hill Crest,Snow,None,Snow/Ice,Not Applicable,"Light Support/Utility Pole, Collision With Fixed Object",1
 Damage Accident,11:55,08/11/2014,Monday,Y,Daylight,DEWITT,REAR END,ONONDAGA,Straight and Level,Cloudy,Traffic Signal,Dry,Not Applicable,"Other Motor Vehicle, Collision With",2
 Accident,13:00,08/05/2014,Tuesday,N,Unknown,RICHMOND,Unknown,RICHMOND,Unknown,Unknown,Unknown,Unknown,Not Applicable,"Other Motor Vehicle, Collision With",2
 Damage Accident,8:51,12/09/2014,Tuesday,Y,Daylight,ALBANY,OVERTAKING,ALBANY,Straight and Level,Sleet/Hail/Freezing Rain,Traffic Signal,Snow/Ice,Not Applicable,"Other Motor Vehicle, Collision With",2
 Damage & Injury Accident,16:47,01/08/2014,Wednesday,Y,Dark-Road Lighted,ROCHESTER,RIGHT ANGLE,MONROE,Straight and Level,Cloudy,Stop Sign,Wet,Not Applicable,"Other Motor Vehicle, Collision With",2
 Damage Accident,13:06,01/23/2014,Thursday,Y,Daylight,NORTH SYRACUSE,OTHER,ONONDAGA,Curve and Level,Cloudy,None,Wet,Not Applicable,"Guide Rail - Not At End, Collision With Fixed Object",1
 Damage Accident,14:29,12/06/2014,Saturday,Y,Daylight,YORKTOWN,OTHER,WESTCHESTER,Straight and Level,Rain,None,Wet,Not Applicable,"Guide Rail - Not At End, Collision With Fixed Object",1
 Damage Accident,17:40,05/25/2014,Sunday,Y,Daylight,ELLICOTT,OTHER,CHAUTAUQUA,Straight and Level,Clear,None,Dry,Not Applicable,"Ran Off Roadway Only, Non-Collision",1
 Accident,21:49,10/11/2014,Saturday,Y,Dark-Road Unlighted,PENFIELD,OTHER,MONROE,Straight and Level,Clear,None,Dry,"Crossing, No Signal or Crosswalk","Pedestrian, Collision With",3
 Damage Accident,18:49,01/04/2014,Saturday,Y,Dark-Road Lighted,,RIGHT ANGLE,UNKNOWN,Straight and Grade,Clear,None,Snow/Ice,Not Applicable,"Other Motor Vehicle, Collision With",2
 Damage Accident,15:31,02/06/2014,Thursday,Y,Daylight,NORTH GREENBUSH,REAR END,RENSSELAER,Straight and Level,Clear,None,Dry,Not Applicable,"Other Motor Vehicle, Collision With",2
 Accident,11:35,08/28/2014,Thursday,Y,Daylight,HEMPSTEAD,REAR END,NASSAU,Straight and Level,Clear,Traffic Signal,Dry,Not Applicable,"Other Motor Vehicle, Collision With",2
 Damage Accident,0:00,02/14/2014,Friday,N,Daylight,,REAR END,MONROE,Straight and Level,Clear,None,Dry,Not Applicable,"Other Motor Vehicle, Collision With",2
 Damage Accident,13:10,07/18/2014,Friday,Y,Daylight,GREAT NECK PLAZA,OVERTAKING,NASSAU,Straight and Level,Clear,None,Dry,Not Applicable,"Other Motor Vehicle, Collision With",2
 Damage Accident,7:36,06/16/2014,Monday,Y,Dawn,KINGS,OVERTAKING,KINGS,Straight and Level,Clear,Unknown,Dry,Not Applicable,"Other Motor Vehicle, Collision With",2
 Damage Accident,16:30,09/09/2014,Tuesday,Y,Daylight,KINGS,RIGHT ANGLE,KINGS,Straight and Level,Clear,Traffic Signal,Dry,Not Applicable,"Other Motor Vehicle, Collision With",2
 Damage Accident,14:10,03/20/2014,Thursday,Y,Daylight,FISHKILL,REAR END,DUTCHESS,Straight and Level,Clear,Traffic Signal,Dry,Not Applicable,"Other Motor Vehicle, Collision With",2
 Damage Accident,13:30,06/25/2014,Wednesday,Y,Daylight,RAMAPO,SIDESWIPE,ROCKLAND,Straight and Level,Clear,None,Dry,Not Applicable,"Other Motor Vehicle, Collision With",2
 Damage Accident,10:24,02/06/2014,Thursday,Y,Daylight,ADAMS,OTHER,JEFFERSON,Straight and Level,Clear,None,Snow/Ice,Not Applicable,"Other Motor Vehicle, Collision With",3
 Accident,14:25,07/25/2014,Friday,Y,Daylight,WHITE PLAINS,Unknown,WESTCHESTER,Straight and Level,Clear,None,Dry,Not Applicable,"Other Motor Vehicle, Collision With",2
 Accident,7:45,06/11/2014,Wednesday,Y,Daylight,RICHMOND,Unknown,RICHMOND,Straight and Level,Cloudy,No Passing Zone,Dry,Not Applicable,"Other Motor Vehicle, Collision With",2
 Accident,12:50,10/31/2014,Friday,Y,Daylight,KINGS,Unknown,KINGS,Straight and Level,Clear,Traffic Signal,Dry,Not Applicable,"Other Motor Vehicle, Collision With",2
 Damage Accident,8:23,07/02/2014,Wednesday,Y,Daylight,LAKE GEORGE,RIGHT TURN (5),WARREN,Straight and Grade,Clear,Stop Sign,Dry,Not Applicable,"Other Motor Vehicle, Collision With",2
 Damage Accident,10:25,09/03/2014,Wednesday,Y,Daylight,BROOKHAVEN,Unknown,SUFFOLK,Straight and Level,Clear,Traffic Signal,Dry,Not Applicable,"Other Motor Vehicle, Collision With",2
 Accident,8:00,01/17/2014,Friday,Y,Daylight,KINGS,OTHER,KINGS,Straight and Level,Clear,Stop Sign,Dry,"Crossing, No Signal, Marked Crosswalk","Pedestrian, Collision With",1
 Damage Accident,14:33,09/20/2014,Saturday,Y,Daylight,ULSTER,RIGHT ANGLE,ULSTER,Straight and Level,Clear,None,Dry,Not Applicable,"Other Motor Vehicle, Collision With",2
 Damage Accident,1:25,12/28/2014,Sunday,N,Dark-Road Lighted,LLOYD,OTHER,ULSTER,Straight and Level,Clear,None,Dry,Not Applicable,Deer,1
 Accident,10:25,01/15/2014,Wednesday,Y,Daylight,VIRGIL,OTHER,CORTLAND,Straight and Grade,Clear,None,Wet,Emerging from in Front of/Behind Parked Vehicle,"Pedestrian, Collision With",1
 Damage Accident,10:45,08/27/2014,Wednesday,N,Unknown,POUGHKEEPSIE,Unknown,DUTCHESS,Unknown,Unknown,Unknown,Unknown,Not Applicable,"Other Motor Vehicle, Collision With",2
 Damage & Injury Accident,12:01,07/28/2014,Monday,Y,Daylight,SYRACUSE,REAR END,ONONDAGA,Straight and Level,Cloudy,No Passing Zone,Wet,Not Applicable,"Other Motor Vehicle, Collision With",2
 Accident,6:00,11/13/2014,Thursday,Y,Dark-Road Lighted,KINGS,RIGHT ANGLE,KINGS,Straight and Level,Clear,Traffic Signal,Dry,Not Applicable,"Other Motor Vehicle, Collision With",2
 Accident,16:18,09/16/2014,Tuesday,Y,Daylight,ISLIP,REAR END,SUFFOLK,Straight and Level,Cloudy,None,Dry,Not Applicable,"Other Motor Vehicle, Collision With",2
 Damage & Injury Accident,3:00,03/23/2014,Sunday,Y,Dark-Road Unlighted,SWEDEN,OTHER,MONROE,Straight and Level,Clear,None,Snow/Ice,Not Applicable,"Other Fixed Object*, Collision With Fixed Object",1
 Accident,15:15,11/23/2014,Sunday,Y,Daylight,OYSTER BAY,REAR END,NASSAU,Straight and Level,Clear,None,Dry,Not Applicable,"Other Motor Vehicle, Collision With",2
 Damage Accident,15:00,02/04/2014,Tuesday,Y,Daylight,HEMPSTEAD,SIDESWIPE,NASSAU,Curve and Grade,Clear,None,Snow/Ice,Not Applicable,"Other Motor Vehicle, Collision With",2
 Damage & Injury Accident,17:32,08/24/2014,Sunday,Y,Daylight,EAST HAMPTON,OVERTAKING,SUFFOLK,Straight and Level,Clear,None,Dry,Not Applicable,"Other Motor Vehicle, Collision With",2
 Damage Accident,8:15,09/17/2014,Wednesday,Y,Daylight,OYSTER BAY,REAR END,NASSAU,Straight and Level,Clear,None,Dry,Not Applicable,"Other Motor Vehicle, Collision With",2
 Damage Accident,9:15,12/16/2014,Tuesday,Y,Daylight,BALLSTON,OTHER,SARATOGA,Straight and Level,Cloudy,No Passing Zone,Dry,Not Applicable,"Guide Rail - Not At End, Collision With Fixed Object",1
 Damage Accident,13:20,11/15/2014,Saturday,N,Unknown,QUEENS,OVERTAKING,QUEENS,Unknown,Unknown,Unknown,Unknown,Not Applicable,"Other Motor Vehicle, Collision With",2
 Accident,17:49,07/03/2014,Thursday,Y,Daylight,YONKERS,REAR END,WESTCHESTER,Straight and Level,Cloudy,None,Dry,Not Applicable,"Other Motor Vehicle, Collision With",2
 Damage Accident,0:00,06/14/2014,Saturday,N,Daylight,IRONDEQUOIT,RIGHT TURN (5),MONROE,Straight and Level,Clear,None,Dry,Not Applicable,"Other Motor Vehicle, Collision With",2
 Damage Accident,22:00,06/07/2014,Saturday,Y,Dark-Road Lighted,HAMBURG,OTHER,ERIE,Straight and Level,Clear,None,Dry,Not Applicable,"Other Motor Vehicle, Collision With",2
 Damage & Injury Accident,8:10,04/07/2014,Monday,Y,Daylight,HASTINGS ON HUDSON,RIGHT ANGLE,WESTCHESTER,Straight and Grade,Cloudy,Stop Sign,Dry,Not Applicable,"Other Motor Vehicle, Collision With",2
 Accident,21:00,07/25/2014,Friday,Y,Dark-Road Lighted,KINGS,OTHER,KINGS,Straight and Level,Clear,Traffic Signal,Dry,Riding/Walking/Skating Along Highway With Traffic,"Bicyclist, Collision With",1
 Damage Accident,16:32,07/28/2014,Monday,Y,Daylight,HEMPSTEAD,OVERTAKING,NASSAU,Straight and Level,Clear,None,Dry,Not Applicable,"Other Motor Vehicle, Collision With",2
 Accident,12:33,05/22/2014,Thursday,Y,Daylight,NEWBURGH,REAR END,ORANGE,Straight and Grade,Cloudy,Traffic Signal,Wet,Not Applicable,"Other Motor Vehicle, Collision With",2
 Damage Accident,11:30,12/23/2014,Tuesday,N,Unknown,ISLIP,Unknown,SUFFOLK,Unknown,Unknown,Unknown,Unknown,Not Applicable,"Other Motor Vehicle, Collision With",2
 Damage Accident,8:40,12/05/2014,Friday,Y,Daylight,HIGHLAND,OTHER,SULLIVAN,Straight and Level,Clear,None,Dry,Not Applicable,"Animal, Collision With",1
 Damage Accident,16:57,07/16/2014,Wednesday,Y,Daylight,SARATOGA SPRINGS,OVERTAKING,SARATOGA,Straight and Level,Clear,Traffic Signal,Dry,Not Applicable,"Other Motor Vehicle, Collision With",2
 Damage Accident,17:44,11/03/2014,Monday,Y,Dark-Road Lighted,ISLIP,OTHER,SUFFOLK,Straight and Level,Clear,None,Dry,Not Applicable,"Other Motor Vehicle, Collision With",3
 Damage Accident,17:43,07/18/2014,Friday,Y,Daylight,CHEEKTOWAGA,REAR END,ERIE,Straight and Grade,Cloudy,None,Dry,Not Applicable,"Other Motor Vehicle, Collision With",2
 Damage Accident,15:17,09/28/2014,Sunday,Y,Daylight,URBANA,REAR END,STEUBEN,Straight and Level,Clear,No Passing Zone,Dry,Not Applicable,"Other Motor Vehicle, Collision With",2
 Damage & Injury Accident,6:00,02/16/2014,Sunday,Y,Dark-Road Lighted,KINGS,OTHER,KINGS,Straight and Level,Clear,None,Snow/Ice,Not Applicable,"Other Motor Vehicle, Collision With",5
 Damage Accident,22:49,02/07/2014,Friday,Y,Dark-Road Unlighted,WILMINGTON,OTHER,ESSEX,Straight and Level,Snow,Traffic Signal,Wet,Not Applicable,Deer,1
 Damage Accident,20:04,11/17/2014,Monday,Y,Dark-Road Lighted,HUNTINGTON,RIGHT TURN (5),SUFFOLK,Straight and Grade,Clear,None,Dry,Not Applicable,"Other Motor Vehicle, Collision With",2
 Damage Accident,3:45,04/11/2014,Friday,Y,Dark-Road Lighted,SOUTHOLD,OTHER,SUFFOLK,Straight and Level,Clear,No Passing Zone,Dry,Not Applicable,Deer,1
 Damage Accident,19:00,06/27/2014,Friday,N,Daylight,NEW YORK,OVERTAKING,NEW YORK,Curve and Level,Clear,None,Dry,Not Applicable,"Other Motor Vehicle, Collision With",2
 Damage Accident,19:34,06/07/2014,Saturday,Y,Daylight,KIRKLAND,OTHER,ONEIDA,Straight and Level,Clear,None,Dry,Not Applicable,Deer,1
 Damage Accident,5:25,07/01/2014,Tuesday,Y,Dawn,PAMELIA,OTHER,JEFFERSON,Straight and Level,Clear,No Passing Zone,Dry,Not Applicable,Deer,1
 Damage Accident,8:31,11/13/2014,Thursday,Y,Daylight,WILLSBORO,OTHER,ESSEX,Straight and Level,Cloudy,None,Dry,Not Applicable,Deer,1
 Accident,15:30,05/19/2014,Monday,N,Unknown,KINGS,REAR END,KINGS,Unknown,Unknown,Unknown,Unknown,Not Applicable,"Other Motor Vehicle, Collision With",2
 Damage & Injury Accident,18:48,08/07/2014,Thursday,Y,Daylight,MONTGOMERY,OTHER,ORANGE,Straight and Level,Clear,None,Dry,Not Applicable,"Other Motor Vehicle, Collision With",2
 Damage Accident,14:42,12/10/2014,Wednesday,Y,Daylight,NISKAYUNA,OTHER,SCHENECTADY,Curve and Grade,Snow,None,Snow/Ice,Not Applicable,"Other Motor Vehicle, Collision With",3
 Accident,16:28,03/31/2014,Monday,Y,Daylight,HARRISON,OTHER,WESTCHESTER,Straight and Level,Clear,Traffic Signal,Dry,Not Applicable,"Other Motor Vehicle, Collision With",3
 Damage Accident,12:33,06/04/2014,Wednesday,Y,Daylight,AMHERST,RIGHT TURN (5),ERIE,Straight and Level,Cloudy,Stop Sign,Dry,Not Applicable,"Other Motor Vehicle, Collision With",2
 Damage & Injury Accident,14:30,02/09/2014,Sunday,Y,Daylight,VALLEY STREAM,REAR END,NASSAU,Straight and Level,Cloudy,None,Wet,Not Applicable,"Other Motor Vehicle, Collision With",2
 Damage Accident,21:00,11/12/2014,Wednesday,N,Dark-Road Unlighted,ASHFORD,OTHER,CATTARAUGUS,Straight and Grade,Other*,None,Dry,Not Applicable,Deer,1
 Damage Accident,3:00,02/24/2014,Monday,N,Unknown,SYRACUSE,SIDESWIPE,ONONDAGA,Unknown,Unknown,Unknown,Unknown,Not Applicable,"Other Motor Vehicle, Collision With",2
 Accident,9:00,02/13/2014,Thursday,Y,Unknown,ISLIP,OTHER,SUFFOLK,Unknown,Unknown,Unknown,Unknown,Unknown,"Pedestrian, Collision With",1
 Damage & Injury Accident,14:19,07/09/2014,Wednesday,Y,Daylight,GARDEN CITY,REAR END,NASSAU,Straight and Level,Clear,None,Dry,Not Applicable,"Other Motor Vehicle, Collision With",2