 Descriptor,Time,Date,Day of Week,Police Report,Lighting Conditions,Municipality,Collision Type Descriptor,County Name,Road Descriptor,Weather Conditions,Traffic Control Device,Road Surface Conditions,Pedestrian Bicyclist Action,Event Descriptor,Number of Vehicles Involved
 Damage Accident,11:36,11/21/2014,Friday,Y,Dark-Road Unlighted,SKANEATELES,OTHER,ONONDAGA,Straight and Level,Snow,No Passing Zone,Snow/Ice,Not Applicable,"Earth Embankment/Rock Cut/Ditch, Collision With Fixed Object",1
 Damage Accident,5:30,04/22/2014,Tuesday,N,Dawn,STILLWATER,OTHER,SARATOGA,Straight and Level,Cloudy,Unknown,Dry,Not Applicable,Deer,1
 Damage Accident,17:33,01/17/2014,Friday,Y,Dark-Road Unlighted,MOOERS,OTHER,CLINTON,Straight and Grade,Cloudy,None,Dry,Not Applicable,Deer,1
 Accident,19:20,05/03/2014,Saturday,Y,Daylight,RICHMOND,OTHER,RICHMOND,Straight and Level,Rain,Traffic Signal,Wet,Unknown,"Pedestrian, Collision With",1
 Damage Accident,20:10,05/12/2014,Monday,Y,Dark-Road Lighted,OYSTER BAY,OVERTAKING,NASSAU,Straight and Level,Cloudy,None,Dry,Not Applicable,"Other Motor Vehicle, Collision With",2
 Damage Accident,5:33,09/14/2014,Sunday,Y,Dark-Road Unlighted,BROOKHAVEN,REAR END,SUFFOLK,Curve and Level,Clear,None,Wet,Not Applicable,"Other Motor Vehicle, Collision With",2
 Damage & Injury Accident,7:32,07/28/2014,Monday,Y,Daylight,CLARKSTOWN,OTHER,ROCKLAND,Straight and Level,Cloudy,None,Wet,Not Applicable,"Other Motor Vehicle, Collision With",4
 Accident,8:18,01/29/2014,Wednesday,Y,Daylight,KINGS,OTHER,KINGS,Straight and Level,Clear,Traffic Signal,Slush,Unknown,"Pedestrian, Collision With",1
 Damage & Injury Accident,17:17,10/16/2014,Thursday,Y,Dusk,OSWEGATCHIE,OTHER,ST. LAWRENCE,Straight and Level,Rain,None,Wet,Not Applicable,"Tree, Collision With Fixed Object",1
 Damage Accident,23:17,10/25/2014,Saturday,Y,Dark-Road Unlighted,MILFORD,OTHER,OTSEGO,Curve and Grade,Rain,None,Muddy,Not Applicable,"Tree, Collision With Fixed Object",1
 Damage Accident,16:15,04/21/2014,Monday,Y,Daylight,ISLIP,LEFT TURN (0),SUFFOLK,Curve and Level,Clear,Stop Sign,Dry,Not Applicable,"Other Motor Vehicle, Collision With",2
 Damage Accident,0:00,06/21/2014,Saturday,N,Daylight,QUEENS,Unknown,QUEENS,Straight and Level,Clear,None,Dry,Not Applicable,"Other Motor Vehicle, Collision With",2
 Accident,22:05,06/15/2014,Sunday,Y,Dark-Road Lighted,KINGS,RIGHT ANGLE,KINGS,Straight and Level,Clear,Traffic Signal,Dry,Not Applicable,"Other Motor Vehicle, Collision With",2
 Accident,20:10,08/21/2014,Thursday,Y,Dark-Road Lighted,BRONX,OTHER,BRONX,Straight and Level,Clear,None,Dry,Emerging from in Front of/Behind Parked Vehicle,"Pedestrian, Collision With",1
 Damage Accident,15:30,06/07/2014,Saturday,Y,Daylight,HUNTINGTON,Unknown,SUFFOLK,Straight and Level,Clear,None,Dry,Not Applicable,"Other Motor Vehicle, Collision With",2
 Damage Accident,10:30,07/29/2014,Tuesday,Y,Daylight,BUFFALO,OVERTAKING,ERIE,Straight and Level,Clear,None,Dry,Not Applicable,"Other Motor Vehicle, Collision With",2
 Damage & Injury Accident,16:00,02/12/2014,Wednesday,Y,Daylight,HEMPSTEAD,RIGHT ANGLE,NASSAU,Straight and Level,Clear,None,Dry,Not Applicable,"Other Motor Vehicle, Collision With",2
 Damage Accident,17:00,01/09/2014,Thursday,N,Unknown,OYSTER BAY,Unknown,NASSAU,Unknown,Unknown,Unknown,Unknown,Not Applicable,"Other Motor Vehicle, Collision With",2
 Damage Accident,10:09,01/25/2014,Saturday,Y,Daylight,DUANESBURG,OTHER,SCHENECTADY,Straight and Grade,Snow,None,Snow/Ice,Not Applicable,"Guide Rail - Not At End, Collision With Fixed Object",1
 Accident,13:00,11/02/2014,Sunday,N,Unknown,BRONX,Unknown,BRONX,Unknown,Unknown,Unknown,Unknown,Not Applicable,"Other Motor Vehicle, Collision With",2
 Damage Accident,15:03,07/17/2014,Thursday,Y,Daylight,RAMAPO,OTHER,ROCKLAND,Straight and Level,Clear,None,Dry,Not Applicable,"Other Motor Vehicle, Collision With",3
 Damage Accident,15:30,06/06/2014,Friday,N,Daylight,WILLIAMSVILLE,REAR END,ERIE,Straight and Level,Clear,None,Dry,Not Applicable,"Other Motor Vehicle, Collision With",2
 Accident,15:15,04/15/2014,Tuesday,Y,Daylight,QUEENS,OTHER,QUEENS,Straight and Level,Rain,Traffic Signal,Wet,Not Applicable,"Other Motor Vehicle, Collision With",4
 Damage Accident,16:55,03/11/2014,Tuesday,Y,Daylight,SCOTIA,RIGHT ANGLE,SCHENECTADY,Straight and Grade,Clear,Stop Sign,Dry,Not Applicable,"Other Motor Vehicle, Collision With",2
 Accident,15:15,06/11/2014,Wednesday,Y,Daylight,QUEENS,OTHER,QUEENS,Straight and Level,Clear,None,Dry,"Crossing, No Signal or Crosswalk","Pedestrian, Collision With",1
 Accident,8:30,03/25/2014,Tuesday,Y,Daylight,NEW YORK,Unknown,NEW YORK,Straight and Level,Cloudy,None,Dry,Not Applicable,"Other Motor Vehicle, Collision With",2
 Accident,7:51,07/31/2014,Thursday,Y,Daylight,YONKERS,OTHER,WESTCHESTER,Straight and Level,Clear,Traffic Signal,Dry,Not Applicable,"Other Motor Vehicle, Collision With",3
 Accident,16:45,05/15/2014,Thursday,N,Unknown,BROOKHAVEN,Unknown,SUFFOLK,Unknown,Unknown,Unknown,Unknown,Not Applicable,"Other Motor Vehicle, Collision With",2
 Damage Accident,10:53,01/25/2014,Saturday,Y,Daylight,HURLEY,REAR END,ULSTER,Straight and Level,Snow,No Passing Zone,Snow/Ice,Not Applicable,"Other Motor Vehicle, Collision With",2
 Damage & Injury Accident,8:35,06/12/2014,Thursday,Y,Daylight,BRONX,REAR END,BRONX,Straight and Level,Rain,Traffic Signal,Wet,Not Applicable,"Other Motor Vehicle, Collision With",2
 Damage Accident,8:41,01/27/2014,Monday,Y,Daylight,ITHACA,REAR END,TOMPKINS,Straight and Level,Cloudy,None,Snow/Ice,Not Applicable,"Other Motor Vehicle, Collision With",2
 Accident,15:40,08/12/2014,Tuesday,Y,Daylight,CARMEL,REAR END,PUTNAM,Straight and Level,Rain,Flashing Light,Wet,Not Applicable,"Other Motor Vehicle, Collision With",2
 Damage Accident,18:44,11/28/2014,Friday,N,Dark-Road Lighted,VESTAL,OTHER,BROOME,Straight and Level,Cloudy,Traffic Signal,Wet,Not Applicable,"Other Motor Vehicle, Collision With",3
 Damage Accident,19:45,09/17/2014,Wednesday,Y,Dark-Road Lighted,BRONX,Unknown,BRONX,Straight and Level,Clear,Stop Sign,Dry,Not Applicable,"Other Motor Vehicle, Collision With",2
 Damage Accident,22:51,04/24/2014,Thursday,Y,Dark-Road Lighted,BRUNSWICK,OTHER,RENSSELAER,Straight and Level,Clear,None,Dry,Not Applicable,Deer,1
 Accident,13:05,11/16/2014,Sunday,Y,Daylight,HUNTINGTON,Unknown,SUFFOLK,Straight and Level,Cloudy,None,Dry,Not Applicable,"Other Motor Vehicle, Collision With",2
 Damage & Injury Accident,8:34,11/04/2014,Tuesday,Y,Daylight,BROOKHAVEN,OTHER,SUFFOLK,Curve and Level,Clear,None,Dry,Not Applicable,"Light Support/Utility Pole, Collision With Fixed Object",1
 Damage & Injury Accident,18:25,11/06/2014,Thursday,Y,Dark-Road Lighted,HEMPSTEAD,LEFT TURN (0),NASSAU,Straight and Level,Cloudy,Traffic Signal,Wet,Not Applicable,"Other Motor Vehicle, Collision With",2
 Damage & Injury Accident,16:05,09/24/2014,Wednesday,Y,Daylight,NEW HARTFORD,OTHER,ONEIDA,Straight and Level,Clear,None,Dry,Riding/Walking/Skating Along Highway With Traffic,"Bicyclist, Collision With",1
 Damage Accident,16:00,01/26/2014,Sunday,N,Daylight,OLD WESTBURY,OTHER,NASSAU,Straight and Level,Cloudy,None,Dry,Not Applicable,"Other Fixed Object*, Collision With Fixed Object",1
 Damage Accident,16:38,03/13/2014,Thursday,Y,Daylight,AMSTERDAM,RIGHT TURN (6),MONTGOMERY,Straight and Level,Cloudy,Traffic Signal,Dry,Not Applicable,"Other Motor Vehicle, Collision With",2
 Accident,23:50,04/30/2014,Wednesday,Y,Dark-Road Lighted,BRONX,OTHER,BRONX,Straight and Level,Rain,Traffic Signal,Wet,Not Applicable,"Other Object (Not Fixed)*, Collision With",1
 Damage Accident,3:10,03/28/2014,Friday,Y,Dark-Road Unlighted,GRANBY,OTHER,OSWEGO,Curve and Grade,Rain,No Passing Zone,Wet,Not Applicable,"Tree, Collision With Fixed Object",1
 Accident,16:02,04/07/2014,Monday,Y,Daylight,FREEPORT,OTHER,NASSAU,Straight and Level,Clear,Traffic Signal,Dry,"Crossing, With Signal","Bicyclist, Collision With",1
 Damage Accident,9:22,01/28/2014,Tuesday,Y,Daylight,HEMPSTEAD,REAR END,NASSAU,Curve and Grade,Clear,Stop Sign,Dry,Not Applicable,"Other Motor Vehicle, Collision With",2
 Accident,7:51,04/24/2014,Thursday,Y,Daylight,QUEENS,Unknown,QUEENS,Straight and Level,Clear,None,Dry,Not Applicable,"Other Motor Vehicle, Collision With",2
 Damage Accident,20:30,04/08/2014,Tuesday,N,Unknown,COLONIE,OTHER,ALBANY,Unknown,Unknown,Unknown,Unknown,Not Applicable,Deer,1
 Damage Accident,12:12,04/11/2014,Friday,Y,Daylight,CLAY,OTHER,ONONDAGA,Straight and Grade,Clear,Traffic Signal,Dry,Not Applicable,"Other Motor Vehicle, Collision With",3
 Damage Accident,21:30,11/05/2014,Wednesday,Y,Dark-Road Unlighted,CORTLANDT,OTHER,WESTCHESTER,Curve and Grade,Clear,No Passing Zone,Dry,Not Applicable,"Animal, Collision With",1
 Damage Accident,16:50,12/14/2014,Sunday,N,Unknown,DEWITT,REAR END,ONONDAGA,Unknown,Unknown,Traffic Signal,Unknown,Not Applicable,"Other Motor Vehicle, Collision With",2
 Damage & Injury Accident,23:30,07/16/2014,Wednesday,Y,Dark-Road Lighted,KINGS,RIGHT ANGLE,KINGS,Straight and Level,Clear,Traffic Signal,Dry,Not Applicable,"Other Motor Vehicle, Collision With",2
 Damage Accident,13:22,12/18/2014,Thursday,Y,Daylight,ISLIP,RIGHT TURN (5),SUFFOLK,Straight and Level,Clear,Stop Sign,Dry,Not Applicable,"Other Motor Vehicle, Collision With",2
 Accident,11:00,09/30/2014,Tuesday,Y,Daylight,KINGS,OVERTAKING,KINGS,Straight and Level,Clear,None,Dry,Not Applicable,"Other Motor Vehicle, Collision With",2
 Damage Accident,10:45,10/20/2014,Monday,Y,Daylight,BUFFALO,OTHER,ERIE,Straight and Grade,Cloudy,None,Dry,Not Applicable,"Bridge Structure, Collision With Fixed Object",1
 Damage Accident,3:44,08/19/2014,Tuesday,Y,Dark-Road Lighted,ROCHESTER,Unknown,MONROE,Straight and Level,Clear,Stop Sign,Dry,Not Applicable,"Other Motor Vehicle, Collision With",2
 Damage Accident,13:26,10/11/2014,Saturday,Y,Daylight,NORTH HEMPSTEAD,Unknown,NASSAU,Straight and Level,Cloudy,Traffic Signal,Wet,Not Applicable,"Other Motor Vehicle, Collision With",2
 Damage Accident,20:35,02/01/2014,Saturday,Y,Dark-Road Lighted,PATCHOGUE,LEFT TURN (3),SUFFOLK,Straight and Level,Cloudy,Stop Sign,Dry,Not Applicable,"Other Motor Vehicle, Collision With",2
 Damage Accident,16:59,02/15/2014,Saturday,Y,Daylight,DRYDEN,OTHER,TOMPKINS,Curve and Grade,Cloudy,No Passing Zone,Dry,Not Applicable,"Guide Rail - Not At End, Collision With Fixed Object",1
 Damage Accident,6:30,06/05/2014,Thursday,Y,Daylight,KINGS,OVERTAKING,KINGS,Straight at Hill Crest,Rain,None,Wet,Not Applicable,"Other Motor Vehicle, Collision With",2
 Damage Accident,11:03,09/30/2014,Tuesday,Y,Daylight,,Unknown,UNKNOWN,Straight and Level,Clear,None,Dry,Not Applicable,"Other Motor Vehicle, Collision With",2
 Damage Accident,22:23,04/07/2014,Monday,Y,Dark-Road Lighted,WATERFORD,OTHER,SARATOGA,Straight and Level,Clear,None,Dry,Not Applicable,"Animal, Collision With",1
 Accident,18:45,12/16/2014,Tuesday,Y,Dark-Road Lighted,BRONX,OTHER,BRONX,Straight and Level,Rain,Traffic Signal,Wet,"Crossing, With Signal","Pedestrian, Collision With",1
 Accident,6:45,04/22/2014,Tuesday,Y,Daylight,NEW YORK,OTHER,NEW YORK,Straight and Level,Clear,Traffic Signal,Dry,Unknown,"Bicyclist, Collision With",1
 Damage Accident,14:25,09/19/2014,Friday,Y,Daylight,WALLKILL,REAR END,ORANGE,Straight and Level,Clear,None,Dry,Not Applicable,"Other Motor Vehicle, Collision With",2
 Accident,17:48,08/29/2014,Friday,Y,Daylight,GENEVA,OTHER,ONTARIO,Straight and Level,Clear,Traffic Signal,Dry,Not Applicable,"Other Motor Vehicle, Collision With",3
 Damage Accident,15:00,05/31/2014,Saturday,Y,Daylight,UTICA,RIGHT ANGLE,ONEIDA,Straight and Level,Cloudy,Traffic Signal,Dry,Not Applicable,"Other Motor Vehicle, Collision With",2
 Damage Accident,9:39,02/06/2014,Thursday,Y,Daylight,ROCHESTER,RIGHT ANGLE,MONROE,Straight and Grade,Clear,Traffic Signal,Wet,Not Applicable,"Other Motor Vehicle, Collision With",2
 Accident,0:20,04/13/2014,Sunday,Y,Dark-Road Lighted,NEW YORK,OTHER,NEW YORK,Straight and Level,Unknown,Traffic Signal,Unknown,"Crossing, With Signal","Pedestrian, Collision With",1
 Damage Accident,16:52,03/24/2014,Monday,Y,Daylight,HYDE PARK,OVERTAKING,DUTCHESS,Straight and Level,Cloudy,No Passing Zone,Dry,Not Applicable,"Other Motor Vehicle, Collision With",2
 Damage Accident,14:33,03/06/2014,Thursday,Y,Daylight,HUNTINGTON,Unknown,SUFFOLK,Straight and Level,Clear,Unknown,Dry,Not Applicable,"Other Motor Vehicle, Collision With",2
 Damage & Injury Accident,19:10,06/27/2014,Friday,Y,Daylight,KINGS,RIGHT ANGLE,KINGS,Straight and Level,Clear,Stop Sign,Flooded Water,Not Applicable,"Other Motor Vehicle, Collision With",2
 Accident,7:30,01/25/2014,Saturday,Y,Daylight,QUEENS,OTHER,QUEENS,Straight and Level,Cloudy,Not Applicable,Snow/Ice,Not Applicable,"Other Fixed Object*, Collision With Fixed Object",1
 Damage Accident,0:00,05/14/2014,Wednesday,N,Unknown,BUFFALO,Unknown,ERIE,Unknown,Unknown,Unknown,Unknown,Not Applicable,"Other Motor Vehicle, Collision With",2
 Accident,2:10,04/26/2014,Saturday,Y,Dark-Road Lighted,QUEENS,RIGHT ANGLE,QUEENS,Straight and Level,Rain,Traffic Signal,Wet,Not Applicable,"Other Motor Vehicle, Collision With",2
 Damage & Injury Accident,16:26,04/04/2014,Friday,Y,Daylight,SCARSDALE,OTHER,WESTCHESTER,Straight and Grade,Rain,Stop Sign,Wet,Not Applicable,"Other Motor Vehicle, Collision With",2
 Damage & Injury Accident,13:47,12/26/2014,Friday,Y,Daylight,SOUTHAMPTON,RIGHT ANGLE,SUFFOLK,Straight and Level,Clear,Stop Sign,Dry,Not Applicable,"Other Motor Vehicle, Collision With",2
 Accident,14:02,07/12/2014,Saturday,Y,Daylight,BRONX,REAR END,BRONX,Straight and Level,Clear,Traffic Signal,Dry,Not Applicable,"Other Motor Vehicle, Collision With",2
 Damage Accident,10:06,10/01/2014,Wednesday,Y,Daylight,EAST GREENBUSH,REAR END,RENSSELAER,Straight and Level,Rain,None,Wet,Not Applicable,"Other Motor Vehicle, Collision With",2
 Damage & Injury Accident,23:31,07/16/2014,Wednesday,Y,Dark-Road Unlighted,CLIFTON PARK,RIGHT ANGLE,SARATOGA,Straight and Grade,Rain,Stop Sign,Wet,Not Applicable,"Other Motor Vehicle, Collision With",2
 Damage Accident,20:40,08/07/2014,Thursday,N,Dawn,KINGS,OVERTAKING,KINGS,Straight and Level,Clear,Unknown,Wet,Not Applicable,"Other Motor Vehicle, Collision With",2
 Damage Accident,18:30,12/18/2014,Thursday,N,Dark-Road Lighted,QUEENS,OTHER,QUEENS,Straight and Level,Clear,None,Dry,Not Applicable,"Other Fixed Object*, Collision With Fixed Object",1
 Damage Accident,10:24,11/05/2014,Wednesday,Y,Daylight,BINGHAMTON,OVERTAKING,BROOME,Straight and Level,Cloudy,None,Dry,Not Applicable,"Other Motor Vehicle, Collision With",2
 Accident,10:46,06/18/2014,Wednesday,Y,Daylight,NEWBURGH,OTHER,ORANGE,Straight and Grade,Clear,None,Dry,Riding/Walking/Skating Along Highway Against Traffic,Other Pedestrian,1
 Accident,9:20,08/12/2014,Tuesday,Y,Daylight,NEW YORK,OTHER,NEW YORK,Straight and Level,Cloudy,Traffic Signal,Dry,"Crossing, Against Signal","Pedestrian, Collision With",1
 Accident,16:20,03/04/2014,Tuesday,Y,Daylight,BRONX,OTHER,BRONX,Straight and Level,Clear,Traffic Signal,Dry,Unknown,"Pedestrian, Collision With",1
 Accident,21:15,09/13/2014,Saturday,N,Daylight,QUEENS,RIGHT ANGLE,QUEENS,Straight and Level,Cloudy,Stop Sign,Dry,Not Applicable,"Other Motor Vehicle, Collision With",2
 Damage & Injury Accident,11:33,12/15/2014,Monday,Y,Daylight,ISLIP,OVERTAKING,SUFFOLK,Straight and Level,Clear,None,Dry,Not Applicable,"Other Motor Vehicle, Collision With",2
 Accident,15:42,11/14/2014,Friday,Y,Daylight,YONKERS,REAR END,WESTCHESTER,Straight and Level,Clear,Traffic Signal,Dry,Not Applicable,"Other Motor Vehicle, Collision With",2
 Damage Accident,20:15,12/28/2014,Sunday,Y,Dark-Road Unlighted,COLLINS,OTHER,ERIE,Straight and Level,Cloudy,No Passing Zone,Dry,Not Applicable,Deer,1
 Damage Accident,17:55,02/18/2014,Tuesday,Y,Dusk,WARWICK,REAR END,ORANGE,Straight and Level,Clear,None,Slush,Not Applicable,"Other Motor Vehicle, Collision With",2
 Damage Accident,12:00,05/09/2014,Friday,N,Daylight,HAMBURG,REAR END,ERIE,Straight and Level,Clear,Traffic Signal,Dry,Not Applicable,"Other Motor Vehicle, Collision With",2
 Damage Accident,22:09,06/20/2014,Friday,Y,Dark-Road Unlighted,SHERIDAN,OTHER,CHAUTAUQUA,Straight and Level,Cloudy,None,Dry,Not Applicable,Deer,1
 Damage Accident,13:10,01/30/2014,Thursday,Y,Daylight,FORT COVINGTON,OTHER,FRANKLIN,Straight and Level,Clear,RR Crossing Gates,Dry,Not Applicable,"Other Fixed Object*, Collision With Fixed Object",1
 Accident,12:25,06/17/2014,Tuesday,Y,Daylight,EAST HAMPTON,OTHER,SUFFOLK,Straight and Level,Cloudy,Unknown,Dry,Not Applicable,"Light Support/Utility Pole, Collision With Fixed Object",1
 Damage Accident,8:40,07/23/2014,Wednesday,Y,Daylight,OYSTER BAY,OVERTAKING,NASSAU,Straight and Grade,Clear,None,Dry,Not Applicable,"Other Motor Vehicle, Collision With",2
 Damage Accident,8:50,03/10/2014,Monday,Y,Daylight,BETHLEHEM,OTHER,ALBANY,Straight and Level,Cloudy,No Passing Zone,Dry,Not Applicable,Deer,1
 Accident,21:09,05/13/2014,Tuesday,Y,Dark-Road Lighted,BROCKPORT,OTHER,MONROE,Straight and Grade,Cloudy,None,Dry,"Crossing, No Signal, Marked Crosswalk","Bicyclist, Collision With",1
 Damage & Injury Accident,17:29,07/19/2014,Saturday,Y,Daylight,GREENBURGH,RIGHT ANGLE,WESTCHESTER,Straight and Level,Clear,None,Dry,Not Applicable,"Other Motor Vehicle, Collision With",2
 Damage Accident,9:58,11/03/2014,Monday,Y,Daylight,OSWEGO,REAR END,OSWEGO,Straight and Level,Clear,None,Dry,Not Applicable,"Other Motor Vehicle, Collision With",2
 Damage Accident,15:33,10/10/2014,Friday,N,Daylight,GARDEN CITY,Unknown,NASSAU,Straight and Level,Clear,Stop Sign,Dry,Not Applicable,"Other Motor Vehicle, Collision With",2
 Damage Accident,6:00,09/04/2014,Thursday,N,Dawn,BRONX,LEFT TURN (0),BRONX,Straight and Level,Clear,Traffic Signal,Dry,Not Applicable,"Other Motor Vehicle, Collision With",2
 Damage & Injury Accident,1:10,10/13/2014,Monday,Y,Dark-Road Lighted,MOUNT VERNON,OTHER,WESTCHESTER,Curve and Grade,Clear,None,Dry,Not Applicable,"Bridge Structure, Collision With Fixed Object",1
 Damage Accident,5:50,05/09/2014,Friday,N,Dawn,NEVERSINK,OTHER,SULLIVAN,Straight and Level,Clear,None,Dry,Not Applicable,Deer,1
 Damage Accident,12:39,10/23/2014,Thursday,Y,Daylight,IRONDEQUOIT,REAR END,MONROE,Straight and Grade,Cloudy,Yield Sign,Dry,Not Applicable,"Other Motor Vehicle, Collision With",2
 Damage & Injury Accident,17:29,08/13/2014,Wednesday,Y,Daylight,PORT JERVIS,RIGHT ANGLE,ORANGE,Straight and Level,Rain,Stop Sign,Wet,Not Applicable,"Other Motor Vehicle, Collision With",2
 Damage Accident,12:14,02/07/2014,Friday,Y,Daylight,ALBANY,OVERTAKING,ALBANY,Straight at Hill Crest,Clear,None,Dry,Not Applicable,"Other Motor Vehicle, Collision With",2
 Accident,13:40,10/15/2014,Wednesday,Y,Daylight,NEW YORK,Unknown,NEW YORK,Straight and Level,Clear,Traffic Signal,Dry,Not Applicable,"Other Motor Vehicle, Collision With",2
 Damage & Injury Accident,20:10,04/12/2014,Saturday,Y,Dark-Road Lighted,LAKE GROVE,RIGHT TURN (5),SUFFOLK,Straight and Level,Clear,None,Dry,Not Applicable,"Other Motor Vehicle, Collision With",2
 Damage & Injury Accident,17:05,06/12/2014,Thursday,Y,Daylight,ORANGETOWN,RIGHT ANGLE,ROCKLAND,Straight and Level,Cloudy,Stop Sign,Dry,Not Applicable,"Other Motor Vehicle, Collision With",2
 Damage & Injury Accident,12:04,01/24/2014,Friday,Y,Daylight,GATES,REAR END,MONROE,Straight and Level,Cloudy,None,Wet,Not Applicable,"Other Motor Vehicle, Collision With",2
 Damage & Injury Accident,7:15,09/08/2014,Monday,Y,Daylight,GREENFIELD,OTHER,SARATOGA,Straight and Level,Clear,None,Dry,Not Applicable,"Light Support/Utility Pole, Collision With Fixed Object",1
 Damage Accident,14:07,08/11/2014,Monday,Y,Daylight,NEW WINDSOR,REAR END,ORANGE,Straight and Level,Clear,Traffic Signal,Dry,Not Applicable,"Other Motor Vehicle, Collision With",2
 Damage & Injury Accident,17:30,09/12/2014,Friday,Y,Daylight,ISLIP,LEFT TURN (3),SUFFOLK,Straight and Grade,Clear,Traffic Signal,Dry,Not Applicable,"Other Motor Vehicle, Collision With",2
 Damage Accident,13:50,11/17/2014,Monday,Y,Daylight,BLACK BROOK,OTHER,CLINTON,Straight and Grade,Sleet/Hail/Freezing Rain,No Passing Zone,Slush,Not Applicable,"Earth Embankment/Rock Cut/Ditch, Collision With Fixed Object",1
 Accident,21:15,02/08/2014,Saturday,Y,Dark-Road Lighted,QUEENS,RIGHT ANGLE,QUEENS,Straight and Level,Cloudy,Traffic Signal,Wet,Not Applicable,"Other Motor Vehicle, Collision With",2
 Damage & Injury Accident,18:16,01/17/2014,Friday,Y,Dark-Road Lighted,NEW YORK,Unknown,NEW YORK,Straight and Level,Clear,None,Dry,Not Applicable,"Other Motor Vehicle, Collision With",2
 Damage Accident,6:19,10/17/2014,Friday,Y,Dark-Road Unlighted,NEWFANE,OTHER,NIAGARA,Straight and Level,Clear,None,Dry,Not Applicable,Deer,1
 Damage Accident,18:47,09/20/2014,Saturday,Y,Dusk,WESTERLO,OTHER,ALBANY,Straight and Grade,Clear,None,Dry,Not Applicable,Deer,1
 Damage Accident,20:20,09/29/2014,Monday,Y,Dark-Road Lighted,THOMASTON,REAR END,NASSAU,Straight at Hill Crest,Cloudy,Traffic Signal,Dry,Not Applicable,"Other Motor Vehicle, Collision With",2
 Damage & Injury Accident,14:18,08/05/2014,Tuesday,Y,Daylight,ISLIP,RIGHT ANGLE,SUFFOLK,Straight and Level,Clear,Stop Sign,Dry,Not Applicable,"Other Motor Vehicle, Collision With",2
 Accident,19:43,12/18/2014,Thursday,Y,Dark-Road Lighted,BROOKHAVEN,OTHER,SUFFOLK,Straight and Level,Clear,Traffic Signal,Dry,Not Applicable,"Other Motor Vehicle, Collision With",3
 Damage Accident,0:00,05/01/2014,Thursday,N,Unknown,OYSTER BAY,Unknown,NASSAU,Unknown,Unknown,Unknown,Unknown,Not Applicable,"Other Motor Vehicle, Collision With",2
 Damage Accident,14:25,07/18/2014,Friday,Y,Daylight,BRONX,REAR END,BRONX,Straight and Level,Clear,None,Dry,Not Applicable,"Other Motor Vehicle, Collision With",2
 Accident,7:35,06/24/2014,Tuesday,Y,Daylight,KINGS,OTHER,KINGS,Straight and Level,Clear,Traffic Signal,Dry,"Crossing, With Signal","Bicyclist, Collision With",1
 Damage Accident,15:20,04/14/2014,Monday,N,Unknown,WEST SENECA,REAR END,ERIE,Unknown,Unknown,Stop Sign,Unknown,Not Applicable,"Other Motor Vehicle, Collision With",2
 Damage & Injury Accident,9:01,10/05/2014,Sunday,Y,Daylight,ROME,LEFT TURN (0),ONEIDA,Straight and Level,Clear,None,Dry,Not Applicable,"Other Motor Vehicle, Collision With",2
 Damage Accident,18:30,06/09/2014,Monday,N,Unknown,NEW YORK,Unknown,NEW YORK,Unknown,Unknown,Unknown,Unknown,Not Applicable,"Other Motor Vehicle, Collision With",2
 Damage Accident,17:43,11/13/2014,Thursday,Y,Dark-Road Unlighted,VETERAN,OTHER,CHEMUNG,Straight and Level,Snow,No Passing Zone,Wet,Not Applicable,Deer,1
 Damage & Injury Accident,13:24,08/25/2014,Monday,Y,Daylight,LENOX,RIGHT TURN (6),MADISON,Straight and Level,Clear,Flashing Light,Dry,Not Applicable,"Other Motor Vehicle, Collision With",2
 Damage Accident,8:00,07/05/2014,Saturday,Y,Daylight,HEMPSTEAD,RIGHT ANGLE,NASSAU,Straight and Level,Clear,Traffic Signal,Dry,Not Applicable,"Other Motor Vehicle, Collision With",2
 Damage & Injury Accident,0:00,09/06/2014,Saturday,N,Daylight,MOUNT VERNON,RIGHT ANGLE,WESTCHESTER,Unknown,Rain,None,Wet,Not Applicable,"Other Motor Vehicle, Collision With",2
 Damage Accident,9:45,12/30/2014,Tuesday,Y,Daylight,LEWISTON,OVERTAKING,NIAGARA,Straight and Grade,Snow,Stop Sign,Snow/Ice,Not Applicable,"Other Motor Vehicle, Collision With",2
 Damage Accident,18:45,01/04/2014,Saturday,N,Dark-Road Unlighted,DOBBS FERRY,OTHER,WESTCHESTER,Straight and Level,Clear,Unknown,Dry,Not Applicable,Deer,1
 Damage & Injury Accident,16:25,06/03/2014,Tuesday,Y,Daylight,HUNTINGTON,OTHER,SUFFOLK,Straight and Grade,Clear,Traffic Signal,Dry,Not Applicable,"Other Motor Vehicle, Collision With",3
 Accident,9:30,07/02/2014,Wednesday,Y,Daylight,NEW YORK,OTHER,NEW YORK,Straight and Level,Clear,None,Dry,Not in Roadway (Indicate),"Pedestrian, Collision With",1
 Accident,17:40,11/18/2014,Tuesday,Y,Dark-Road Lighted,BRONX,OTHER,BRONX,Straight and Level,Clear,None,Dry,Not in Roadway (Indicate),"Pedestrian, Collision With",1
 Damage & Injury Accident,18:23,12/30/2014,Tuesday,Y,Dark-Road Lighted,HEMPSTEAD,OVERTAKING,NASSAU,Straight and Level,Cloudy,None,Dry,Not Applicable,"Other Motor Vehicle, Collision With",2