 Descriptor,Time,Date,Day of Week,Police Report,Lighting Conditions,Municipality,Collision Type Descriptor,County Name,Road Descriptor,Weather Conditions,Traffic Control Device,Road Surface Conditions,Pedestrian Bicyclist Action,Event Descriptor,Number of Vehicles Involved
 Damage Accident,21:47,02/27/2014,Thursday,Y,Dark-Road Lighted,ROCHESTER,OTHER,MONROE,Straight and Level,Snow,None,Snow/Ice,Not Applicable,"Curbing, Collision With Fixed Object",1
 Damage Accident,9:42,06/23/2014,Monday,Y,Daylight,OYSTER BAY,REAR END,NASSAU,Straight and Level,Clear,None,Dry,Not Applicable,"Other Motor Vehicle, Collision With",2
 Damage Accident,9:50,06/13/2014,Friday,Y,Daylight,NEWBURGH,OTHER,ORANGE,Straight and Level,Rain,None,Wet,Not Applicable,"Other Motor Vehicle, Collision With",3
 Damage & Injury Accident,17:19,02/05/2014,Wednesday,Y,Dark-Road Unlighted,BATAVIA,OTHER,GENESEE,Straight and Level,Snow,None,Snow/Ice,Not Applicable,"Guide Rail - Not At End, Collision With Fixed Object",1
 Damage & Injury Accident,7:50,03/14/2014,Friday,Y,Daylight,GENEVA,HEAD ON,ONTARIO,Straight and Level,Cloudy,None,Snow/Ice,Not Applicable,"Other Motor Vehicle, Collision With",2
 Damage Accident,18:05,05/15/2014,Thursday,Y,Daylight,NEWBURGH,REAR END,ORANGE,Straight and Level,Rain,Traffic Signal,Wet,Not Applicable,"Other Motor Vehicle, Collision With",2
 Damage Accident,13:29,07/25/2014,Friday,Y,Daylight,FREDONIA,REAR END,CHAUTAUQUA,Straight and Level,Clear,No Passing Zone,Dry,Not Applicable,"Other Motor Vehicle, Collision With",2
 Damage Accident,12:40,03/05/2014,Wednesday,Y,Daylight,HEMPSTEAD,REAR END,NASSAU,Straight and Level,Clear,Traffic Signal,Dry,Not Applicable,"Other Motor Vehicle, Collision With",2
 Damage Accident,8:05,02/17/2014,Monday,N,Daylight,OYSTER BAY,RIGHT ANGLE,NASSAU,Straight and Level,Clear,Traffic Signal,Snow/Ice,Not Applicable,"Other Motor Vehicle, Collision With",2
 Damage Accident,9:24,04/27/2014,Sunday,Y,Daylight,YONKERS,LEFT TURN (3),WESTCHESTER,Straight and Grade,Clear,Traffic Signal,Dry,Not Applicable,"Other Motor Vehicle, Collision With",2
 Damage Accident,17:03,02/06/2014,Thursday,Y,Dusk,NORTH HEMPSTEAD,OVERTAKING,NASSAU,Straight and Level,Cloudy,None,Dry,Not Applicable,"Other Motor Vehicle, Collision With",2
 Accident,16:00,10/13/2014,Monday,N,Daylight,BRONX,REAR END,BRONX,Straight and Level,Rain,Traffic Signal,Wet,Not Applicable,"Other Motor Vehicle, Collision With",2
 Damage Accident,0:00,08/02/2014,Saturday,N,Daylight,,REAR END,SUFFOLK,Unknown,Cloudy,Unknown,Dry,Not Applicable,"Other Motor Vehicle, Collision With",2
 Damage Accident,9:35,12/14/2014,Sunday,Y,Daylight,CARMEL,OTHER,PUTNAM,Straight and Level,Clear,No Passing Zone,Dry,Not Applicable,"Other Motor Vehicle, Collision With",3
 Accident,7:53,01/10/2014,Friday,Y,Daylight,BRONX,RIGHT ANGLE,BRONX,Straight at Hill Crest,Snow,Traffic Signal,Snow/Ice,Not Applicable,"Other Motor Vehicle, Collision With",2
 Accident,20:55,01/04/2014,Saturday,Y,Dark-Road Lighted,QUEENS,REAR END,QUEENS,Straight and Level,Cloudy,None,Wet,Not Applicable,"Other Motor Vehicle, Collision With",2
 Damage Accident,15:05,04/14/2014,Monday,Y,Daylight,TONAWANDA,OVERTAKING,ERIE,Straight and Level,Rain,None,Wet,Not Applicable,"Other Motor Vehicle, Collision With",2
 Damage Accident,2:11,09/21/2014,Sunday,Y,Dark-Road Unlighted,AURORA,OTHER,ERIE,Straight and Level,Cloudy,None,Dry,Not Applicable,"Other Motor Vehicle, Collision With",3
 Accident,3:20,01/14/2014,Tuesday,Y,Dark-Road Lighted,BRONX,OTHER,BRONX,Straight and Level,Cloudy,No Passing Zone,Dry,Not Applicable,"Tree, Collision With Fixed Object",1
 Accident,23:45,08/19/2014,Tuesday,Y,Dark-Road Lighted,BRONX,RIGHT ANGLE,BRONX,Straight and Level,Clear,Traffic Signal,Dry,Not Applicable,"Other Motor Vehicle, Collision With",2
 Damage & Injury Accident,10:48,11/15/2014,Saturday,Y,Daylight,TRUXTON,OTHER,CORTLAND,Straight and Level,Cloudy,Other,Wet,Not Applicable,Deer,1
 Damage Accident,17:05,08/18/2014,Monday,Y,Daylight,ISLIP,REAR END,SUFFOLK,Straight and Level,Clear,Traffic Signal,Dry,Not Applicable,"Other Motor Vehicle, Collision With",2
 Damage Accident,21:08,12/30/2014,Tuesday,Y,Dark-Road Unlighted,ELBA,OTHER,GENESEE,Straight and Level,Cloudy,None,Dry,Not Applicable,Deer,1
 Damage Accident,14:35,11/14/2014,Friday,Y,Daylight,CLAY,LEFT TURN (0),ONONDAGA,Straight and Level,Cloudy,None,Wet,Not Applicable,"Other Motor Vehicle, Collision With",2
 Accident,23:00,12/02/2014,Tuesday,Y,Dark-Road Lighted,KINGS,RIGHT ANGLE,KINGS,Straight and Level,Rain,Traffic Signal,Wet,Not Applicable,"Other Motor Vehicle, Collision With",2
 Damage & Injury Accident,15:05,01/20/2014,Monday,Y,Daylight,ROSENDALE,REAR END,ULSTER,Straight and Level,Cloudy,None,Dry,Not Applicable,"Other Motor Vehicle, Collision With",2
 Damage Accident,16:12,01/01/2014,Wednesday,Y,Dusk,GATES,OTHER,MONROE,Curve and Grade,Snow,None,Snow/Ice,Not Applicable,"Guide Rail - Not At End, Collision With Fixed Object",1
 Damage Accident,11:05,11/25/2014,Tuesday,Y,Daylight,UNADILLA,REAR END,OTSEGO,Curve and Level,Cloudy,Yield Sign,Dry,Not Applicable,"Other Motor Vehicle, Collision With",2
 Damage Accident,20:30,01/11/2014,Saturday,N,Dark-Road Unlighted,HARRIMAN,OTHER,ORANGE,Curve and Level,Rain,None,Wet,Not Applicable,"Other Fixed Object*, Collision With Fixed Object",1
 Accident,0:40,06/14/2014,Saturday,Y,Dark-Road Lighted,BRONX,REAR END,BRONX,Straight and Level,Clear,Traffic Signal,Dry,Not Applicable,"Other Motor Vehicle, Collision With",2
 Damage & Injury Accident,9:10,03/18/2014,Tuesday,Y,Daylight,SMITHTOWN,REAR END,SUFFOLK,Straight and Grade,Clear,Stop Sign,Dry,Not Applicable,"Other Motor Vehicle, Collision With",2
 Accident,1:00,11/02/2014,Sunday,N,Daylight,KINGS,OVERTAKING,KINGS,Straight and Level,Clear,None,Dry,Not Applicable,"Other Motor Vehicle, Collision With",2
 Damage Accident,19:45,03/29/2014,Saturday,Y,Dark-Road Unlighted,OGDEN,OTHER,MONROE,Straight and Grade,Snow,None,Snow/Ice,Not Applicable,"Bridge Structure, Collision With Fixed Object",1
 Damage Accident,18:09,11/27/2014,Thursday,Y,Dark-Road Lighted,NIAGARA FALLS,OVERTAKING,NIAGARA,Straight and Grade,Snow,None,Snow/Ice,Not Applicable,"Other Motor Vehicle, Collision With",2
 Damage Accident,20:32,10/13/2014,Monday,Y,Dark-Road Lighted,UNION,OTHER,BROOME,Straight and Grade,Cloudy,None,Wet,Not Applicable,"Light Support/Utility Pole, Collision With Fixed Object",1
 Damage & Injury Accident,15:43,02/07/2014,Friday,Y,Daylight,ALBANY,OVERTAKING,ALBANY,Straight and Grade,Clear,None,Wet,Not Applicable,"Other Motor Vehicle, Collision With",2
 Damage Accident,22:45,10/08/2014,Wednesday,Y,Dark-Road Unlighted,RHINEBECK,OTHER,DUTCHESS,Straight and Level,Clear,None,Dry,Not Applicable,Deer,1
 Damage Accident,2:25,05/17/2014,Saturday,Y,Dark-Road Unlighted,GENESEO,OTHER,LIVINGSTON,Straight and Level,Clear,None,Dry,Not Applicable,Deer,1
 Accident,8:13,03/02/2014,Sunday,Y,Daylight,MT. MORRIS,OTHER,LIVINGSTON,Curve and Level,Snow,None,Snow/Ice,Not Applicable,"Earth Embankment/Rock Cut/Ditch, Collision With Fixed Object",1
 Accident,21:51,10/14/2014,Tuesday,Y,Dusk,QUEENS,Unknown,QUEENS,Straight and Level,Clear,Traffic Signal,Dry,Not Applicable,"Other Motor Vehicle, Collision With",2
 Damage Accident,17:55,02/14/2014,Friday,Y,Dark-Road Lighted,SCHENECTADY,OVERTAKING,SCHENECTADY,Straight and Level,Cloudy,None,Snow/Ice,Not Applicable,"Other Motor Vehicle, Collision With",2
 Damage Accident,14:20,08/28/2014,Thursday,N,Unknown,QUEENS,RIGHT ANGLE,QUEENS,Unknown,Unknown,Unknown,Unknown,Not Applicable,"Other Motor Vehicle, Collision With",2
 Damage Accident,19:05,10/24/2014,Friday,Y,Dark-Road Unlighted,ROCHESTER,OTHER,ULSTER,Straight and Level,Clear,No Passing Zone,Dry,Not Applicable,Deer,1
 Damage & Injury Accident,17:15,01/06/2014,Monday,Y,Dark-Road Lighted,FREEPORT,REAR END,NASSAU,Straight and Level,Cloudy,None,Dry,Not Applicable,"Other Motor Vehicle, Collision With",2
 Damage Accident,13:18,07/11/2014,Friday,Y,Daylight,OYSTER BAY,OTHER,NASSAU,Straight and Level,Clear,Other,Dry,Not Applicable,"Other Motor Vehicle, Collision With",2
 Accident,17:30,09/23/2014,Tuesday,N,Daylight,RICHMOND,OTHER,RICHMOND,Curve and Level,Clear,None,Dry,"Crossing, No Signal or Crosswalk","Pedestrian, Collision With",1
 Damage & Injury Accident,5:27,06/19/2014,Thursday,Y,Dawn,HOMER,OTHER,CORTLAND,Straight and Level,Clear,None,Dry,Not Applicable,"Guide Rail - Not At End, Collision With Fixed Object",1
 Damage Accident,10:00,06/13/2014,Friday,N,Daylight,PELHAM,Unknown,WESTCHESTER,Straight and Level,Rain,Unknown,Wet,Not Applicable,"Other Motor Vehicle, Collision With",2
 Damage Accident,13:27,08/28/2014,Thursday,Y,Daylight,PELHAM,OVERTAKING,WESTCHESTER,Straight and Level,Clear,None,Dry,Not Applicable,"Other Motor Vehicle, Collision With",2
 Damage Accident,12:00,01/20/2014,Monday,Y,Daylight,QUEENS,Unknown,QUEENS,Straight and Level,Clear,None,Dry,Not Applicable,"Other Motor Vehicle, Collision With",2
 Damage Accident,12:00,05/02/2014,Friday,Y,Daylight,,OTHER,UNKNOWN,Straight and Level,Cloudy,None,Wet,Not Applicable,"Light Support/Utility Pole, Collision With Fixed Object",1
 Damage Accident,15:20,12/31/2014,Wednesday,Y,Daylight,BABYLON,REAR END,SUFFOLK,Straight and Level,Clear,None,Dry,Not Applicable,"Other Motor Vehicle, Collision With",2
 Damage Accident,13:15,07/29/2014,Tuesday,N,Daylight,AMHERST,OTHER,ERIE,Straight and Level,Clear,None,Dry,Not Applicable,"Other*, Non-Collision",1
 Damage Accident,8:30,11/14/2014,Friday,N,Daylight,NEW YORK,REAR END,NEW YORK,Straight and Level,Clear,Unknown,Dry,Not Applicable,"Other Motor Vehicle, Collision With",2
 Damage Accident,17:55,01/27/2014,Monday,Y,Dark-Road Unlighted,CAIRO,OTHER,GREENE,Straight and Level,Clear,Stop Sign,Dry,Not Applicable,"Light Support/Utility Pole, Collision With Fixed Object",1
 Damage & Injury Accident,5:55,11/20/2014,Thursday,Y,Dark-Road Lighted,OGDEN,OTHER,MONROE,Straight and Level,Snow,None,Snow/Ice,Not Applicable,"Tree, Collision With Fixed Object",1
 Damage Accident,16:48,11/29/2014,Saturday,Y,Dark-Road Lighted,ROCHESTER,RIGHT ANGLE,MONROE,Straight and Level,Clear,Traffic Signal,Dry,Not Applicable,"Other Motor Vehicle, Collision With",2
 Damage Accident,23:06,10/03/2014,Friday,Y,Dark-Road Lighted,ISLIP,LEFT TURN (0),SUFFOLK,Straight and Level,Clear,Traffic Signal,Dry,Not Applicable,"Other Motor Vehicle, Collision With",2
 Damage Accident,14:00,10/19/2014,Sunday,Y,Daylight,HEMPSTEAD,SIDESWIPE,NASSAU,Straight and Level,Clear,None,Dry,Not Applicable,"Other Motor Vehicle, Collision With",2
 Accident,14:50,05/06/2014,Tuesday,Y,Daylight,QUEENS,REAR END,QUEENS,Straight and Level,Clear,Traffic Signal,Dry,Not Applicable,"Other Motor Vehicle, Collision With",2
 Damage Accident,15:15,09/04/2014,Thursday,Y,Daylight,QUEENSBURY,REAR END,WARREN,Straight and Grade,Clear,Traffic Signal,Dry,Not Applicable,"Other Motor Vehicle, Collision With",2
 Damage Accident,11:51,08/01/2014,Friday,Y,Daylight,SANFORD,OTHER,BROOME,Straight and Level,Clear,None,Dry,Not Applicable,"Fire/Explosion, Non-Collision",1
 Damage Accident,17:21,07/18/2014,Friday,Y,Daylight,WATERVLIET,REAR END,ALBANY,Straight and Level,Cloudy,None,Dry,Not Applicable,"Other Motor Vehicle, Collision With",2
 Damage Accident,17:20,03/04/2014,Tuesday,Y,Dusk,HEMPSTEAD,LEFT TURN (3),NASSAU,Straight and Level,Clear,Stop Sign,Dry,Not Applicable,"Other Motor Vehicle, Collision With",2
 Damage Accident,12:06,01/03/2014,Friday,Y,Daylight,OSWEGO,RIGHT ANGLE,OSWEGO,Straight and Grade,Snow,None,Snow/Ice,Not Applicable,"Other Motor Vehicle, Collision With",2
 Damage Accident,13:05,01/21/2014,Tuesday,Y,Daylight,POUGHKEEPSIE,REAR END,DUTCHESS,Straight and Level,Cloudy,Traffic Signal,Dry,Not Applicable,"Other Motor Vehicle, Collision With",2
 Accident,15:00,03/11/2014,Tuesday,Y,Daylight,RICHMOND,OTHER,RICHMOND,Straight and Level,Clear,None,Dry,Unknown,"Pedestrian, Collision With",1
 Damage Accident,14:30,07/22/2014,Tuesday,Y,Daylight,ORCHARD PARK,REAR END,ERIE,Straight and Level,Clear,None,Dry,Not Applicable,"Other Motor Vehicle, Collision With",2
 Damage Accident,15:46,10/30/2014,Thursday,Y,Daylight,HEMPSTEAD,RIGHT ANGLE,NASSAU,Straight and Level,Clear,Stop Sign,Dry,Not Applicable,"Other Motor Vehicle, Collision With",2
 Damage Accident,8:44,03/17/2014,Monday,Y,Daylight,HARRISON,OTHER,WESTCHESTER,Straight and Level,Clear,None,Dry,Not Applicable,"Other Motor Vehicle, Collision With",3
 Damage & Injury Accident,15:01,04/24/2014,Thursday,Y,Daylight,BATAVIA,REAR END,GENESEE,Straight and Level,Clear,Traffic Signal,Dry,Not Applicable,"Other Motor Vehicle, Collision With",2
 Damage & Injury Accident,16:07,09/24/2014,Wednesday,Y,Daylight,,LEFT TURN (3),ORANGE,Straight and Level,Clear,None,Dry,Not Applicable,"Other Motor Vehicle, Collision With",2
 Damage Accident,21:46,12/19/2014,Friday,Y,Dark-Road Unlighted,FRANKLIN,OTHER,DELAWARE,Straight and Level,Cloudy,No Passing Zone,Dry,Not Applicable,Deer,1
 Damage Accident,0:00,02/16/2014,Sunday,N,Unknown,OWEGO,OTHER,TIOGA,Unknown,Unknown,Unknown,Unknown,Not Applicable,Deer,1
 Damage Accident,3:48,02/16/2014,Sunday,Y,Dark-Road Lighted,ROCHESTER,RIGHT ANGLE,MONROE,Straight and Level,Snow,Traffic Signal,Snow/Ice,Not Applicable,"Other Motor Vehicle, Collision With",2
 Damage Accident,19:30,08/06/2014,Wednesday,N,Daylight,QUEENS,Unknown,QUEENS,Straight and Level,Clear,None,Dry,Not Applicable,"Other Motor Vehicle, Collision With",2
 Damage Accident,15:10,11/26/2014,Wednesday,Y,Daylight,VESTAL,REAR END,BROOME,Straight and Grade,Snow,Traffic Signal,Snow/Ice,Not Applicable,"Other Motor Vehicle, Collision With",2
 Damage Accident,3:25,01/12/2014,Sunday,Y,Dark-Road Lighted,FARMINGDALE,OVERTAKING,NASSAU,Straight and Level,Cloudy,None,Dry,Not Applicable,"Other Motor Vehicle, Collision With",2
 Accident,1:30,08/19/2014,Tuesday,Y,Dark-Road Lighted,QUEENS,OTHER,QUEENS,Straight and Level,Clear,Traffic Signal,Dry,Not Applicable,"Light Support/Utility Pole, Collision With Fixed Object",1
 Accident,16:25,05/02/2014,Friday,Y,Daylight,NEW YORK,REAR END,NEW YORK,Straight and Level,Clear,Traffic Signal,Dry,Not Applicable,"Other Motor Vehicle, Collision With",2
 Damage Accident,7:35,10/07/2014,Tuesday,Y,Daylight,BABYLON,Unknown,SUFFOLK,Straight and Level,Clear,Stop Sign,Dry,Not Applicable,"Other Motor Vehicle, Collision With",2
 Damage Accident,17:15,01/31/2014,Friday,Y,Dark-Road Lighted,PHILADELPHIA,REAR END,JEFFERSON,Straight and Level,Cloudy,None,Dry,Not Applicable,"Other Motor Vehicle, Collision With",2
 Damage Accident,14:02,01/31/2014,Friday,Y,Daylight,PLATTSBURG,REAR END,CLINTON,Straight and Level,Cloudy,None,Dry,Not Applicable,"Other Motor Vehicle, Collision With",2
 Damage & Injury Accident,11:31,04/22/2014,Tuesday,Y,Daylight,BUFFALO,OTHER,ERIE,Curve and Grade,Fog/Smog/Smoke,None,Wet,Not Applicable,"Barrier, Collision With Fixed Object",1
 Damage & Injury Accident,21:22,01/05/2014,Sunday,Y,Dark-Road Unlighted,WESTVILLE,OTHER,FRANKLIN,Curve and Level,Sleet/Hail/Freezing Rain,No Passing Zone,Snow/Ice,Not Applicable,"Snow Embankment, Collision With Fixed Object",1
 Accident,19:40,06/11/2014,Wednesday,Y,Daylight,EVANS,REAR END,ERIE,Straight and Level,Cloudy,Stop Sign,Dry,Not Applicable,"Other Motor Vehicle, Collision With",2
 Damage Accident,15:07,05/21/2014,Wednesday,Y,Daylight,BABYLON,Unknown,SUFFOLK,Straight and Level,Cloudy,None,Dry,Not Applicable,"Other Motor Vehicle, Collision With",2
 Accident,12:28,02/22/2014,Saturday,Y,Daylight,BRONX,OTHER,BRONX,Straight and Level,Clear,Traffic Signal,Dry,"Crossing, With Signal","Pedestrian, Collision With",1
 Damage Accident,15:07,05/18/2014,Sunday,Y,Daylight,WATSON,SIDESWIPE,LEWIS,Straight and Level,Clear,Stop Sign,Dry,Not Applicable,"Other Motor Vehicle, Collision With",2
 Damage Accident,8:40,03/03/2014,Monday,Y,Daylight,NEWSTEAD,REAR END,ERIE,Straight and Level,Cloudy,Traffic Signal,Snow/Ice,Not Applicable,"Other Motor Vehicle, Collision With",2
 Accident,17:20,09/02/2014,Tuesday,Y,Daylight,ITHACA,OTHER,TOMPKINS,Straight and Grade,Clear,None,Dry,Riding/Walking/Skating Along Highway With Traffic,"Bicyclist, Collision With",1
 Damage Accident,12:40,06/06/2014,Friday,Y,Daylight,GARDEN CITY,REAR END,NASSAU,Straight and Level,Clear,Other,Dry,Not Applicable,"Other Motor Vehicle, Collision With",2
 Damage Accident,12:31,12/23/2014,Tuesday,Y,Daylight,ISLIP,OTHER,SUFFOLK,Straight and Level,Rain,None,Wet,Not Applicable,"Guide Rail - Not At End, Collision With Fixed Object",1
 Damage Accident,14:30,01/06/2014,Monday,N,Unknown,BABYLON,RIGHT ANGLE,SUFFOLK,Unknown,Unknown,Unknown,Unknown,Not Applicable,"Other Motor Vehicle, Collision With",2
 Damage Accident,12:01,01/03/2014,Friday,Y,Daylight,GREENE,OTHER,CHENANGO,Straight and Level,Cloudy,None,Wet,Not Applicable,"Guide Rail - Not At End, Collision With Fixed Object",1
 Damage Accident,19:30,05/20/2014,Tuesday,N,Dusk,NEW PALTZ,OTHER,ULSTER,Straight and Level,Clear,None,Dry,Not Applicable,"Other Object (Not Fixed)*, Collision With",1
 Damage & Injury Accident,10:20,09/26/2014,Friday,Y,Daylight,CATSKILL,REAR END,GREENE,Straight and Level,Clear,No Passing Zone,Dry,Not Applicable,"Other Motor Vehicle, Collision With",2
 Damage Accident,0:00,12/13/2014,Saturday,N,Unknown,,OTHER,SUFFOLK,Unknown,Unknown,Unknown,Unknown,Not Applicable,Deer,1
 Damage & Injury Accident,19:00,03/16/2014,Sunday,Y,Dark-Road Lighted,BRONX,OTHER,BRONX,Straight and Level,Clear,Stop Sign,Dry,Not Applicable,"Other Motor Vehicle, Collision With",5
 Damage Accident,16:46,11/10/2014,Monday,Y,Daylight,HENRIETTA,RIGHT ANGLE,MONROE,Straight and Level,Clear,No Passing Zone,Dry,Not Applicable,"Other Motor Vehicle, Collision With",2
 Damage Accident,18:30,03/07/2014,Friday,Y,Dark-Road Unlighted,MANLIUS,OTHER,ONONDAGA,Straight and Level,Clear,None,Dry,Not Applicable,Deer,1
 Damage Accident,13:28,06/13/2014,Friday,Y,Daylight,BROOKHAVEN,RIGHT ANGLE,SUFFOLK,Straight and Level,Clear,Traffic Signal,Dry,Not Applicable,"Other Motor Vehicle, Collision With",2
 Damage Accident,15:15,08/17/2014,Sunday,Y,Daylight,RAMAPO,OVERTAKING,ROCKLAND,Straight and Level,Clear,None,Dry,Not Applicable,"Other Motor Vehicle, Collision With",2
 Damage & Injury Accident,0:18,05/26/2014,Monday,Y,Dark-Road Lighted,BRONX,OTHER,BRONX,Straight and Level,Clear,Traffic Signal,Dry,Not Applicable,"Other Motor Vehicle, Collision With",3
 Damage Accident,11:30,09/09/2014,Tuesday,Y,Daylight,ISLAND PARK,OVERTAKING,NASSAU,Straight and Level,Clear,Stop Sign,Dry,Not Applicable,"Other Motor Vehicle, Collision With",2
 Damage Accident,15:50,12/09/2014,Tuesday,Y,Daylight,KINGS,Unknown,KINGS,Straight and Level,Rain,None,Wet,Not Applicable,"Other Motor Vehicle, Collision With",2
 Damage Accident,11:50,08/30/2014,Saturday,N,Unknown,ESOPUS,OTHER,ULSTER,Unknown,Unknown,Unknown,Unknown,Not Applicable,"Building/Wall, Collision With Fixed Object",1
 Damage Accident,11:00,05/20/2014,Tuesday,N,Daylight,AURORA,OTHER,ERIE,Straight and Level,Cloudy,None,Dry,Not Applicable,Deer,1
 Accident,19:35,09/22/2014,Monday,Y,Dark-Road Lighted,QUEENS,OTHER,QUEENS,Straight and Level,Clear,Traffic Signal,Dry,Riding/Walking/Skating Along Highway With Traffic,"Bicyclist, Collision With",1
 Damage & Injury Accident,16:50,08/10/2014,Sunday,Y,Daylight,HEMPSTEAD,SIDESWIPE,NASSAU,Straight and Level,Clear,Traffic Signal,Dry,Not Applicable,"Other Motor Vehicle, Collision With",2
 Damage Accident,11:25,06/17/2014,Tuesday,Y,Daylight,LAKE SUCCESS,LEFT TURN (3),NASSAU,Straight and Level,Clear,Traffic Signal,Dry,Not Applicable,"Other Motor Vehicle, Collision With",2
 Damage Accident,10:54,08/05/2014,Tuesday,Y,Daylight,LIBERTY,LEFT TURN (3),SULLIVAN,Straight and Grade,Clear,Stop Sign,Dry,Not Applicable,"Other Motor Vehicle, Collision With",2
 Damage Accident,8:29,01/10/2014,Friday,Y,Daylight,NIAGARA FALLS,RIGHT ANGLE,NIAGARA,Straight and Level,Cloudy,Stop Sign,Snow/Ice,Not Applicable,"Other Motor Vehicle, Collision With",2
 Damage Accident,15:15,05/11/2014,Sunday,Y,Daylight,ISLANDIA,REAR END,SUFFOLK,Straight and Grade,Clear,Traffic Signal,Dry,Not Applicable,"Other Motor Vehicle, Collision With",2
 Damage Accident,20:10,09/08/2014,Monday,Y,Dusk,CALEDONIA,OTHER,LIVINGSTON,Straight and Level,Clear,None,Dry,Not Applicable,Deer,1
 Accident,22:30,10/05/2014,Sunday,Y,Dark-Road Lighted,QUEENS,REAR END,QUEENS,Straight and Level,Clear,Traffic Signal,Dry,Not Applicable,"Other Motor Vehicle, Collision With",2
 Damage Accident,12:38,08/11/2014,Monday,Y,Daylight,,REAR END,ORANGE,Straight and Level,Clear,Traffic Signal,Dry,Not Applicable,"Other Motor Vehicle, Collision With",2
 Damage Accident,0:00,12/30/2014,Tuesday,N,Unknown,ISLIP,Unknown,SUFFOLK,Unknown,Unknown,Unknown,Unknown,Not Applicable,"Other Motor Vehicle, Collision With",2
 Damage Accident,21:30,10/28/2014,Tuesday,Y,Dark-Road Lighted,BROOKHAVEN,Unknown,SUFFOLK,Curve and Grade,Clear,None,Dry,Not Applicable,"Other Motor Vehicle, Collision With",2
 Damage Accident,16:37,07/06/2014,Sunday,Y,Daylight,SCHODACK,OTHER,RENSSELAER,Curve and Level,Clear,None,Dry,Not Applicable,"Animal, Collision With",1
 Damage Accident,13:51,11/03/2014,Monday,N,Unknown,,REAR END,ORANGE,Unknown,Unknown,Unknown,Unknown,Not Applicable,"Other Motor Vehicle, Collision With",2
 Damage Accident,19:15,11/12/2014,Wednesday,Y,Dark-Road Lighted,ST. JOHNSVILLE,OTHER,MONTGOMERY,Straight and Level,Clear,None,Dry,Not Applicable,"Animal, Collision With",1
 Damage Accident,9:16,12/30/2014,Tuesday,Y,Daylight,,OTHER,ORANGE,Straight and Level,Cloudy,Stop Sign,Dry,Not Applicable,Unknown,2
 Damage Accident,15:13,08/04/2014,Monday,Y,Daylight,,REAR END,UNKNOWN,Straight and Level,Cloudy,Traffic Signal,Dry,Not Applicable,"Other Motor Vehicle, Collision With",2
 Damage & Injury Accident,7:11,01/19/2014,Sunday,Y,Dawn,CROGHAN,HEAD ON,LEWIS,Straight and Level,Cloudy,None,Snow/Ice,Not Applicable,"Other Motor Vehicle, Collision With",2
 Accident,11:11,11/05/2014,Wednesday,Y,Daylight,HEMPSTEAD,REAR END,NASSAU,Curve and Grade,Clear,Stop Sign,Dry,Not Applicable,"Other Motor Vehicle, Collision With",2
 Damage & Injury Accident,15:07,01/09/2014,Thursday,Y,Daylight,WEST SENECA,OTHER,ERIE,Straight and Level,Clear,None,Wet,Not Applicable,"Ran Off Roadway Only, Non-Collision",1
 Accident,22:45,05/06/2014,Tuesday,Y,Dark-Road Lighted,BRONX,OTHER,BRONX,Straight and Level,Clear,Traffic Signal,Dry,"Crossing, With Signal","Pedestrian, Collision With",1
 Damage Accident,20:56,01/21/2014,Tuesday,Y,Dark-Road Lighted,BABYLON,OVERTAKING,SUFFOLK,Straight and Level,Snow,None,Snow/Ice,Not Applicable,"Other Motor Vehicle, Collision With",2
 Damage & Injury Accident,17:22,11/25/2014,Tuesday,Y,Dark-Road Lighted,TONAWANDA,OTHER,ERIE,Straight and Level,Cloudy,None,Wet,Not Applicable,"Other Motor Vehicle, Collision With",4
 Damage Accident,18:04,10/15/2014,Wednesday,Y,Dark-Road Lighted,BROOKVILLE,REAR END,NASSAU,Straight and Level,Rain,Traffic Signal,Wet,Not Applicable,"Other Motor Vehicle, Collision With",2
 Accident,1:24,05/13/2014,Tuesday,Y,Dark-Road Lighted,HEMPSTEAD,HEAD ON,NASSAU,Straight and Level,Clear,None,Dry,Not Applicable,"Other Motor Vehicle, Collision With",2
 Damage Accident,13:15,08/03/2014,Sunday,Y,Daylight,SARATOGA SPRINGS,RIGHT ANGLE,SARATOGA,Straight and Level,Clear,Other,Dry,Not Applicable,"Other Motor Vehicle, Collision With",2
 Damage Accident,10:15,12/29/2014,Monday,Y,Daylight,QUEENS,RIGHT ANGLE,QUEENS,Straight and Level,Clear,Traffic Signal,Dry,Not Applicable,"Other Motor Vehicle, Collision With",2
 Damage Accident,6:38,06/24/2014,Tuesday,Y,Daylight,BABYLON,REAR END,SUFFOLK,Straight and Level,Clear,None,Dry,Not Applicable,"Other Motor Vehicle, Collision With",2
 Damage Accident,17:55,12/01/2014,Monday,Y,Dark-Road Unlighted,SOUTHEAST,OTHER,PUTNAM,Straight and Grade,Rain,Traffic Signal,Wet,Not Applicable,"Other Motor Vehicle, Collision With",3
 Damage Accident,12:40,10/21/2014,Tuesday,Y,Daylight,NEW YORK,Unknown,NEW YORK,Straight and Level,Cloudy,None,Dry,Not Applicable,"Other Motor Vehicle, Collision With",2