 Descriptor,Time,Date,Day of Week,Police Report,Lighting Conditions,Municipality,Collision Type Descriptor,County Name,Road Descriptor,Weather Conditions,Traffic Control Device,Road Surface Conditions,Pedestrian Bicyclist Action,Event Descriptor,Number of Vehicles Involved
 Damage Accident,0:00,10/24/2014,Friday,N,Unknown,HUNTINGTON,Unknown,SUFFOLK,Unknown,Unknown,Unknown,Unknown,Not Applicable,"Other Motor Vehicle, Collision With",2
 Damage Accident,14:09,06/02/2014,Monday,Y,Daylight,EAST GREENBUSH,RIGHT ANGLE,RENSSELAER,Straight and Level,Clear,Yield Sign,Dry,Not Applicable,"Other Motor Vehicle, Collision With",2
 Accident,8:10,10/04/2014,Saturday,Y,Daylight,OYSTER BAY,OTHER,NASSAU,Curve and Level,Rain,None,Wet,Not Applicable,"Guide Rail - Not At End, Collision With Fixed Object",1
 Damage Accident,9:00,11/28/2014,Friday,Y,Daylight,CICERO,OTHER,ONONDAGA,Straight and Level,Snow,None,Snow/Ice,Not Applicable,"Earth Embankment/Rock Cut/Ditch, Collision With Fixed Object",1
 Damage Accident,5:10,09/04/2014,Thursday,Y,Dark-Road Lighted,,OTHER,ROCKLAND,Straight and Grade,Clear,None,Dry,Not Applicable,Deer,1
 Damage Accident,7:06,10/04/2014,Saturday,Y,Dawn,MAMAKATING,OTHER,SULLIVAN,Curve and Grade,Rain,No Passing Zone,Wet,Not Applicable,"Earth Embankment/Rock Cut/Ditch, Collision With Fixed Object",1
 Accident,14:45,05/07/2014,Wednesday,N,Daylight,BRONX,REAR END,BRONX,Straight and Level,Clear,Construction Work Area,Dry,Not Applicable,"Other Motor Vehicle, Collision With",2
 Damage Accident,0:00,08/25/2014,Monday,N,Unknown,BUFFALO,Unknown,ERIE,Unknown,Unknown,Unknown,Unknown,Not Applicable,"Other Motor Vehicle, Collision With",2
 Accident,11:30,01/13/2014,Monday,Y,Daylight,KINGS,OTHER,KINGS,Straight and Level,Clear,None,Dry,Other Actions in Roadway,"Pedestrian, Collision With",1
 Damage Accident,18:15,11/21/2014,Friday,Y,Dark-Road Unlighted,QUEENSBURY,OTHER,WARREN,Straight and Level,Clear,None,Dry,Not Applicable,Deer,1
 Damage Accident,22:15,10/25/2014,Saturday,Y,Dark-Road Unlighted,WEST SENECA,OVERTAKING,ERIE,Straight and Level,Rain,None,Wet,Not Applicable,"Other Motor Vehicle, Collision With",2
 Damage Accident,13:15,12/18/2014,Thursday,Y,Daylight,ISLIP,LEFT TURN (0),SUFFOLK,Straight and Level,Clear,None,Dry,Not Applicable,"Other Motor Vehicle, Collision With",2
 Damage & Injury Accident,15:50,05/12/2014,Monday,Y,Daylight,BROOKHAVEN,OTHER,SUFFOLK,Straight and Level,Cloudy,Traffic Signal,Dry,Not Applicable,"Other Motor Vehicle, Collision With",3
 Damage Accident,6:10,08/25/2014,Monday,Y,Dawn,LLOYD,OTHER,ULSTER,Straight and Level,Clear,No Passing Zone,Dry,Not Applicable,Deer,1
 Damage Accident,6:20,09/23/2014,Tuesday,Y,Dawn,PAWLING,OTHER,DUTCHESS,Straight and Level,Clear,No Passing Zone,Dry,Not Applicable,"Guide Rail - Not At End, Collision With Fixed Object",1
 Damage Accident,20:06,11/27/2014,Thursday,Y,Dark-Road Unlighted,ROME,OTHER,ONEIDA,Straight and Level,Sleet/Hail/Freezing Rain,None,Snow/Ice,Not Applicable,"Overturned, Non-Collision",1
 Damage Accident,20:56,04/08/2014,Tuesday,Y,Dark-Road Unlighted,CONESUS,OTHER,LIVINGSTON,Straight and Level,Cloudy,None,Dry,Not Applicable,Deer,1
 Damage & Injury Accident,19:30,03/28/2014,Friday,Y,Dark-Road Lighted,ISLIP,Unknown,SUFFOLK,Straight and Level,Cloudy,Traffic Signal,Dry,Not Applicable,"Other Motor Vehicle, Collision With",2
 Accident,18:50,05/15/2014,Thursday,Y,Daylight,QUEENS,REAR END,QUEENS,Straight and Level,Clear,None,Dry,Not Applicable,"Other Motor Vehicle, Collision With",2
 Damage Accident,14:07,04/04/2014,Friday,Y,Daylight,ORANGEVILLE,OTHER,WYOMING,Straight and Level,Rain,None,Wet,Not Applicable,"Earth Embankment/Rock Cut/Ditch, Collision With Fixed Object",1
 Damage Accident,4:00,05/11/2014,Sunday,N,Unknown,NEW YORK,OTHER,NEW YORK,Unknown,Unknown,Unknown,Unknown,Not Applicable,"Curbing, Collision With Fixed Object",1
 Damage Accident,16:32,10/13/2014,Monday,Y,Daylight,SOUTHOLD,OTHER,SUFFOLK,Straight and Level,Cloudy,None,Dry,Not Applicable,Deer,1
 Accident,20:57,04/25/2014,Friday,Y,Dark-Road Lighted,SYRACUSE,RIGHT ANGLE,ONONDAGA,Straight and Grade,Cloudy,Traffic Signal,Dry,Not Applicable,"Other Motor Vehicle, Collision With",2
 Damage Accident,14:10,01/31/2014,Friday,Y,Daylight,YORKTOWN,RIGHT ANGLE,WESTCHESTER,Straight and Level,Clear,None,Dry,Not Applicable,"Other Motor Vehicle, Collision With",2
 Damage Accident,0:00,01/30/2014,Thursday,N,Unknown,,REAR END,WESTCHESTER,Unknown,Unknown,Unknown,Unknown,Not Applicable,"Other Motor Vehicle, Collision With",2
 Damage Accident,15:00,03/24/2014,Monday,N,Unknown,BRONX,OVERTAKING,BRONX,Unknown,Unknown,Unknown,Unknown,Not Applicable,"Other Motor Vehicle, Collision With",2
 Damage Accident,0:00,09/10/2014,Wednesday,N,Unknown,QUEENS,REAR END,QUEENS,Unknown,Unknown,Unknown,Unknown,Not Applicable,"Other Motor Vehicle, Collision With",2
 Accident,8:28,02/12/2014,Wednesday,Y,Daylight,BRONX,REAR END,BRONX,Straight and Level,Clear,None,Dry,Not Applicable,"Other Motor Vehicle, Collision With",2
 Accident,9:35,07/11/2014,Friday,Y,Daylight,HARRISON,REAR END,WESTCHESTER,Straight and Level,Clear,Traffic Signal,Dry,Not Applicable,"Other Motor Vehicle, Collision With",2
 Damage & Injury Accident,17:49,04/09/2014,Wednesday,Y,Daylight,RIVERHEAD,OTHER,SUFFOLK,Straight and Level,Clear,Stop Sign,Dry,Not Applicable,"Other Motor Vehicle, Collision With",3
 Accident,0:00,12/05/2014,Friday,N,Dark-Road Unlighted,BABYLON,OTHER,SUFFOLK,Straight and Level,Clear,None,Dry,"Crossing, No Signal or Crosswalk","Bicyclist, Collision With",1
 Damage & Injury Accident,6:45,01/02/2014,Thursday,Y,Dark-Road Lighted,ISLIP,OTHER,SUFFOLK,Straight and Level,Snow,None,Snow/Ice,Not Applicable,"Tree, Collision With Fixed Object",1
 Damage Accident,14:30,03/14/2014,Friday,N,Daylight,BRONX,Unknown,BRONX,Straight and Level,Clear,None,Dry,Not Applicable,"Other Motor Vehicle, Collision With",2
 Damage Accident,20:11,09/22/2014,Monday,Y,Dark-Road Lighted,LACKAWANNA,REAR END,ERIE,Straight and Level,Clear,None,Dry,Not Applicable,"Other Motor Vehicle, Collision With",2
 Accident,14:20,07/11/2014,Friday,Y,Daylight,KINGS,OTHER,KINGS,Straight and Level,Clear,None,Dry,"Crossing, No Signal or Crosswalk","Pedestrian, Collision With",1
 Damage & Injury Accident,13:15,07/09/2014,Wednesday,Y,Daylight,IRONDEQUOIT,RIGHT ANGLE,MONROE,Straight and Level,Cloudy,Traffic Signal,Dry,Not Applicable,"Other Motor Vehicle, Collision With",2
 Damage Accident,16:00,07/28/2014,Monday,N,Unknown,KINGS,REAR END,KINGS,Unknown,Unknown,Unknown,Unknown,Not Applicable,"Other Motor Vehicle, Collision With",2
 Damage Accident,7:40,09/04/2014,Thursday,Y,Daylight,WEST SENECA,REAR END,ERIE,Straight and Level,Cloudy,None,Dry,Not Applicable,"Other Motor Vehicle, Collision With",2
 Damage Accident,0:00,02/11/2014,Tuesday,N,Dusk,HENRIETTA,OTHER,MONROE,Curve and Level,Snow,None,Snow/Ice,Not Applicable,"Guide Rail - Not At End, Collision With Fixed Object",1
 Damage Accident,0:00,08/29/2014,Friday,N,Daylight,EASTCHESTER,LEFT TURN (3),WESTCHESTER,Straight and Level,Clear,Traffic Signal,Dry,Not Applicable,"Other Motor Vehicle, Collision With",2
 Damage & Injury Accident,18:43,01/30/2014,Thursday,Y,Dark-Road Lighted,CLARKSTOWN,HEAD ON,ROCKLAND,Straight and Grade,Clear,None,Dry,Not Applicable,"Other Motor Vehicle, Collision With",2
 Damage Accident,22:00,05/14/2014,Wednesday,Y,Dark-Road Unlighted,JOHNSON CITY,OTHER,BROOME,Straight and Level,Clear,None,Dry,Not Applicable,"Other Fixed Object*, Collision With Fixed Object",1
 Damage Accident,20:08,06/24/2014,Tuesday,Y,Dusk,WALDEN,RIGHT TURN (5),ORANGE,Straight and Level,Clear,Stop Sign,Dry,Not Applicable,"Other Motor Vehicle, Collision With",2
 Damage Accident,2:10,06/12/2014,Thursday,Y,Dark-Road Unlighted,MOREAU,OTHER,SARATOGA,Straight at Hill Crest,Cloudy,None,Wet,Not Applicable,"Guide Rail - Not At End, Collision With Fixed Object",1
 Accident,8:00,09/12/2014,Friday,Y,Daylight,NEW YORK,REAR END,NEW YORK,Straight and Level,Clear,Traffic Signal,Dry,Not Applicable,"Other Motor Vehicle, Collision With",2
 Damage & Injury Accident,14:15,05/28/2014,Wednesday,Y,Daylight,GREECE,OTHER,MONROE,Straight and Level,Cloudy,None,Dry,Not Applicable,"Other Motor Vehicle, Collision With",3
 Damage Accident,14:08,01/07/2014,Tuesday,Y,Daylight,BUFFALO,REAR END,ERIE,Straight and Level,Snow,None,Snow/Ice,Not Applicable,"Other Motor Vehicle, Collision With",2
 Damage & Injury Accident,23:10,07/04/2014,Friday,Y,Dark-Road Unlighted,BRONX,REAR END,BRONX,Straight and Level,Clear,None,Dry,Not Applicable,"Other Motor Vehicle, Collision With",2
 Damage Accident,18:16,08/04/2014,Monday,Y,Daylight,BABYLON,Unknown,SUFFOLK,Straight and Level,Clear,None,Dry,Not Applicable,"Other Motor Vehicle, Collision With",2
 Accident,11:21,06/05/2014,Thursday,Y,Daylight,BUFFALO,Unknown,ERIE,Straight and Level,Cloudy,Traffic Signal,Dry,Not Applicable,"Other Motor Vehicle, Collision With",2
 Damage Accident,20:30,02/14/2014,Friday,Y,Dark-Road Lighted,QUEENS,Unknown,QUEENS,Straight at Hill Crest,Clear,None,Snow/Ice,Not Applicable,"Other Motor Vehicle, Collision With",2
 Damage Accident,7:00,01/13/2014,Monday,N,Unknown,GENESEE FALLS,OTHER,WYOMING,Unknown,Unknown,Unknown,Unknown,Not Applicable,Deer,1
 Accident,8:30,01/13/2014,Monday,Y,Daylight,QUEENS,OTHER,QUEENS,Straight and Level,Clear,None,Dry,Not Applicable,"Other Motor Vehicle, Collision With",3
 Damage Accident,11:05,01/26/2014,Sunday,Y,Daylight,RICHLAND,OTHER,OSWEGO,Straight and Level,Snow,None,Snow/Ice,Not Applicable,"Guide Rail - Not At End, Collision With Fixed Object",1
 Damage Accident,8:05,10/10/2014,Friday,Y,Daylight,RICHMOND,Unknown,RICHMOND,Straight and Level,Clear,None,Dry,Not Applicable,"Other Motor Vehicle, Collision With",2
 Damage & Injury Accident,12:27,08/04/2014,Monday,Y,Daylight,MENANDS,OTHER,ALBANY,Straight and Level,Cloudy,None,Dry,Not Applicable,"Other Motor Vehicle, Collision With",3
 Damage Accident,18:00,11/26/2014,Wednesday,Y,Dark-Road Lighted,HEMPSTEAD,RIGHT ANGLE,NASSAU,Curve and Level,Rain,Stop Sign,Wet,Not Applicable,"Other Motor Vehicle, Collision With",2
 Accident,9:33,07/01/2014,Tuesday,Y,Daylight,KINGS,REAR END,KINGS,Straight and Level,Clear,Stop Sign,Dry,Not Applicable,"Other Motor Vehicle, Collision With",2
 Damage Accident,0:15,11/27/2014,Thursday,Y,Dark-Road Lighted,BRIGHTON,OTHER,MONROE,Straight and Level,Snow,None,Snow/Ice,Not Applicable,"Median - Not At End, Collision With Fixed Object",1
 Damage Accident,18:20,06/05/2014,Thursday,Y,Daylight,NORTH HILLS,REAR END,NASSAU,Straight and Level,Clear,None,Dry,Not Applicable,"Other Motor Vehicle, Collision With",2
 Accident,23:15,11/26/2014,Wednesday,Y,Dark-Road Lighted,QUEENS,OTHER,QUEENS,Straight and Level,Sleet/Hail/Freezing Rain,None,Wet,Riding/Walking/Skating Along Highway With Traffic,"Bicyclist, Collision With",1
 Damage Accident,5:10,06/27/2014,Friday,Y,Daylight,KINGS,HEAD ON,KINGS,Straight and Level,Clear,None,Dry,Not Applicable,"Other Motor Vehicle, Collision With",2
 Damage Accident,14:54,02/21/2014,Friday,Y,Daylight,HEMPSTEAD,LEFT TURN (3),NASSAU,Straight and Level,Fog/Smog/Smoke,None,Wet,Not Applicable,"Other Motor Vehicle, Collision With",2
 Damage & Injury Accident,11:49,05/31/2014,Saturday,Y,Daylight,SOUTHOLD,OVERTAKING,SUFFOLK,Straight and Level,Cloudy,No Passing Zone,Dry,Not Applicable,"Other Motor Vehicle, Collision With",2
 Damage Accident,18:00,01/30/2014,Thursday,Y,Dark-Road Lighted,BEACON,OTHER,DUTCHESS,Straight and Level,Clear,Other,Dry,Not Applicable,"Other Motor Vehicle, Collision With",2
 Accident,8:46,09/12/2014,Friday,Y,Daylight,KENT,OTHER,PUTNAM,Curve and Level,Clear,None,Dry,Not Applicable,"Guide Rail - Not At End, Collision With Fixed Object",1
 Damage Accident,14:13,11/26/2014,Wednesday,Y,Daylight,CORTLANDVILLE,OTHER,CORTLAND,Straight and Grade,Snow,None,Snow/Ice,Not Applicable,"Earth Embankment/Rock Cut/Ditch, Collision With Fixed Object",1
 Damage Accident,15:25,02/05/2014,Wednesday,Y,Daylight,AMITYVILLE,REAR END,SUFFOLK,Straight and Level,Rain,None,Wet,Not Applicable,"Other Motor Vehicle, Collision With",2
 Damage Accident,22:02,05/27/2014,Tuesday,Y,Dark-Road Lighted,ISLIP,OTHER,SUFFOLK,Curve and Level,Cloudy,None,Dry,Not Applicable,"Tree, Collision With Fixed Object",1
 Damage & Injury Accident,17:55,05/21/2014,Wednesday,Y,Daylight,HEMPSTEAD,REAR END,NASSAU,Straight and Level,Clear,Traffic Signal,Dry,Not Applicable,"Other Motor Vehicle, Collision With",2
 Damage Accident,11:40,03/23/2014,Sunday,Y,Daylight,HENRIETTA,OVERTAKING,MONROE,Straight and Level,Cloudy,None,Dry,Not Applicable,"Other Motor Vehicle, Collision With",2
 Accident,10:20,10/13/2014,Monday,Y,Daylight,NEW YORK,OTHER,NEW YORK,Straight and Level,Cloudy,Traffic Signal,Dry,Riding/Walking/Skating Along Highway With Traffic,"Bicyclist, Collision With",1
 Damage Accident,8:25,10/28/2014,Tuesday,N,Unknown,BROOKHAVEN,REAR END,SUFFOLK,Unknown,Unknown,Unknown,Unknown,Not Applicable,"Other Motor Vehicle, Collision With",2
 Accident,0:00,10/04/2014,Saturday,N,Unknown,BROOKHAVEN,Unknown,SUFFOLK,Unknown,Unknown,Unknown,Unknown,Not Applicable,"Other Motor Vehicle, Collision With",2
 Damage Accident,16:45,11/25/2014,Tuesday,Y,Dark-Road Lighted,SMITHTOWN,REAR END,SUFFOLK,Straight and Level,Cloudy,Traffic Signal,Dry,Not Applicable,"Other Motor Vehicle, Collision With",2
 Damage & Injury Accident,11:30,06/19/2014,Thursday,Y,Daylight,ISLIP,Unknown,SUFFOLK,Straight and Level,Cloudy,Traffic Signal,Wet,Not Applicable,"Other Motor Vehicle, Collision With",2
 Accident,20:30,01/21/2014,Tuesday,Y,Dark-Road Lighted,KINGSTON,OTHER,ULSTER,Straight and Level,Cloudy,Traffic Signal,Dry,"Crossing, With Signal","Bicyclist, Collision With",1
 Accident,23:10,02/09/2014,Sunday,Y,Dark-Road Unlighted,ASHLAND,OTHER,GREENE,Curve and Level,Snow,No Passing Zone,Snow/Ice,Not Applicable,"Light Support/Utility Pole, Collision With Fixed Object",1
 Damage Accident,22:30,01/04/2014,Saturday,Y,Dark-Road Unlighted,CAZENOVIA,OTHER,MADISON,Straight and Grade,Cloudy,None,Snow/Ice,Not Applicable,Deer,1
 Damage Accident,5:55,11/03/2014,Monday,N,Unknown,DEPEW,OTHER,ERIE,Unknown,Unknown,Unknown,Unknown,Not Applicable,"Curbing, Collision With Fixed Object",1
 Damage & Injury Accident,5:25,05/10/2014,Saturday,Y,Dark-Road Lighted,MAMARONECK,OVERTAKING,WESTCHESTER,Curve and Level,Clear,None,Wet,Not Applicable,"Other Motor Vehicle, Collision With",2
 Damage Accident,8:55,09/23/2014,Tuesday,Y,Daylight,BRONX,OVERTAKING,BRONX,Straight and Level,Clear,Traffic Signal,Dry,Not Applicable,"Other Motor Vehicle, Collision With",2
 Damage Accident,8:00,01/11/2014,Saturday,Y,Daylight,QUEENS,REAR END,QUEENS,Straight and Level,Rain,Traffic Signal,Wet,Not Applicable,"Other Motor Vehicle, Collision With",2
 Damage Accident,18:52,08/06/2014,Wednesday,Y,Daylight,VICTOR,REAR END,ONTARIO,Curve and Grade,Clear,Yield Sign,Dry,Not Applicable,"Other Motor Vehicle, Collision With",2
 Damage & Injury Accident,11:40,12/08/2014,Monday,Y,Daylight,ANGELICA,OTHER,ALLEGANY,Curve and Level,Cloudy,None,Dry,Not Applicable,"Tree, Collision With Fixed Object",1
 Accident,5:08,05/21/2014,Wednesday,Y,Daylight,QUEENS,REAR END,QUEENS,Straight and Level,Clear,Traffic Signal,Dry,Not Applicable,"Other Motor Vehicle, Collision With",2
 Damage Accident,13:52,02/22/2014,Saturday,Y,Daylight,AMHERST,REAR END,ERIE,Straight and Level,Clear,Traffic Signal,Dry,Not Applicable,"Other Motor Vehicle, Collision With",2
 Accident,16:00,06/20/2014,Friday,N,Unknown,KINGS,REAR END,KINGS,Unknown,Unknown,Unknown,Unknown,Not Applicable,"Other Motor Vehicle, Collision With",2
 Damage Accident,20:33,03/07/2014,Friday,Y,Dark-Road Unlighted,ONEONTA,OTHER,OTSEGO,Straight and Level,Clear,None,Dry,Not Applicable,Deer,1
 Damage & Injury Accident,17:55,04/02/2014,Wednesday,Y,Daylight,HEMPSTEAD,LEFT TURN (3),NASSAU,Straight and Level,Clear,None,Dry,Not Applicable,"Other Motor Vehicle, Collision With",2
 Accident,0:20,09/26/2014,Friday,Y,Dark-Road Lighted,WEST HAVERSTRAW,OTHER,ROCKLAND,Straight and Level,Cloudy,None,Dry,Not Applicable,"Other Motor Vehicle, Collision With",2
 Damage Accident,20:50,11/18/2014,Tuesday,N,Dark-Road Unlighted,CANANDAIGUA,OTHER,ONTARIO,Curve at Hill Crest,Snow,None,Snow/Ice,Not Applicable,"Other Fixed Object*, Collision With Fixed Object",1
 Damage Accident,5:59,01/27/2014,Monday,Y,Dark-Road Unlighted,WADDINGTON,OTHER,ST. LAWRENCE,Straight and Level,Snow,None,Snow/Ice,Not Applicable,Deer,1
 Accident,0:00,03/26/2014,Wednesday,N,Unknown,MOUNT VERNON,OTHER,WESTCHESTER,Unknown,Unknown,Unknown,Unknown,Unknown,"Pedestrian, Collision With",1
 Damage Accident,17:30,07/02/2014,Wednesday,Y,Daylight,LOWVILLE,REAR END,LEWIS,Straight and Grade,Clear,Traffic Signal,Dry,Not Applicable,"Other Motor Vehicle, Collision With",2
 Damage Accident,20:35,04/18/2014,Friday,Y,Dark-Road Unlighted,GHENT,OTHER,COLUMBIA,Straight and Level,Cloudy,None,Dry,Not Applicable,Deer,1
 Accident,14:10,10/10/2014,Friday,Y,Unknown,KINGS,OTHER,KINGS,Unknown,Unknown,Unknown,Unknown,Unknown,"Pedestrian, Collision With",1
 Damage & Injury Accident,13:00,05/19/2014,Monday,N,Daylight,WILLIAMSVILLE,OTHER,ERIE,Straight and Level,Clear,None,Dry,Not Applicable,"Other Motor Vehicle, Collision With",3
 Damage & Injury Accident,15:35,05/03/2014,Saturday,N,Daylight,LINDENHURST,OTHER,SUFFOLK,Straight and Level,Clear,Traffic Signal,Dry,Not Applicable,"Other Motor Vehicle, Collision With",3
 Damage & Injury Accident,19:23,11/01/2014,Saturday,Y,Dark-Road Unlighted,PUTNAM VALLEY,OTHER,PUTNAM,Curve and Level,Rain,None,Wet,Not Applicable,"Tree, Collision With Fixed Object",1
 Accident,17:16,06/16/2014,Monday,Y,Daylight,KINGS,OTHER,KINGS,Straight and Level,Clear,Traffic Signal,Dry,Riding/Walking/Skating Along Highway With Traffic,"Bicyclist, Collision With",1
 Damage Accident,8:15,03/10/2014,Monday,N,Daylight,NEW BALTIMORE,OTHER,GREENE,Straight and Level,Cloudy,None,Wet,Not Applicable,Deer,1
 Damage Accident,18:15,07/16/2014,Wednesday,N,Daylight,KINGS,Unknown,KINGS,Straight and Level,Clear,Unknown,Dry,Not Applicable,"Other Motor Vehicle, Collision With",2
 Accident,14:17,10/23/2014,Thursday,Y,Daylight,WHITE PLAINS,OTHER,WESTCHESTER,Straight and Grade,Rain,Traffic Signal,Wet,Not Applicable,"Other Motor Vehicle, Collision With",3
 Damage Accident,8:00,01/03/2014,Friday,Y,Unknown,ONONDAGA,SIDESWIPE,ONONDAGA,Straight and Grade,Snow,None,Snow/Ice,Not Applicable,"Other Motor Vehicle, Collision With",2
 Damage & Injury Accident,18:20,09/07/2014,Sunday,Y,Dusk,ISLIP,Unknown,SUFFOLK,Straight and Level,Clear,Traffic Signal,Dry,Not Applicable,"Other Motor Vehicle, Collision With",2
 Accident,17:59,09/11/2014,Thursday,Y,Daylight,WHITE PLAINS,REAR END,WESTCHESTER,Straight and Level,Clear,Traffic Signal,Dry,Not Applicable,"Other Motor Vehicle, Collision With",2
 Damage Accident,13:10,07/30/2014,Wednesday,Y,Daylight,HUNTINGTON,OTHER,SUFFOLK,Straight and Level,Clear,None,Dry,Not Applicable,"Fire Hydrant, Collision With Fixed Object",1
 Damage Accident,2:30,05/24/2014,Saturday,Y,Dark-Road Unlighted,ROXBURY,OTHER,DELAWARE,Straight and Level,Rain,No Passing Zone,Wet,Not Applicable,"Sign Post, Collision With Fixed Object",1
 Damage Accident,0:15,05/20/2014,Tuesday,Y,Dark-Road Unlighted,FRANKFORT,OTHER,HERKIMER,Straight and Grade,Cloudy,No Passing Zone,Dry,Not Applicable,Deer,1
 Damage & Injury Accident,14:00,01/21/2014,Tuesday,Y,Daylight,QUEENSBURY,OTHER,WARREN,Straight and Level,Clear,None,Dry,Not Applicable,"Other Motor Vehicle, Collision With",4
 Damage Accident,11:30,06/23/2014,Monday,N,Daylight,QUEENS,LEFT TURN (0),QUEENS,Straight and Level,Clear,Traffic Signal,Dry,Not Applicable,"Other Motor Vehicle, Collision With",2
 Accident,23:15,01/03/2014,Friday,Y,Dark-Road Lighted,QUEENS,REAR END,QUEENS,Straight and Level,Clear,None,Wet,Not Applicable,"Other Motor Vehicle, Collision With",2
 Damage Accident,10:50,07/21/2014,Monday,Y,Daylight,CICERO,REAR END,ONONDAGA,Straight and Grade,Clear,Traffic Signal,Dry,Not Applicable,"Other Motor Vehicle, Collision With",2
 Accident,15:20,02/14/2014,Friday,Y,Daylight,QUEENS,OTHER,QUEENS,Straight and Level,Clear,Unknown,Wet,"Crossing, No Signal, Marked Crosswalk","Pedestrian, Collision With",1
 Accident,5:00,08/03/2014,Sunday,Y,Dawn,NEW YORK,OTHER,NEW YORK,Straight and Level,Rain,Traffic Signal,Wet,Not Applicable,"Other Motor Vehicle, Collision With",3
 Accident,1:30,08/10/2014,Sunday,Y,Dark-Road Lighted,NEW YORK,OTHER,NEW YORK,Straight and Level,Clear,None,Dry,Not Applicable,"Other Motor Vehicle, Collision With",3
 Accident,22:36,12/23/2014,Tuesday,Y,Dark-Road Lighted,KINGS,OTHER,KINGS,Straight and Level,Rain,Traffic Signal,Wet,"Crossing, With Signal","Pedestrian, Collision With",1
 Accident,19:00,08/29/2014,Friday,Y,Daylight,EAST ROCHESTER,OTHER,MONROE,Straight and Level,Clear,None,Dry,"Crossing, No Signal or Crosswalk","Bicyclist, Collision With",1
 Damage Accident,7:51,11/19/2014,Wednesday,N,Daylight,KENMORE,REAR END,ERIE,Straight and Level,Snow,Traffic Signal,Snow/Ice,Not Applicable,"Other Motor Vehicle, Collision With",2
 Accident,17:45,12/05/2014,Friday,Y,Dark-Road Lighted,ROCHESTER,OTHER,MONROE,Straight and Grade,Cloudy,Traffic Signal,Dry,"Crossing, With Signal","Pedestrian, Collision With",1
 Accident,18:15,07/26/2014,Saturday,Y,Daylight,FREEPORT,OTHER,NASSAU,Straight and Level,Clear,None,Dry,"Crossing, No Signal or Crosswalk","Pedestrian, Collision With",1
 Damage Accident,7:00,09/19/2014,Friday,Y,Daylight,WALLKILL,RIGHT TURN (6),ORANGE,Straight and Level,Clear,None,Dry,Not Applicable,"Other Motor Vehicle, Collision With",2
 Damage Accident,15:56,06/25/2014,Wednesday,Y,Daylight,ALBANY,OTHER,ALBANY,Straight and Level,Cloudy,Traffic Signal,Dry,Not Applicable,"Other Fixed Object*, Collision With Fixed Object",1
 Damage & Injury Accident,8:42,12/06/2014,Saturday,Y,Daylight,SPRINGWATER,OTHER,LIVINGSTON,Straight and Level,Rain,None,Snow/Ice,Not Applicable,"Earth Embankment/Rock Cut/Ditch, Collision With Fixed Object",1
 Accident,20:58,08/11/2014,Monday,Y,Dusk,KINGS,OTHER,KINGS,Straight and Level,Clear,Traffic Signal,Dry,Riding/Walking/Skating Along Highway With Traffic,"Bicyclist, Collision With",1
 Damage Accident,9:48,05/13/2014,Tuesday,Y,Daylight,BABYLON,Unknown,SUFFOLK,Straight and Level,Clear,None,Dry,Not Applicable,"Other Motor Vehicle, Collision With",2
 Damage Accident,8:45,03/12/2014,Wednesday,Y,Daylight,LIVONIA,RIGHT ANGLE,LIVINGSTON,Straight and Level,Snow,Stop Sign,Snow/Ice,Not Applicable,"Other Motor Vehicle, Collision With",2
 Accident,19:15,01/10/2014,Friday,Y,Dark-Road Lighted,KINGS,OTHER,KINGS,Straight and Level,Rain,Traffic Signal,Wet,"Crossing, With Signal","Pedestrian, Collision With",1
 Damage & Injury Accident,14:42,12/27/2014,Saturday,Y,Daylight,BRIGHTON,OTHER,MONROE,Straight and Grade,Clear,None,Dry,Not Applicable,"Other Motor Vehicle, Collision With",3
 Damage Accident,14:38,02/09/2014,Sunday,N,Unknown,NEW ROCHELLE,Unknown,WESTCHESTER,Unknown,Unknown,Unknown,Unknown,Not Applicable,"Other Motor Vehicle, Collision With",2
 Damage Accident,6:44,10/10/2014,Friday,Y,Daylight,BUFFALO,Unknown,ERIE,Straight and Level,Cloudy,Stop Sign,Dry,Not Applicable,"Other Motor Vehicle, Collision With",2
 Damage Accident,2:13,10/09/2014,Thursday,Y,Dark-Road Lighted,SMITHTOWN,RIGHT ANGLE,SUFFOLK,Straight and Level,Clear,None,Dry,Not Applicable,"Other Motor Vehicle, Collision With",2
 Damage Accident,21:00,09/17/2014,Wednesday,Y,Dark-Road Unlighted,STAFFORD,OTHER,GENESEE,Curve and Level,Clear,None,Dry,Not Applicable,Deer,1
 Damage Accident,18:55,07/13/2014,Sunday,N,Dusk,BROOKHAVEN,Unknown,SUFFOLK,Straight and Level,Clear,None,Dry,Not Applicable,"Other Motor Vehicle, Collision With",2
 Damage Accident,10:18,03/03/2014,Monday,Y,Daylight,ALBANY,OVERTAKING,ALBANY,Straight and Grade,Clear,None,Dry,Not Applicable,"Other Motor Vehicle, Collision With",2
 Damage Accident,21:00,05/07/2014,Wednesday,Y,Dark-Road Unlighted,ELBA,OTHER,GENESEE,Straight and Level,Clear,None,Dry,Not Applicable,Deer,1
 Damage & Injury Accident,0:00,09/05/2014,Friday,N,Unknown,BRIGHTON,OTHER,MONROE,Unknown,Unknown,Unknown,Unknown,Not Applicable,"Other Fixed Object*, Collision With Fixed Object",1