 Descriptor,Time,Date,Day of Week,Police Report,Lighting Conditions,Municipality,Collision Type Descriptor,County Name,Road Descriptor,Weather Conditions,Traffic Control Device,Road Surface Conditions,Pedestrian Bicyclist Action,Event Descriptor,Number of Vehicles Involved
 Damage Accident,8:53,10/21/2014,Tuesday,Y,Daylight,WESTBURY,REAR END,NASSAU,Straight and Level,Clear,None,Dry,Not Applicable,"Other Motor Vehicle, Collision With",2
 Accident,18:00,10/10/2014,Friday,Y,Dark-Road Lighted,KINGS,OTHER,KINGS,Curve and Level,Cloudy,None,Dry,Not Applicable,"Guide Rail - Not At End, Collision With Fixed Object",1
 Accident,16:12,04/23/2014,Wednesday,Y,Daylight,ALBANY,OTHER,ALBANY,Straight and Level,Cloudy,Traffic Signal,Dry,Other Actions in Roadway,"Pedestrian, Collision With",1
 Damage Accident,15:33,06/18/2014,Wednesday,Y,Daylight,PLATTSBURG,OTHER,CLINTON,Straight and Level,Clear,None,Dry,Not Applicable,"Other Motor Vehicle, Collision With",2
 Damage & Injury Accident,17:20,06/08/2014,Sunday,Y,Daylight,WATERFORD,OTHER,SARATOGA,Curve and Level,Clear,None,Dry,Riding/Walking/Skating Along Highway Against Traffic,"Bicyclist, Collision With",1
 Accident,7:10,08/04/2014,Monday,Y,Daylight,RICHMOND,OTHER,RICHMOND,Straight and Level,Clear,Traffic Signal,Dry,"Crossing, With Signal","Pedestrian, Collision With",1
 Damage Accident,21:20,11/01/2014,Saturday,Y,Dark-Road Unlighted,CANTON,OTHER,ST. LAWRENCE,Straight and Level,Cloudy,None,Wet,Not Applicable,Deer,1
 Damage & Injury Accident,17:01,06/19/2014,Thursday,Y,Daylight,AMHERST,REAR END,ERIE,Straight and Level,Clear,Traffic Signal,Dry,Not Applicable,"Other Motor Vehicle, Collision With",2
 Damage Accident,7:59,10/08/2014,Wednesday,Y,Daylight,FLORAL PARK,Unknown,NASSAU,Straight and Level,Clear,None,Dry,Not Applicable,"Other Motor Vehicle, Collision With",2
 Accident,7:20,09/13/2014,Saturday,Y,Daylight,QUEENS,OTHER,QUEENS,Straight and Level,Clear,None,Dry,Not Applicable,"Overturned, Non-Collision",1
 Damage & Injury Accident,11:20,06/15/2014,Sunday,Y,Daylight,BABYLON,OTHER,SUFFOLK,Straight and Level,Clear,Traffic Signal,Dry,Not Applicable,"Other Motor Vehicle, Collision With",3
 Accident,19:00,05/26/2014,Monday,Y,Daylight,BRONX,OTHER,BRONX,Straight and Grade,Clear,Traffic Signal,Dry,"Crossing, With Signal","Pedestrian, Collision With",1
 Accident,16:50,01/21/2014,Tuesday,Y,Daylight,SYRACUSE,RIGHT ANGLE,ONONDAGA,Straight and Grade,Cloudy,Traffic Signal,Wet,Not Applicable,"Other Motor Vehicle, Collision With",2
 Damage Accident,1:15,06/27/2014,Friday,Y,Dark-Road Lighted,CICERO,OTHER,ONONDAGA,Straight and Level,Clear,Stop Sign,Dry,Not Applicable,"Fence, Collision With Fixed Object",1
 Damage Accident,12:10,05/23/2014,Friday,Y,Daylight,JEWETT,OTHER,GREENE,Straight and Level,Cloudy,None,Dry,Not Applicable,"Light Support/Utility Pole, Collision With Fixed Object",1
 Accident,18:05,04/07/2014,Monday,Y,Dawn,NEW YORK,OTHER,NEW YORK,Straight and Level,Rain,None,Wet,Other Actions in Roadway,"Pedestrian, Collision With",1
 Damage Accident,23:09,02/04/2014,Tuesday,Y,Dark-Road Unlighted,MALONE,OTHER,FRANKLIN,Straight and Level,Cloudy,None,Dry,Not Applicable,Deer,1
 Accident,0:10,01/26/2014,Sunday,Y,Dark-Road Lighted,QUEENS,OTHER,QUEENS,Straight and Level,Clear,Traffic Signal,Wet,"Crossing, With Signal","Pedestrian, Collision With",1
 Damage & Injury Accident,19:23,11/07/2014,Friday,Y,Dark-Road Unlighted,CHEEKTOWAGA,OTHER,ERIE,Straight and Grade,Cloudy,None,Dry,Not Applicable,"Other Motor Vehicle, Collision With",3
 Accident,6:00,10/06/2014,Monday,Y,Dark-Road Lighted,BRONX,REAR END,BRONX,Curve and Grade,Clear,None,Dry,Not Applicable,"Other Motor Vehicle, Collision With",2
 Damage & Injury Accident,19:25,11/04/2014,Tuesday,Y,Dark-Road Lighted,OYSTER BAY,OTHER,NASSAU,Straight and Level,Clear,None,Dry,Not Applicable,"Other Motor Vehicle, Collision With",3
 Damage Accident,16:57,05/17/2014,Saturday,Y,Daylight,SYRACUSE,OTHER,ONONDAGA,Straight and Level,Clear,None,Dry,Not Applicable,Deer,1
 Damage & Injury Accident,15:45,09/29/2014,Monday,Y,Daylight,BROOKHAVEN,REAR END,SUFFOLK,Straight and Level,Clear,None,Dry,Not Applicable,"Other Motor Vehicle, Collision With",2
 Damage Accident,15:57,01/21/2014,Tuesday,Y,Daylight,HEMPSTEAD,REAR END,NASSAU,Straight and Level,Snow,Traffic Signal,Snow/Ice,Not Applicable,"Other Motor Vehicle, Collision With",2
 Damage Accident,23:03,04/25/2014,Friday,Y,Dark-Road Unlighted,BATH,OTHER,STEUBEN,Straight and Level,Cloudy,None,Wet,Not Applicable,"Guide Rail - Not At End, Collision With Fixed Object",1
 Damage Accident,10:33,07/03/2014,Thursday,Y,Daylight,ERWIN,RIGHT ANGLE,STEUBEN,Straight and Level,Clear,No Passing Zone,Dry,Not Applicable,"Other Motor Vehicle, Collision With",2
 Accident,11:20,02/14/2014,Friday,Y,Daylight,NASSAU,RIGHT TURN (6),RENSSELAER,Straight and Level,Cloudy,Stop Sign,Slush,Not Applicable,"Other Motor Vehicle, Collision With",2
 Damage Accident,13:05,12/20/2014,Saturday,Y,Daylight,BROOKHAVEN,OTHER,SUFFOLK,Straight and Level,Cloudy,None,Dry,Not Applicable,"Other Motor Vehicle, Collision With",3
 Damage Accident,16:45,02/09/2014,Sunday,Y,Daylight,BUFFALO,OVERTAKING,ERIE,Curve and Level,Snow,None,Snow/Ice,Not Applicable,"Other Motor Vehicle, Collision With",2
 Accident,16:25,01/17/2014,Friday,Y,Daylight,BRONX,OTHER,BRONX,Straight and Level,Clear,Stop Sign,Dry,Unknown,"Bicyclist, Collision With",1
 Damage & Injury Accident,18:13,08/09/2014,Saturday,Y,Daylight,HEMPSTEAD,OTHER,NASSAU,Curve and Grade,Clear,None,Dry,Not Applicable,"Median - Not At End, Collision With Fixed Object",1
 Damage Accident,8:03,11/25/2014,Tuesday,Y,Daylight,COLONIE,OVERTAKING,ALBANY,Straight and Level,Cloudy,Traffic Signal,Dry,Not Applicable,"Other Motor Vehicle, Collision With",2
 Damage Accident,16:59,06/02/2014,Monday,Y,Daylight,GARDEN CITY,REAR END,NASSAU,Straight and Level,Clear,None,Dry,Not Applicable,"Other Motor Vehicle, Collision With",2
 Damage Accident,13:30,12/12/2014,Friday,Y,Daylight,NEW PALTZ,OTHER,ULSTER,Straight and Level,Clear,None,Dry,Not Applicable,"Other Object (Not Fixed)*, Collision With",1
 Accident,19:50,08/13/2014,Wednesday,Y,Daylight,KINGS,REAR END,KINGS,Straight and Level,Clear,Traffic Signal,Dry,Not Applicable,"Other Motor Vehicle, Collision With",2
 Accident,17:15,06/01/2014,Sunday,Y,Daylight,KINGS,OTHER,KINGS,Straight and Level,Cloudy,Traffic Signal,Dry,"Crossing, With Signal","Pedestrian, Collision With",1
 Damage Accident,20:17,09/25/2014,Thursday,Y,Dark-Road Unlighted,HENRIETTA,RIGHT ANGLE,MONROE,Straight and Level,Clear,None,Dry,Not Applicable,"Other Motor Vehicle, Collision With",2
 Damage & Injury Accident,17:28,06/17/2014,Tuesday,Y,Daylight,SENECA FALLS,RIGHT ANGLE,SENECA,Curve and Level,Clear,Stop Sign,Dry,Not Applicable,"Other Motor Vehicle, Collision With",2
 Accident,17:40,02/07/2014,Friday,Y,Dark-Road Lighted,NEW YORK,OTHER,NEW YORK,Straight and Level,Clear,Traffic Signal,Dry,Other Actions in Roadway,"Pedestrian, Collision With",1
 Damage & Injury Accident,0:00,02/05/2014,Wednesday,N,Unknown,VICTOR,OTHER,ONTARIO,Unknown,Unknown,Unknown,Unknown,Not Applicable,"Earth Embankment/Rock Cut/Ditch, Collision With Fixed Object",1
 Accident,23:15,09/04/2014,Thursday,Y,Dark-Road Lighted,NEW YORK,OTHER,NEW YORK,Straight and Level,Clear,Traffic Signal,Dry,"Crossing, With Signal","Pedestrian, Collision With",1
 Damage Accident,21:10,10/12/2014,Sunday,Y,Dark-Road Unlighted,HALFMOON,OTHER,SARATOGA,Straight and Grade,Clear,No Passing Zone,Dry,Not Applicable,Deer,1
 Damage Accident,15:43,12/10/2014,Wednesday,Y,Daylight,QUEENS,OTHER,QUEENS,Straight and Level,Snow,None,Wet,Not Applicable,"Other Motor Vehicle, Collision With",3
 Damage & Injury Accident,12:00,02/09/2014,Sunday,Y,Daylight,QUEENS,OVERTAKING,QUEENS,Straight and Level,Clear,Traffic Signal,Snow/Ice,Not Applicable,"Other Motor Vehicle, Collision With",2
 Accident,0:00,06/12/2014,Thursday,N,Unknown,QUEENS,OTHER,QUEENS,Unknown,Unknown,Unknown,Unknown,Unknown,"Pedestrian, Collision With",1
 Damage Accident,16:04,12/28/2014,Sunday,Y,Daylight,AMHERST,OTHER,ERIE,Curve and Level,Cloudy,None,Dry,Not Applicable,"Tree, Collision With Fixed Object",1
 Accident,16:00,05/18/2014,Sunday,Y,Daylight,BRONX,REAR END,BRONX,Straight at Hill Crest,Clear,Traffic Signal,Dry,Not Applicable,"Other Motor Vehicle, Collision With",2
 Damage Accident,13:23,11/13/2014,Thursday,Y,Daylight,SHERIDAN,RIGHT TURN (6),CHAUTAUQUA,Straight and Level,Snow,No Passing Zone,Snow/Ice,Not Applicable,"Other Motor Vehicle, Collision With",2
 Damage Accident,7:40,10/03/2014,Friday,Y,Daylight,TROY,SIDESWIPE,RENSSELAER,Straight and Level,Clear,Traffic Signal,Dry,Not Applicable,"Other Motor Vehicle, Collision With",2
 Damage Accident,16:27,01/08/2014,Wednesday,N,Unknown,BEEKMAN,Unknown,DUTCHESS,Unknown,Unknown,Unknown,Unknown,Not Applicable,"Other Motor Vehicle, Collision With",2
 Damage Accident,17:20,08/14/2014,Thursday,Y,Daylight,BROOKHAVEN,OTHER,SUFFOLK,Straight and Level,Clear,None,Dry,Not Applicable,"Other Fixed Object*, Collision With Fixed Object",1
 Damage Accident,17:50,12/17/2014,Wednesday,Y,Dark-Road Unlighted,SAUGERTIES,HEAD ON,ULSTER,Straight and Level,Cloudy,None,Wet,Not Applicable,"Other Motor Vehicle, Collision With",2
 Accident,16:39,08/23/2014,Saturday,Y,Daylight,GREENBURGH,LEFT TURN (0),WESTCHESTER,Straight and Level,Cloudy,Traffic Signal,Dry,Not Applicable,"Other Motor Vehicle, Collision With",2
 Damage & Injury Accident,14:59,09/20/2014,Saturday,Y,Daylight,SARATOGA,LEFT TURN (3),SARATOGA,Straight and Grade,Clear,No Passing Zone,Dry,Not Applicable,"Other Motor Vehicle, Collision With",2
 Accident,10:00,02/28/2014,Friday,Y,Daylight,SYRACUSE,RIGHT ANGLE,ONONDAGA,Straight and Level,Snow,Traffic Signal,Snow/Ice,Not Applicable,"Other Motor Vehicle, Collision With",2
 Damage Accident,23:20,07/06/2014,Sunday,Y,Dark-Road Unlighted,RANDOLPH,OTHER,CATTARAUGUS,Straight and Grade,Clear,None,Dry,Not Applicable,Deer,1
 Damage Accident,12:50,04/10/2014,Thursday,Y,Daylight,BABYLON,RIGHT ANGLE,SUFFOLK,Straight and Level,Cloudy,Stop Sign,Dry,Not Applicable,"Other Motor Vehicle, Collision With",2
 Damage & Injury Accident,3:20,10/19/2014,Sunday,Y,Dark-Road Lighted,KINGS,SIDESWIPE,KINGS,Straight and Level,Clear,None,Dry,Not Applicable,"Other Motor Vehicle, Collision With",2
 Damage & Injury Accident,1:35,04/14/2014,Monday,Y,Dark-Road Unlighted,CICERO,OTHER,ONONDAGA,Straight and Level,Clear,None,Dry,Not Applicable,"Overturned, Non-Collision",1
 Damage Accident,19:15,02/21/2014,Friday,N,Unknown,RICHMOND,Unknown,RICHMOND,Unknown,Unknown,Unknown,Unknown,Not Applicable,"Other Motor Vehicle, Collision With",2
 Damage Accident,14:35,03/07/2014,Friday,N,Unknown,NEW YORK,OVERTAKING,NEW YORK,Unknown,Unknown,Unknown,Unknown,Not Applicable,"Other Motor Vehicle, Collision With",2
 Damage Accident,14:08,07/01/2014,Tuesday,Y,Daylight,CANANDAIGUA,OTHER,ONTARIO,Straight and Level,Clear,None,Dry,Not Applicable,"Other Motor Vehicle, Collision With",3
 Damage Accident,7:50,11/05/2014,Wednesday,N,Daylight,KINGS,Unknown,KINGS,Curve and Grade,Clear,Construction Work Area,Dry,Not Applicable,"Other Motor Vehicle, Collision With",2
 Damage Accident,9:00,12/15/2014,Monday,Y,Daylight,WAWARSING,OTHER,ULSTER,Straight and Level,Clear,No Passing Zone,Dry,Not Applicable,"Other Object (Not Fixed)*, Collision With",1
 Damage & Injury Accident,17:13,07/14/2014,Monday,Y,Daylight,YONKERS,LEFT TURN (3),WESTCHESTER,Straight and Level,Cloudy,None,Dry,Not Applicable,"Other Motor Vehicle, Collision With",2
 Damage Accident,19:19,05/14/2014,Wednesday,Y,Daylight,WATKINS GLEN,OTHER,SCHUYLER,Straight and Level,Clear,None,Dry,Not Applicable,"Other Motor Vehicle, Collision With",2
 Damage Accident,16:41,12/02/2014,Tuesday,Y,Daylight,BUFFALO,OTHER,ERIE,Curve at Hill Crest,Sleet/Hail/Freezing Rain,None,Snow/Ice,Not Applicable,"Barrier, Collision With Fixed Object",1
 Damage Accident,8:30,10/20/2014,Monday,Y,Daylight,GROVELAND,OTHER,LIVINGSTON,Straight and Level,Cloudy,None,Dry,Not Applicable,Deer,1
 Damage Accident,17:27,02/24/2014,Monday,Y,Dusk,MALTA,RIGHT ANGLE,SARATOGA,Straight and Level,Clear,Stop Sign,Dry,Not Applicable,"Other Motor Vehicle, Collision With",2
 Accident,16:08,06/20/2014,Friday,Y,Daylight,ITHACA,OTHER,TOMPKINS,Straight and Level,Clear,Traffic Signal,Dry,Not in Roadway (Indicate),"Building/Wall, Collision With Fixed Object",1
 Damage & Injury Accident,8:11,02/17/2014,Monday,Y,Daylight,BELFAST,OTHER,ALLEGANY,Curve and Grade,Clear,No Passing Zone,Snow/Ice,Not Applicable,"Earth Embankment/Rock Cut/Ditch, Collision With Fixed Object",1
 Damage Accident,4:35,01/05/2014,Sunday,Y,Dark-Road Lighted,HILLBURN,OTHER,ROCKLAND,Straight and Level,Clear,None,Dry,Not Applicable,"Sign Post, Collision With Fixed Object",1
 Accident,17:00,05/29/2014,Thursday,Y,Daylight,ALBANY,OVERTAKING,ALBANY,Straight and Level,Clear,None,Dry,Not Applicable,"Other Motor Vehicle, Collision With",2
 Damage Accident,10:54,10/10/2014,Friday,Y,Daylight,BINGHAMTON,RIGHT ANGLE,BROOME,Straight and Level,Cloudy,Flashing Light,Dry,Not Applicable,"Other Motor Vehicle, Collision With",2
 Damage Accident,15:11,05/29/2014,Thursday,Y,Daylight,SARATOGA SPRINGS,REAR END,SARATOGA,Straight and Level,Clear,None,Dry,Not Applicable,"Other Motor Vehicle, Collision With",2
 Damage Accident,13:30,10/17/2014,Friday,N,Unknown,NEW PALTZ,REAR END,ULSTER,Unknown,Unknown,Unknown,Unknown,Not Applicable,"Other Motor Vehicle, Collision With",2
 Damage Accident,0:25,09/21/2014,Sunday,Y,Dark-Road Lighted,LEWISTON,RIGHT ANGLE,NIAGARA,Straight and Level,Cloudy,Traffic Signal,Dry,Not Applicable,"Other Motor Vehicle, Collision With",2
 Damage Accident,14:45,11/03/2014,Monday,Y,Daylight,RICHMOND,OTHER,RICHMOND,Curve and Level,Clear,None,Dry,Not Applicable,"Other Object (Not Fixed)*, Collision With",1
 Damage Accident,9:30,06/04/2014,Wednesday,N,Unknown,KINGS,OVERTAKING,KINGS,Straight and Level,Clear,None,Dry,Not Applicable,"Other Motor Vehicle, Collision With",2
 Accident,9:53,06/07/2014,Saturday,Y,Daylight,MINERVA,OTHER,ESSEX,Curve and Grade,Clear,No Passing Zone,Dry,Not Applicable,"Guide Rail - Not At End, Collision With Fixed Object",1
 Damage Accident,17:30,08/18/2014,Monday,Y,Daylight,CLARKSTOWN,REAR END,ROCKLAND,Straight and Level,Clear,Traffic Signal,Dry,Not Applicable,"Other Motor Vehicle, Collision With",2
 Damage & Injury Accident,17:05,01/02/2014,Thursday,Y,Dark-Road Unlighted,CARMEL,OTHER,PUTNAM,Curve and Grade,Snow,No Passing Zone,Snow/Ice,Not Applicable,"Other Fixed Object*, Collision With Fixed Object",1
 Damage Accident,6:08,06/12/2014,Thursday,Y,Dawn,ROCHESTER,RIGHT ANGLE,MONROE,Straight and Grade,Cloudy,Traffic Signal,Dry,Not Applicable,"Other Motor Vehicle, Collision With",2
 Damage Accident,12:09,02/05/2014,Wednesday,Y,Daylight,MARLBOROUGH,OTHER,ULSTER,Straight and Grade,Snow,None,Snow/Ice,Not Applicable,"Tree, Collision With Fixed Object",1
 Accident,7:00,11/25/2014,Tuesday,Y,Daylight,BRONX,REAR END,BRONX,Straight and Level,Clear,None,Dry,Not Applicable,"Other Motor Vehicle, Collision With",2
 Damage & Injury Accident,13:00,02/07/2014,Friday,Y,Daylight,BRONX,REAR END,BRONX,Straight and Level,Clear,None,Dry,Not Applicable,"Other Motor Vehicle, Collision With",2
 Damage & Injury Accident,12:10,04/07/2014,Monday,Y,Daylight,OYSTER BAY,RIGHT ANGLE,NASSAU,Straight and Level,Cloudy,Traffic Signal,Dry,Not Applicable,"Other Motor Vehicle, Collision With",2
 Damage & Injury Accident,23:14,12/01/2014,Monday,Y,Dark-Road Lighted,HEMPSTEAD,REAR END,NASSAU,Curve and Level,Cloudy,None,Wet,Not Applicable,"Other Motor Vehicle, Collision With",2
 Damage Accident,15:01,10/01/2014,Wednesday,N,Unknown,NEW ROCHELLE,Unknown,WESTCHESTER,Unknown,Unknown,Unknown,Unknown,Not Applicable,"Other Motor Vehicle, Collision With",2
 Damage Accident,20:27,03/17/2014,Monday,Y,Dark-Road Lighted,NEW ROCHELLE,OTHER,WESTCHESTER,Straight and Level,Cloudy,None,Dry,Not Applicable,"Barrier, Collision With Fixed Object",1
 Damage Accident,2:27,04/28/2014,Monday,Y,Dark-Road Lighted,ROCHESTER,RIGHT ANGLE,MONROE,Straight and Level,Clear,None,Dry,Not Applicable,"Other Motor Vehicle, Collision With",2
 Damage & Injury Accident,19:36,12/28/2014,Sunday,Y,Dark-Road Unlighted,AMENIA,OTHER,DUTCHESS,Straight and Level,Clear,None,Dry,Not Applicable,"Other Motor Vehicle, Collision With",3
 Damage & Injury Accident,11:58,01/04/2014,Saturday,Y,Daylight,GROTON,OTHER,TOMPKINS,Straight and Level,Clear,None,Wet,Not Applicable,"Guide Rail - Not At End, Collision With Fixed Object",1
 Damage & Injury Accident,13:50,12/26/2014,Friday,Y,Daylight,OYSTER BAY,REAR END,NASSAU,Curve and Level,Clear,Yield Sign,Dry,Not Applicable,"Other Motor Vehicle, Collision With",2
 Damage Accident,5:40,05/16/2014,Friday,Y,Dawn,PERU,OTHER,CLINTON,Straight and Grade,Cloudy,None,Dry,Not Applicable,Deer,1
 Damage Accident,7:04,01/28/2014,Tuesday,Y,Dark-Road Unlighted,WEST SENECA,OTHER,ERIE,Straight and Level,Clear,None,Snow/Ice,Not Applicable,"Guide Rail - Not At End, Collision With Fixed Object",1
 Damage Accident,5:35,10/06/2014,Monday,Y,Daylight,SYRACUSE,OVERTAKING,ONONDAGA,Straight and Level,Clear,Traffic Signal,Dry,Not Applicable,"Other Motor Vehicle, Collision With",2
 Damage Accident,18:50,02/13/2014,Thursday,Y,Dark-Road Unlighted,ORWELL,OTHER,OSWEGO,Straight and Grade,Snow,No Passing Zone,Snow/Ice,Not Applicable,"Guide Rail - Not At End, Collision With Fixed Object",1
 Accident,15:14,02/22/2014,Saturday,N,Unknown,QUEENS,Unknown,QUEENS,Unknown,Unknown,Unknown,Unknown,Not Applicable,"Other Motor Vehicle, Collision With",2
 Damage Accident,7:14,07/01/2014,Tuesday,Y,Daylight,BEEKMAN,LEFT TURN (3),DUTCHESS,Straight and Level,Clear,Stop Sign,Dry,Not Applicable,"Other Motor Vehicle, Collision With",2
 Damage Accident,15:10,03/27/2014,Thursday,Y,Daylight,BRANT,OTHER,ERIE,Curve and Level,Cloudy,None,Dry,Not Applicable,"Sign Post, Collision With Fixed Object",1
 Damage & Injury Accident,23:13,04/17/2014,Thursday,Y,Dark-Road Lighted,MAMARONECK,OVERTAKING,WESTCHESTER,Straight and Level,Cloudy,None,Dry,Not Applicable,"Other Motor Vehicle, Collision With",2
 Damage Accident,18:15,10/31/2014,Friday,Y,Dark-Road Lighted,NORTH HILLS,REAR END,NASSAU,Straight and Level,Cloudy,None,Dry,Not Applicable,"Other Motor Vehicle, Collision With",2
 Damage & Injury Accident,12:40,07/24/2014,Thursday,Y,Daylight,ALBANY,OTHER,ALBANY,Curve and Grade,Cloudy,None,Dry,Not Applicable,"Guide Rail - Not At End, Collision With Fixed Object",1
 Damage Accident,10:15,11/19/2014,Wednesday,Y,Daylight,ISLIP,RIGHT TURN (5),SUFFOLK,Straight and Grade,Clear,Traffic Signal,Snow/Ice,Not Applicable,"Other Motor Vehicle, Collision With",2
 Damage Accident,10:30,07/07/2014,Monday,N,Unknown,QUEENS,OVERTAKING,QUEENS,Unknown,Unknown,Unknown,Unknown,Not Applicable,"Other Motor Vehicle, Collision With",2
 Accident,5:55,02/02/2014,Sunday,Y,Dark-Road Lighted,KINGS,OTHER,KINGS,Straight and Level,Clear,Traffic Signal,Wet,"Crossing, With Signal","Pedestrian, Collision With",1
 Accident,15:40,02/11/2014,Tuesday,Y,Daylight,QUEENS,OTHER,QUEENS,Straight and Level,Clear,Traffic Signal,Snow/Ice,Not Applicable,Unknown,5
 Damage Accident,22:20,12/17/2014,Wednesday,Y,Dark-Road Unlighted,GREENE,REAR END,CHENANGO,Straight and Level,Snow,No Passing Zone,Wet,Not Applicable,"Other Motor Vehicle, Collision With",2
 Damage Accident,8:05,02/24/2014,Monday,Y,Daylight,OYSTER BAY,REAR END,NASSAU,Straight and Level,Clear,None,Dry,Not Applicable,"Other Motor Vehicle, Collision With",2
 Damage Accident,7:40,11/19/2014,Wednesday,Y,Daylight,SYRACUSE,RIGHT ANGLE,ONONDAGA,Straight and Grade,Clear,Stop Sign,Dry,Not Applicable,"Other Motor Vehicle, Collision With",2
 Damage Accident,13:20,08/18/2014,Monday,N,Daylight,GREENBURGH,Unknown,WESTCHESTER,Straight and Level,Clear,Unknown,Dry,Not Applicable,"Other Motor Vehicle, Collision With",2
 Damage Accident,18:40,10/26/2014,Sunday,Y,Dark-Road Unlighted,MARLBOROUGH,OTHER,ULSTER,Straight and Grade,Cloudy,None,Dry,Not Applicable,Deer,1
 Accident,16:11,04/02/2014,Wednesday,Y,Daylight,NEW SCOTLAND,LEFT TURN (0),ALBANY,Straight at Hill Crest,Clear,Stop Sign,Dry,Not Applicable,"Other Motor Vehicle, Collision With",2
 Accident,12:50,02/22/2014,Saturday,Y,Daylight,LACKAWANNA,OTHER,ERIE,Straight and Level,Clear,None,Dry,Not in Roadway (Indicate),"Pedestrian, Collision With",1
 Damage & Injury Accident,0:00,03/10/2014,Monday,N,Unknown,KINGS,OVERTAKING,KINGS,Unknown,Unknown,Unknown,Unknown,Not Applicable,"Other Motor Vehicle, Collision With",2
 Damage Accident,19:08,07/08/2014,Tuesday,Y,Daylight,MARATHON,OTHER,CORTLAND,Curve and Grade,Rain,None,Wet,Not Applicable,"Guide Rail - Not At End, Collision With Fixed Object",1
 Accident,12:18,07/14/2014,Monday,Y,Daylight,CATSKILL,REAR END,GREENE,Straight and Level,Clear,Traffic Signal,Dry,Not Applicable,"Other Motor Vehicle, Collision With",2
 Damage & Injury Accident,10:58,01/18/2014,Saturday,Y,Daylight,LOCKPORT,OTHER,NIAGARA,Curve and Level,Cloudy,None,Snow/Ice,Not Applicable,"Light Support/Utility Pole, Collision With Fixed Object",1
 Accident,15:13,11/18/2014,Tuesday,Y,Daylight,QUEENS,OTHER,QUEENS,Straight and Level,Clear,None,Dry,Working in Roadway,"Pedestrian, Collision With",1
 Accident,17:15,12/29/2014,Monday,Y,Daylight,BUFFALO,REAR END,ERIE,Curve and Level,Cloudy,Yield Sign,Dry,Not Applicable,"Other Motor Vehicle, Collision With",2
 Damage & Injury Accident,19:04,01/24/2014,Friday,Y,Dark-Road Unlighted,WEBSTER,LEFT TURN (3),MONROE,Straight and Level,Clear,None,Wet,Not Applicable,"Other Motor Vehicle, Collision With",2
 Accident,11:30,01/21/2014,Tuesday,N,Unknown,QUEENS,REAR END,QUEENS,Unknown,Unknown,Unknown,Unknown,Not Applicable,"Other Motor Vehicle, Collision With",2
 Damage Accident,17:32,12/02/2014,Tuesday,Y,Dark-Road Lighted,MALTA,REAR END,SARATOGA,Straight and Level,Snow,None,Wet,Not Applicable,"Other Motor Vehicle, Collision With",2
 Damage Accident,11:22,02/18/2014,Tuesday,Y,Daylight,HUNTER,SIDESWIPE,GREENE,Curve and Grade,Snow,None,Snow/Ice,Not Applicable,"Other Motor Vehicle, Collision With",2
 Damage & Injury Accident,9:17,11/01/2014,Saturday,Y,Daylight,SYRACUSE,LEFT TURN (3),ONONDAGA,Straight and Level,Rain,Traffic Signal,Wet,Not Applicable,"Other Motor Vehicle, Collision With",2
 Damage Accident,15:18,12/12/2014,Friday,Y,Daylight,SOUTHAMPTON,OTHER,SUFFOLK,Straight and Level,Clear,Unknown,Dry,Not Applicable,"Other Motor Vehicle, Collision With",3
 Damage Accident,8:30,05/09/2014,Friday,N,Unknown,PITTSFORD,OTHER,MONROE,Unknown,Unknown,Unknown,Unknown,Not Applicable,"Fence, Collision With Fixed Object",1
 Damage Accident,22:51,03/22/2014,Saturday,Y,Dark-Road Lighted,ISLIP,OTHER,SUFFOLK,Straight and Level,Clear,None,Dry,Not Applicable,"Other Motor Vehicle, Collision With",3
 Damage Accident,19:10,09/03/2014,Wednesday,Y,Daylight,BRONX,REAR END,BRONX,Straight and Level,Clear,None,Dry,Not Applicable,"Other Motor Vehicle, Collision With",2
 Damage Accident,2:06,06/28/2014,Saturday,Y,Dark-Road Lighted,HEMPSTEAD,OTHER,NASSAU,Curve and Level,Clear,None,Dry,Not Applicable,"Light Support/Utility Pole, Collision With Fixed Object",1
 Accident,0:29,06/20/2014,Friday,Y,Dark-Road Unlighted,POMFRET,OTHER,CHAUTAUQUA,Straight and Level,Clear,None,Dry,Not Applicable,"Earth Embankment/Rock Cut/Ditch, Collision With Fixed Object",1
 Damage Accident,7:05,09/01/2014,Monday,Y,Daylight,PEMBROKE,OTHER,GENESEE,Straight and Level,Clear,None,Dry,Not Applicable,Deer,1
 Damage & Injury Accident,16:56,12/23/2014,Tuesday,Y,Daylight,EAST HAMPTON,HEAD ON,SUFFOLK,Straight and Level,Rain,Unknown,Wet,Not Applicable,"Other Motor Vehicle, Collision With",2
 Damage & Injury Accident,10:30,07/16/2014,Wednesday,Y,Daylight,PRESTON,RIGHT ANGLE,CHENANGO,Straight at Hill Crest,Cloudy,Stop Sign,Dry,Not Applicable,"Other Motor Vehicle, Collision With",2
 Accident,10:55,04/09/2014,Wednesday,Y,Daylight,QUEENS,OTHER,QUEENS,Straight and Level,Clear,None,Dry,"Crossing, No Signal, Marked Crosswalk","Pedestrian, Collision With",1