 Descriptor,Time,Date,Day of Week,Police Report,Lighting Conditions,Municipality,Collision Type Descriptor,County Name,Road Descriptor,Weather Conditions,Traffic Control Device,Road Surface Conditions,Pedestrian Bicyclist Action,Event Descriptor,Number of Vehicles Involved
 Damage Accident,16:35,02/02/2014,Sunday,Y,Daylight,WHITE PLAINS,RIGHT ANGLE,WESTCHESTER,Straight and Grade,Cloudy,None,Wet,Not Applicable,"Other Motor Vehicle, Collision With",2
 Damage Accident,15:38,11/05/2014,Wednesday,Y,Daylight,SYRACUSE,OVERTAKING,ONONDAGA,Straight and Grade,Clear,None,Dry,Not Applicable,"Other Motor Vehicle, Collision With",2
 Accident,12:00,11/11/2014,Tuesday,Y,Daylight,KINGS,RIGHT ANGLE,KINGS,Straight and Level,Clear,Traffic Signal,Dry,Not Applicable,"Other Motor Vehicle, Collision With",2
 Damage Accident,14:50,07/25/2014,Friday,Y,Daylight,HIGHLAND,OTHER,SULLIVAN,Straight and Level,Clear,No Passing Zone,Dry,Not Applicable,"Tree, Collision With Fixed Object",1
 Damage Accident,14:01,01/05/2014,Sunday,Y,Daylight,BRIDGEWATER,OTHER,ONEIDA,Straight and Level,Clear,No Passing Zone,Wet,Not Applicable,"Snow Embankment, Collision With Fixed Object",1
 Damage Accident,18:45,02/13/2014,Thursday,Y,Dusk,SIDNEY,OTHER,DELAWARE,Straight and Level,Snow,None,Snow/Ice,Not Applicable,"Guide Rail - Not At End, Collision With Fixed Object",1
 Damage Accident,14:45,05/17/2014,Saturday,Y,Daylight,CORTLANDT,OTHER,WESTCHESTER,Curve and Level,Clear,None,Dry,Not Applicable,"Earth Embankment/Rock Cut/Ditch, Collision With Fixed Object",1
 Damage Accident,16:15,05/23/2014,Friday,Y,Daylight,SOUTH NYACK,OTHER,ROCKLAND,Straight and Grade,Rain,None,Wet,Not Applicable,"Other Motor Vehicle, Collision With",4
 Accident,22:00,01/19/2014,Sunday,Y,Dark-Road Lighted,SMITHTOWN,OTHER,SUFFOLK,Straight and Level,Clear,None,Dry,Not Applicable,"Fence, Collision With Fixed Object",1
 Damage Accident,17:21,04/18/2014,Friday,Y,Daylight,HOPEWELL,REAR END,ONTARIO,Straight and Level,Cloudy,Traffic Signal,Dry,Not Applicable,"Other Motor Vehicle, Collision With",2
 Damage Accident,8:39,07/12/2014,Saturday,Y,Dark-Road Lighted,SPRING VALLEY,Unknown,ROCKLAND,Straight and Level,Clear,None,Dry,Not Applicable,"Other Motor Vehicle, Collision With",2
 Accident,16:59,06/21/2014,Saturday,Y,Daylight,EAST AURORA,OTHER,ERIE,Straight at Hill Crest,Clear,None,Dry,"Crossing, No Signal or Crosswalk","Bicyclist, Collision With",1
 Damage Accident,0:00,05/24/2014,Saturday,N,Daylight,ROCKVILLE CENTRE,LEFT TURN (3),NASSAU,Straight and Level,Clear,None,Dry,Not Applicable,"Other Motor Vehicle, Collision With",2
 Damage Accident,0:00,01/21/2014,Tuesday,N,Daylight,KINGS,Unknown,KINGS,Straight and Level,Snow,None,Snow/Ice,Not Applicable,"Other Motor Vehicle, Collision With",2
 Damage Accident,22:00,11/27/2014,Thursday,Y,Dark-Road Lighted,ROSLYN,REAR END,NASSAU,Straight and Level,Clear,None,Dry,Not Applicable,"Other Motor Vehicle, Collision With",2
 Damage Accident,14:15,08/17/2014,Sunday,Y,Daylight,NEW YORK MILLS,OTHER,ONEIDA,Straight and Level,Cloudy,None,Dry,Not Applicable,"Light Support/Utility Pole, Collision With Fixed Object",1
 Accident,12:15,10/31/2014,Friday,N,Unknown,QUEENS,OVERTAKING,QUEENS,Unknown,Unknown,Unknown,Unknown,Not Applicable,"Other Motor Vehicle, Collision With",2
 Damage & Injury Accident,14:30,05/20/2014,Tuesday,N,Daylight,ROCKVILLE CENTRE,RIGHT ANGLE,NASSAU,Straight and Level,Clear,Stop Sign,Dry,Not Applicable,"Other Motor Vehicle, Collision With",2
 Damage Accident,18:22,08/15/2014,Friday,Y,Daylight,SARATOGA SPRINGS,OTHER,SARATOGA,Straight and Level,Cloudy,None,Dry,Not Applicable,"Other Motor Vehicle, Collision With",3
 Damage Accident,15:30,06/14/2014,Saturday,Y,Daylight,HEMPSTEAD,REAR END,NASSAU,Straight and Level,Clear,None,Dry,Not Applicable,"Other Motor Vehicle, Collision With",2
 Damage Accident,17:35,07/13/2014,Sunday,Y,Daylight,NEW YORK,OVERTAKING,NEW YORK,Straight and Level,Clear,Traffic Signal,Dry,Not Applicable,"Other Motor Vehicle, Collision With",2
 Damage Accident,19:41,05/16/2014,Friday,Y,Dusk,MARION,OTHER,WAYNE,Straight and Level,Cloudy,No Passing Zone,Dry,Not Applicable,"Guide Rail - Not At End, Collision With Fixed Object",1
 Damage & Injury Accident,16:35,06/17/2014,Tuesday,Y,Daylight,WILLIAMSVILLE,REAR END,ERIE,Straight and Level,Clear,Traffic Signal,Dry,Not Applicable,"Other Motor Vehicle, Collision With",2
 Accident,20:42,06/27/2014,Friday,Y,Dark-Road Lighted,ISLIP,OTHER,SUFFOLK,Straight and Level,Clear,Traffic Signal,Dry,Other Actions in Roadway,"Bicyclist, Collision With",1
 Damage Accident,18:40,12/03/2014,Wednesday,Y,Dark-Road Lighted,OLD WESTBURY,REAR END,NASSAU,Straight and Level,Cloudy,None,Dry,Not Applicable,"Other Motor Vehicle, Collision With",2
 Damage & Injury Accident,13:13,05/01/2014,Thursday,Y,Daylight,COLONIE,OTHER,ALBANY,Straight and Level,Cloudy,Traffic Signal,Dry,Not Applicable,"Other Motor Vehicle, Collision With",3
 Damage Accident,1:30,04/19/2014,Saturday,Y,Dark-Road Lighted,ORCHARD PARK,OTHER,ERIE,Straight and Level,Unknown,None,Dry,Not Applicable,"Guide Rail - End, Collision With Fixed Object",1
 Damage Accident,21:30,09/01/2014,Monday,Y,Dark-Road Unlighted,GATES,OTHER,MONROE,Curve and Level,Clear,None,Dry,Not Applicable,Deer,1
 Damage Accident,0:00,05/31/2014,Saturday,N,Unknown,TROY,Unknown,RENSSELAER,Unknown,Unknown,Unknown,Unknown,Not Applicable,"Other Motor Vehicle, Collision With",2
 Damage Accident,19:15,04/08/2014,Tuesday,N,Unknown,QUEENS,RIGHT ANGLE,QUEENS,Unknown,Unknown,Unknown,Unknown,Not Applicable,"Other Motor Vehicle, Collision With",2
 Damage Accident,7:02,09/30/2014,Tuesday,Y,Daylight,SAVANNAH,OTHER,WAYNE,Straight and Level,Fog/Smog/Smoke,Stop Sign,Dry,Not Applicable,"Ran Off Roadway Only, Non-Collision",1
 Damage Accident,16:15,05/01/2014,Thursday,N,Daylight,MEDINA,OTHER,ORLEANS,Straight and Level,Clear,None,Dry,Not Applicable,"Other Object (Not Fixed)*, Collision With",2
 Damage & Injury Accident,14:15,01/26/2014,Sunday,Y,Daylight,HEMPSTEAD,OTHER,NASSAU,Straight and Level,Cloudy,Traffic Signal,Wet,Not Applicable,"Other Motor Vehicle, Collision With",3
 Damage Accident,17:15,01/11/2014,Saturday,Y,Dark-Road Unlighted,MINISINK,OTHER,ORANGE,Straight and Level,Rain,None,Wet,Not Applicable,Deer,1
 Accident,20:02,05/30/2014,Friday,Y,Daylight,ISLIP,OTHER,SUFFOLK,Straight and Level,Cloudy,Flashing Light,Wet,"Crossing, With Signal","Pedestrian, Collision With",1
 Damage Accident,8:30,09/05/2014,Friday,Y,Daylight,PATTERSON,OTHER,PUTNAM,Straight and Level,Cloudy,None,Dry,Not Applicable,"Other Object (Not Fixed)*, Collision With",2
 Damage Accident,22:00,05/30/2014,Friday,N,Dark-Road Unlighted,,OTHER,SCHUYLER,Straight and Level,Clear,Unknown,Dry,Not Applicable,Deer,1
 Damage Accident,11:30,03/16/2014,Sunday,N,Unknown,NEW YORK,Unknown,NEW YORK,Unknown,Unknown,Unknown,Unknown,Not Applicable,"Other Motor Vehicle, Collision With",2
 Damage & Injury Accident,18:01,11/14/2014,Friday,Y,Dark-Road Unlighted,ALLEGANY,HEAD ON,CATTARAUGUS,Curve and Grade,Snow,No Passing Zone,Snow/Ice,Not Applicable,"Other Motor Vehicle, Collision With",2
 Damage Accident,23:45,01/01/2014,Wednesday,Y,Dark-Road Lighted,QUEENS,OTHER,QUEENS,Straight and Level,Clear,None,Dry,Not Applicable,"Median - Not At End, Collision With Fixed Object",1
 Damage & Injury Accident,16:43,03/14/2014,Friday,Y,Daylight,RAMAPO,REAR END,ROCKLAND,Straight and Grade,Clear,No Passing Zone,Dry,Not Applicable,"Other Motor Vehicle, Collision With",2
 Damage & Injury Accident,9:10,08/20/2014,Wednesday,Y,Daylight,ISLANDIA,REAR END,SUFFOLK,Straight and Grade,Clear,None,Dry,Not Applicable,"Other Motor Vehicle, Collision With",2
 Damage & Injury Accident,11:18,09/20/2014,Saturday,Y,Daylight,SCHUYLER FALLS,OTHER,CLINTON,Straight and Level,Cloudy,No Passing Zone,Dry,Not Applicable,"Sign Post, Collision With Fixed Object",1
 Accident,8:40,06/26/2014,Thursday,Y,Daylight,QUEENS,REAR END,QUEENS,Straight and Level,Cloudy,Unknown,Dry,Not Applicable,"Other Motor Vehicle, Collision With",2
 Damage Accident,11:40,12/02/2014,Tuesday,N,Unknown,NEW YORK,Unknown,NEW YORK,Unknown,Unknown,Traffic Signal,Unknown,Not Applicable,"Other Motor Vehicle, Collision With",2
 Damage Accident,16:00,10/07/2014,Tuesday,N,Unknown,HUNTINGTON,Unknown,SUFFOLK,Unknown,Unknown,Unknown,Unknown,Not Applicable,"Other Motor Vehicle, Collision With",2
 Damage Accident,16:14,08/29/2014,Friday,Y,Daylight,COLONIE,REAR END,ALBANY,Straight and Level,Clear,None,Dry,Not Applicable,"Other Motor Vehicle, Collision With",2
 Damage Accident,23:12,11/19/2014,Wednesday,Y,Dark-Road Lighted,AMHERST,OTHER,ERIE,Straight and Level,Snow,None,Snow/Ice,Not Applicable,"Light Support/Utility Pole, Collision With Fixed Object",1
 Damage Accident,18:24,12/13/2014,Saturday,Y,Dark-Road Unlighted,COVERT,OTHER,SENECA,Straight and Level,Rain,None,Slush,Not Applicable,"Earth Embankment/Rock Cut/Ditch, Collision With Fixed Object",1
 Damage Accident,16:30,06/08/2014,Sunday,Y,Daylight,CLARKSTOWN,RIGHT ANGLE,ROCKLAND,Straight and Level,Cloudy,None,Dry,Not Applicable,"Other Motor Vehicle, Collision With",2
 Damage Accident,11:00,05/08/2014,Thursday,N,Unknown,SARATOGA SPRINGS,LEFT TURN (0),SARATOGA,Unknown,Unknown,Unknown,Unknown,Not Applicable,"Other Motor Vehicle, Collision With",2
 Damage Accident,0:00,08/21/2014,Thursday,N,Unknown,OGDEN,Unknown,MONROE,Unknown,Unknown,Unknown,Unknown,Not Applicable,"Other Motor Vehicle, Collision With",2
 Accident,18:37,07/27/2014,Sunday,Y,Daylight,KINGS,LEFT TURN (3),KINGS,Straight and Level,Clear,Traffic Signal,Dry,Not Applicable,"Other Motor Vehicle, Collision With",2
 Accident,7:25,04/26/2014,Saturday,Y,Daylight,QUEENS,OTHER,QUEENS,Curve and Level,Cloudy,None,Wet,Not Applicable,"Median - Not At End, Collision With Fixed Object",1
 Damage Accident,18:42,06/15/2014,Sunday,Y,Daylight,ITHACA,REAR END,TOMPKINS,Straight and Level,Clear,None,Dry,Not Applicable,"Other Motor Vehicle, Collision With",2
 Damage Accident,23:33,03/21/2014,Friday,Y,Dark-Road Unlighted,ALBANY,OTHER,ALBANY,Straight and Level,Clear,None,Dry,Not Applicable,"Guide Rail - Not At End, Collision With Fixed Object",1
 Damage & Injury Accident,15:15,01/24/2014,Friday,Y,Dark-Road Lighted,NEW YORK,OTHER,NEW YORK,Straight and Level,Clear,None,Snow/Ice,Not Applicable,"Other Motor Vehicle, Collision With",3
 Damage Accident,22:13,12/01/2014,Monday,Y,Dark-Road Unlighted,THERESA,OTHER,JEFFERSON,Straight and Level,Clear,No Passing Zone,Dry,Not Applicable,Deer,1
 Damage Accident,18:15,01/26/2014,Sunday,Y,Dark-Road Lighted,VESTAL,OTHER,BROOME,Curve and Grade,Cloudy,None,Snow/Ice,Not Applicable,"Guide Rail - Not At End, Collision With Fixed Object",1
 Accident,19:46,12/06/2014,Saturday,Y,Dark-Road Unlighted,KENT,OTHER,PUTNAM,Straight and Grade,Rain,None,Wet,Not Applicable,"Other Fixed Object*, Collision With Fixed Object",1
 Damage & Injury Accident,5:10,06/21/2014,Saturday,Y,Dawn,MOIRA,OTHER,FRANKLIN,Straight and Grade,Clear,No Passing Zone,Dry,Not Applicable,"Culver/Head Wall, Collision With Fixed Object",1
 Damage Accident,23:30,02/19/2014,Wednesday,N,Dark-Road Unlighted,PALMYRA,OTHER,WAYNE,Straight and Level,Snow,None,Snow/Ice,Not Applicable,Deer,1
 Damage Accident,18:24,01/04/2014,Saturday,Y,Dark-Road Unlighted,TAGHKANIC,OTHER,COLUMBIA,Straight and Grade,Cloudy,None,Dry,Not Applicable,Deer,1
 Accident,8:50,12/26/2014,Friday,Y,Daylight,BRONX,OTHER,BRONX,Straight and Grade,Clear,Stop Sign,Dry,"Crossing, No Signal, Marked Crosswalk","Pedestrian, Collision With",1
 Damage Accident,19:40,11/28/2014,Friday,N,Unknown,BABYLON,Unknown,SUFFOLK,Unknown,Unknown,Unknown,Unknown,Not Applicable,"Other Motor Vehicle, Collision With",2
 Accident,10:30,10/09/2014,Thursday,N,Unknown,ISLIP,REAR END,SUFFOLK,Unknown,Unknown,Unknown,Unknown,Not Applicable,"Other Motor Vehicle, Collision With",2
 Damage Accident,10:04,05/25/2014,Sunday,Y,Daylight,HEMPSTEAD,REAR END,NASSAU,Straight and Level,Clear,Traffic Signal,Dry,Not Applicable,"Other Motor Vehicle, Collision With",2
 Accident,10:30,03/13/2014,Thursday,Y,Daylight,NEW YORK,REAR END,NEW YORK,Straight and Level,Clear,None,Dry,Not Applicable,"Other Motor Vehicle, Collision With",2
 Damage Accident,11:59,09/24/2014,Wednesday,Y,Daylight,NORTH HEMPSTEAD,OVERTAKING,NASSAU,Straight and Level,Clear,None,Dry,Not Applicable,"Other Motor Vehicle, Collision With",2
 Damage & Injury Accident,11:10,11/10/2014,Monday,Y,Daylight,KINGS,LEFT TURN (0),KINGS,Straight and Level,Clear,Construction Work Area,Dry,Not Applicable,"Other Motor Vehicle, Collision With",2
 Damage Accident,0:00,09/12/2014,Friday,N,Daylight,GARDEN CITY,Unknown,NASSAU,Straight and Level,Clear,None,Dry,Not Applicable,"Other Motor Vehicle, Collision With",2
 Damage Accident,23:37,09/19/2014,Friday,Y,Dark-Road Lighted,EAST ROCHESTER,OTHER,MONROE,Straight and Level,Cloudy,Traffic Signal,Dry,Not Applicable,"Other*, Non-Collision",1
 Damage Accident,16:45,11/29/2014,Saturday,Y,Dusk,BROOKHAVEN,OTHER,SUFFOLK,Straight and Level,Clear,None,Dry,Not Applicable,"Animal, Collision With",1
 Accident,18:30,05/16/2014,Friday,Y,Daylight,RICHMOND,RIGHT ANGLE,RICHMOND,Straight and Level,Rain,Stop Sign,Wet,Not Applicable,"Other Motor Vehicle, Collision With",2
 Damage Accident,15:40,01/27/2014,Monday,Y,Daylight,AMSTERDAM,OTHER,MONTGOMERY,Straight and Grade,Clear,Stop Sign,Snow/Ice,Not Applicable,"Light Support/Utility Pole, Collision With Fixed Object",1
 Damage Accident,13:00,05/19/2014,Monday,N,Unknown,KINGS,Unknown,KINGS,Unknown,Unknown,Unknown,Unknown,Not Applicable,"Other Motor Vehicle, Collision With",2
 Accident,18:45,01/13/2014,Monday,Y,Dark-Road Lighted,QUEENS,LEFT TURN (3),QUEENS,Straight and Level,Clear,Traffic Signal,Dry,Not Applicable,"Other Motor Vehicle, Collision With",2
 Damage & Injury Accident,12:35,12/18/2014,Thursday,Y,Daylight,MINEOLA,REAR END,NASSAU,Straight and Level,Clear,Traffic Signal,Dry,Not Applicable,"Other Motor Vehicle, Collision With",2
 Accident,17:40,04/14/2014,Monday,Y,Daylight,ULYSSES,OTHER,TOMPKINS,Straight and Level,Clear,None,Dry,Not Applicable,"Earth Embankment/Rock Cut/Ditch, Collision With Fixed Object",1
 Accident,17:45,07/30/2014,Wednesday,Y,Daylight,QUEENS,OTHER,QUEENS,Straight and Level,Clear,Traffic Signal,Dry,"Crossing, No Signal, Marked Crosswalk","Bicyclist, Collision With",1
 Damage & Injury Accident,15:45,01/10/2014,Friday,Y,Daylight,HUNTINGTON,OTHER,SUFFOLK,Straight and Grade,Rain,None,Slush,Not Applicable,"Tree, Collision With Fixed Object",1
 Damage & Injury Accident,17:18,01/31/2014,Friday,Y,Dark-Road Unlighted,HARRISON,OVERTAKING,WESTCHESTER,Straight and Level,Cloudy,None,Dry,Not Applicable,"Other Motor Vehicle, Collision With",2
 Damage Accident,19:33,10/04/2014,Saturday,Y,Dark-Road Lighted,VESTAL,OTHER,BROOME,Straight and Grade,Cloudy,Flashing Light,Dry,Not Applicable,Deer,1
 Damage Accident,15:15,12/14/2014,Sunday,Y,Daylight,CORTLAND,RIGHT ANGLE,CORTLAND,Straight and Level,Cloudy,None,Wet,Not Applicable,"Other Motor Vehicle, Collision With",2
 Damage Accident,12:00,08/28/2014,Thursday,N,Unknown,RICHMOND,REAR END,RICHMOND,Unknown,Unknown,Unknown,Unknown,Not Applicable,"Other Motor Vehicle, Collision With",2
 Damage Accident,16:16,03/05/2014,Wednesday,Y,Daylight,RAMAPO,RIGHT ANGLE,ROCKLAND,Straight and Level,Cloudy,Stop Sign,Dry,Not Applicable,"Other Motor Vehicle, Collision With",2
 Damage Accident,23:00,12/18/2014,Thursday,N,Unknown,ALLEN,OTHER,ALLEGANY,Unknown,Unknown,Unknown,Unknown,Not Applicable,Deer,1
 Damage & Injury Accident,16:12,11/18/2014,Tuesday,Y,Daylight,SOUTHOLD,RIGHT ANGLE,SUFFOLK,Straight and Level,Clear,Traffic Signal,Dry,Not Applicable,"Other Motor Vehicle, Collision With",2
 Damage Accident,15:57,02/17/2014,Monday,Y,Daylight,CANAAN,SIDESWIPE,COLUMBIA,Straight at Hill Crest,Clear,Stop Sign,Dry,Not Applicable,"Other Motor Vehicle, Collision With",2
 Damage Accident,19:00,07/02/2014,Wednesday,Y,Daylight,QUEENS,OTHER,QUEENS,Straight and Level,Cloudy,Stop Sign,Dry,Not Applicable,"Other Motor Vehicle, Collision With",4
 Accident,17:42,09/01/2014,Monday,Y,Daylight,SALINA,RIGHT ANGLE,ONONDAGA,Straight and Level,Clear,None,Dry,Not Applicable,"Other Motor Vehicle, Collision With",2
 Damage Accident,1:00,03/22/2014,Saturday,Y,Dark-Road Unlighted,ISLIP,REAR END,SUFFOLK,Straight and Level,Clear,None,Dry,Not Applicable,"Other Motor Vehicle, Collision With",2
 Damage Accident,14:43,06/08/2014,Sunday,Y,Daylight,OSWEGO,RIGHT TURN (6),OSWEGO,Straight and Level,Clear,Stop Sign,Dry,Not Applicable,"Other Motor Vehicle, Collision With",2
 Damage & Injury Accident,18:12,05/23/2014,Friday,Y,Daylight,ISLIP,OTHER,SUFFOLK,Curve and Level,Rain,None,Wet,Not Applicable,"Guide Rail - Not At End, Collision With Fixed Object",1
 Damage Accident,17:50,05/19/2014,Monday,N,Daylight,ISLANDIA,OVERTAKING,SUFFOLK,Straight and Grade,Clear,None,Dry,Not Applicable,"Other Motor Vehicle, Collision With",2
 Damage Accident,0:00,02/03/2014,Monday,N,Unknown,QUEENS,RIGHT ANGLE,QUEENS,Unknown,Unknown,Stop Sign,Unknown,Not Applicable,"Other Motor Vehicle, Collision With",2
 Damage Accident,7:45,04/12/2014,Saturday,N,Unknown,,OTHER,CATTARAUGUS,Unknown,Unknown,Unknown,Unknown,Not Applicable,Deer,1
 Damage Accident,11:45,07/17/2014,Thursday,N,Daylight,KINGS,Unknown,KINGS,Straight and Level,Clear,Unknown,Dry,Not Applicable,"Other Motor Vehicle, Collision With",2
 Accident,1:14,03/29/2014,Saturday,Y,Dark-Road Lighted,QUEENS,REAR END,QUEENS,Straight and Level,Clear,Unknown,Dry,Not Applicable,"Other Motor Vehicle, Collision With",2
 Damage Accident,21:55,04/17/2014,Thursday,Y,Dark-Road Lighted,BUFFALO,Unknown,ERIE,Straight and Level,Clear,None,Dry,Not Applicable,"Other Motor Vehicle, Collision With",2
 Accident,17:58,07/21/2014,Monday,Y,Daylight,RICHMOND,REAR END,RICHMOND,Straight and Level,Clear,Traffic Signal,Dry,Not Applicable,"Other Motor Vehicle, Collision With",2
 Damage Accident,17:41,12/18/2014,Thursday,Y,Dark-Road Lighted,MANLIUS,OTHER,ONONDAGA,Straight and Level,Cloudy,None,Wet,Not Applicable,Deer,1
 Damage Accident,8:45,03/29/2014,Saturday,Y,Daylight,TUSTEN,OTHER,SULLIVAN,Straight and Grade,Clear,No Passing Zone,Wet,Not Applicable,Deer,1
 Damage & Injury Accident,14:05,05/03/2014,Saturday,Y,Daylight,GREECE,RIGHT ANGLE,MONROE,Straight and Level,Cloudy,Traffic Signal,Dry,Not Applicable,"Other Motor Vehicle, Collision With",2
 Damage Accident,10:10,02/03/2014,Monday,Y,Daylight,ISLIP,Unknown,SUFFOLK,Curve and Level,Snow,Stop Sign,Snow/Ice,Not Applicable,"Other Motor Vehicle, Collision With",2
 Accident,16:00,10/01/2014,Wednesday,Y,Daylight,NEW YORK,REAR END,NEW YORK,Straight and Level,Cloudy,None,Wet,Not Applicable,"Other Motor Vehicle, Collision With",2
 Damage & Injury Accident,12:48,03/15/2014,Saturday,Y,Daylight,ONEIDA,RIGHT ANGLE,MADISON,Straight and Level,Rain,Traffic Signal,Wet,Not Applicable,"Other Motor Vehicle, Collision With",2
 Damage & Injury Accident,6:07,06/23/2014,Monday,Y,Daylight,CLAY,OTHER,ONONDAGA,Curve and Level,Clear,Traffic Signal,Dry,Not Applicable,"Sign Post, Collision With Fixed Object",1
 Damage Accident,10:36,08/24/2014,Sunday,Y,Daylight,SARATOGA SPRINGS,REAR END,SARATOGA,Straight and Level,Clear,None,Dry,Not Applicable,"Other Motor Vehicle, Collision With",2
 Damage Accident,0:00,04/07/2014,Monday,N,Unknown,CHEEKTOWAGA,Unknown,ERIE,Unknown,Unknown,Unknown,Unknown,Not Applicable,"Other Motor Vehicle, Collision With",2
 Damage Accident,8:14,11/28/2014,Friday,Y,Daylight,JOHNSBURG,OTHER,WARREN,Curve and Grade,Clear,No Passing Zone,Snow/Ice,Not Applicable,"Earth Embankment/Rock Cut/Ditch, Collision With Fixed Object",1
 Damage Accident,14:53,05/31/2014,Saturday,Y,Daylight,SCHUYLERVILLE,REAR END,SARATOGA,Straight and Grade,Clear,None,Dry,Not Applicable,"Other Motor Vehicle, Collision With",2
 Accident,13:22,12/08/2014,Monday,Y,Daylight,ROCHESTER,OTHER,MONROE,Straight and Level,Cloudy,None,Dry,"Crossing, No Signal or Crosswalk","Pedestrian, Collision With",1
 Damage & Injury Accident,8:50,03/09/2014,Sunday,Y,Daylight,CHEEKTOWAGA,RIGHT ANGLE,ERIE,Straight and Level,Clear,Stop Sign,Dry,Not Applicable,"Other Motor Vehicle, Collision With",2
 Damage Accident,15:35,04/18/2014,Friday,Y,Daylight,AMHERST,RIGHT TURN (6),ERIE,Straight and Level,Cloudy,None,Dry,Not Applicable,"Other Motor Vehicle, Collision With",2
 Damage Accident,17:22,12/09/2014,Tuesday,Y,Dark-Road Unlighted,POMPEY,SIDESWIPE,ONONDAGA,Straight and Grade,Snow,No Passing Zone,Snow/Ice,Not Applicable,"Other Motor Vehicle, Collision With",2
 Damage & Injury Accident,16:35,11/02/2014,Sunday,Y,Daylight,BUFFALO,RIGHT ANGLE,ERIE,Straight and Level,Clear,Stop Sign,Dry,Not Applicable,"Other Motor Vehicle, Collision With",2
 Damage & Injury Accident,10:26,05/03/2014,Saturday,Y,Daylight,BROOKHAVEN,OTHER,SUFFOLK,Straight and Grade,Clear,Traffic Signal,Dry,Not Applicable,"Other Motor Vehicle, Collision With",3
 Damage & Injury Accident,17:34,11/04/2014,Tuesday,Y,Dark-Road Unlighted,PLATTEKILL,REAR END,ULSTER,Straight and Level,Clear,No Passing Zone,Dry,Not Applicable,"Other Motor Vehicle, Collision With",2
 Damage Accident,9:54,11/17/2014,Monday,Y,Daylight,SENNETT,LEFT TURN (0),CAYUGA,Straight and Grade,Snow,None,Snow/Ice,Not Applicable,"Other Motor Vehicle, Collision With",2
 Accident,14:30,09/18/2014,Thursday,Y,Daylight,TONAWANDA,OTHER,ERIE,Straight and Level,Cloudy,Stop Sign,Dry,Riding/Walking/Skating Along Highway With Traffic,"Bicyclist, Collision With",1
 Damage Accident,0:00,05/12/2014,Monday,N,Unknown,NORWOOD,OTHER,ST. LAWRENCE,Unknown,Unknown,Unknown,Unknown,Not Applicable,"Light Support/Utility Pole, Collision With Fixed Object",1
 Accident,22:18,10/24/2014,Friday,Y,Dark-Road Lighted,EVANS,RIGHT ANGLE,ERIE,Straight and Level,Clear,Stop Sign,Dry,Not Applicable,"Other Motor Vehicle, Collision With",2
 Damage Accident,21:20,09/19/2014,Friday,Y,Dark-Road Unlighted,BURNS,OTHER,ALLEGANY,Straight and Level,Cloudy,None,Dry,Not Applicable,Deer,1
 Accident,16:00,04/19/2014,Saturday,Y,Daylight,QUEENS,Unknown,QUEENS,Straight and Level,Clear,Traffic Signal,Dry,Not Applicable,"Other Motor Vehicle, Collision With",2
 Damage Accident,22:24,12/20/2014,Saturday,Y,Dark-Road Unlighted,RAMAPO,OTHER,ROCKLAND,Straight and Grade,Cloudy,None,Dry,Not Applicable,Deer,1
 Damage Accident,19:16,06/21/2014,Saturday,Y,Daylight,NIAGARA FALLS,RIGHT TURN (6),NIAGARA,Straight and Level,Clear,None,Dry,Not Applicable,"Other Motor Vehicle, Collision With",2
 Damage Accident,16:30,02/03/2014,Monday,N,Dusk,KINGS,Unknown,KINGS,Straight and Level,Snow,None,Snow/Ice,Not Applicable,"Other Motor Vehicle, Collision With",2
 Damage Accident,18:08,11/19/2014,Wednesday,Y,Dark-Road Unlighted,PHELPS,OTHER,ONTARIO,Straight and Level,Snow,None,Snow/Ice,Not Applicable,Deer,1
 Damage Accident,15:40,04/16/2014,Wednesday,Y,Daylight,HAVERSTRAW,OTHER,ROCKLAND,Straight and Level,Clear,None,Dry,Not Applicable,"Other Motor Vehicle, Collision With",3
 Damage Accident,0:00,01/15/2014,Wednesday,N,Unknown,ISLIP,Unknown,SUFFOLK,Unknown,Unknown,Unknown,Unknown,Not Applicable,"Other Motor Vehicle, Collision With",2
 Damage Accident,15:35,06/18/2014,Wednesday,Y,Daylight,FULTON,REAR END,OSWEGO,Straight and Level,Clear,None,Dry,Not Applicable,"Other Motor Vehicle, Collision With",2
 Damage Accident,9:25,01/03/2014,Friday,Y,Daylight,WARRENSBURG,OTHER,WARREN,Curve and Level,Clear,None,Snow/Ice,Not Applicable,"Guide Rail - Not At End, Collision With Fixed Object",1
 Accident,21:30,04/25/2014,Friday,Y,Dark-Road Lighted,QUEENS,RIGHT ANGLE,QUEENS,Straight and Level,Clear,Traffic Signal,Dry,Not Applicable,"Other Motor Vehicle, Collision With",2
 Damage Accident,11:40,04/29/2014,Tuesday,Y,Daylight,BROOKHAVEN,RIGHT ANGLE,SUFFOLK,Straight and Level,Cloudy,Stop Sign,Dry,Not Applicable,"Other Motor Vehicle, Collision With",2
 Accident,13:40,05/22/2014,Thursday,Y,Daylight,NEW YORK,REAR END,NEW YORK,Straight and Level,Cloudy,Traffic Signal,Dry,Not Applicable,"Other Motor Vehicle, Collision With",2