 Descriptor,Time,Date,Day of Week,Police Report,Lighting Conditions,Municipality,Collision Type Descriptor,County Name,Road Descriptor,Weather Conditions,Traffic Control Device,Road Surface Conditions,Pedestrian Bicyclist Action,Event Descriptor,Number of Vehicles Involved
 Damage & Injury Accident,18:40,07/14/2014,Monday,N,Daylight,BUFFALO,REAR END,ERIE,Straight and Level,Clear,Traffic Signal,Dry,Not Applicable,"Other Motor Vehicle, Collision With",2
 Damage Accident,8:16,07/30/2014,Wednesday,Y,Daylight,QUEENS,OTHER,QUEENS,Straight and Level,Clear,None,Dry,Not Applicable,"Other Motor Vehicle, Collision With",3
 Damage Accident,21:13,07/30/2014,Wednesday,Y,Dark-Road Lighted,NISKAYUNA,OTHER,SCHENECTADY,Straight and Grade,Cloudy,None,Dry,Not Applicable,"Light Support/Utility Pole, Collision With Fixed Object",1
 Damage Accident,22:45,10/24/2014,Friday,N,Dark-Road Lighted,AMENIA,OTHER,DUTCHESS,Straight and Grade,Fog/Smog/Smoke,None,Wet,Not Applicable,"Animal, Collision With",1
 Accident,16:50,12/01/2014,Monday,Y,Dark-Road Lighted,BROOKHAVEN,REAR END,SUFFOLK,Straight and Level,Cloudy,Traffic Signal,Dry,Not Applicable,"Other Motor Vehicle, Collision With",2
 Accident,21:09,04/23/2014,Wednesday,Y,Dark-Road Unlighted,PINE PLAINS,OTHER,DUTCHESS,Curve and Grade,Clear,None,Dry,Not Applicable,"Ran Off Roadway Only, Non-Collision",1
 Damage & Injury Accident,12:46,11/07/2014,Friday,Y,Daylight,LANSING,OTHER,TOMPKINS,Straight and Grade,Cloudy,No Passing Zone,Wet,Not Applicable,Deer,1
 Accident,11:00,07/15/2014,Tuesday,Y,Daylight,NEW YORK,Unknown,NEW YORK,Straight and Level,Cloudy,None,Dry,Not Applicable,"Other Motor Vehicle, Collision With",2
 Accident,16:15,11/17/2014,Monday,Y,Dusk,BROOKHAVEN,OTHER,SUFFOLK,Straight and Level,Rain,None,Wet,Not Applicable,"Other Motor Vehicle, Collision With",3
 Accident,19:50,05/17/2014,Saturday,Y,Daylight,KINGS,OTHER,KINGS,Straight and Level,Clear,Traffic Signal,Dry,Riding/Walking/Skating Along Highway With Traffic,"Bicyclist, Collision With",1
 Accident,4:55,11/03/2014,Monday,Y,Dark-Road Lighted,QUEENS,RIGHT ANGLE,QUEENS,Straight and Level,Clear,Traffic Signal,Dry,Not Applicable,"Other Motor Vehicle, Collision With",2
 Damage Accident,20:30,06/20/2014,Friday,Y,Dark-Road Lighted,HEMPSTEAD,OTHER,NASSAU,Straight and Level,Clear,Traffic Signal,Dry,Not Applicable,"Curbing, Collision With Fixed Object",1
 Damage Accident,13:24,02/16/2014,Sunday,Y,Daylight,HOMER,RIGHT ANGLE,CORTLAND,Straight and Level,Cloudy,No Passing Zone,Wet,Not Applicable,"Other Motor Vehicle, Collision With",2
 Damage Accident,0:00,06/23/2014,Monday,N,Unknown,BROOKHAVEN,REAR END,SUFFOLK,Unknown,Unknown,Unknown,Unknown,Not Applicable,"Other Motor Vehicle, Collision With",2
 Damage Accident,16:15,05/21/2014,Wednesday,Y,Daylight,HEMPSTEAD,OTHER,NASSAU,Straight and Level,Cloudy,Stop Sign,Dry,Not Applicable,"Other Motor Vehicle, Collision With",3
 Damage & Injury Accident,10:50,10/04/2014,Saturday,Y,Daylight,QUEENS,Unknown,QUEENS,Curve at Hill Crest,Rain,None,Wet,Not Applicable,"Other Motor Vehicle, Collision With",2
 Accident,6:30,01/11/2014,Saturday,Y,Dark-Road Lighted,BABYLON,OTHER,SUFFOLK,Straight and Level,Rain,None,Wet,"Crossing, No Signal, Marked Crosswalk","Bicyclist, Collision With",1
 Damage Accident,7:00,08/21/2014,Thursday,Y,Daylight,SMITHTOWN,HEAD ON,SUFFOLK,Straight and Grade,Clear,None,Dry,Not Applicable,"Other Motor Vehicle, Collision With",2
 Damage Accident,21:36,04/06/2014,Sunday,Y,Dark-Road Lighted,BROOKHAVEN,REAR END,SUFFOLK,Straight and Level,Clear,Traffic Signal,Dry,Not Applicable,"Other Motor Vehicle, Collision With",2
 Damage & Injury Accident,0:00,03/13/2014,Thursday,N,Daylight,QUEENS,REAR END,QUEENS,Straight and Level,Cloudy,Unknown,Snow/Ice,Not Applicable,"Other Motor Vehicle, Collision With",2
 Damage Accident,18:50,10/20/2014,Monday,Y,Dark-Road Lighted,KINGS,RIGHT ANGLE,KINGS,Straight and Level,Clear,Traffic Signal,Dry,Not Applicable,"Other Motor Vehicle, Collision With",2
 Damage & Injury Accident,13:45,01/18/2014,Saturday,Y,Daylight,ESPERANCE,HEAD ON,SCHOHARIE,Curve and Grade,Snow,No Passing Zone,Snow/Ice,Not Applicable,"Other Motor Vehicle, Collision With",2
 Damage Accident,8:09,07/10/2014,Thursday,Y,Daylight,JOHNSTOWN,OTHER,FULTON,Straight and Level,Clear,None,Dry,Not Applicable,Deer,1
 Damage Accident,17:17,03/28/2014,Friday,Y,Daylight,CHILI,REAR END,MONROE,Straight and Level,Cloudy,None,Wet,Not Applicable,"Other Motor Vehicle, Collision With",2
 Damage Accident,15:30,08/26/2014,Tuesday,N,Unknown,NEW YORK,Unknown,NEW YORK,Unknown,Unknown,Unknown,Unknown,Not Applicable,"Other Motor Vehicle, Collision With",2
 Damage Accident,7:42,06/06/2014,Friday,Y,Daylight,BROOKHAVEN,REAR END,SUFFOLK,Straight and Level,Clear,None,Dry,Not Applicable,"Other Motor Vehicle, Collision With",2
 Damage Accident,16:29,01/25/2014,Saturday,Y,Daylight,ROCHESTER,OTHER,MONROE,Straight at Hill Crest,Snow,None,Snow/Ice,Not Applicable,"Other Motor Vehicle, Collision With",3
 Damage Accident,8:55,05/19/2014,Monday,N,Unknown,QUEENS,OVERTAKING,QUEENS,Unknown,Unknown,Unknown,Unknown,Not Applicable,"Other Motor Vehicle, Collision With",2
 Damage Accident,15:51,02/20/2014,Thursday,Y,Daylight,COLONIE,LEFT TURN (0),ALBANY,Straight and Level,Cloudy,None,Wet,Not Applicable,"Other Motor Vehicle, Collision With",2
 Damage Accident,17:00,11/19/2014,Wednesday,N,Dusk,GREENVILLE,OTHER,ORANGE,Straight and Level,Clear,None,Dry,Not Applicable,Deer,1
 Damage Accident,10:18,09/19/2014,Friday,Y,Daylight,NEW ROCHELLE,REAR END,WESTCHESTER,Straight and Grade,Clear,None,Dry,Not Applicable,"Other Motor Vehicle, Collision With",2
 Damage Accident,13:41,10/03/2014,Friday,Y,Daylight,QUEENSBURY,REAR END,WARREN,Straight and Level,Clear,No Passing Zone,Dry,Not Applicable,"Other Motor Vehicle, Collision With",2
 Damage & Injury Accident,14:36,10/02/2014,Thursday,Y,Daylight,SAUGERTIES,REAR END,ULSTER,Straight and Grade,Cloudy,No Passing Zone,Dry,Not Applicable,"Other Motor Vehicle, Collision With",2
 Damage Accident,0:00,10/21/2014,Tuesday,N,Dusk,QUEENS,Unknown,QUEENS,Straight and Grade,Rain,Traffic Signal,Wet,Not Applicable,"Other Motor Vehicle, Collision With",2
 Damage Accident,7:45,09/17/2014,Wednesday,Y,Daylight,BRONX,REAR END,BRONX,Straight and Level,Clear,None,Dry,Not Applicable,"Other Motor Vehicle, Collision With",2
 Damage Accident,8:13,02/11/2014,Tuesday,Y,Daylight,HEMPSTEAD,OVERTAKING,NASSAU,Straight and Level,Clear,None,Dry,Not Applicable,"Other Motor Vehicle, Collision With",2
 Damage Accident,11:07,04/18/2014,Friday,Y,Daylight,GREECE,SIDESWIPE,MONROE,Straight and Level,Cloudy,None,Dry,Not Applicable,"Other Motor Vehicle, Collision With",2
 Damage Accident,0:00,04/10/2014,Thursday,N,Daylight,FLEMING,OTHER,CAYUGA,Straight and Level,Clear,Unknown,Dry,Not Applicable,"Animal, Collision With",1
 Damage Accident,13:20,02/08/2014,Saturday,N,Daylight,WILLIAMSVILLE,REAR END,ERIE,Straight and Level,Clear,Traffic Signal,Snow/Ice,Not Applicable,"Other Motor Vehicle, Collision With",2
 Damage Accident,7:25,02/28/2014,Friday,Y,Daylight,BUFFALO,RIGHT TURN (5),ERIE,Straight and Level,Clear,Stop Sign,Snow/Ice,Not Applicable,"Other Motor Vehicle, Collision With",2
 Accident,16:30,09/05/2014,Friday,N,Daylight,CHEEKTOWAGA,REAR END,ERIE,Straight and Level,Clear,None,Dry,Not Applicable,"Other Motor Vehicle, Collision With",2
 Damage Accident,21:08,12/17/2014,Wednesday,Y,Dark-Road Unlighted,MAYFIELD,OTHER,FULTON,Straight and Grade,Rain,None,Wet,Not Applicable,Deer,1
 Damage Accident,16:40,10/11/2014,Saturday,Y,Daylight,HASTINGS ON HUDSON,LEFT TURN (0),WESTCHESTER,Straight and Level,Cloudy,Traffic Signal,Dry,Not Applicable,"Other Motor Vehicle, Collision With",2
 Damage & Injury Accident,20:40,03/02/2014,Sunday,Y,Dark-Road Lighted,KINGS,Unknown,KINGS,Straight and Level,Cloudy,Traffic Signal,Wet,Not Applicable,"Other Motor Vehicle, Collision With",2
 Damage Accident,20:15,02/03/2014,Monday,Y,Dark-Road Unlighted,CLAVERACK,OTHER,COLUMBIA,Curve and Grade,Cloudy,None,Snow/Ice,Not Applicable,"Fence, Collision With Fixed Object",1
 Damage & Injury Accident,8:15,11/06/2014,Thursday,Y,Daylight,AMHERST,OTHER,ERIE,Straight and Level,Cloudy,None,Dry,Not Applicable,"Other Motor Vehicle, Collision With",4
 Accident,18:47,05/12/2014,Monday,Y,Daylight,TROY,OTHER,RENSSELAER,Straight and Level,Clear,None,Dry,"Crossing, No Signal or Crosswalk","Pedestrian, Collision With",1
 Accident,16:30,11/11/2014,Tuesday,N,Unknown,KINGS,Unknown,KINGS,Straight and Level,Clear,Traffic Signal,Dry,Not Applicable,"Other Motor Vehicle, Collision With",2
 Damage & Injury Accident,10:38,09/09/2014,Tuesday,Y,Daylight,KINGS,LEFT TURN (0),KINGS,Straight and Level,Cloudy,Traffic Signal,Dry,Not Applicable,"Other Motor Vehicle, Collision With",2
 Accident,23:15,01/31/2014,Friday,Y,Dark-Road Lighted,QUEENS,REAR END,QUEENS,Straight and Level,Clear,None,Dry,Not Applicable,"Other Motor Vehicle, Collision With",2
 Accident,11:53,01/26/2014,Sunday,Y,Daylight,EAST HAMPTON,OTHER,SUFFOLK,Straight and Level,Cloudy,None,Snow/Ice,Not Applicable,"Tree, Collision With Fixed Object",1
 Damage Accident,21:00,01/09/2014,Thursday,Y,Dark-Road Lighted,ISLANDIA,REAR END,SUFFOLK,Straight and Level,Clear,Traffic Signal,Dry,Not Applicable,"Other Motor Vehicle, Collision With",2
 Accident,17:32,08/03/2014,Sunday,Y,Daylight,PITTSFORD,OTHER,MONROE,Straight and Level,Cloudy,None,Dry,Not Applicable,"Light Support/Utility Pole, Collision With Fixed Object",1
 Accident,17:19,02/27/2014,Thursday,Y,Dark-Road Lighted,KINGS,REAR END,KINGS,Straight and Level,Clear,Traffic Signal,Dry,Not Applicable,"Other Motor Vehicle, Collision With",2
 Damage Accident,3:13,03/02/2014,Sunday,Y,Dark-Road Lighted,NIAGARA FALLS,OTHER,NIAGARA,Straight and Grade,Snow,None,Snow/Ice,Not Applicable,"Guide Rail - Not At End, Collision With Fixed Object",1
 Damage Accident,11:41,05/07/2014,Wednesday,Y,Daylight,BINGHAMTON,OVERTAKING,BROOME,Straight and Level,Clear,None,Dry,Not Applicable,"Other Motor Vehicle, Collision With",2
 Accident,23:00,04/21/2014,Monday,Y,Dark-Road Unlighted,CHERRY VALLEY,OTHER,OTSEGO,Straight and Level,Clear,None,Dry,Not Applicable,Deer,1
 Damage Accident,6:05,05/25/2014,Sunday,Y,Dawn,CLARKSTOWN,OTHER,ROCKLAND,Straight and Level,Fog/Smog/Smoke,None,Dry,Not Applicable,"Animal, Collision With",1
 Damage Accident,11:45,03/27/2014,Thursday,Y,Daylight,FAYETTEVILLE,LEFT TURN (3),ONONDAGA,Straight and Grade,Cloudy,None,Dry,Not Applicable,"Other Motor Vehicle, Collision With",2
 Accident,14:30,12/06/2014,Saturday,Y,Daylight,PLEASANT VALLEY,OTHER,DUTCHESS,Straight and Level,Rain,No Passing Zone,Wet,Not Applicable,"Light Support/Utility Pole, Collision With Fixed Object",1
 Damage & Injury Accident,3:30,11/01/2014,Saturday,Y,Dark-Road Lighted,QUEENS,REAR END,QUEENS,Curve at Hill Crest,Clear,None,Dry,Not Applicable,"Other Motor Vehicle, Collision With",2
 Damage & Injury Accident,16:35,07/30/2014,Wednesday,Y,Daylight,KINGS,RIGHT ANGLE,KINGS,Straight and Level,Clear,Stop Sign,Dry,Not Applicable,"Other Motor Vehicle, Collision With",2
 Accident,9:00,04/07/2014,Monday,Y,Daylight,KINGS,OTHER,KINGS,Straight and Level,Cloudy,Traffic Signal,Dry,Riding/Walking/Skating Along Highway With Traffic,"Bicyclist, Collision With",1
 Damage & Injury Accident,9:59,04/27/2014,Sunday,Y,Daylight,HEMPSTEAD,RIGHT ANGLE,NASSAU,Straight and Level,Clear,Stop Sign,Dry,Not Applicable,"Other Motor Vehicle, Collision With",2
 Damage Accident,19:10,10/28/2014,Tuesday,Y,Dark-Road Unlighted,HORNELLSVILLE,OTHER,STEUBEN,Straight and Level,Cloudy,None,Dry,Not Applicable,Deer,1
 Accident,16:45,06/14/2014,Saturday,Y,Daylight,NEW YORK,OTHER,NEW YORK,Straight and Level,Clear,Traffic Signal,Dry,"Crossing, Against Signal","Bicyclist, Collision With",1
 Damage & Injury Accident,17:50,02/15/2014,Saturday,Y,Dark-Road Lighted,BROOKHAVEN,REAR END,SUFFOLK,Straight and Level,Snow,Traffic Signal,Snow/Ice,Not Applicable,"Other Motor Vehicle, Collision With",2
 Damage Accident,0:00,07/03/2014,Thursday,N,Daylight,,Unknown,UNKNOWN,Straight and Level,Clear,None,Dry,Not Applicable,"Other Motor Vehicle, Collision With",2
 Damage & Injury Accident,13:45,02/25/2014,Tuesday,Y,Daylight,QUEENS,LEFT TURN (3),QUEENS,Straight and Level,Cloudy,Traffic Signal,Dry,Not Applicable,"Other Motor Vehicle, Collision With",2
 Damage Accident,15:00,01/06/2014,Monday,Y,Daylight,SOUTH NYACK,SIDESWIPE,ROCKLAND,Straight and Grade,Cloudy,Stop Sign,Wet,Not Applicable,"Other Motor Vehicle, Collision With",2
 Damage Accident,14:14,06/02/2014,Monday,Y,Daylight,GREECE,LEFT TURN (3),MONROE,Straight and Level,Clear,None,Dry,Not Applicable,"Other Motor Vehicle, Collision With",2
 Damage Accident,9:02,06/14/2014,Saturday,Y,Daylight,GUILDERLAND,RIGHT TURN (5),ALBANY,Straight and Grade,Clear,None,Dry,Not Applicable,"Other Motor Vehicle, Collision With",2
 Accident,17:25,11/07/2014,Friday,Y,Dark-Road Lighted,TONAWANDA,OTHER,ERIE,Straight and Level,Cloudy,None,Dry,Not Applicable,"Other Motor Vehicle, Collision With",3
 Damage Accident,12:46,09/05/2014,Friday,Y,Daylight,SOUTHAMPTON,LEFT TURN (3),SUFFOLK,Straight and Level,Clear,No Passing Zone,Dry,Not Applicable,"Other Motor Vehicle, Collision With",2
 Damage Accident,9:00,01/02/2014,Thursday,N,Daylight,UTICA,OTHER,ONEIDA,Curve and Level,Snow,None,Snow/Ice,Not Applicable,"Guide Rail - Not At End, Collision With Fixed Object",1
 Damage & Injury Accident,16:30,06/28/2014,Saturday,Y,Daylight,NEW YORK,OTHER,NEW YORK,Straight and Level,Clear,Traffic Signal,Dry,Not Applicable,"Other Motor Vehicle, Collision With",2
 Damage & Injury Accident,14:15,12/10/2014,Wednesday,N,Unknown,ROCHESTER,OTHER,MONROE,Unknown,Unknown,Unknown,Unknown,Not Applicable,"Other Fixed Object*, Collision With Fixed Object",1
 Accident,12:55,06/17/2014,Tuesday,Y,Daylight,QUEENS,OVERTAKING,QUEENS,Straight and Level,Clear,None,Dry,Not Applicable,"Other Motor Vehicle, Collision With",2
 Accident,16:00,10/07/2014,Tuesday,Y,Daylight,KINGS,RIGHT TURN (5),KINGS,Straight and Level,Clear,None,Dry,Not Applicable,"Other Motor Vehicle, Collision With",2
 Damage Accident,6:35,05/29/2014,Thursday,N,Daylight,KINGS,Unknown,KINGS,Straight and Level,Clear,None,Dry,Not Applicable,"Other Motor Vehicle, Collision With",2
 Accident,13:27,10/08/2014,Wednesday,Y,Daylight,BRONX,RIGHT ANGLE,BRONX,Straight and Grade,Clear,Traffic Signal,Dry,Not Applicable,"Other Motor Vehicle, Collision With",2
 Accident,9:00,12/02/2014,Tuesday,Y,Daylight,KINGS,REAR END,KINGS,Straight and Level,Cloudy,Traffic Signal,Dry,Not Applicable,"Other Motor Vehicle, Collision With",2
 Damage Accident,20:32,05/29/2014,Thursday,Y,Dusk,ISLIP,RIGHT ANGLE,SUFFOLK,Straight and Level,Clear,None,Dry,Not Applicable,"Other Motor Vehicle, Collision With",2
 Damage Accident,0:00,05/15/2014,Thursday,N,Daylight,NEW ROCHELLE,SIDESWIPE,WESTCHESTER,Unknown,Rain,Unknown,Wet,Not Applicable,"Other Motor Vehicle, Collision With",2
 Damage Accident,4:41,01/19/2014,Sunday,Y,Dark-Road Unlighted,WATERLOO,OTHER,SENECA,Straight and Level,Cloudy,None,Dry,Not Applicable,Deer,1
 Accident,12:32,05/01/2014,Thursday,Y,Daylight,BRONX,OTHER,BRONX,Straight and Level,Clear,Traffic Signal,Dry,Not Applicable,"Other Motor Vehicle, Collision With",3
 Accident,7:38,11/10/2014,Monday,Y,Daylight,BROOKHAVEN,RIGHT ANGLE,SUFFOLK,Straight and Level,Clear,Stop Sign,Dry,Not Applicable,"Other Motor Vehicle, Collision With",2
 Damage & Injury Accident,17:16,05/07/2014,Wednesday,Y,Daylight,PALATINE,REAR END,MONTGOMERY,Straight and Level,Clear,None,Dry,Not Applicable,"Other Motor Vehicle, Collision With",2
 Accident,18:33,09/30/2014,Tuesday,Y,Dawn,KINGS,OTHER,KINGS,Straight and Level,Clear,None,Dry,Emerging from in Front of/Behind Parked Vehicle,"Pedestrian, Collision With",1
 Damage Accident,17:35,10/06/2014,Monday,Y,Daylight,HEMPSTEAD,OVERTAKING,NASSAU,Straight and Level,Clear,None,Dry,Not Applicable,"Other Motor Vehicle, Collision With",2
 Accident,8:54,08/27/2014,Wednesday,Y,Daylight,BROOKHAVEN,RIGHT ANGLE,SUFFOLK,Straight and Level,Clear,Stop Sign,Dry,Not Applicable,"Other Motor Vehicle, Collision With",2
 Damage Accident,7:48,04/10/2014,Thursday,Y,Daylight,CLARKSTOWN,REAR END,ROCKLAND,Straight and Level,Clear,None,Dry,Not Applicable,"Other Motor Vehicle, Collision With",2
 Damage & Injury Accident,13:13,10/25/2014,Saturday,Y,Daylight,ALBANY,RIGHT ANGLE,ALBANY,Straight and Level,Clear,Stop Sign,Dry,Not Applicable,"Other Motor Vehicle, Collision With",2
 Damage Accident,18:25,07/16/2014,Wednesday,N,Daylight,ISLIP,REAR END,SUFFOLK,Straight and Level,Clear,Traffic Signal,Dry,Not Applicable,"Other Motor Vehicle, Collision With",2
 Damage Accident,5:02,03/31/2014,Monday,Y,Dark-Road Lighted,GREENPORT,OTHER,COLUMBIA,Straight and Level,Cloudy,None,Wet,Not Applicable,Deer,1
 Damage & Injury Accident,14:58,03/28/2014,Friday,Y,Daylight,COLCHESTER,OTHER,DELAWARE,Straight and Level,Cloudy,None,Wet,Not Applicable,"Sign Post, Collision With Fixed Object",1
 Damage & Injury Accident,6:40,05/27/2014,Tuesday,Y,Daylight,CAIRO,RIGHT ANGLE,GREENE,Straight and Level,Clear,Stop Sign,Dry,Not Applicable,"Other Motor Vehicle, Collision With",2
 Accident,16:00,01/29/2014,Wednesday,Y,Daylight,QUEENS,RIGHT ANGLE,QUEENS,Straight and Level,Clear,Traffic Signal,Dry,Not Applicable,"Other Motor Vehicle, Collision With",2
 Damage Accident,18:55,12/08/2014,Monday,Y,Dark-Road Unlighted,SOUTHAMPTON,OTHER,SUFFOLK,Straight at Hill Crest,Snow,None,Snow/Ice,Not Applicable,"Guide Rail - Not At End, Collision With Fixed Object",1
 Damage Accident,11:13,06/21/2014,Saturday,Y,Daylight,LANSING,LEFT TURN (0),TOMPKINS,Straight and Level,Clear,No Passing Zone,Dry,Not Applicable,"Other Motor Vehicle, Collision With",2
 Accident,20:41,08/01/2014,Friday,Y,Dawn,SCHENECTADY,OVERTAKING,SCHENECTADY,Straight and Grade,Clear,None,Dry,Not Applicable,"Other Motor Vehicle, Collision With",2
 Accident,12:49,06/18/2014,Wednesday,Y,Daylight,SMITHTOWN,OTHER,SUFFOLK,Straight and Level,Cloudy,None,Dry,"Crossing, With Signal","Pedestrian, Collision With",1
 Damage & Injury Accident,12:00,08/08/2014,Friday,N,Unknown,BROOKHAVEN,REAR END,SUFFOLK,Unknown,Unknown,Unknown,Unknown,Not Applicable,"Other Motor Vehicle, Collision With",2
 Damage Accident,11:17,10/12/2014,Sunday,Y,Daylight,CORTLANDT,LEFT TURN (3),WESTCHESTER,Straight and Level,Clear,No Passing Zone,Dry,Not Applicable,"Other Motor Vehicle, Collision With",2
 Damage Accident,13:10,06/20/2014,Friday,Y,Daylight,NEW YORK,OVERTAKING,NEW YORK,Straight and Level,Clear,Traffic Signal,Dry,Not Applicable,"Other Motor Vehicle, Collision With",2
 Accident,23:20,10/29/2014,Wednesday,Y,Dark-Road Lighted,KINGS,Unknown,KINGS,Straight and Level,Clear,Traffic Signal,Dry,Not Applicable,"Other Motor Vehicle, Collision With",2
 Damage Accident,6:38,11/04/2014,Tuesday,Y,Daylight,TARRYTOWN,OTHER,WESTCHESTER,Curve and Level,Cloudy,None,Dry,Not Applicable,"Other Motor Vehicle, Collision With",3
 Damage & Injury Accident,18:45,04/21/2014,Monday,Y,Daylight,CLARKSTOWN,REAR END,ROCKLAND,Straight and Level,Clear,Traffic Signal,Dry,Not Applicable,"Other Motor Vehicle, Collision With",2
 Damage Accident,14:15,03/12/2014,Wednesday,N,Unknown,CHEEKTOWAGA,Unknown,ERIE,Unknown,Unknown,Unknown,Unknown,Not Applicable,"Other Motor Vehicle, Collision With",2
 Damage Accident,15:55,09/01/2014,Monday,Y,Daylight,MEXICO,LEFT TURN (0),OSWEGO,Straight and Level,Clear,Traffic Signal,Dry,Not Applicable,"Other Motor Vehicle, Collision With",2
 Damage Accident,15:55,09/08/2014,Monday,Y,Daylight,ROME,RIGHT ANGLE,ONEIDA,Straight and Level,Clear,None,Dry,Not Applicable,"Other Motor Vehicle, Collision With",2
 Damage & Injury Accident,16:40,03/05/2014,Wednesday,Y,Daylight,HEMPSTEAD,OVERTAKING,NASSAU,Straight and Level,Cloudy,None,Dry,Not Applicable,"Other Motor Vehicle, Collision With",2
 Accident,16:31,06/23/2014,Monday,Y,Daylight,CLARKSTOWN,REAR END,ROCKLAND,Straight and Level,Cloudy,Traffic Signal,Dry,Not Applicable,"Other Motor Vehicle, Collision With",2
 Accident,21:15,11/13/2014,Thursday,Y,Dark-Road Lighted,NEW YORK,OTHER,NEW YORK,Straight and Level,Rain,Traffic Signal,Wet,"Crossing, With Signal","Pedestrian, Collision With",1
 Damage Accident,13:06,01/17/2014,Friday,Y,Daylight,BALDWINSVILLE,RIGHT ANGLE,ONONDAGA,Straight and Level,Clear,Stop Sign,Dry,Not Applicable,"Other Motor Vehicle, Collision With",2
 Damage Accident,15:03,04/21/2014,Monday,Y,Daylight,OSWEGO,REAR END,OSWEGO,Straight and Grade,Cloudy,None,Dry,Not Applicable,"Other Motor Vehicle, Collision With",2
 Accident,17:00,03/30/2014,Sunday,Y,Daylight,BRONX,REAR END,BRONX,Straight and Level,Cloudy,Stop Sign,Dry,Not Applicable,"Other Motor Vehicle, Collision With",2
 Damage Accident,14:42,04/22/2014,Tuesday,Y,Daylight,MOREAU,REAR END,SARATOGA,Straight and Level,Cloudy,No Passing Zone,Dry,Not Applicable,"Other Motor Vehicle, Collision With",2
 Damage Accident,8:48,01/08/2014,Wednesday,Y,Daylight,HEMPSTEAD,REAR END,NASSAU,Straight and Level,Clear,None,Dry,Not Applicable,"Other Motor Vehicle, Collision With",2
 Damage & Injury Accident,6:40,09/15/2014,Monday,Y,Dark-Road Lighted,BROOKHAVEN,Unknown,SUFFOLK,Straight and Level,Clear,Stop Sign,Dry,Not Applicable,"Other Motor Vehicle, Collision With",2
 Damage Accident,8:34,06/17/2014,Tuesday,Y,Daylight,NORTH CASTLE,OTHER,WESTCHESTER,Curve and Grade,Clear,Traffic Signal,Dry,Not Applicable,"Other*, Non-Collision",1
 Damage Accident,7:44,02/18/2014,Tuesday,Y,Daylight,PATCHOGUE,Unknown,SUFFOLK,Straight and Level,Sleet/Hail/Freezing Rain,None,Snow/Ice,Not Applicable,"Other Motor Vehicle, Collision With",2
 Accident,18:28,06/05/2014,Thursday,Y,Daylight,ISLIP,OTHER,SUFFOLK,Straight and Level,Clear,None,Dry,Other Actions in Roadway,"Pedestrian, Collision With",1
 Damage & Injury Accident,8:42,01/08/2014,Wednesday,Y,Daylight,BUFFALO,RIGHT ANGLE,ERIE,Straight and Level,Snow,Stop Sign,Snow/Ice,Not Applicable,"Other Motor Vehicle, Collision With",2
 Accident,17:30,05/10/2014,Saturday,N,Unknown,QUEENS,REAR END,QUEENS,Unknown,Unknown,Unknown,Unknown,Not Applicable,"Other Motor Vehicle, Collision With",2
 Damage Accident,7:30,05/01/2014,Thursday,Y,Daylight,HEMPSTEAD,REAR END,NASSAU,Straight and Level,Cloudy,Stop Sign,Wet,Not Applicable,"Other Motor Vehicle, Collision With",2
 Accident,13:00,03/19/2014,Wednesday,N,Daylight,ITHACA,REAR END,TOMPKINS,Straight and Level,Clear,Traffic Signal,Dry,Not Applicable,"Other Motor Vehicle, Collision With",2
 Accident,10:00,04/09/2014,Wednesday,Y,Daylight,QUEENS,REAR END,QUEENS,Straight and Level,Clear,None,Dry,Not Applicable,"Other Motor Vehicle, Collision With",2
 Damage Accident,0:00,09/29/2014,Monday,N,Daylight,BUFFALO,OVERTAKING,ERIE,Curve and Grade,Clear,Unknown,Dry,Not Applicable,"Other Motor Vehicle, Collision With",2
 Accident,18:50,09/03/2014,Wednesday,Y,Daylight,UTICA,RIGHT ANGLE,ONEIDA,Straight and Level,Clear,Traffic Signal,Dry,Not Applicable,"Other Motor Vehicle, Collision With",2
 Damage Accident,12:23,01/07/2014,Tuesday,Y,Daylight,PORT LEYDEN,OTHER,LEWIS,Straight and Level,Snow,Traffic Signal,Snow/Ice,Not Applicable,"Guide Rail - Not At End, Collision With Fixed Object",3
 Damage Accident,13:20,02/20/2014,Thursday,Y,Daylight,SMITHTOWN,OTHER,SUFFOLK,Straight and Level,Clear,None,Muddy,Not Applicable,"Other Motor Vehicle, Collision With",3
 Damage Accident,17:34,11/19/2014,Wednesday,Y,Dark-Road Unlighted,FABIUS,OTHER,ONONDAGA,Straight and Level,Snow,None,Snow/Ice,Not Applicable,Deer,1
 Accident,4:06,09/10/2014,Wednesday,Y,Dark-Road Lighted,BRONX,REAR END,BRONX,Straight and Level,Clear,Unknown,Dry,Not Applicable,"Other Motor Vehicle, Collision With",2
 Damage Accident,10:28,07/03/2014,Thursday,Y,Daylight,HUNTINGTON,Unknown,SUFFOLK,Straight and Level,Cloudy,None,Dry,Not Applicable,"Other Motor Vehicle, Collision With",2
 Damage Accident,12:54,04/09/2014,Wednesday,Y,Daylight,DRYDEN,OTHER,TOMPKINS,Straight and Grade,Cloudy,None,Dry,Not Applicable,Deer,1
 Damage & Injury Accident,1:15,08/23/2014,Saturday,Y,Dark-Road Lighted,QUEENS,REAR END,QUEENS,Straight and Level,Clear,None,Dry,Not Applicable,"Other Motor Vehicle, Collision With",2