 Descriptor,Time,Date,Day of Week,Police Report,Lighting Conditions,Municipality,Collision Type Descriptor,County Name,Road Descriptor,Weather Conditions,Traffic Control Device,Road Surface Conditions,Pedestrian Bicyclist Action,Event Descriptor,Number of Vehicles Involved
 Damage Accident,18:06,02/13/2014,Thursday,Y,Dark-Road Unlighted,CLIFTON PARK,OVERTAKING,SARATOGA,Straight and Grade,Snow,None,Snow/Ice,Not Applicable,"Other Motor Vehicle, Collision With",2
 Accident,10:30,09/05/2014,Friday,Y,Daylight,NEW YORK,OTHER,NEW YORK,Straight and Level,Clear,Traffic Signal,Dry,Riding/Walking/Skating Along Highway With Traffic,"Bicyclist, Collision With",1
 Accident,8:46,01/24/2014,Friday,Y,Daylight,QUEENS,OTHER,QUEENS,Straight and Level,Clear,Other,Dry,"Crossing, No Signal, Marked Crosswalk","Pedestrian, Collision With",1
 Damage Accident,0:00,10/13/2014,Monday,Y,Dark-Road Lighted,BROOKHAVEN,REAR END,SUFFOLK,Straight and Level,Cloudy,Traffic Signal,Dry,Not Applicable,"Other Motor Vehicle, Collision With",2
 Damage Accident,0:45,12/27/2014,Saturday,Y,Dark-Road Lighted,OYSTER BAY,RIGHT TURN (6),NASSAU,Straight and Level,Cloudy,None,Dry,Not Applicable,"Other Motor Vehicle, Collision With",2
 Damage Accident,15:27,10/24/2014,Friday,Y,Daylight,LA GRANGE,REAR END,DUTCHESS,Straight and Level,Cloudy,None,Dry,Not Applicable,"Other Motor Vehicle, Collision With",2
 Accident,5:35,06/24/2014,Tuesday,Y,Daylight,SHAWANGUNK,OTHER,ULSTER,Straight and Level,Clear,No Passing Zone,Dry,Not Applicable,Deer,1
 Damage Accident,10:25,12/04/2014,Thursday,Y,Daylight,WEST SENECA,REAR END,ERIE,Straight and Level,Clear,Traffic Signal,Dry,Not Applicable,"Other Motor Vehicle, Collision With",2
 Damage Accident,16:00,07/12/2014,Saturday,Y,Daylight,HENRIETTA,RIGHT ANGLE,MONROE,Straight and Level,Clear,None,Dry,Not Applicable,"Other Motor Vehicle, Collision With",2
 Damage & Injury Accident,0:00,04/16/2014,Wednesday,N,Unknown,MOUNT KISCO,OVERTAKING,WESTCHESTER,Unknown,Unknown,Unknown,Unknown,Not Applicable,"Other Motor Vehicle, Collision With",2
 Damage Accident,9:25,08/20/2014,Wednesday,Y,Daylight,WHITE PLAINS,RIGHT TURN (6),WESTCHESTER,Straight and Level,Clear,None,Dry,Not Applicable,"Other Motor Vehicle, Collision With",2
 Damage Accident,17:24,11/28/2014,Friday,Y,Dark-Road Lighted,ROCHESTER,RIGHT ANGLE,MONROE,Straight and Level,Cloudy,Traffic Signal,Dry,Not Applicable,"Other Motor Vehicle, Collision With",2
 Damage Accident,6:15,06/08/2014,Sunday,Y,Dawn,SMITHTOWN,OTHER,SUFFOLK,Straight and Level,Clear,None,Dry,Not Applicable,"Tree, Collision With Fixed Object",1
 Damage & Injury Accident,8:20,01/27/2014,Monday,Y,Daylight,HILLBURN,REAR END,ROCKLAND,Curve and Level,Cloudy,None,Snow/Ice,Not Applicable,"Other Motor Vehicle, Collision With",2
 Damage Accident,11:30,04/07/2014,Monday,Y,Daylight,HEMPSTEAD,REAR END,NASSAU,Curve and Level,Cloudy,None,Dry,Not Applicable,"Other Motor Vehicle, Collision With",2
 Damage & Injury Accident,12:33,02/27/2014,Thursday,Y,Daylight,BUFFALO,Unknown,ERIE,Straight and Grade,Snow,None,Snow/Ice,Not Applicable,"Other Motor Vehicle, Collision With",2
 Damage Accident,6:55,04/11/2014,Friday,Y,Daylight,DRYDEN,SIDESWIPE,TOMPKINS,Straight and Grade,Rain,None,Wet,Not Applicable,"Other Motor Vehicle, Collision With",2
 Accident,20:50,08/28/2014,Thursday,Y,Dawn,BRONX,REAR END,BRONX,Straight and Level,Clear,None,Dry,Not Applicable,"Other Motor Vehicle, Collision With",2
 Damage & Injury Accident,15:30,05/28/2014,Wednesday,Y,Daylight,BUFFALO,REAR END,ERIE,Straight and Level,Clear,Traffic Signal,Dry,Not Applicable,"Other Motor Vehicle, Collision With",2
 Damage Accident,21:20,01/01/2014,Wednesday,Y,Dark-Road Unlighted,GALLATIN,OTHER,COLUMBIA,Straight and Grade,Snow,None,Snow/Ice,Not Applicable,"Guide Rail - Not At End, Collision With Fixed Object",1
 Damage Accident,11:40,02/17/2014,Monday,Y,Daylight,SALINA,RIGHT ANGLE,ONONDAGA,Straight and Level,Clear,Traffic Signal,Wet,Not Applicable,"Other Motor Vehicle, Collision With",2
 Accident,17:52,04/20/2014,Sunday,Y,Daylight,BROOKHAVEN,REAR END,SUFFOLK,Straight and Level,Clear,Traffic Signal,Dry,Not Applicable,"Other Motor Vehicle, Collision With",2
 Damage Accident,18:35,01/06/2014,Monday,N,Unknown,CAZENOVIA,OTHER,MADISON,Unknown,Unknown,Unknown,Unknown,Not Applicable,Deer,1
 Damage Accident,12:00,12/19/2014,Friday,Y,Daylight,BROOKHAVEN,SIDESWIPE,SUFFOLK,Straight and Level,Clear,None,Dry,Not Applicable,"Other Motor Vehicle, Collision With",2
 Damage Accident,16:33,08/02/2014,Saturday,Y,Daylight,NEWBURGH,OVERTAKING,ORANGE,Straight and Level,Cloudy,None,Dry,Not Applicable,"Other Motor Vehicle, Collision With",2
 Accident,17:28,07/02/2014,Wednesday,Y,Daylight,POUGHKEEPSIE,REAR END,DUTCHESS,Straight and Grade,Rain,Traffic Signal,Wet,Not Applicable,"Other Motor Vehicle, Collision With",2
 Damage Accident,13:00,11/01/2014,Saturday,Y,Daylight,OYSTER BAY,SIDESWIPE,NASSAU,Straight and Level,Rain,None,Wet,Not Applicable,"Other Motor Vehicle, Collision With",2
 Damage Accident,1:40,11/28/2014,Friday,Y,Dark-Road Unlighted,BARTON,OTHER,TIOGA,Curve and Level,Snow,None,Snow/Ice,Not Applicable,"Tree, Collision With Fixed Object",1
 Accident,12:00,08/26/2014,Tuesday,Y,Daylight,BRONX,REAR END,BRONX,Straight at Hill Crest,Clear,Traffic Signal,Dry,Not Applicable,"Other Motor Vehicle, Collision With",2
 Damage & Injury Accident,18:08,08/02/2014,Saturday,Y,Daylight,WHITE PLAINS,OTHER,WESTCHESTER,Curve and Level,Clear,None,Dry,Not Applicable,"Overturned, Non-Collision",1
 Damage Accident,19:00,08/24/2014,Sunday,N,Daylight,BUFFALO,Unknown,ERIE,Straight and Level,Clear,Unknown,Dry,Not Applicable,"Other Motor Vehicle, Collision With",2
 Accident,20:38,09/09/2014,Tuesday,Y,Dark-Road Lighted,WESLEY HILLS,OTHER,ROCKLAND,Straight and Level,Cloudy,None,Dry,"Crossing, No Signal, Marked Crosswalk","Pedestrian, Collision With",1
 Damage Accident,22:11,12/09/2014,Tuesday,Y,Dark-Road Unlighted,PITCHER,OTHER,CHENANGO,Straight and Level,Snow,No Passing Zone,Snow/Ice,Not Applicable,"Tree, Collision With Fixed Object",1
 Damage Accident,22:00,03/19/2014,Wednesday,Y,Dark-Road Unlighted,GUILDERLAND,OTHER,ALBANY,Straight and Level,Sleet/Hail/Freezing Rain,None,Snow/Ice,Not Applicable,"Other Motor Vehicle, Collision With",3
 Accident,11:15,06/23/2014,Monday,Y,Daylight,HEMPSTEAD,OTHER,NASSAU,Straight and Level,Clear,None,Dry,Riding/Walking/Skating Along Highway Against Traffic,"Bicyclist, Collision With",1
 Accident,17:44,06/16/2014,Monday,Y,Daylight,BABYLON,OTHER,SUFFOLK,Straight and Level,Clear,None,Dry,Not Applicable,"Other Motor Vehicle, Collision With",4
 Damage & Injury Accident,13:00,07/30/2014,Wednesday,Y,Daylight,FISHKILL,REAR END,DUTCHESS,Straight and Level,Clear,None,Dry,Not Applicable,"Other Motor Vehicle, Collision With",2
 Damage Accident,0:00,02/12/2014,Wednesday,N,Dark-Road Unlighted,GATES,OTHER,MONROE,Straight and Level,Snow,None,Snow/Ice,Not Applicable,Deer,1
 Damage & Injury Accident,17:04,09/13/2014,Saturday,Y,Daylight,ISLIP,OTHER,SUFFOLK,Curve and Grade,Rain,None,Wet,Not Applicable,"Guide Rail - Not At End, Collision With Fixed Object",1
 Accident,15:59,12/23/2014,Tuesday,Y,Daylight,GREENBURGH,OTHER,WESTCHESTER,Straight and Level,Rain,Traffic Signal,Wet,"Crossing, No Signal or Crosswalk","Pedestrian, Collision With",1
 Accident,13:00,06/16/2014,Monday,Y,Daylight,KINGS,HEAD ON,KINGS,Straight and Level,Clear,None,Dry,Not Applicable,"Building/Wall, Collision With Fixed Object",2
 Damage Accident,11:35,09/19/2014,Friday,Y,Daylight,LAKE GEORGE,OVERTAKING,WARREN,Straight and Grade,Clear,None,Dry,Not Applicable,"Other Motor Vehicle, Collision With",2
 Damage Accident,8:50,03/06/2014,Thursday,N,Unknown,QUEENS,OTHER,QUEENS,Unknown,Unknown,Unknown,Unknown,Not Applicable,"Barrier, Collision With Fixed Object",1
 Accident,14:32,06/16/2014,Monday,Y,Daylight,KINGSTON,REAR END,ULSTER,Straight and Level,Clear,None,Dry,Not Applicable,"Other Motor Vehicle, Collision With",2
 Damage Accident,18:11,12/20/2014,Saturday,Y,Dark-Road Unlighted,WETHERSFIELD,OTHER,WYOMING,Straight and Grade,Cloudy,None,Dry,Not Applicable,Deer,1
 Accident,17:30,12/10/2014,Wednesday,N,Unknown,QUEENS,Unknown,QUEENS,Unknown,Unknown,Unknown,Unknown,Not Applicable,"Other Motor Vehicle, Collision With",2
 Damage & Injury Accident,14:32,03/24/2014,Monday,Y,Daylight,TROY,LEFT TURN (3),RENSSELAER,Straight and Grade,Clear,Traffic Signal,Dry,Not Applicable,"Other Motor Vehicle, Collision With",2
 Damage Accident,7:40,03/10/2014,Monday,Y,Daylight,QUEENS,RIGHT ANGLE,QUEENS,Straight and Level,Cloudy,Traffic Signal,Dry,Not Applicable,"Other Motor Vehicle, Collision With",2
 Damage Accident,17:49,07/20/2014,Sunday,Y,Daylight,SOUTHAMPTON,OTHER,SUFFOLK,Straight and Grade,Cloudy,Stop Sign,Dry,Not Applicable,"Light Support/Utility Pole, Collision With Fixed Object",1
 Damage Accident,0:00,08/22/2014,Friday,N,Unknown,QUEENS,Unknown,QUEENS,Unknown,Unknown,Unknown,Unknown,Not Applicable,"Other Motor Vehicle, Collision With",2
 Accident,8:18,06/22/2014,Sunday,Y,Daylight,MIDDLEBURG,OTHER,SCHOHARIE,Curve at Hill Crest,Clear,No Passing Zone,Dry,Not Applicable,"Overturned, Non-Collision",1
 Damage Accident,12:30,07/14/2014,Monday,Y,Daylight,CAMILLUS,RIGHT ANGLE,ONONDAGA,Straight and Grade,Cloudy,None,Dry,Not Applicable,"Other Motor Vehicle, Collision With",2
 Damage Accident,17:06,09/19/2014,Friday,Y,Daylight,HARRISON,LEFT TURN (3),WESTCHESTER,Straight and Grade,Clear,Traffic Signal,Dry,Not Applicable,"Other Motor Vehicle, Collision With",2
 Damage Accident,15:40,08/29/2014,Friday,Y,Daylight,BROOKHAVEN,REAR END,SUFFOLK,Straight and Level,Clear,Traffic Signal,Dry,Not Applicable,"Other Motor Vehicle, Collision With",2
 Damage Accident,1:59,06/01/2014,Sunday,Y,Daylight,PLATTSBURG,OTHER,CLINTON,Straight and Grade,Clear,None,Dry,Not Applicable,"Other Motor Vehicle, Collision With",2
 Accident,22:30,11/27/2014,Thursday,Y,Dark-Road Lighted,BUFFALO,LEFT TURN (3),ERIE,Straight and Level,Snow,None,Snow/Ice,Not Applicable,"Other Motor Vehicle, Collision With",2
 Damage & Injury Accident,14:16,12/22/2014,Monday,N,Daylight,ROCKVILLE CENTRE,OVERTAKING,NASSAU,Straight and Level,Cloudy,None,Dry,Not Applicable,"Other Motor Vehicle, Collision With",2
 Damage Accident,22:08,11/30/2014,Sunday,Y,Dark-Road Lighted,NORTH HEMPSTEAD,OVERTAKING,NASSAU,Straight and Level,Clear,None,Dry,Not Applicable,"Other Motor Vehicle, Collision With",2
 Damage & Injury Accident,9:22,08/02/2014,Saturday,Y,Daylight,RIVERHEAD,REAR END,SUFFOLK,Straight and Level,Rain,Traffic Signal,Wet,Not Applicable,"Other Motor Vehicle, Collision With",2
 Accident,23:15,07/06/2014,Sunday,N,Unknown,QUEENS,OTHER,QUEENS,Unknown,Unknown,Unknown,Unknown,Unknown,"Bicyclist, Collision With",1
 Damage Accident,15:27,01/28/2014,Tuesday,Y,Daylight,LITTLE VALLEY,OTHER,CATTARAUGUS,Curve and Level,Clear,None,Dry,Not Applicable,"Tree, Collision With Fixed Object",1
 Damage Accident,11:00,04/25/2014,Friday,N,Daylight,QUEENS,REAR END,QUEENS,Straight and Level,Clear,Traffic Signal,Dry,Not Applicable,"Other Motor Vehicle, Collision With",2
 Accident,14:51,07/09/2014,Wednesday,Y,Daylight,ROCHESTER,OTHER,MONROE,Straight and Grade,Clear,None,Dry,"Crossing, No Signal or Crosswalk","Pedestrian, Collision With",1
 Damage Accident,16:50,12/15/2014,Monday,Y,Dusk,KINGS,Unknown,KINGS,Straight and Level,Clear,Traffic Signal,Dry,Not Applicable,"Other Motor Vehicle, Collision With",2
 Damage & Injury Accident,16:20,09/30/2014,Tuesday,Y,Daylight,LAKE SUCCESS,OVERTAKING,NASSAU,Straight and Level,Rain,None,Wet,Not Applicable,"Other Motor Vehicle, Collision With",2
 Damage Accident,3:42,10/30/2014,Thursday,Y,Dark-Road Lighted,MOUNT VERNON,OTHER,WESTCHESTER,Straight and Grade,Clear,None,Dry,Not Applicable,"Tree, Collision With Fixed Object",1
 Accident,17:15,10/23/2014,Thursday,Y,Dusk,KINGS,RIGHT TURN (5),KINGS,Straight and Level,Cloudy,Traffic Signal,Wet,Not Applicable,"Other Motor Vehicle, Collision With",2
 Damage Accident,17:20,12/22/2014,Monday,Y,Dark-Road Lighted,WHITE PLAINS,REAR END,WESTCHESTER,Straight and Level,Clear,Traffic Signal,Dry,Not Applicable,"Other Motor Vehicle, Collision With",2
 Damage & Injury Accident,10:00,10/04/2014,Saturday,Y,Daylight,CLAY,OTHER,ONONDAGA,Straight and Level,Rain,Traffic Signal,Wet,Not Applicable,"Ran Off Roadway Only, Non-Collision",1
 Damage & Injury Accident,10:37,11/03/2014,Monday,Y,Daylight,CORTLANDVILLE,RIGHT ANGLE,CORTLAND,Straight and Level,Clear,None,Dry,Not Applicable,"Other Motor Vehicle, Collision With",2
 Accident,19:10,11/19/2014,Wednesday,Y,Dark-Road Lighted,KINGS,OTHER,KINGS,Straight at Hill Crest,Clear,Traffic Signal,Dry,"Crossing, With Signal","Pedestrian, Collision With",1
 Damage & Injury Accident,16:08,03/23/2014,Sunday,Y,Daylight,BRIGHTON,RIGHT ANGLE,MONROE,Straight and Level,Clear,Traffic Signal,Dry,Not Applicable,"Other Motor Vehicle, Collision With",2
 Damage Accident,21:26,10/04/2014,Saturday,Y,Dark-Road Unlighted,CAMPBELL,OTHER,STEUBEN,Straight and Level,Clear,None,Dry,Not Applicable,"Guide Rail - Not At End, Collision With Fixed Object",1
 Damage Accident,21:55,03/28/2014,Friday,Y,Dark-Road Unlighted,GATES,OTHER,MONROE,Straight and Level,Cloudy,None,Dry,Not Applicable,"Other Object (Not Fixed)*, Collision With",1
 Accident,15:52,02/20/2014,Thursday,Y,Daylight,GROVE,OTHER,ALLEGANY,Curve and Level,Sleet/Hail/Freezing Rain,No Passing Zone,Slush,Not Applicable,"Snow Embankment, Collision With Fixed Object",1
 Damage Accident,6:46,11/24/2014,Monday,Y,Daylight,HARRISON,OVERTAKING,WESTCHESTER,Straight and Level,Rain,None,Wet,Not Applicable,"Other Motor Vehicle, Collision With",2
 Damage Accident,18:00,12/22/2014,Monday,N,Unknown,SYRACUSE,REAR END,ONONDAGA,Unknown,Unknown,Unknown,Unknown,Not Applicable,"Other Motor Vehicle, Collision With",2
 Damage Accident,13:30,08/23/2014,Saturday,Y,Daylight,CICERO,RIGHT ANGLE,ONONDAGA,Straight and Grade,Cloudy,Stop Sign,Dry,Not Applicable,"Other Motor Vehicle, Collision With",2
 Damage Accident,14:29,12/10/2014,Wednesday,Y,Daylight,WHITEHALL,OTHER,WASHINGTON,Straight and Grade,Snow,No Passing Zone,Snow/Ice,Not Applicable,"Guide Rail - End, Collision With Fixed Object",1
 Damage Accident,6:41,07/09/2014,Wednesday,Y,Daylight,NUNDA,OTHER,LIVINGSTON,Straight and Level,Clear,None,Dry,Not Applicable,Deer,1
 Accident,11:15,05/06/2014,Tuesday,Y,Daylight,KINGS,Unknown,KINGS,Straight and Level,Cloudy,Traffic Signal,Dry,Not Applicable,"Other Motor Vehicle, Collision With",2
 Damage Accident,8:19,02/11/2014,Tuesday,Y,Daylight,WOODSTOCK,REAR END,ULSTER,Straight and Grade,Clear,None,Snow/Ice,Not Applicable,"Other Motor Vehicle, Collision With",2
 Damage & Injury Accident,18:30,09/02/2014,Tuesday,Y,Daylight,GLEN,OTHER,MONTGOMERY,Straight and Level,Clear,None,Dry,Not Applicable,"Guide Rail - Not At End, Collision With Fixed Object",1
 Accident,18:55,03/08/2014,Saturday,Y,Dark-Road Lighted,KINGS,OTHER,KINGS,Straight and Level,Clear,Traffic Signal,Dry,"Crossing, With Signal","Pedestrian, Collision With",1
 Damage Accident,6:39,02/04/2014,Tuesday,Y,Dark-Road Lighted,LANCASTER,OTHER,ERIE,Straight and Level,Clear,None,Dry,Not Applicable,Deer,1
 Accident,8:34,11/24/2014,Monday,Y,Daylight,NILES,OTHER,CAYUGA,Curve and Grade,Cloudy,No Passing Zone,Wet,Not Applicable,"Earth Embankment/Rock Cut/Ditch, Collision With Fixed Object",1
 Damage & Injury Accident,14:17,11/13/2014,Thursday,Y,Daylight,BATH,OTHER,STEUBEN,Curve and Level,Snow,No Passing Zone,Wet,Not Applicable,"Tree, Collision With Fixed Object",1
 Damage Accident,21:05,05/22/2014,Thursday,Y,Dark-Road Unlighted,WARSAW,OTHER,WYOMING,Straight and Grade,Clear,No Passing Zone,Dry,Not Applicable,"Animal, Collision With",1
 Damage Accident,17:00,09/02/2014,Tuesday,Y,Daylight,BRONX,REAR END,BRONX,Straight and Level,Clear,Traffic Signal,Dry,Not Applicable,"Other Motor Vehicle, Collision With",2
 Damage Accident,0:00,05/03/2014,Saturday,N,Unknown,,Unknown,ERIE,Unknown,Unknown,Unknown,Unknown,Not Applicable,"Other Motor Vehicle, Collision With",2
 Accident,18:25,06/26/2014,Thursday,Y,Daylight,KINGS,OTHER,KINGS,Straight and Level,Clear,None,Dry,Not in Roadway (Indicate),"Pedestrian, Collision With",1
 Damage Accident,22:45,01/21/2014,Tuesday,Y,Dark-Road Lighted,OYSTER BAY,REAR END,NASSAU,Straight and Grade,Snow,None,Snow/Ice,Not Applicable,"Other Motor Vehicle, Collision With",2
 Accident,12:30,11/01/2014,Saturday,N,Daylight,KINGS,OVERTAKING,KINGS,Straight and Level,Rain,None,Wet,Not Applicable,"Other Motor Vehicle, Collision With",2
 Damage Accident,16:15,07/06/2014,Sunday,Y,Daylight,WHEATFIELD,REAR END,NIAGARA,Straight and Level,Cloudy,Traffic Signal,Dry,Not Applicable,"Other Motor Vehicle, Collision With",2
 Damage Accident,15:09,12/16/2014,Tuesday,Y,Daylight,GLENVILLE,OVERTAKING,SCHENECTADY,Straight and Level,Cloudy,None,Dry,Not Applicable,"Other Fixed Object*, Collision With Fixed Object",2
 Damage Accident,8:32,01/28/2014,Tuesday,Y,Unknown,ALLEGANY,OTHER,CATTARAUGUS,Unknown,Unknown,Unknown,Unknown,Not Applicable,"Snow Embankment, Collision With Fixed Object",1
 Damage & Injury Accident,9:21,02/07/2014,Friday,Y,Daylight,QUEENSBURY,OTHER,WARREN,Straight and Level,Clear,Traffic Signal,Dry,Not Applicable,"Other Motor Vehicle, Collision With",3
 Accident,17:50,07/07/2014,Monday,Y,Daylight,KINGS,Unknown,KINGS,Straight and Level,Clear,Stop Sign,Dry,Not Applicable,"Other Motor Vehicle, Collision With",2
 Damage & Injury Accident,13:55,08/24/2014,Sunday,Y,Daylight,WHITEHALL,OTHER,WASHINGTON,Straight and Level,Clear,None,Dry,Not Applicable,"Other Motor Vehicle, Collision With",4
 Damage Accident,14:00,05/30/2014,Friday,N,Unknown,HUNTINGTON,Unknown,SUFFOLK,Unknown,Unknown,Unknown,Unknown,Not Applicable,"Other Motor Vehicle, Collision With",2
 Damage & Injury Accident,16:30,04/04/2014,Friday,N,Daylight,KINGS,REAR END,KINGS,Straight and Level,Cloudy,Unknown,Dry,Not Applicable,"Other Motor Vehicle, Collision With",2
 Damage & Injury Accident,17:20,04/28/2014,Monday,Y,Daylight,LAWRENCE,OTHER,NASSAU,Straight and Level,Cloudy,None,Dry,Not Applicable,"Other Motor Vehicle, Collision With",4
 Damage Accident,20:00,08/20/2014,Wednesday,N,Unknown,,OTHER,ONTARIO,Unknown,Unknown,Unknown,Unknown,Not Applicable,Deer,1
 Damage Accident,13:20,11/26/2014,Wednesday,Y,Daylight,QUEENS,OTHER,QUEENS,Straight and Level,Rain,None,Wet,Not Applicable,"Other Motor Vehicle, Collision With",3
 Damage & Injury Accident,19:31,02/05/2014,Wednesday,Y,Dark-Road Lighted,BUFFALO,OTHER,ERIE,Curve and Level,Snow,None,Snow/Ice,Not Applicable,"Other Motor Vehicle, Collision With",5
 Damage & Injury Accident,1:47,11/15/2014,Saturday,Y,Dark-Road Unlighted,SOUTHAMPTON,OTHER,SUFFOLK,Straight and Level,Clear,None,Dry,Not Applicable,"Guide Rail - Not At End, Collision With Fixed Object",1
 Damage & Injury Accident,21:51,05/26/2014,Monday,Y,Dark-Road Unlighted,NEWFIELD,OTHER,TOMPKINS,Straight and Level,Cloudy,None,Dry,Not Applicable,Deer,1
 Damage Accident,20:51,12/17/2014,Wednesday,Y,Dark-Road Lighted,SYRACUSE,OTHER,ONONDAGA,Straight and Level,Snow,None,Wet,Not Applicable,"Other Object (Not Fixed)*, Collision With",1
 Damage Accident,6:40,08/18/2014,Monday,Y,Daylight,BABYLON,RIGHT ANGLE,SUFFOLK,Straight and Level,Clear,Stop Sign,Dry,Not Applicable,"Other Motor Vehicle, Collision With",2
 Accident,9:09,04/02/2014,Wednesday,Y,Daylight,PERSIA,OTHER,CATTARAUGUS,Straight and Grade,Clear,None,Dry,Not Applicable,"Guide Rail - Not At End, Collision With Fixed Object",1
 Damage Accident,1:59,12/19/2014,Friday,Y,Dark-Road Lighted,ISLIP,OTHER,SUFFOLK,Straight and Level,Clear,None,Dry,Not Applicable,"Light Support/Utility Pole, Collision With Fixed Object",1
 Damage Accident,18:17,01/03/2014,Friday,Y,Dark-Road Unlighted,COLESVILLE,OTHER,BROOME,Straight and Grade,Clear,None,Snow/Ice,Not Applicable,"Earth Embankment/Rock Cut/Ditch, Collision With Fixed Object",1
 Damage Accident,12:25,11/11/2014,Tuesday,Y,Daylight,BROOKHAVEN,SIDESWIPE,SUFFOLK,Straight and Level,Clear,None,Dry,Not Applicable,"Other Motor Vehicle, Collision With",2
 Damage Accident,14:18,05/03/2014,Saturday,Y,Daylight,BRIGHTON,RIGHT ANGLE,MONROE,Straight and Level,Cloudy,None,Dry,Not Applicable,"Other Motor Vehicle, Collision With",2
 Damage & Injury Accident,20:30,03/28/2014,Friday,Y,Dark-Road Unlighted,KINGS,Unknown,KINGS,Straight and Level,Cloudy,Construction Work Area,Dry,Not Applicable,"Other Motor Vehicle, Collision With",2
 Damage & Injury Accident,8:11,05/12/2014,Monday,Y,Daylight,RICHMOND,OTHER,RICHMOND,Straight and Level,Clear,None,Dry,Not Applicable,"Other Motor Vehicle, Collision With",3
 Damage Accident,22:40,02/12/2014,Wednesday,Y,Dark-Road Lighted,NORTH HEMPSTEAD,LEFT TURN (0),NASSAU,Straight and Level,Clear,Traffic Signal,Dry,Not Applicable,"Other Motor Vehicle, Collision With",2
 Damage Accident,13:45,06/13/2014,Friday,Y,Daylight,BRONX,Unknown,BRONX,Straight and Level,Clear,Traffic Signal,Dry,Not Applicable,"Other Motor Vehicle, Collision With",2
 Damage & Injury Accident,11:45,06/20/2014,Friday,Y,Daylight,HEMPSTEAD,REAR END,NASSAU,Straight and Level,Clear,None,Dry,Not Applicable,"Other Motor Vehicle, Collision With",2
 Damage Accident,16:42,07/17/2014,Thursday,Y,Daylight,CUYLER,SIDESWIPE,CORTLAND,Straight and Grade,Cloudy,No Passing Zone,Dry,Not Applicable,"Other Motor Vehicle, Collision With",2
 Damage Accident,22:40,05/04/2014,Sunday,N,Unknown,CHEEKTOWAGA,Unknown,ERIE,Unknown,Unknown,Unknown,Unknown,Not Applicable,"Other Motor Vehicle, Collision With",2
 Damage Accident,7:54,02/24/2014,Monday,Y,Daylight,RYE BROOKE,REAR END,WESTCHESTER,Straight and Grade,Clear,None,Dry,Not Applicable,"Other Motor Vehicle, Collision With",2
 Damage & Injury Accident,9:30,11/30/2014,Sunday,Y,Daylight,ISLIP,Unknown,SUFFOLK,Straight and Level,Clear,Traffic Signal,Dry,Not Applicable,"Other Motor Vehicle, Collision With",2
 Damage & Injury Accident,17:08,04/30/2014,Wednesday,Y,Daylight,YONKERS,REAR END,WESTCHESTER,Straight and Level,Rain,None,Wet,Not Applicable,"Other Motor Vehicle, Collision With",2
 Damage & Injury Accident,16:15,08/09/2014,Saturday,Y,Daylight,QUEENS,OTHER,QUEENS,Straight and Level,Clear,Traffic Signal,Dry,Not Applicable,"Other Motor Vehicle, Collision With",3
 Damage Accident,10:40,01/07/2014,Tuesday,N,Unknown,KINGS,Unknown,KINGS,Unknown,Unknown,Unknown,Unknown,Not Applicable,"Other Motor Vehicle, Collision With",2
 Damage Accident,13:35,02/01/2014,Saturday,Y,Daylight,PLATTSBURG,REAR END,CLINTON,Straight and Level,Cloudy,None,Dry,Not Applicable,"Other Motor Vehicle, Collision With",2
 Damage Accident,0:00,03/22/2014,Saturday,N,Dusk,SYRACUSE,Unknown,ONONDAGA,Straight and Level,Cloudy,None,Dry,Not Applicable,"Other Motor Vehicle, Collision With",2
 Damage Accident,10:15,10/15/2014,Wednesday,N,Daylight,KINGS,OVERTAKING,KINGS,Straight and Level,Rain,Traffic Signal,Wet,Not Applicable,"Other Motor Vehicle, Collision With",2
 Damage & Injury Accident,8:00,04/28/2014,Monday,Y,Daylight,LYSANDER,RIGHT ANGLE,ONONDAGA,Straight and Level,Clear,Stop Sign,Dry,Not Applicable,"Other Motor Vehicle, Collision With",2
 Damage Accident,20:42,06/03/2014,Tuesday,Y,Dark-Road Lighted,ITHACA,OTHER,TOMPKINS,Straight and Grade,Clear,None,Dry,Not Applicable,"Building/Wall, Collision With Fixed Object",1
 Accident,1:50,04/19/2014,Saturday,Y,Dark-Road Lighted,NEW YORK,OTHER,NEW YORK,Straight and Level,Clear,None,Dry,Not Applicable,"Other Motor Vehicle, Collision With",3
 Damage Accident,17:30,02/12/2014,Wednesday,Y,Dark-Road Lighted,ROCHESTER,LEFT TURN (3),MONROE,Straight and Level,Cloudy,None,Wet,Not Applicable,"Other Motor Vehicle, Collision With",2
 Damage Accident,16:15,10/07/2014,Tuesday,Y,Daylight,HEMPSTEAD,OVERTAKING,NASSAU,Straight and Level,Clear,None,Dry,Not Applicable,"Other Motor Vehicle, Collision With",2
 Damage Accident,2:50,10/10/2014,Friday,Y,Dark-Road Unlighted,NEWBURGH,OTHER,ORANGE,Straight and Level,Clear,None,Dry,Not Applicable,Deer,1
 Damage & Injury Accident,7:41,01/10/2014,Friday,Y,Daylight,LOCKPORT,REAR END,NIAGARA,Straight and Level,Snow,None,Slush,Not Applicable,"Other Motor Vehicle, Collision With",2