 Descriptor,Time,Date,Day of Week,Police Report,Lighting Conditions,Municipality,Collision Type Descriptor,County Name,Road Descriptor,Weather Conditions,Traffic Control Device,Road Surface Conditions,Pedestrian Bicyclist Action,Event Descriptor,Number of Vehicles Involved
 Damage Accident,16:21,10/25/2014,Saturday,Y,Daylight,NEWBURGH,REAR END,ORANGE,Straight and Level,Clear,Traffic Signal,Dry,Not Applicable,"Other Motor Vehicle, Collision With",2
 Damage & Injury Accident,19:05,11/13/2014,Thursday,Y,Dark-Road Lighted,HEMPSTEAD,OTHER,NASSAU,Straight and Level,Cloudy,None,Dry,Not Applicable,"Other Motor Vehicle, Collision With",3
 Damage Accident,8:22,08/22/2014,Friday,Y,Daylight,BINGHAMTON,OTHER,BROOME,Straight and Grade,Cloudy,None,Wet,Not Applicable,"Bridge Structure, Collision With Fixed Object",1
 Accident,19:21,04/08/2014,Tuesday,Y,Daylight,NORTH HILLS,REAR END,NASSAU,Straight and Level,Clear,None,Dry,Not Applicable,"Other Motor Vehicle, Collision With",2
 Accident,15:00,06/08/2014,Sunday,Y,Daylight,MILAN,OTHER,DUTCHESS,Straight and Grade,Clear,Other,Dry,Other Actions in Roadway,"Pedestrian, Collision With",2
 Damage & Injury Accident,5:28,02/01/2014,Saturday,Y,Dark-Road Lighted,SCHENECTADY,OTHER,SCHENECTADY,Curve and Level,Cloudy,Traffic Signal,Dry,Not Applicable,"Light Support/Utility Pole, Collision With Fixed Object",1
 Damage Accident,0:15,03/12/2014,Wednesday,Y,Dark-Road Unlighted,,OTHER,ORANGE,Straight and Level,Clear,None,Dry,Not Applicable,Deer,1
 Damage Accident,4:24,06/16/2014,Monday,Y,Dark-Road Unlighted,AVOCA,OTHER,STEUBEN,Straight and Grade,Fog/Smog/Smoke,None,Dry,Not Applicable,"Guide Rail - Not At End, Collision With Fixed Object",1
 Damage & Injury Accident,19:03,10/29/2014,Wednesday,Y,Dark-Road Lighted,NIAGARA FALLS,RIGHT ANGLE,NIAGARA,Straight and Level,Clear,Stop Sign,Dry,Not Applicable,"Other Motor Vehicle, Collision With",2
 Damage Accident,14:12,04/14/2014,Monday,Y,Daylight,ALBANY,RIGHT ANGLE,ALBANY,Straight and Level,Clear,Stop Sign,Dry,Not Applicable,"Other Motor Vehicle, Collision With",2
 Damage Accident,18:04,02/05/2014,Wednesday,Y,Daylight,CATSKILL,OTHER,GREENE,Straight and Level,Snow,No Passing Zone,Snow/Ice,Not Applicable,"Earth Embankment/Rock Cut/Ditch, Collision With Fixed Object",1
 Accident,7:49,11/17/2014,Monday,Y,Daylight,WEST BLOOMFIELD,OTHER,ONTARIO,Straight and Grade,Snow,None,Snow/Ice,Not Applicable,"Culver/Head Wall, Collision With Fixed Object",1
 Accident,13:50,06/15/2014,Sunday,Y,Daylight,KINGS,RIGHT ANGLE,KINGS,Straight and Level,Clear,Stop Sign,Dry,Not Applicable,"Other Motor Vehicle, Collision With",2
 Damage & Injury Accident,18:25,07/18/2014,Friday,Y,Daylight,EAST ROCKAWAY,RIGHT ANGLE,NASSAU,Straight and Level,Clear,Stop Sign,Dry,Not Applicable,"Other Motor Vehicle, Collision With",2
 Accident,20:00,12/22/2014,Monday,Y,Dark-Road Unlighted,BROOKHAVEN,OTHER,SUFFOLK,Straight and Level,Clear,None,Dry,"Crossing, No Signal or Crosswalk","Pedestrian, Collision With",1
 Damage Accident,3:00,06/15/2014,Sunday,N,Dark-Road Lighted,MINEOLA,OVERTAKING,NASSAU,Straight and Level,Unknown,None,Dry,Not Applicable,"Other Motor Vehicle, Collision With",2
 Accident,19:06,12/10/2014,Wednesday,Y,Dark-Road Lighted,NEW YORK,OTHER,NEW YORK,Straight and Level,Snow,Traffic Signal,Wet,Riding/Walking/Skating Along Highway Against Traffic,"Bicyclist, Collision With",1
 Damage Accident,10:00,02/27/2014,Thursday,N,Daylight,BUFFALO,OTHER,ERIE,Curve and Level,Snow,None,Snow/Ice,Not Applicable,"Median - Not At End, Collision With Fixed Object",1
 Damage & Injury Accident,8:23,08/25/2014,Monday,Y,Daylight,BRONX,LEFT TURN (3),BRONX,Straight and Level,Clear,Traffic Signal,Dry,Not Applicable,"Other Motor Vehicle, Collision With",2
 Damage & Injury Accident,19:55,09/04/2014,Thursday,Y,Dusk,QUEENS,Unknown,QUEENS,Straight and Level,Clear,None,Dry,Not Applicable,"Other Motor Vehicle, Collision With",2
 Damage Accident,21:30,07/12/2014,Saturday,N,Dusk,MARILLA,OTHER,ERIE,Straight and Level,Cloudy,Unknown,Dry,Not Applicable,Deer,1
 Accident,15:04,08/03/2014,Sunday,Y,Daylight,GUILDERLAND,OTHER,ALBANY,Straight and Grade,Clear,Traffic Signal,Dry,Not Applicable,"Curbing, Collision With Fixed Object",1
 Accident,14:27,05/22/2014,Thursday,Y,Daylight,ISLIP,Unknown,SUFFOLK,Straight and Level,Cloudy,None,Dry,Not Applicable,"Other Motor Vehicle, Collision With",2
 Accident,17:30,05/07/2014,Wednesday,Y,Daylight,HYDE PARK,REAR END,DUTCHESS,Straight and Level,Clear,None,Dry,Not Applicable,"Other Motor Vehicle, Collision With",2
 Damage Accident,0:00,08/03/2014,Sunday,N,Daylight,TROY,REAR END,RENSSELAER,Straight and Level,Clear,None,Other,Not Applicable,"Other Motor Vehicle, Collision With",2
 Damage & Injury Accident,16:25,10/17/2014,Friday,Y,Daylight,YONKERS,OVERTAKING,WESTCHESTER,Straight and Level,Clear,None,Dry,Not Applicable,"Other Motor Vehicle, Collision With",2
 Damage Accident,2:27,11/03/2014,Monday,Y,Dark-Road Lighted,SYRACUSE,REAR END,ONONDAGA,Straight and Grade,Cloudy,None,Dry,Not Applicable,"Other Motor Vehicle, Collision With",2
 Damage Accident,8:30,02/19/2014,Wednesday,Y,Daylight,CORTLANDT,RIGHT ANGLE,WESTCHESTER,Straight and Level,Cloudy,None,Snow/Ice,Not Applicable,"Other Motor Vehicle, Collision With",2
 Damage Accident,16:24,01/19/2014,Sunday,Y,Daylight,OWEGO,REAR END,TIOGA,Straight and Level,Cloudy,Traffic Signal,Dry,Not Applicable,"Other Motor Vehicle, Collision With",2
 Damage Accident,18:45,07/12/2014,Saturday,N,Unknown,GALEN,OTHER,WAYNE,Unknown,Unknown,Unknown,Unknown,Not Applicable,Deer,1
 Accident,5:00,06/20/2014,Friday,Y,Daylight,QUEENS,OTHER,QUEENS,Straight and Level,Clear,Stop Sign,Dry,Not Applicable,"Other Motor Vehicle, Collision With",5
 Accident,15:00,08/21/2014,Thursday,Y,Daylight,BELLPORT,OTHER,SUFFOLK,Straight and Level,Clear,None,Dry,Riding/Walking/Skating Along Highway With Traffic,"Bicyclist, Collision With",1
 Damage Accident,10:56,07/26/2014,Saturday,Y,Daylight,NEWARK,RIGHT ANGLE,WAYNE,Straight and Level,Clear,None,Dry,Not Applicable,"Other Motor Vehicle, Collision With",2
 Accident,12:15,12/11/2014,Thursday,Y,Unknown,BRONX,REAR END,BRONX,Unknown,Unknown,Unknown,Unknown,Not Applicable,"Other Motor Vehicle, Collision With",2
 Damage & Injury Accident,19:35,08/03/2014,Sunday,Y,Daylight,BUFFALO,RIGHT ANGLE,ERIE,Straight and Level,Clear,Traffic Signal,Dry,Not Applicable,"Other Motor Vehicle, Collision With",2
 Damage Accident,14:05,06/18/2014,Wednesday,Y,Daylight,QUEENS,OVERTAKING,QUEENS,Straight and Level,Clear,Yield Sign,Dry,Not Applicable,"Other Motor Vehicle, Collision With",2
 Damage Accident,7:18,02/03/2014,Monday,Y,Daylight,KINGSTON,RIGHT ANGLE,ULSTER,Straight and Level,Cloudy,Stop Sign,Dry,Not Applicable,"Other Motor Vehicle, Collision With",2
 Damage & Injury Accident,22:50,05/16/2014,Friday,Y,Dark-Road Lighted,QUEENS,REAR END,QUEENS,Straight and Level,Rain,Unknown,Wet,Not Applicable,"Other Motor Vehicle, Collision With",2
 Accident,13:35,06/10/2014,Tuesday,N,Daylight,QUEENS,OVERTAKING,QUEENS,Straight and Level,Clear,Traffic Signal,Dry,Not Applicable,"Other Motor Vehicle, Collision With",2
 Damage & Injury Accident,11:46,05/27/2014,Tuesday,Y,Daylight,GREECE,OTHER,MONROE,Straight and Level,Cloudy,Traffic Signal,Dry,Not Applicable,"Other Motor Vehicle, Collision With",3
 Damage Accident,13:30,07/20/2014,Sunday,N,Unknown,NEWFIELD,OTHER,TOMPKINS,Unknown,Unknown,Unknown,Unknown,Not Applicable,Deer,1
 Damage & Injury Accident,15:37,12/10/2014,Wednesday,Y,Dark-Road Unlighted,SCHODACK,OTHER,RENSSELAER,Straight and Level,Snow,None,Snow/Ice,Not Applicable,"Light Support/Utility Pole, Collision With Fixed Object",1
 Damage & Injury Accident,6:48,04/28/2014,Monday,Y,Daylight,PORT CHESTER,Unknown,WESTCHESTER,Straight and Level,Clear,Traffic Signal,Dry,Not Applicable,"Other Motor Vehicle, Collision With",2
 Damage & Injury Accident,4:42,04/02/2014,Wednesday,Y,Dark-Road Unlighted,PHILADELPHIA,OTHER,JEFFERSON,Straight and Level,Clear,None,Dry,Not Applicable,"Earth Embankment/Rock Cut/Ditch, Collision With Fixed Object",1
 Damage Accident,13:10,11/04/2014,Tuesday,Y,Daylight,OYSTER BAY,OVERTAKING,NASSAU,Straight and Level,Clear,None,Dry,Not Applicable,"Other Motor Vehicle, Collision With",2
 Damage & Injury Accident,19:09,05/12/2014,Monday,Y,Daylight,HEMPSTEAD,REAR END,NASSAU,Curve and Grade,Cloudy,Traffic Signal,Dry,Not Applicable,"Other Motor Vehicle, Collision With",2
 Accident,21:40,09/03/2014,Wednesday,Y,Dark-Road Lighted,QUEENS,OTHER,QUEENS,Straight and Level,Clear,Traffic Signal,Dry,"Crossing, No Signal or Crosswalk","Pedestrian, Collision With",1
 Accident,15:19,07/16/2014,Wednesday,Y,Daylight,WHEATLAND,Unknown,MONROE,Straight and Level,Clear,Stop Sign,Dry,Not Applicable,"Other Motor Vehicle, Collision With",2
 Accident,18:58,01/20/2014,Monday,Y,Dark-Road Lighted,WATERTOWN,OTHER,JEFFERSON,Straight and Level,Cloudy,None,Snow/Ice,Emerging from in Front of/Behind Parked Vehicle,"Pedestrian, Collision With",1
 Damage Accident,22:26,03/11/2014,Tuesday,Y,Dark-Road Unlighted,LOCKPORT,OTHER,NIAGARA,Straight and Level,Cloudy,None,Dry,Not Applicable,"Tree, Collision With Fixed Object",1
 Damage & Injury Accident,8:53,06/18/2014,Wednesday,Y,Daylight,YONKERS,REAR END,WESTCHESTER,Straight and Grade,Clear,None,Dry,Not Applicable,"Other Motor Vehicle, Collision With",2
 Damage Accident,6:52,12/16/2014,Tuesday,Y,Dark-Road Lighted,GREECE,OTHER,MONROE,Straight and Level,Clear,None,Wet,Not Applicable,"Animal, Collision With",1
 Damage Accident,12:05,02/20/2014,Thursday,Y,Daylight,OYSTER BAY,REAR END,NASSAU,Straight and Level,Clear,None,Dry,Not Applicable,"Other Motor Vehicle, Collision With",2
 Damage & Injury Accident,20:28,10/15/2014,Wednesday,Y,Dark-Road Lighted,HARRISON,OVERTAKING,WESTCHESTER,Straight and Level,Rain,Yield Sign,Wet,Not Applicable,"Other Motor Vehicle, Collision With",2
 Accident,11:10,07/18/2014,Friday,Y,Daylight,EDEN,SIDESWIPE,ERIE,Straight and Level,Clear,None,Dry,Not Applicable,"Other Motor Vehicle, Collision With",2
 Damage & Injury Accident,8:40,04/22/2014,Tuesday,Y,Daylight,NORTH HILLS,OTHER,NASSAU,Straight and Level,Clear,None,Dry,Not Applicable,"Other Motor Vehicle, Collision With",4
 Accident,15:50,04/26/2014,Saturday,Y,Daylight,NEW YORK,OTHER,NEW YORK,Straight and Level,Cloudy,Traffic Signal,Dry,Not in Roadway (Indicate),"Pedestrian, Collision With",1
 Accident,18:50,05/16/2014,Friday,Y,Dusk,BRONX,OTHER,BRONX,Straight and Level,Rain,Traffic Signal,Wet,"Crossing, With Signal","Pedestrian, Collision With",1
 Damage Accident,16:31,01/16/2014,Thursday,Y,Daylight,COEYMANS,OTHER,ALBANY,Straight and Level,Clear,None,Dry,Not Applicable,"Other Object (Not Fixed)*, Collision With",1
 Damage Accident,4:25,07/14/2014,Monday,Y,Dark-Road Unlighted,HOPKINTON,OTHER,ST. LAWRENCE,Straight and Level,Cloudy,None,Dry,Not Applicable,Deer,1
 Accident,15:10,02/11/2014,Tuesday,Y,Daylight,KINGS,OTHER,KINGS,Straight and Level,Clear,Traffic Signal,Snow/Ice,Not Applicable,"Other Object (Not Fixed)*, Collision With",1
 Accident,14:33,08/27/2014,Wednesday,Y,Daylight,DUNKIRK,RIGHT ANGLE,CHAUTAUQUA,Straight and Level,Clear,None,Dry,Not Applicable,"Other Motor Vehicle, Collision With",2
 Accident,16:32,12/19/2014,Friday,Y,Dark-Road Lighted,ENDICOTT,LEFT TURN (3),BROOME,Straight and Level,Cloudy,Traffic Signal,Dry,Not Applicable,"Other Motor Vehicle, Collision With",2
 Accident,4:05,03/19/2014,Wednesday,Y,Dark-Road Lighted,KINGS,REAR END,KINGS,Straight and Level,Clear,Unknown,Dry,Not Applicable,"Other Motor Vehicle, Collision With",2
 Damage Accident,16:41,03/31/2014,Monday,Y,Daylight,FORT COVINGTON,RIGHT ANGLE,FRANKLIN,Straight and Level,Clear,None,Dry,Not Applicable,"Tree, Collision With Fixed Object",2
 Damage Accident,8:52,09/18/2014,Thursday,Y,Daylight,HERKIMER,OTHER,HERKIMER,Straight and Level,Cloudy,No Passing Zone,Dry,Not Applicable,Deer,1
 Accident,20:30,10/14/2014,Tuesday,Y,Dark-Road Lighted,KINGS,OTHER,KINGS,Straight and Level,Clear,Stop Sign,Dry,"Crossing, No Signal or Crosswalk","Bicyclist, Collision With",1
 Damage Accident,19:21,05/24/2014,Saturday,Y,Daylight,BROOKHAVEN,REAR END,SUFFOLK,Straight and Level,Cloudy,Traffic Signal,Dry,Not Applicable,"Other Motor Vehicle, Collision With",2
 Accident,18:49,03/31/2014,Monday,N,Unknown,BRONX,Unknown,BRONX,Unknown,Unknown,Unknown,Unknown,Not Applicable,"Other Motor Vehicle, Collision With",2
 Damage & Injury Accident,19:05,07/02/2014,Wednesday,Y,Dusk,RICHMOND,OTHER,RICHMOND,Straight and Grade,Rain,Traffic Signal,Wet,Not Applicable,"Other Motor Vehicle, Collision With",3
 Damage Accident,17:08,06/11/2014,Wednesday,Y,Daylight,OYSTER BAY,LEFT TURN (0),NASSAU,Curve and Level,Cloudy,None,Dry,Not Applicable,"Other Motor Vehicle, Collision With",2
 Accident,9:25,05/21/2014,Wednesday,Y,Daylight,KINGS,OTHER,KINGS,Straight and Level,Clear,Traffic Signal,Dry,Riding/Walking/Skating Along Highway With Traffic,"Bicyclist, Collision With",1
 Damage Accident,8:54,01/03/2014,Friday,Y,Daylight,BUFFALO,OTHER,ERIE,Curve at Hill Crest,Cloudy,None,Snow/Ice,Not Applicable,"Guide Rail - Not At End, Collision With Fixed Object",1
 Damage Accident,12:45,06/07/2014,Saturday,N,Daylight,GRAFTON,Unknown,RENSSELAER,Curve and Grade,Clear,None,Dry,Not Applicable,"Other Motor Vehicle, Collision With",2
 Accident,16:18,10/30/2014,Thursday,Y,Daylight,BUFFALO,REAR END,ERIE,Straight and Level,Clear,None,Dry,Not Applicable,"Other Motor Vehicle, Collision With",2
 Damage Accident,8:21,02/03/2014,Monday,Y,Daylight,OYSTER BAY,OTHER,NASSAU,Curve and Grade,Snow,None,Snow/Ice,Not Applicable,"Tree, Collision With Fixed Object",1
 Damage Accident,7:45,12/09/2014,Tuesday,Y,Dawn,HEMPSTEAD,LEFT TURN (3),NASSAU,Straight and Level,Rain,None,Wet,Not Applicable,"Other Motor Vehicle, Collision With",2
 Damage Accident,11:05,11/24/2014,Monday,N,Daylight,HUNTINGTON,REAR END,SUFFOLK,Straight and Level,Cloudy,Traffic Signal,Wet,Not Applicable,"Other Motor Vehicle, Collision With",2
 Damage Accident,15:35,08/04/2014,Monday,Y,Daylight,CLARKSTOWN,OTHER,ROCKLAND,Straight and Level,Clear,None,Dry,Not Applicable,"Guide Rail - End, Collision With Fixed Object",1
 Damage & Injury Accident,17:04,11/24/2014,Monday,Y,Dark-Road Lighted,BROOKHAVEN,RIGHT ANGLE,SUFFOLK,Straight and Level,Cloudy,None,Wet,Not Applicable,"Other Motor Vehicle, Collision With",2
 Accident,9:40,05/08/2014,Thursday,Y,Daylight,KINGS,OTHER,KINGS,Straight and Level,Rain,Traffic Signal,Wet,Not Applicable,"Other Motor Vehicle, Collision With",4
 Damage & Injury Accident,16:10,09/12/2014,Friday,Y,Daylight,OYSTER BAY,REAR END,NASSAU,Straight and Level,Clear,None,Dry,Not Applicable,"Other Motor Vehicle, Collision With",2
 Damage & Injury Accident,21:20,10/10/2014,Friday,Y,Dark-Road Lighted,BUFFALO,OTHER,ERIE,Straight and Level,Clear,Stop Sign,Dry,Not Applicable,"Building/Wall, Collision With Fixed Object",1
 Damage Accident,0:00,09/26/2014,Friday,N,Daylight,NEW ROCHELLE,OVERTAKING,WESTCHESTER,Unknown,Clear,Unknown,Dry,Not Applicable,"Other Motor Vehicle, Collision With",2
 Damage & Injury Accident,13:10,01/24/2014,Friday,Y,Daylight,OAKFIELD,OTHER,GENESEE,Straight and Level,Cloudy,No Passing Zone,Snow/Ice,Not Applicable,"Overturned, Non-Collision",1
 Damage Accident,7:10,11/08/2014,Saturday,Y,Dawn,CHAMPLAIN,OTHER,CLINTON,Curve and Grade,Cloudy,No Passing Zone,Dry,Not Applicable,Deer,1
 Damage & Injury Accident,17:20,12/09/2014,Tuesday,Y,Dark-Road Unlighted,BRIGHTON,REAR END,MONROE,Straight and Level,Cloudy,None,Dry,Not Applicable,"Other Motor Vehicle, Collision With",2
 Accident,4:40,08/11/2014,Monday,Y,Dark-Road Lighted,WOODBURY,OTHER,ORANGE,Curve and Level,Clear,No Passing Zone,Dry,Not Applicable,"Other Motor Vehicle, Collision With",3
 Damage Accident,20:20,02/01/2014,Saturday,Y,Dark-Road Unlighted,UTICA,OTHER,ONEIDA,Straight and Level,Cloudy,None,Slush,Not Applicable,"Earth Embankment/Rock Cut/Ditch, Collision With Fixed Object",1
 Damage & Injury Accident,15:25,09/25/2014,Thursday,Y,Daylight,BABYLON,REAR END,SUFFOLK,Straight and Level,Rain,None,Wet,Not Applicable,"Other Motor Vehicle, Collision With",2
 Damage & Injury Accident,3:30,06/18/2014,Wednesday,Y,Dark-Road Unlighted,DRYDEN,HEAD ON,TOMPKINS,Straight and Level,Cloudy,None,Wet,Not Applicable,"Other Motor Vehicle, Collision With",2
 Damage Accident,9:30,07/27/2014,Sunday,Y,Daylight,QUEENS,RIGHT ANGLE,QUEENS,Straight and Level,Cloudy,Traffic Signal,Dry,Not Applicable,"Other Motor Vehicle, Collision With",2
 Accident,7:04,04/30/2014,Wednesday,Y,Daylight,NEW YORK,REAR END,NEW YORK,Straight and Level,Rain,Traffic Signal,Wet,Not Applicable,"Other Motor Vehicle, Collision With",2
 Accident,11:41,07/12/2014,Saturday,Y,Daylight,KINGS,OTHER,KINGS,Straight and Level,Clear,Traffic Signal,Dry,Not Applicable,"Other Motor Vehicle, Collision With",3
 Damage Accident,10:00,07/27/2014,Sunday,Y,Daylight,NEW YORK,OTHER,NEW YORK,Straight and Level,Cloudy,None,Dry,Not Applicable,"Light Support/Utility Pole, Collision With Fixed Object",1
 Damage Accident,6:40,09/15/2014,Monday,Y,Dawn,CAYUTA,OTHER,SCHUYLER,Straight and Level,Clear,None,Dry,Not Applicable,Deer,1
 Damage Accident,13:15,09/02/2014,Tuesday,Y,Daylight,WALLKILL,OTHER,ORANGE,Straight and Level,Cloudy,None,Dry,Not Applicable,"Bridge Structure, Collision With Fixed Object",1
 Damage & Injury Accident,7:38,09/30/2014,Tuesday,Y,Daylight,NIAGARA FALLS,RIGHT ANGLE,NIAGARA,Straight and Level,Clear,Stop Sign,Dry,Not Applicable,"Other Motor Vehicle, Collision With",2
 Damage Accident,8:51,03/16/2014,Sunday,Y,Daylight,CHAZY,OTHER,CLINTON,Straight and Level,Clear,None,Wet,Not Applicable,"Tree, Collision With Fixed Object",1
 Damage Accident,0:13,02/17/2014,Monday,Y,Dark-Road Lighted,SALINA,OTHER,ONONDAGA,Straight and Level,Cloudy,None,Snow/Ice,Not Applicable,"Snow Embankment, Collision With Fixed Object",1
 Damage & Injury Accident,21:47,12/26/2014,Friday,Y,Dark-Road Unlighted,WESTMORELAND,OTHER,ONEIDA,Curve and Level,Clear,No Passing Zone,Dry,Not Applicable,"Culver/Head Wall, Collision With Fixed Object",1
 Damage Accident,9:06,02/04/2014,Tuesday,Y,Daylight,LYNBROOK,REAR END,NASSAU,Straight and Level,Clear,Stop Sign,Snow/Ice,Not Applicable,"Other Motor Vehicle, Collision With",2
 Damage & Injury Accident,17:10,07/29/2014,Tuesday,N,Daylight,HASTINGS ON HUDSON,Unknown,WESTCHESTER,Straight and Level,Clear,Stop Sign,Dry,Not Applicable,"Other Motor Vehicle, Collision With",2
 Damage Accident,11:21,10/26/2014,Sunday,Y,Daylight,ULSTER,OTHER,ULSTER,Straight and Level,Cloudy,None,Dry,Not Applicable,Deer,1
 Damage & Injury Accident,16:00,06/05/2014,Thursday,Y,Daylight,QUEENS,RIGHT ANGLE,QUEENS,Straight and Level,Clear,Traffic Signal,Dry,Not Applicable,"Other Motor Vehicle, Collision With",2
 Damage Accident,17:25,12/28/2014,Sunday,Y,Dark-Road Unlighted,JOHNSTOWN,OTHER,FULTON,Straight and Level,Clear,None,Dry,Not Applicable,Deer,1
 Damage & Injury Accident,7:30,05/16/2014,Friday,Y,Daylight,CAMILLUS,RIGHT ANGLE,ONONDAGA,Straight and Grade,Rain,None,Wet,Not Applicable,"Other Motor Vehicle, Collision With",2
 Damage Accident,8:20,01/22/2014,Wednesday,Y,Daylight,HUNTINGTON,Unknown,SUFFOLK,Straight and Level,Clear,None,Snow/Ice,Not Applicable,"Other Motor Vehicle, Collision With",2
 Damage Accident,9:09,04/09/2014,Wednesday,Y,Daylight,SCHENECTADY,RIGHT ANGLE,SCHENECTADY,Straight and Level,Clear,None,Dry,Not Applicable,"Other Motor Vehicle, Collision With",2
 Damage Accident,8:09,09/15/2014,Monday,Y,Daylight,WADDINGTON,OTHER,ST. LAWRENCE,Straight and Level,Cloudy,Stop Sign,Dry,Not Applicable,"Fire/Explosion, Non-Collision",1
 Accident,17:25,06/27/2014,Friday,Y,Daylight,QUEENS,OTHER,QUEENS,Straight and Level,Clear,None,Dry,Riding/Walking/Skating Along Highway With Traffic,"Bicyclist, Collision With",1
 Damage Accident,12:11,12/08/2014,Monday,Y,Daylight,SALINA,REAR END,ONONDAGA,Straight and Level,Cloudy,Traffic Signal,Dry,Not Applicable,"Other Motor Vehicle, Collision With",2
 Damage Accident,7:54,12/03/2014,Wednesday,Y,Daylight,OLD WESTBURY,REAR END,NASSAU,Straight and Level,Rain,None,Wet,Not Applicable,"Other Motor Vehicle, Collision With",2
 Accident,17:35,12/04/2014,Thursday,Y,Daylight,QUEENS,Unknown,QUEENS,Straight and Level,Clear,Stop Sign,Dry,Not Applicable,"Other Motor Vehicle, Collision With",2
 Damage Accident,17:36,12/23/2014,Tuesday,Y,Dark-Road Unlighted,PORTLAND,OTHER,CHAUTAUQUA,Straight and Level,Cloudy,None,Dry,Not Applicable,Deer,1
 Damage Accident,16:20,05/20/2014,Tuesday,N,Daylight,MOUNT KISCO,REAR END,WESTCHESTER,Straight and Grade,Clear,Police/Fire Emergency,Dry,Not Applicable,"Other Motor Vehicle, Collision With",2
 Accident,15:45,09/26/2014,Friday,Y,Daylight,KINGS,OTHER,KINGS,Straight and Level,Clear,None,Dry,Not in Roadway (Indicate),"Pedestrian, Collision With",1
 Damage Accident,15:24,05/03/2014,Saturday,Y,Daylight,MAMARONECK,REAR END,WESTCHESTER,Curve and Grade,Cloudy,Traffic Signal,Dry,Not Applicable,"Other Motor Vehicle, Collision With",2
 Damage Accident,21:45,06/24/2014,Tuesday,Y,Dark-Road Lighted,KINGS,OVERTAKING,KINGS,Curve and Grade,Clear,Other,Dry,Not Applicable,"Other Motor Vehicle, Collision With",2
 Accident,12:20,05/21/2014,Wednesday,Y,Daylight,BROOKHAVEN,OTHER,SUFFOLK,Straight and Level,Clear,None,Dry,Not Applicable,"Light Support/Utility Pole, Collision With Fixed Object",1
 Damage Accident,13:47,10/07/2014,Tuesday,Y,Daylight,ROCHESTER,REAR END,MONROE,Straight and Level,Clear,Traffic Signal,Dry,Not Applicable,"Other Motor Vehicle, Collision With",2
 Accident,18:24,12/05/2014,Friday,Y,Dark-Road Unlighted,SCHROEPPEL,HEAD ON,OSWEGO,Curve and Level,Rain,No Passing Zone,Wet,Not Applicable,"Other Motor Vehicle, Collision With",2
 Damage Accident,14:56,11/24/2014,Monday,Y,Daylight,PITTSFORD,REAR END,MONROE,Straight and Level,Cloudy,None,Dry,Not Applicable,"Other Motor Vehicle, Collision With",2
 Damage Accident,0:00,02/07/2014,Friday,N,Unknown,WHITE PLAINS,Unknown,WESTCHESTER,Unknown,Unknown,Unknown,Unknown,Not Applicable,"Other Motor Vehicle, Collision With",2
 Damage Accident,0:00,07/22/2014,Tuesday,N,Daylight,KINGS,REAR END,KINGS,Straight and Level,Clear,None,Dry,Not Applicable,"Other Motor Vehicle, Collision With",2
 Damage Accident,15:41,02/03/2014,Monday,Y,Daylight,SLEEPY HOLLOW,REAR END,WESTCHESTER,Curve and Grade,Snow,Traffic Signal,Snow/Ice,Not Applicable,"Other Motor Vehicle, Collision With",2
 Damage Accident,17:10,04/01/2014,Tuesday,Y,Daylight,LOCKPORT,OTHER,NIAGARA,Straight and Level,Clear,None,Dry,Not Applicable,"Light Support/Utility Pole, Collision With Fixed Object",1
 Accident,16:23,01/14/2014,Tuesday,Y,Daylight,GREENBURGH,REAR END,WESTCHESTER,Straight and Grade,Rain,None,Wet,Not Applicable,"Other Motor Vehicle, Collision With",2
 Damage & Injury Accident,19:10,06/07/2014,Saturday,Y,Daylight,GREECE,RIGHT ANGLE,MONROE,Straight and Level,Clear,Traffic Signal,Dry,Not Applicable,"Other Motor Vehicle, Collision With",2
 Accident,4:20,08/17/2014,Sunday,Y,Dark-Road Lighted,QUEENS,OTHER,QUEENS,Straight and Level,Clear,None,Dry,Not Applicable,"Light Support/Utility Pole, Collision With Fixed Object",1
 Damage Accident,15:56,08/01/2014,Friday,Y,Daylight,HAMBURG,RIGHT ANGLE,ERIE,Straight and Level,Clear,None,Dry,Not Applicable,"Other Motor Vehicle, Collision With",2
 Damage Accident,12:49,03/05/2014,Wednesday,N,Daylight,BROOKHAVEN,Unknown,SUFFOLK,Straight and Level,Clear,None,Dry,Not Applicable,"Other Motor Vehicle, Collision With",2
 Accident,0:20,03/23/2014,Sunday,Y,Dark-Road Lighted,KINGS,RIGHT ANGLE,KINGS,Straight and Level,Clear,Stop Sign,Dry,Not Applicable,"Other Motor Vehicle, Collision With",2
 Damage Accident,15:55,11/27/2014,Thursday,Y,Daylight,LOCKPORT,RIGHT ANGLE,NIAGARA,Straight and Level,Clear,None,Dry,Not Applicable,"Other Motor Vehicle, Collision With",2
 Damage Accident,9:35,08/11/2014,Monday,Y,Daylight,NIAGARA FALLS,RIGHT ANGLE,NIAGARA,Straight and Level,Cloudy,Stop Sign,Dry,Not Applicable,"Other Motor Vehicle, Collision With",2
 Damage Accident,17:43,09/19/2014,Friday,Y,Daylight,COLONIE,OVERTAKING,ALBANY,Curve and Level,Clear,None,Dry,Not Applicable,"Other Motor Vehicle, Collision With",2