 Descriptor,Time,Date,Day of Week,Police Report,Lighting Conditions,Municipality,Collision Type Descriptor,County Name,Road Descriptor,Weather Conditions,Traffic Control Device,Road Surface Conditions,Pedestrian Bicyclist Action,Event Descriptor,Number of Vehicles Involved
 Damage Accident,18:40,10/12/2014,Sunday,Y,Dark-Road Lighted,HEMPSTEAD,LEFT TURN (3),NASSAU,Straight and Level,Clear,None,Dry,Not Applicable,"Other Motor Vehicle, Collision With",2
 Damage Accident,11:30,07/03/2014,Thursday,N,Unknown,LYONS,OTHER,WAYNE,Unknown,Unknown,Unknown,Unknown,Not Applicable,"Ran Off Roadway Only, Non-Collision",1
 Damage Accident,23:00,10/17/2014,Friday,N,Dark-Road Lighted,MOUNT PLEASANT,OTHER,WESTCHESTER,Straight and Level,Clear,Stop Sign,Dry,Not Applicable,"Other Motor Vehicle, Collision With",3
 Damage Accident,17:05,05/10/2014,Saturday,Y,Daylight,KINGS,OVERTAKING,KINGS,Straight and Level,Cloudy,None,Wet,Not Applicable,"Other Motor Vehicle, Collision With",2
 Accident,23:20,01/19/2014,Sunday,Y,Dark-Road Lighted,QUEENS,OTHER,QUEENS,Straight and Level,Clear,None,Dry,Not Applicable,"Light Support/Utility Pole, Collision With Fixed Object",1
 Damage Accident,9:14,02/09/2014,Sunday,Y,Daylight,WALLKILL,OTHER,ORANGE,Straight and Level,Cloudy,None,Dry,Not Applicable,"Other Motor Vehicle, Collision With",2
 Damage Accident,18:23,05/02/2014,Friday,Y,Daylight,BUFFALO,RIGHT ANGLE,ERIE,Straight and Level,Cloudy,Stop Sign,Dry,Not Applicable,"Other Motor Vehicle, Collision With",2
 Accident,6:19,10/26/2014,Sunday,Y,Dark-Road Lighted,KINGS,OTHER,KINGS,Straight and Level,Clear,Traffic Signal,Dry,"Crossing, With Signal","Pedestrian, Collision With",1
 Accident,18:15,09/05/2014,Friday,Y,Daylight,SPRING VALLEY,OTHER,ROCKLAND,Straight and Level,Clear,Unknown,Dry,Unknown,"Bicyclist, Collision With",1
 Accident,21:40,08/14/2014,Thursday,Y,Dark-Road Lighted,RICHMOND,OTHER,RICHMOND,Straight and Level,Clear,Traffic Signal,Dry,"Crossing, Against Signal","Pedestrian, Collision With",1
 Damage Accident,7:50,06/10/2014,Tuesday,N,Daylight,MONTGOMERY,OTHER,ORANGE,Straight and Level,Cloudy,No Passing Zone,Dry,Not Applicable,Deer,1
 Damage Accident,17:15,04/01/2014,Tuesday,Y,Daylight,OYSTER BAY,OTHER,NASSAU,Straight and Level,Clear,None,Dry,Not Applicable,"Other Motor Vehicle, Collision With",3
 Damage Accident,22:58,04/03/2014,Thursday,Y,Dark-Road Unlighted,COLONIE,OTHER,ALBANY,Straight and Grade,Cloudy,None,Dry,Not Applicable,"Other Object (Not Fixed)*, Collision With",1
 Accident,19:40,02/28/2014,Friday,Y,Daylight,BRONX,OTHER,BRONX,Straight and Level,Clear,None,Dry,Getting On/Off Vehicle Other than School Bus,"Pedestrian, Collision With",1
 Damage Accident,19:19,02/07/2014,Friday,Y,Dark-Road Lighted,EASTCHESTER,HEAD ON,WESTCHESTER,Straight and Level,Cloudy,None,Snow/Ice,Not Applicable,"Other Motor Vehicle, Collision With",2
 Damage & Injury Accident,13:45,11/07/2014,Friday,Y,Daylight,HEMPSTEAD,RIGHT TURN (5),NASSAU,Straight and Level,Clear,Traffic Signal,Dry,Not Applicable,"Other Motor Vehicle, Collision With",2
 Damage Accident,1:08,10/18/2014,Saturday,Y,Dark-Road Lighted,HEMPSTEAD,OTHER,NASSAU,Straight and Level,Clear,None,Dry,Not Applicable,"Tree, Collision With Fixed Object",1
 Damage Accident,0:00,04/15/2014,Tuesday,N,Unknown,BABYLON,OTHER,SUFFOLK,Unknown,Unknown,Unknown,Unknown,Not Applicable,"Guide Rail - Not At End, Collision With Fixed Object",1
 Accident,19:10,08/08/2014,Friday,N,Daylight,KINGS,OVERTAKING,KINGS,Straight and Level,Clear,Traffic Signal,Dry,Not Applicable,"Other Motor Vehicle, Collision With",2
 Damage Accident,8:00,06/17/2014,Tuesday,Y,Daylight,OLD WESTBURY,REAR END,NASSAU,Straight and Level,Clear,Traffic Signal,Dry,Not Applicable,"Other Motor Vehicle, Collision With",2
 Damage Accident,9:56,04/02/2014,Wednesday,Y,Daylight,VERNON,OTHER,ONEIDA,Straight and Level,Clear,None,Dry,Not Applicable,"Curbing, Collision With Fixed Object",1
 Accident,12:30,01/10/2014,Friday,Y,Daylight,KINGS,OVERTAKING,KINGS,Straight and Level,Sleet/Hail/Freezing Rain,None,Wet,Not Applicable,"Other Motor Vehicle, Collision With",2
 Accident,18:30,05/14/2014,Wednesday,N,Unknown,HEMPSTEAD,REAR END,NASSAU,Unknown,Unknown,Unknown,Unknown,Not Applicable,"Other Motor Vehicle, Collision With",2
 Damage Accident,13:00,10/20/2014,Monday,Y,Daylight,LYNBROOK,REAR END,NASSAU,Straight and Level,Clear,Traffic Signal,Dry,Not Applicable,"Other Motor Vehicle, Collision With",2
 Damage Accident,12:35,01/18/2014,Saturday,Y,Daylight,GEDDES,OTHER,ONONDAGA,Curve and Grade,Snow,None,Slush,Not Applicable,"Guide Rail - Not At End, Collision With Fixed Object",1
 Damage Accident,17:40,02/24/2014,Monday,Y,Dark-Road Lighted,JAMESTOWN,RIGHT ANGLE,CHAUTAUQUA,Straight and Grade,Snow,None,Snow/Ice,Not Applicable,"Other Motor Vehicle, Collision With",2
 Damage Accident,19:35,07/21/2014,Monday,N,Daylight,RICHMOND,RIGHT TURN (5),RICHMOND,Straight and Level,Clear,None,Dry,Not Applicable,"Other Motor Vehicle, Collision With",2
 Accident,21:05,07/13/2014,Sunday,Y,Dark-Road Lighted,KINGS,OTHER,KINGS,Straight and Level,Clear,Traffic Signal,Dry,Riding/Walking/Skating Along Highway Against Traffic,"Bicyclist, Collision With",1
 Damage & Injury Accident,19:16,02/22/2014,Saturday,Y,Dark-Road Lighted,COLONIE,RIGHT ANGLE,ALBANY,Curve and Level,Cloudy,Stop Sign,Wet,Not Applicable,"Other Motor Vehicle, Collision With",2
 Damage & Injury Accident,8:00,01/26/2014,Sunday,Y,Daylight,RICHMOND,OTHER,RICHMOND,Straight and Level,Clear,None,Snow/Ice,Not Applicable,"Fence, Collision With Fixed Object",1
 Damage & Injury Accident,18:55,08/04/2014,Monday,Y,Daylight,YONKERS,REAR END,WESTCHESTER,Straight and Grade,Clear,Traffic Signal,Dry,Not Applicable,"Other Motor Vehicle, Collision With",2
 Damage Accident,15:05,10/07/2014,Tuesday,Y,Daylight,SOUTHOLD,OTHER,SUFFOLK,Straight and Level,Clear,None,Dry,Not Applicable,Deer,1
 Damage Accident,0:00,01/06/2014,Monday,N,Unknown,TONAWANDA,OTHER,ERIE,Unknown,Unknown,Unknown,Unknown,Not Applicable,"Guide Rail - Not At End, Collision With Fixed Object",1
 Damage & Injury Accident,10:00,09/11/2014,Thursday,Y,Daylight,GREENBURGH,OVERTAKING,WESTCHESTER,Straight and Level,Cloudy,Traffic Signal,Dry,Not Applicable,"Other Motor Vehicle, Collision With",2
 Damage Accident,16:10,05/16/2014,Friday,Y,Daylight,ALBANY,REAR END,ALBANY,Curve and Level,Rain,Yield Sign,Wet,Not Applicable,"Other Motor Vehicle, Collision With",2
 Damage Accident,12:36,07/13/2014,Sunday,Y,Daylight,SOUTHAMPTON,REAR END,SUFFOLK,Straight and Level,Cloudy,Stop Sign,Dry,Not Applicable,"Other Motor Vehicle, Collision With",2
 Damage Accident,20:09,10/16/2014,Thursday,Y,Dark-Road Lighted,VICTOR,HEAD ON,ONTARIO,Straight and Level,Cloudy,Traffic Signal,Dry,Not Applicable,"Other Motor Vehicle, Collision With",2
 Damage Accident,17:26,07/30/2014,Wednesday,Y,Daylight,BUFFALO,OVERTAKING,ERIE,Straight and Level,Clear,None,Dry,Not Applicable,"Other Motor Vehicle, Collision With",2
 Accident,12:20,09/25/2014,Thursday,Y,Daylight,POUGHKEEPSIE,OTHER,DUTCHESS,Straight and Level,Clear,None,Dry,Riding/Walking/Skating Along Highway Against Traffic,"Bicyclist, Collision With",1
 Damage Accident,17:13,11/18/2014,Tuesday,Y,Dark-Road Lighted,SCHENECTADY,SIDESWIPE,SCHENECTADY,Straight and Level,Clear,None,Dry,Not Applicable,"Other Motor Vehicle, Collision With",2
 Damage Accident,6:44,12/08/2014,Monday,Y,Daylight,NEWBURGH,OTHER,ORANGE,Straight and Level,Clear,None,Dry,Not Applicable,"Animal, Collision With",1
 Damage & Injury Accident,17:35,02/26/2014,Wednesday,Y,Dusk,RICHMOND,OTHER,RICHMOND,Curve and Level,Clear,Construction Work Area,Dry,Not Applicable,"Crash Cushion, Collision With Fixed Object",1
 Damage Accident,22:12,12/01/2014,Monday,Y,Dark-Road Unlighted,WALLKILL,REAR END,ORANGE,Curve and Level,Cloudy,Yield Sign,Dry,Not Applicable,"Other Motor Vehicle, Collision With",2
 Damage & Injury Accident,17:38,05/07/2014,Wednesday,Y,Daylight,CANANDAIGUA,REAR END,ONTARIO,Straight and Grade,Clear,Traffic Signal,Dry,Not Applicable,"Other Motor Vehicle, Collision With",2
 Accident,10:30,07/07/2014,Monday,Y,Daylight,NORTH HEMPSTEAD,OTHER,NASSAU,Straight and Level,Clear,Traffic Signal,Dry,"Crossing, Against Signal","Bicyclist, Collision With",1
 Damage Accident,16:15,07/22/2014,Tuesday,Y,Daylight,WEST SENECA,RIGHT TURN (6),ERIE,Straight and Level,Clear,None,Dry,Not Applicable,"Other Motor Vehicle, Collision With",2
 Damage Accident,12:25,02/01/2014,Saturday,Y,Daylight,HEMPSTEAD,OVERTAKING,NASSAU,Straight and Level,Cloudy,None,Dry,Not Applicable,"Other Motor Vehicle, Collision With",2
 Damage Accident,14:40,03/12/2014,Wednesday,Y,Daylight,PAINTED POST,OTHER,STEUBEN,Straight and Level,Sleet/Hail/Freezing Rain,None,Snow/Ice,Not Applicable,"Median - Not At End, Collision With Fixed Object",1
 Damage & Injury Accident,4:40,04/26/2014,Saturday,Y,Dark-Road Lighted,QUEENS,OTHER,QUEENS,Straight and Level,Rain,None,Wet,Not Applicable,"Crash Cushion, Collision With Fixed Object",1
 Damage Accident,17:02,09/05/2014,Friday,Y,Daylight,ALBANY,RIGHT TURN (6),ALBANY,Straight and Level,Clear,Stop Sign,Dry,Not Applicable,"Other Motor Vehicle, Collision With",2
 Damage Accident,12:45,02/25/2014,Tuesday,Y,Daylight,THOMASTON,LEFT TURN (0),NASSAU,Straight and Level,Cloudy,None,Dry,Not Applicable,"Other Motor Vehicle, Collision With",2
 Accident,16:55,07/02/2014,Wednesday,Y,Daylight,KINGS,OVERTAKING,KINGS,Straight and Level,Clear,None,Dry,Not Applicable,"Other Motor Vehicle, Collision With",2
 Damage & Injury Accident,6:35,04/20/2014,Sunday,Y,Daylight,SOMERS,RIGHT ANGLE,WESTCHESTER,Straight and Level,Clear,Traffic Signal,Dry,Not Applicable,"Other Motor Vehicle, Collision With",2
 Damage & Injury Accident,12:29,10/17/2014,Friday,Y,Daylight,BABYLON,OTHER,SUFFOLK,Straight and Level,Clear,Traffic Signal,Dry,Not Applicable,"Other Motor Vehicle, Collision With",3
 Damage & Injury Accident,15:20,09/04/2014,Thursday,Y,Daylight,ROME,OTHER,ONEIDA,Straight and Level,Clear,None,Dry,Not Applicable,"Light Support/Utility Pole, Collision With Fixed Object",1
 Damage & Injury Accident,9:12,02/05/2014,Wednesday,Y,Daylight,STEPHENTOWN,OTHER,RENSSELAER,Curve and Grade,Snow,No Passing Zone,Snow/Ice,Not Applicable,"Other Motor Vehicle, Collision With",2
 Damage Accident,12:20,08/01/2014,Friday,Y,Daylight,ULSTER,RIGHT ANGLE,ULSTER,Straight and Level,Clear,None,Dry,Not Applicable,"Other Motor Vehicle, Collision With",2
 Damage & Injury Accident,14:15,04/19/2014,Saturday,Y,Daylight,GREAT NECK PLAZA,LEFT TURN (0),NASSAU,Straight and Level,Clear,Traffic Signal,Dry,Not Applicable,"Other Motor Vehicle, Collision With",2
 Damage & Injury Accident,16:30,07/15/2014,Tuesday,Y,Daylight,HEMPSTEAD,RIGHT ANGLE,NASSAU,Straight and Level,Rain,None,Wet,Not Applicable,"Other Motor Vehicle, Collision With",2
 Damage Accident,7:05,10/03/2014,Friday,Y,Daylight,AMHERST,LEFT TURN (3),ERIE,Straight and Level,Clear,Traffic Signal,Dry,Not Applicable,"Other Motor Vehicle, Collision With",2
 Damage Accident,8:42,04/02/2014,Wednesday,Y,Daylight,WHITE PLAINS,REAR END,WESTCHESTER,Straight and Level,Cloudy,None,Dry,Not Applicable,"Other Motor Vehicle, Collision With",2
 Accident,22:31,11/08/2014,Saturday,Y,Dark-Road Lighted,BRIGHTON,RIGHT ANGLE,MONROE,Straight and Level,Clear,Traffic Signal,Wet,Not Applicable,"Other Motor Vehicle, Collision With",2
 Damage Accident,22:30,08/16/2014,Saturday,N,Unknown,YONKERS,REAR END,WESTCHESTER,Unknown,Unknown,Unknown,Unknown,Not Applicable,"Other Motor Vehicle, Collision With",2
 Damage Accident,19:35,02/14/2014,Friday,Y,Dark-Road Lighted,HUNTINGTON,Unknown,SUFFOLK,Straight and Level,Clear,None,Wet,Not Applicable,"Other Motor Vehicle, Collision With",2
 Damage & Injury Accident,22:41,02/27/2014,Thursday,Y,Dark-Road Lighted,ALBANY,RIGHT ANGLE,ALBANY,Straight and Level,Clear,Traffic Signal,Dry,Not Applicable,"Other Motor Vehicle, Collision With",2
 Damage Accident,11:01,01/24/2014,Friday,Y,Daylight,SARATOGA SPRINGS,REAR END,SARATOGA,Straight and Level,Clear,None,Dry,Not Applicable,"Other Motor Vehicle, Collision With",2
 Damage & Injury Accident,10:00,03/13/2014,Thursday,N,Daylight,SMITHTOWN,OTHER,SUFFOLK,Straight and Level,Cloudy,Traffic Signal,Dry,Not Applicable,"Other Motor Vehicle, Collision With",3
 Damage Accident,17:00,07/09/2014,Wednesday,N,Daylight,CHILI,Unknown,MONROE,Straight and Level,Clear,None,Dry,Not Applicable,"Other Motor Vehicle, Collision With",2
 Damage & Injury Accident,19:01,05/18/2014,Sunday,Y,Daylight,NORTH HILLS,OTHER,NASSAU,Straight and Level,Cloudy,None,Dry,Not Applicable,"Median - Not At End, Collision With Fixed Object",1
 Damage Accident,6:55,03/20/2014,Thursday,Y,Daylight,MOREAU,OTHER,SARATOGA,Curve and Grade,Sleet/Hail/Freezing Rain,None,Slush,Not Applicable,"Snow Embankment, Collision With Fixed Object",1
 Damage Accident,9:10,02/03/2014,Monday,Y,Daylight,SMITHTOWN,OTHER,SUFFOLK,Straight and Level,Snow,None,Snow/Ice,Not Applicable,"Tree, Collision With Fixed Object",1
 Damage & Injury Accident,19:45,02/05/2014,Wednesday,N,Dark-Road Lighted,BROOKHAVEN,SIDESWIPE,SUFFOLK,Straight and Grade,Clear,None,Snow/Ice,Not Applicable,"Other Motor Vehicle, Collision With",2
 Accident,21:30,09/02/2014,Tuesday,Y,Dark-Road Unlighted,WHITE PLAINS,OTHER,WESTCHESTER,Straight and Level,Clear,None,Dry,Other Actions in Roadway,"Pedestrian, Collision With",1
 Damage Accident,18:11,12/01/2014,Monday,Y,Dark-Road Unlighted,OYSTER BAY COVE,OTHER,NASSAU,Curve and Grade,Rain,Traffic Signal,Wet,Not Applicable,"Other Motor Vehicle, Collision With",3
 Damage Accident,17:15,03/21/2014,Friday,Y,Daylight,NEW HYDE PARK,RIGHT ANGLE,NASSAU,Straight and Level,Clear,Stop Sign,Dry,Not Applicable,"Other Motor Vehicle, Collision With",2
 Damage Accident,9:19,05/15/2014,Thursday,Y,Daylight,OLD WESTBURY,OTHER,NASSAU,Straight and Level,Cloudy,Traffic Signal,Wet,Not Applicable,"Tree, Collision With Fixed Object",1
 Damage & Injury Accident,20:45,12/26/2014,Friday,Y,Dark-Road Lighted,NORTH HEMPSTEAD,HEAD ON,NASSAU,Straight and Level,Clear,Stop Sign,Dry,Not Applicable,"Other Motor Vehicle, Collision With",2
 Accident,23:21,05/13/2014,Tuesday,Y,Dark-Road Unlighted,CORTLANDT,OTHER,WESTCHESTER,Straight and Grade,Clear,None,Dry,Not Applicable,"Sign Post, Collision With Fixed Object",1
 Damage Accident,19:00,12/31/2014,Wednesday,Y,Dark-Road Lighted,BATAVIA,OTHER,GENESEE,Straight and Level,Snow,None,Snow/Ice,Not Applicable,"Snow Embankment, Collision With Fixed Object",1
 Accident,12:40,07/16/2014,Wednesday,Y,Daylight,BUFFALO,OTHER,ERIE,Straight and Level,Clear,None,Dry,Other Actions in Roadway,"Pedestrian, Collision With",1
 Accident,15:55,03/20/2014,Thursday,Y,Daylight,KINGS,OTHER,KINGS,Straight and Level,Clear,Traffic Signal,Dry,"Crossing, With Signal","Pedestrian, Collision With",1
 Damage Accident,10:15,12/10/2014,Wednesday,Y,Daylight,DELHI,OTHER,DELAWARE,Curve and Level,Snow,None,Snow/Ice,Not Applicable,"Earth Embankment/Rock Cut/Ditch, Collision With Fixed Object",1
 Damage Accident,10:21,11/29/2014,Saturday,N,Daylight,QUEENS,Unknown,QUEENS,Straight and Level,Clear,Unknown,Dry,Not Applicable,"Other Motor Vehicle, Collision With",2
 Damage Accident,18:27,11/29/2014,Saturday,Y,Dark-Road Unlighted,WASHINGTON,OTHER,DUTCHESS,Straight and Level,Clear,None,Dry,Not Applicable,Deer,1
 Damage & Injury Accident,11:26,07/04/2014,Friday,Y,Daylight,GALWAY,OTHER,SARATOGA,Straight and Level,Clear,Stop Sign,Dry,Not Applicable,"Earth Embankment/Rock Cut/Ditch, Collision With Fixed Object",1
 Damage Accident,15:15,05/31/2014,Saturday,N,Daylight,,OVERTAKING,UNKNOWN,Straight and Level,Clear,Traffic Signal,Dry,Not Applicable,"Other Motor Vehicle, Collision With",2
 Damage & Injury Accident,23:20,08/15/2014,Friday,Y,Dark-Road Lighted,HEMPSTEAD,OVERTAKING,NASSAU,Straight and Level,Clear,None,Dry,Not Applicable,"Other Motor Vehicle, Collision With",2
 Damage Accident,11:55,12/04/2014,Thursday,Y,Daylight,GREECE,RIGHT ANGLE,MONROE,Straight and Grade,Cloudy,Stop Sign,Dry,Not Applicable,"Other Motor Vehicle, Collision With",2
 Damage Accident,21:50,08/23/2014,Saturday,Y,Dark-Road Lighted,ROCHESTER,OVERTAKING,MONROE,Straight and Level,Clear,None,Dry,Not Applicable,"Other Motor Vehicle, Collision With",2
 Damage Accident,9:39,04/23/2014,Wednesday,Y,Daylight,,OTHER,ROCKLAND,Straight and Grade,Cloudy,None,Dry,Not Applicable,"Other Motor Vehicle, Collision With",3
 Damage Accident,7:25,05/15/2014,Thursday,Y,Daylight,CHEEKTOWAGA,OVERTAKING,ERIE,Straight and Grade,Clear,Traffic Signal,Dry,Not Applicable,"Other Motor Vehicle, Collision With",2
 Accident,21:10,04/04/2014,Friday,Y,Dark-Road Lighted,NEW YORK,OTHER,NEW YORK,Straight and Level,Rain,Traffic Signal,Wet,"Crossing, With Signal","Pedestrian, Collision With",1
 Accident,12:30,09/13/2014,Saturday,N,Unknown,QUEENS,OTHER,QUEENS,Unknown,Unknown,Unknown,Unknown,Not Applicable,"Other Motor Vehicle, Collision With",3
 Damage Accident,1:10,09/13/2014,Saturday,Y,Dark-Road Lighted,RICHMOND,Unknown,RICHMOND,Straight and Level,Clear,None,Dry,Not Applicable,"Other Motor Vehicle, Collision With",2
 Damage Accident,17:30,05/29/2014,Thursday,N,Daylight,PEEKSKILL,REAR END,WESTCHESTER,Straight and Level,Clear,Unknown,Dry,Not Applicable,"Other Motor Vehicle, Collision With",2
 Damage Accident,8:15,06/21/2014,Saturday,Y,Daylight,DELHI,OTHER,DELAWARE,Straight and Level,Clear,No Passing Zone,Dry,Not Applicable,Deer,1
 Damage Accident,17:30,12/07/2014,Sunday,Y,Dark-Road Unlighted,ROMULUS,OTHER,SENECA,Curve and Grade,Clear,None,Dry,Not Applicable,Deer,2
 Damage Accident,22:24,07/23/2014,Wednesday,Y,Dark-Road Lighted,NORTH HILLS,RIGHT ANGLE,NASSAU,Curve and Level,Rain,None,Wet,Not Applicable,"Guide Rail - Not At End, Collision With Fixed Object",2
 Damage Accident,13:40,02/13/2014,Thursday,Y,Daylight,WHITEHALL,OTHER,WASHINGTON,Curve and Grade,Snow,Other,Snow/Ice,Not Applicable,"Guide Rail - Not At End, Collision With Fixed Object",1
 Damage & Injury Accident,9:45,03/19/2014,Wednesday,Y,Daylight,FRANKLIN,OTHER,DELAWARE,Curve at Hill Crest,Cloudy,No Passing Zone,Dry,Not Applicable,Deer,1
 Damage Accident,15:30,04/07/2014,Monday,Y,Daylight,HUNTINGTON,REAR END,SUFFOLK,Curve and Grade,Cloudy,Unknown,Wet,Not Applicable,"Other Motor Vehicle, Collision With",2
 Accident,14:22,09/04/2014,Thursday,Y,Daylight,PLATTSBURG,OTHER,CLINTON,Straight and Level,Clear,Traffic Signal,Dry,Not Applicable,"Other Motor Vehicle, Collision With",3
 Damage Accident,5:30,08/06/2014,Wednesday,Y,Unknown,QUEENS,Unknown,QUEENS,Straight and Level,Clear,Unknown,Dry,Not Applicable,"Other Motor Vehicle, Collision With",2
 Damage Accident,16:30,11/17/2014,Monday,Y,Daylight,NIAGARA FALLS,RIGHT ANGLE,NIAGARA,Straight and Level,Snow,Traffic Signal,Wet,Not Applicable,"Other Motor Vehicle, Collision With",2
 Accident,2:40,02/08/2014,Saturday,Y,Dark-Road Lighted,KINGS,OTHER,KINGS,Straight and Level,Clear,None,Snow/Ice,Not Applicable,"Other Motor Vehicle, Collision With",5
 Accident,19:00,03/18/2014,Tuesday,Y,Daylight,NIAGARA FALLS,RIGHT ANGLE,NIAGARA,Curve and Level,Clear,None,Dry,Not Applicable,"Other Motor Vehicle, Collision With",2
 Damage Accident,21:15,09/20/2014,Saturday,N,Dark-Road Unlighted,GUILDERLAND,OTHER,ALBANY,Straight and Level,Clear,Unknown,Dry,Not Applicable,"Animal, Collision With",1
 Accident,13:52,11/25/2014,Tuesday,Y,Daylight,QUEENS,OTHER,QUEENS,Straight and Level,Clear,Traffic Signal,Dry,"Crossing, With Signal","Pedestrian, Collision With",1
 Damage Accident,20:03,11/17/2014,Monday,Y,Dark-Road Unlighted,AMHERST,REAR END,ERIE,Straight and Level,Snow,None,Snow/Ice,Not Applicable,"Other Motor Vehicle, Collision With",2
 Damage Accident,7:55,11/12/2014,Wednesday,Y,Daylight,CORINTH,SIDESWIPE,SARATOGA,Straight and Level,Rain,None,Wet,Not Applicable,"Other Motor Vehicle, Collision With",2
 Damage Accident,19:56,10/25/2014,Saturday,Y,Dark-Road Unlighted,BATAVIA,OTHER,GENESEE,Straight and Level,Clear,None,Dry,Not Applicable,Deer,1
 Damage Accident,21:26,02/13/2014,Thursday,Y,Dark-Road Lighted,ALBANY,RIGHT ANGLE,ALBANY,Straight at Hill Crest,Snow,None,Snow/Ice,Not Applicable,"Other Motor Vehicle, Collision With",2
 Accident,8:50,01/09/2014,Thursday,Y,Daylight,BRONX,RIGHT ANGLE,BRONX,Straight and Level,Clear,Stop Sign,Dry,Not Applicable,"Other Motor Vehicle, Collision With",2
 Damage & Injury Accident,14:33,07/13/2014,Sunday,Y,Daylight,GREENBURGH,REAR END,WESTCHESTER,Straight and Level,Clear,Traffic Signal,Dry,Not Applicable,"Other Motor Vehicle, Collision With",2
 Accident,18:50,06/10/2014,Tuesday,Y,Daylight,RICHMOND,REAR END,RICHMOND,Straight and Level,Clear,None,Dry,Not Applicable,"Other Motor Vehicle, Collision With",2
 Damage Accident,19:53,04/13/2014,Sunday,Y,Dark-Road Lighted,SULLIVAN,REAR END,MADISON,Straight and Level,Cloudy,Traffic Signal,Dry,Not Applicable,"Other Motor Vehicle, Collision With",2
 Damage Accident,9:30,12/16/2014,Tuesday,Y,Daylight,PERINTON,REAR END,MONROE,Straight and Level,Cloudy,None,Dry,Not Applicable,"Other Motor Vehicle, Collision With",2
 Damage Accident,0:00,11/26/2014,Wednesday,N,Unknown,LAKE GEORGE,OTHER,WARREN,Unknown,Unknown,Unknown,Unknown,Not Applicable,"Guide Rail - Not At End, Collision With Fixed Object",1
 Accident,16:10,03/06/2014,Thursday,Y,Daylight,QUEENS,OTHER,QUEENS,Straight and Level,Clear,Traffic Signal,Dry,Not Applicable,"Other Motor Vehicle, Collision With",3
 Accident,13:00,03/21/2014,Friday,Y,Daylight,HEMPSTEAD,OTHER,NASSAU,Straight and Level,Clear,Traffic Signal,Dry,"Crossing, Against Signal","Bicyclist, Collision With",1
 Damage Accident,21:05,07/06/2014,Sunday,Y,Dark-Road Lighted,HEMPSTEAD,SIDESWIPE,NASSAU,Straight and Level,Clear,None,Dry,Not Applicable,"Other Motor Vehicle, Collision With",2
 Damage Accident,21:00,03/05/2014,Wednesday,Y,Dark-Road Lighted,LANCASTER,Unknown,ERIE,Straight and Level,Clear,None,Snow/Ice,Not Applicable,"Other Motor Vehicle, Collision With",2
 Damage Accident,16:30,04/05/2014,Saturday,N,Daylight,BROOKHAVEN,Unknown,SUFFOLK,Straight and Level,Clear,None,Dry,Not Applicable,"Other Motor Vehicle, Collision With",2
 Damage Accident,11:35,02/14/2014,Friday,Y,Daylight,HEMPSTEAD,RIGHT ANGLE,NASSAU,Straight and Level,Clear,None,Wet,Not Applicable,"Other Motor Vehicle, Collision With",2
 Damage Accident,19:40,11/16/2014,Sunday,Y,Dark-Road Unlighted,WHITE CREEK,OTHER,WASHINGTON,Curve and Grade,Cloudy,No Passing Zone,Dry,Not Applicable,"Overturned, Non-Collision",1
 Damage Accident,20:30,11/04/2014,Tuesday,Y,Dark-Road Lighted,QUEENS,Unknown,QUEENS,Straight and Level,Clear,None,Dry,Not Applicable,"Other Motor Vehicle, Collision With",2
 Damage Accident,2:30,08/18/2014,Monday,Y,Dark-Road Unlighted,BEDFORD,OTHER,WESTCHESTER,Curve and Level,Clear,None,Dry,Not Applicable,"Sign Post, Collision With Fixed Object",1
 Damage Accident,21:11,05/31/2014,Saturday,Y,Dark-Road Unlighted,HINSDALE,OTHER,CATTARAUGUS,Straight and Level,Clear,None,Dry,Not Applicable,Deer,1
 Damage Accident,9:45,07/18/2014,Friday,Y,Daylight,HUNTINGTON,REAR END,SUFFOLK,Straight and Level,Clear,No Passing Zone,Dry,Not Applicable,"Other Motor Vehicle, Collision With",2
 Damage & Injury Accident,9:44,01/10/2014,Friday,Y,Daylight,HERKIMER,OVERTAKING,HERKIMER,Curve at Hill Crest,Snow,None,Slush,Not Applicable,"Other Motor Vehicle, Collision With",2
 Damage Accident,9:10,09/01/2014,Monday,Y,Daylight,OYSTER BAY,REAR END,NASSAU,Straight and Level,Clear,None,Dry,Not Applicable,"Other Motor Vehicle, Collision With",2
 Accident,19:30,08/11/2014,Monday,Y,Daylight,NEW YORK,OTHER,NEW YORK,Straight and Level,Clear,Traffic Signal,Dry,"Crossing, With Signal","Pedestrian, Collision With",1
 Damage Accident,18:30,01/15/2014,Wednesday,Y,Dark-Road Lighted,OYSTER BAY,RIGHT TURN (5),NASSAU,Straight and Level,Fog/Smog/Smoke,Traffic Signal,Dry,Not Applicable,"Other Motor Vehicle, Collision With",2
 Damage Accident,3:00,11/09/2014,Sunday,Y,Dark-Road Unlighted,BROOKHAVEN,OTHER,SUFFOLK,Straight and Level,Clear,None,Dry,Not Applicable,Deer,1
 Accident,17:10,11/30/2014,Sunday,Y,Dark-Road Lighted,SYRACUSE,OTHER,ONONDAGA,Straight and Grade,Clear,None,Dry,Not Applicable,"Building/Wall, Collision With Fixed Object",1