 Descriptor,Time,Date,Day of Week,Police Report,Lighting Conditions,Municipality,Collision Type Descriptor,County Name,Road Descriptor,Weather Conditions,Traffic Control Device,Road Surface Conditions,Pedestrian Bicyclist Action,Event Descriptor,Number of Vehicles Involved
 Accident,10:45,05/18/2014,Sunday,Y,Daylight,QUEENS,REAR END,QUEENS,Straight and Level,Clear,Traffic Signal,Dry,Not Applicable,"Other Motor Vehicle, Collision With",2
 Damage Accident,8:45,04/29/2014,Tuesday,N,Daylight,QUEENS,REAR END,QUEENS,Straight and Level,Clear,None,Dry,Not Applicable,"Other Motor Vehicle, Collision With",2
 Damage & Injury Accident,23:50,12/14/2014,Sunday,Y,Dark-Road Lighted,HUNTINGTON,OTHER,SUFFOLK,Straight and Level,Clear,Traffic Signal,Dry,Riding/Walking/Skating Along Highway Against Traffic,"Bicyclist, Collision With",1
 Damage Accident,18:35,02/09/2014,Sunday,Y,Dark-Road Lighted,WALLKILL,OVERTAKING,ORANGE,Straight and Level,Snow,None,Snow/Ice,Not Applicable,"Other Motor Vehicle, Collision With",2
 Damage Accident,16:30,04/19/2014,Saturday,Y,Daylight,HUNTINGTON,Unknown,SUFFOLK,Curve and Level,Clear,None,Dry,Not Applicable,"Other Motor Vehicle, Collision With",2
 Damage Accident,1:25,07/03/2014,Thursday,Y,Dark-Road Unlighted,NEWSTEAD,OTHER,ERIE,Straight and Level,Cloudy,None,Dry,Not Applicable,Deer,1
 Damage Accident,14:30,04/19/2014,Saturday,Y,Daylight,BABYLON,OTHER,SUFFOLK,Straight and Level,Clear,Traffic Signal,Dry,Not Applicable,"Other Motor Vehicle, Collision With",3
 Damage Accident,2:45,12/31/2014,Wednesday,Y,Dark-Road Unlighted,LAWRENCE,OTHER,ST. LAWRENCE,Straight and Level,Cloudy,None,Snow/Ice,Not Applicable,Deer,1
 Damage Accident,14:03,11/25/2014,Tuesday,N,Unknown,RIVERHEAD,OTHER,SUFFOLK,Unknown,Unknown,Unknown,Unknown,Not Applicable,"Other Fixed Object*, Collision With Fixed Object",1
 Damage Accident,22:33,07/18/2014,Friday,Y,Dark-Road Unlighted,ROME,OTHER,ONEIDA,Curve at Hill Crest,Cloudy,No Passing Zone,Dry,Not Applicable,"Guide Rail - Not At End, Collision With Fixed Object",1
 Accident,22:00,02/21/2014,Friday,Y,Dark-Road Unlighted,MINISINK,OTHER,ORANGE,Curve and Grade,Cloudy,No Passing Zone,Snow/Ice,Not Applicable,"Sign Post, Collision With Fixed Object",1
 Damage & Injury Accident,15:25,09/26/2014,Friday,Y,Daylight,NEWBURGH,SIDESWIPE,ORANGE,Curve and Level,Clear,None,Dry,Not Applicable,"Other Motor Vehicle, Collision With",2
 Damage Accident,23:45,01/25/2014,Saturday,Y,Dark-Road Lighted,HEMPSTEAD,REAR END,NASSAU,Straight and Level,Cloudy,Traffic Signal,Wet,Not Applicable,"Other Motor Vehicle, Collision With",2
 Accident,13:00,03/01/2014,Saturday,Y,Daylight,HEMPSTEAD,OTHER,NASSAU,Straight and Level,Clear,None,Dry,Not Applicable,"Other Motor Vehicle, Collision With",2
 Damage Accident,6:40,10/17/2014,Friday,N,Dark-Road Lighted,WHEATFIELD,REAR END,NIAGARA,Straight and Level,Rain,Traffic Signal,Wet,Not Applicable,"Other Motor Vehicle, Collision With",2
 Damage Accident,15:50,06/17/2014,Tuesday,Y,Daylight,WEST SENECA,REAR END,ERIE,Straight and Level,Clear,None,Dry,Not Applicable,"Other Motor Vehicle, Collision With",2
 Damage & Injury Accident,14:00,03/01/2014,Saturday,Y,Daylight,KINGS,RIGHT ANGLE,KINGS,Straight and Level,Clear,Stop Sign,Dry,Not Applicable,"Other Motor Vehicle, Collision With",2
 Damage Accident,18:45,11/19/2014,Wednesday,Y,Dark-Road Unlighted,SULLIVAN,OTHER,MADISON,Straight and Level,Clear,None,Wet,Not Applicable,Deer,1
 Damage & Injury Accident,1:30,03/17/2014,Monday,Y,Dark-Road Unlighted,WAPPINGER,OTHER,DUTCHESS,Straight at Hill Crest,Clear,None,Dry,Not Applicable,"Earth Embankment/Rock Cut/Ditch, Collision With Fixed Object",1
 Damage Accident,22:38,08/22/2014,Friday,Y,Dark-Road Lighted,SENECA FALLS,REAR END,SENECA,Straight and Level,Cloudy,None,Dry,Not Applicable,"Other Motor Vehicle, Collision With",2
 Damage Accident,21:35,12/07/2014,Sunday,Y,Dark-Road Lighted,HEMPSTEAD,LEFT TURN (3),NASSAU,Straight and Level,Clear,Traffic Signal,Dry,Not Applicable,"Other Motor Vehicle, Collision With",2
 Damage Accident,17:33,06/16/2014,Monday,N,Unknown,KINGS,Unknown,KINGS,Unknown,Unknown,Unknown,Unknown,Not Applicable,"Other Motor Vehicle, Collision With",2
 Accident,15:59,01/08/2014,Wednesday,Y,Daylight,QUEENS,OTHER,QUEENS,Straight and Level,Clear,None,Dry,Emerging from in Front of/Behind Parked Vehicle,"Pedestrian, Collision With",1
 Accident,0:00,11/23/2014,Sunday,N,Unknown,QUEENS,REAR END,QUEENS,Unknown,Unknown,Unknown,Unknown,Not Applicable,"Other Motor Vehicle, Collision With",2
 Damage Accident,16:01,09/12/2014,Friday,Y,Daylight,GREAT NECK,REAR END,NASSAU,Straight and Level,Clear,Stop Sign,Dry,Not Applicable,"Other Motor Vehicle, Collision With",2
 Damage Accident,11:38,05/23/2014,Friday,Y,Daylight,NISKAYUNA,REAR END,SCHENECTADY,Straight and Grade,Cloudy,Traffic Signal,Dry,Not Applicable,"Other Motor Vehicle, Collision With",2
 Damage Accident,10:09,12/20/2014,Saturday,Y,Daylight,VESTAL,OVERTAKING,BROOME,Straight and Level,Cloudy,Traffic Signal,Dry,Not Applicable,"Other Motor Vehicle, Collision With",2
 Accident,19:09,06/06/2014,Friday,Y,Daylight,NEW YORK,OTHER,NEW YORK,Straight and Level,Clear,None,Dry,"Crossing, No Signal, Marked Crosswalk","Bicyclist, Collision With",1
 Damage Accident,19:00,05/29/2014,Thursday,Y,Daylight,,RIGHT ANGLE,UNKNOWN,Straight and Level,Cloudy,None,Dry,Not Applicable,"Other Motor Vehicle, Collision With",2
 Damage Accident,20:34,08/07/2014,Thursday,Y,Dark-Road Lighted,BROOKHAVEN,REAR END,SUFFOLK,Straight and Grade,Clear,Traffic Signal,Dry,Not Applicable,"Other Motor Vehicle, Collision With",2
 Damage Accident,20:54,06/20/2014,Friday,Y,Dusk,AUBURN,Unknown,CAYUGA,Straight at Hill Crest,Clear,Traffic Signal,Dry,Not Applicable,"Other Motor Vehicle, Collision With",2
 Damage Accident,17:51,08/01/2014,Friday,Y,Daylight,GREENBURGH,REAR END,WESTCHESTER,Straight and Level,Cloudy,None,Wet,Not Applicable,"Other Motor Vehicle, Collision With",2
 Damage Accident,14:33,03/03/2014,Monday,Y,Daylight,KINGSBURY,OTHER,WASHINGTON,Straight and Level,Clear,No Passing Zone,Dry,Not Applicable,"Other Motor Vehicle, Collision With",3
 Accident,18:45,06/23/2014,Monday,Y,Daylight,NEW YORK,OTHER,NEW YORK,Straight and Level,Clear,Unknown,Dry,Not Applicable,"Other*, Non-Collision",1
 Damage Accident,20:00,03/23/2014,Sunday,N,Dusk,ELMA,OTHER,ERIE,Straight and Level,Clear,None,Dry,Not Applicable,Deer,1
 Damage Accident,8:20,01/30/2014,Thursday,Y,Daylight,GATES,REAR END,MONROE,Straight and Level,Clear,None,Dry,Not Applicable,"Other Motor Vehicle, Collision With",2
 Damage Accident,1:46,11/27/2014,Thursday,Y,Dark-Road Lighted,LITTLE FALLS,OTHER,HERKIMER,Straight and Grade,Snow,None,Snow/Ice,Not Applicable,"Other Motor Vehicle, Collision With",2
 Damage Accident,17:12,01/28/2014,Tuesday,Y,Daylight,OLD WESTBURY,REAR END,NASSAU,Straight and Level,Clear,Unknown,Dry,Not Applicable,"Other Motor Vehicle, Collision With",2
 Accident,23:30,01/16/2014,Thursday,Y,Dark-Road Lighted,BRONX,OTHER,BRONX,Straight and Grade,Clear,None,Dry,Other Actions in Roadway,"Other Motor Vehicle, Collision With",2
 Damage Accident,6:45,11/11/2014,Tuesday,N,Dawn,DEPEW,OTHER,ERIE,Straight and Level,Clear,Unknown,Dry,Not Applicable,Deer,1
 Accident,0:00,10/23/2014,Thursday,N,Unknown,KINGS,OTHER,KINGS,Unknown,Unknown,Stop Sign,Unknown,Unknown,"Pedestrian, Collision With",1
 Accident,15:25,05/09/2014,Friday,Y,Daylight,BABYLON,RIGHT ANGLE,SUFFOLK,Straight and Level,Cloudy,None,Dry,Not Applicable,"Other Motor Vehicle, Collision With",2
 Damage Accident,21:32,11/05/2014,Wednesday,Y,Dark-Road Unlighted,RED HOOK,OTHER,DUTCHESS,Straight and Level,Cloudy,None,Dry,Not Applicable,Deer,1
 Damage Accident,13:00,03/10/2014,Monday,N,Unknown,ENDICOTT,OTHER,BROOME,Unknown,Unknown,Unknown,Unknown,Not Applicable,"Guide Rail - Not At End, Collision With Fixed Object",1
 Damage Accident,10:07,08/11/2014,Monday,Y,Daylight,DEPEW,OVERTAKING,ERIE,Straight and Level,Clear,None,Dry,Not Applicable,"Other Motor Vehicle, Collision With",2
 Damage Accident,22:00,02/13/2014,Thursday,N,Dark-Road Lighted,QUEENS,SIDESWIPE,QUEENS,Straight and Level,Rain,None,Snow/Ice,Not Applicable,"Other Motor Vehicle, Collision With",2
 Damage Accident,18:38,06/03/2014,Tuesday,Y,Daylight,ROCHESTER,REAR END,MONROE,Straight and Level,Clear,None,Dry,Not Applicable,"Other Motor Vehicle, Collision With",2
 Accident,12:22,11/30/2014,Sunday,Y,Daylight,LE RAY,REAR END,JEFFERSON,Straight and Level,Clear,Traffic Signal,Dry,Not Applicable,"Other Motor Vehicle, Collision With",2
 Damage Accident,16:02,02/15/2014,Saturday,Y,Daylight,CLARKSTOWN,SIDESWIPE,ROCKLAND,Straight and Level,Snow,None,Snow/Ice,Not Applicable,"Other Motor Vehicle, Collision With",2
 Damage & Injury Accident,14:14,02/10/2014,Monday,Y,Daylight,ROCKVILLE CENTRE,REAR END,NASSAU,Straight and Level,Clear,Yield Sign,Wet,Not Applicable,"Other Motor Vehicle, Collision With",2
 Accident,13:33,07/30/2014,Wednesday,N,Unknown,QUEENS,RIGHT ANGLE,QUEENS,Unknown,Unknown,Unknown,Unknown,Not Applicable,"Other Motor Vehicle, Collision With",2
 Damage Accident,8:41,03/13/2014,Thursday,Y,Daylight,ROCHESTER,OVERTAKING,MONROE,Straight and Level,Snow,Traffic Signal,Snow/Ice,Not Applicable,"Other Motor Vehicle, Collision With",2
 Damage Accident,15:00,03/24/2014,Monday,Y,Daylight,QUEENS,Unknown,QUEENS,Straight and Level,Clear,Traffic Signal,Dry,Not Applicable,"Other Motor Vehicle, Collision With",2
 Damage Accident,0:00,03/09/2014,Sunday,N,Unknown,QUEENS,SIDESWIPE,QUEENS,Unknown,Unknown,Unknown,Unknown,Not Applicable,"Other Motor Vehicle, Collision With",2
 Damage Accident,17:57,11/10/2014,Monday,Y,Dark-Road Unlighted,SOUTHOLD,HEAD ON,SUFFOLK,Straight and Level,Clear,No Passing Zone,Dry,Not Applicable,"Other Motor Vehicle, Collision With",2
 Damage Accident,21:06,04/04/2014,Friday,Y,Dark-Road Unlighted,HANNIBAL,OTHER,OSWEGO,Straight and Level,Rain,No Passing Zone,Wet,Not Applicable,Deer,1
 Accident,8:12,02/09/2014,Sunday,Y,Daylight,ALBANY,RIGHT ANGLE,ALBANY,Straight and Level,Clear,Traffic Signal,Wet,Not Applicable,"Other Motor Vehicle, Collision With",2
 Damage Accident,15:35,06/24/2014,Tuesday,Y,Daylight,PATCHOGUE,OVERTAKING,SUFFOLK,Straight and Level,Clear,None,Dry,Not Applicable,"Other Motor Vehicle, Collision With",2
 Damage Accident,9:15,08/21/2014,Thursday,N,Unknown,WILTON,OTHER,SARATOGA,Curve and Grade,Rain,None,Wet,Not Applicable,"Guide Rail - Not At End, Collision With Fixed Object",1
 Damage & Injury Accident,13:04,07/04/2014,Friday,Y,Daylight,ISLIP,OTHER,SUFFOLK,Straight and Level,Rain,None,Wet,Not Applicable,"Median - Not At End, Collision With Fixed Object",1
 Accident,1:10,03/18/2014,Tuesday,Y,Dark-Road Lighted,QUEENS,REAR END,QUEENS,Straight and Level,Clear,None,Dry,Not Applicable,"Other Motor Vehicle, Collision With",2
 Accident,17:40,02/11/2014,Tuesday,Y,Dark-Road Lighted,,Unknown,UNKNOWN,Straight and Level,Clear,None,Snow/Ice,Not Applicable,"Other Motor Vehicle, Collision With",2
 Damage Accident,9:07,05/06/2014,Tuesday,Y,Daylight,CORTLANDT,LEFT TURN (3),WESTCHESTER,Curve and Level,Clear,None,Dry,Not Applicable,"Other Motor Vehicle, Collision With",2
 Damage & Injury Accident,17:15,04/17/2014,Thursday,Y,Daylight,ALBANY,REAR END,ALBANY,Straight and Grade,Clear,Traffic Signal,Dry,Not Applicable,"Other Motor Vehicle, Collision With",2
 Damage & Injury Accident,12:00,02/13/2014,Thursday,Y,Daylight,YONKERS,REAR END,WESTCHESTER,Straight at Hill Crest,Snow,None,Snow/Ice,Not Applicable,"Other Motor Vehicle, Collision With",2
 Accident,19:00,01/13/2014,Monday,Y,Dark-Road Lighted,NEW YORK,REAR END,NEW YORK,Straight and Level,Clear,Traffic Signal,Dry,Not Applicable,"Other Motor Vehicle, Collision With",2
 Damage Accident,8:35,01/04/2014,Saturday,Y,Daylight,MENANDS,OTHER,ALBANY,Curve and Grade,Clear,None,Snow/Ice,Not Applicable,"Guide Rail - Not At End, Collision With Fixed Object",1
 Damage & Injury Accident,14:00,06/09/2014,Monday,Y,Daylight,HEMPSTEAD,LEFT TURN (0),NASSAU,Straight and Level,Rain,Traffic Signal,Wet,Not Applicable,"Other Motor Vehicle, Collision With",2
 Damage Accident,2:25,05/29/2014,Thursday,Y,Dark-Road Lighted,GREECE,OTHER,MONROE,Straight and Level,Cloudy,None,Dry,Not Applicable,Deer,1
 Accident,8:39,03/13/2014,Thursday,Y,Daylight,IRONDEQUOIT,Unknown,MONROE,Straight and Level,Cloudy,None,Snow/Ice,Not Applicable,"Other Motor Vehicle, Collision With",2
 Damage Accident,9:02,10/29/2014,Wednesday,Y,Daylight,AUSABLE,OTHER,CLINTON,Straight and Level,Cloudy,None,Wet,Not Applicable,Deer,1
 Damage Accident,13:15,02/01/2014,Saturday,Y,Daylight,ANGELICA,HEAD ON,ALLEGANY,Straight and Level,Sleet/Hail/Freezing Rain,None,Snow/Ice,Not Applicable,"Other Motor Vehicle, Collision With",2
 Accident,16:45,10/16/2014,Thursday,Y,Daylight,NEW YORK,RIGHT TURN (5),NEW YORK,Straight and Level,Clear,None,Dry,Not Applicable,"Other Motor Vehicle, Collision With",2
 Damage Accident,6:37,04/19/2014,Saturday,Y,Dawn,ALEXANDER,OTHER,GENESEE,Straight and Level,Clear,None,Dry,Not Applicable,Deer,1
 Damage Accident,0:00,09/03/2014,Wednesday,N,Daylight,BRONX,REAR END,BRONX,Straight and Level,Clear,None,Dry,Not Applicable,"Other Motor Vehicle, Collision With",2
 Damage Accident,9:11,12/02/2014,Tuesday,Y,Daylight,CLARKSTOWN,RIGHT ANGLE,ROCKLAND,Straight and Grade,Clear,None,Dry,Not Applicable,"Other Motor Vehicle, Collision With",2
 Accident,1:30,11/23/2014,Sunday,Y,Dark-Road Lighted,QUEENS,OTHER,QUEENS,Curve and Grade,Clear,None,Dry,Not Applicable,"Other Motor Vehicle, Collision With",3
 Damage Accident,15:38,02/16/2014,Sunday,Y,Daylight,PORT JERVIS,OTHER,ORANGE,Curve and Grade,Cloudy,None,Snow/Ice,Not Applicable,"Other Motor Vehicle, Collision With",2
 Damage Accident,7:00,08/02/2014,Saturday,N,Unknown,BUFFALO,OVERTAKING,ERIE,Unknown,Unknown,Unknown,Unknown,Not Applicable,"Other Motor Vehicle, Collision With",2
 Damage & Injury Accident,18:00,12/01/2014,Monday,Y,Unknown,BABYLON,LEFT TURN (3),SUFFOLK,Unknown,Unknown,Unknown,Unknown,Not Applicable,"Other Motor Vehicle, Collision With",2
 Damage & Injury Accident,15:30,10/22/2014,Wednesday,Y,Daylight,HEMPSTEAD,REAR END,NASSAU,Straight and Level,Rain,None,Wet,Not Applicable,"Other Motor Vehicle, Collision With",2
 Damage & Injury Accident,20:15,10/23/2014,Thursday,Y,Dark-Road Lighted,BUFFALO,REAR END,ERIE,Curve and Level,Clear,None,Dry,Not Applicable,"Other Motor Vehicle, Collision With",2
 Damage & Injury Accident,5:11,11/11/2014,Tuesday,Y,Dark-Road Unlighted,YONKERS,OTHER,WESTCHESTER,Straight and Level,Cloudy,None,Dry,Not Applicable,"Other Motor Vehicle, Collision With",3
 Accident,11:30,10/23/2014,Thursday,Y,Daylight,QUEENS,Unknown,QUEENS,Straight and Level,Rain,Traffic Signal,Wet,Not Applicable,"Other Motor Vehicle, Collision With",2
 Accident,22:28,08/11/2014,Monday,Y,Dark-Road Lighted,ENDICOTT,OTHER,BROOME,Straight and Grade,Clear,Stop Sign,Dry,"Crossing, No Signal, Marked Crosswalk","Bicyclist, Collision With",1
 Damage Accident,18:45,01/15/2014,Wednesday,Y,Dark-Road Lighted,NIAGARA FALLS,LEFT TURN (3),NIAGARA,Straight and Level,Clear,Traffic Signal,Dry,Not Applicable,"Other Motor Vehicle, Collision With",2
 Damage Accident,21:30,06/07/2014,Saturday,N,Unknown,CONKLIN,OTHER,BROOME,Unknown,Unknown,Unknown,Unknown,Not Applicable,Deer,1
 Damage Accident,13:50,01/29/2014,Wednesday,Y,Daylight,AMHERST,OTHER,ERIE,Curve and Grade,Snow,None,Snow/Ice,Not Applicable,"Guide Rail - Not At End, Collision With Fixed Object",1
 Damage Accident,12:15,02/20/2014,Thursday,N,Unknown,OYSTER BAY,Unknown,NASSAU,Unknown,Unknown,Unknown,Unknown,Not Applicable,"Other Motor Vehicle, Collision With",2
 Damage Accident,8:15,06/23/2014,Monday,Y,Daylight,SMITHTOWN,OTHER,SUFFOLK,Straight and Level,Clear,Traffic Signal,Dry,Not Applicable,"Other Motor Vehicle, Collision With",3
 Damage Accident,10:30,02/17/2014,Monday,Y,Daylight,ITHACA,RIGHT ANGLE,TOMPKINS,Straight and Level,Clear,None,Wet,Not Applicable,"Other Motor Vehicle, Collision With",2
 Damage & Injury Accident,6:49,06/24/2014,Tuesday,Y,Daylight,VESTAL,OTHER,BROOME,Straight and Grade,Cloudy,No Passing Zone,Dry,Not Applicable,"Barrier, Collision With Fixed Object",1
 Accident,12:10,03/28/2014,Friday,Y,Daylight,KINGS,OTHER,KINGS,Straight and Level,Rain,None,Wet,Riding/Walking/Skating Along Highway With Traffic,"Bicyclist, Collision With",1
 Damage Accident,4:35,08/02/2014,Saturday,Y,Dark-Road Lighted,STONY POINT,OTHER,ROCKLAND,Straight and Level,Cloudy,No Passing Zone,Wet,Not Applicable,"Sign Post, Collision With Fixed Object",1
 Damage Accident,19:00,12/11/2014,Thursday,Y,Dark-Road Lighted,OYSTER BAY,REAR END,NASSAU,Straight and Level,Cloudy,None,Dry,Not Applicable,"Other Motor Vehicle, Collision With",2
 Damage Accident,19:15,05/18/2014,Sunday,N,Daylight,SOUTHOLD,OTHER,SUFFOLK,Straight and Level,Clear,None,Dry,Not Applicable,"Fence, Collision With Fixed Object",1
 Damage Accident,8:46,05/24/2014,Saturday,Y,Daylight,SCARSDALE,RIGHT TURN (5),WESTCHESTER,Straight and Level,Clear,None,Dry,Not Applicable,"Other Motor Vehicle, Collision With",2
 Damage Accident,17:20,11/22/2014,Saturday,Y,Dark-Road Unlighted,RICHMOND,OTHER,ONTARIO,Straight and Level,Clear,No Passing Zone,Wet,Not Applicable,Deer,1
 Damage Accident,16:09,05/04/2014,Sunday,Y,Daylight,NORTH HEMPSTEAD,OVERTAKING,NASSAU,Straight and Grade,Cloudy,None,Dry,Not Applicable,"Other Motor Vehicle, Collision With",2
 Damage Accident,14:05,09/30/2014,Tuesday,Y,Daylight,CAMILLUS,OTHER,ONONDAGA,Straight and Grade,Clear,No Passing Zone,Dry,Not Applicable,"Other Motor Vehicle, Collision With",3
 Accident,20:20,08/07/2014,Thursday,Y,Dark-Road Lighted,QUEENS,OTHER,QUEENS,Straight and Level,Clear,Traffic Signal,Dry,Unknown,"Pedestrian, Collision With",1
 Damage & Injury Accident,11:20,08/28/2014,Thursday,Y,Daylight,SMITHTOWN,OTHER,SUFFOLK,Straight and Level,Clear,None,Dry,Not in Roadway (Indicate),"Light Support/Utility Pole, Collision With Fixed Object",1
 Damage Accident,8:35,04/13/2014,Sunday,Y,Daylight,HUNTINGTON,REAR END,SUFFOLK,Straight and Level,Clear,Traffic Signal,Dry,Not Applicable,"Other Motor Vehicle, Collision With",2
 Damage Accident,20:55,01/10/2014,Friday,N,Dark-Road Lighted,WHITE PLAINS,SIDESWIPE,WESTCHESTER,Straight and Grade,Cloudy,None,Snow/Ice,Not Applicable,"Other Motor Vehicle, Collision With",2
 Damage Accident,17:18,09/26/2014,Friday,Y,Daylight,ISLIP,Unknown,SUFFOLK,Straight and Level,Clear,Traffic Signal,Dry,Not Applicable,"Other Motor Vehicle, Collision With",2
 Damage Accident,9:01,02/11/2014,Tuesday,Y,Daylight,HARRIETSTOWN,OTHER,FRANKLIN,Straight and Level,Clear,None,Snow/Ice,Not Applicable,"Tree, Collision With Fixed Object",1
 Damage Accident,9:35,01/29/2014,Wednesday,Y,Daylight,OYSTER BAY,LEFT TURN (3),NASSAU,Straight and Level,Clear,None,Wet,Not Applicable,"Other Motor Vehicle, Collision With",2
 Accident,15:55,09/17/2014,Wednesday,Y,Daylight,CHEEKTOWAGA,REAR END,ERIE,Straight and Level,Clear,Traffic Signal,Dry,Not Applicable,"Other Motor Vehicle, Collision With",2
 Damage Accident,16:53,12/05/2014,Friday,Y,Dark-Road Unlighted,ANTWERP,OTHER,JEFFERSON,Straight and Level,Clear,No Passing Zone,Dry,Not Applicable,Deer,1
 Damage Accident,8:25,01/06/2014,Monday,Y,Daylight,HEMPSTEAD,RIGHT ANGLE,NASSAU,Straight and Level,Rain,None,Wet,Not Applicable,"Other Motor Vehicle, Collision With",2
 Damage Accident,19:31,02/21/2014,Friday,Y,Dark-Road Unlighted,VICTOR,OTHER,ONTARIO,Straight and Level,Cloudy,None,Dry,Not Applicable,Deer,1
 Damage Accident,0:00,09/16/2014,Tuesday,N,Unknown,PATCHOGUE,Unknown,SUFFOLK,Unknown,Unknown,Unknown,Unknown,Not Applicable,"Other Motor Vehicle, Collision With",2
 Damage Accident,8:33,02/28/2014,Friday,Y,Daylight,GREECE,OTHER,MONROE,Straight and Level,Clear,None,Snow/Ice,Not Applicable,"Other Motor Vehicle, Collision With",4
 Damage Accident,4:30,03/21/2014,Friday,Y,Dark-Road Unlighted,SOUTHAMPTON,OTHER,SUFFOLK,Straight and Level,Clear,Stop Sign,Dry,Not Applicable,"Sign Post, Collision With Fixed Object",1
 Accident,1:00,12/01/2014,Monday,N,Unknown,NEW YORK,Unknown,NEW YORK,Unknown,Unknown,Unknown,Unknown,Not Applicable,"Other Motor Vehicle, Collision With",2
 Damage Accident,16:02,12/12/2014,Friday,Y,Dusk,PALATINE,OTHER,MONTGOMERY,Straight and Grade,Snow,None,Snow/Ice,Not Applicable,"Earth Embankment/Rock Cut/Ditch, Collision With Fixed Object",1
 Damage Accident,9:40,05/31/2014,Saturday,Y,Daylight,BEDFORD,LEFT TURN (0),WESTCHESTER,Curve and Level,Clear,None,Dry,Not Applicable,"Other Motor Vehicle, Collision With",2
 Damage Accident,0:15,12/12/2014,Friday,Y,Dark-Road Lighted,KINGS,OTHER,KINGS,Straight and Level,Clear,None,Dry,Not Applicable,"Other Motor Vehicle, Collision With",3
 Damage & Injury Accident,8:50,05/19/2014,Monday,Y,Daylight,BROOKHAVEN,REAR END,SUFFOLK,Straight and Level,Clear,Stopped School Bus-Red Lights Flashing,Dry,Not Applicable,"Other Motor Vehicle, Collision With",2
 Damage Accident,0:00,07/07/2014,Monday,N,Daylight,NEW YORK,RIGHT ANGLE,NEW YORK,Straight and Level,Clear,Traffic Signal,Dry,Not Applicable,"Other Motor Vehicle, Collision With",2
 Damage Accident,14:00,11/17/2014,Monday,Y,Daylight,KINGSTON,OVERTAKING,ULSTER,Straight and Level,Rain,Traffic Signal,Wet,Not Applicable,"Other Motor Vehicle, Collision With",2
 Damage Accident,8:30,06/16/2014,Monday,Y,Daylight,IRONDEQUOIT,OVERTAKING,MONROE,Straight and Level,Clear,None,Dry,Not Applicable,"Other Motor Vehicle, Collision With",2
 Damage Accident,7:10,01/15/2014,Wednesday,N,Unknown,MIDDLEBURY,OTHER,WYOMING,Unknown,Unknown,Unknown,Unknown,Not Applicable,Deer,1
 Damage Accident,4:15,12/12/2014,Friday,Y,Dark-Road Unlighted,JOHNSTOWN,OTHER,FULTON,Straight and Level,Clear,No Passing Zone,Snow/Ice,Not Applicable,"Other Object (Not Fixed)*, Collision With",1
 Damage Accident,12:34,10/16/2014,Thursday,Y,Daylight,HEMPSTEAD,OTHER,NASSAU,Curve and Grade,Cloudy,None,Wet,Not Applicable,"Barrier, Collision With Fixed Object",1
 Damage Accident,7:00,04/02/2014,Wednesday,Y,Daylight,BROOKHAVEN,RIGHT ANGLE,SUFFOLK,Straight and Level,Cloudy,None,Dry,Not Applicable,"Other Motor Vehicle, Collision With",2
 Accident,10:00,02/21/2014,Friday,Y,Daylight,BRONX,REAR END,BRONX,Straight and Level,Cloudy,Traffic Signal,Wet,Not Applicable,"Other Motor Vehicle, Collision With",2
 Damage Accident,8:09,05/06/2014,Tuesday,Y,Daylight,HALFMOON,REAR END,SARATOGA,Straight and Level,Cloudy,None,Dry,Not Applicable,"Other Motor Vehicle, Collision With",2
 Damage Accident,23:00,04/26/2014,Saturday,Y,Dark-Road Lighted,KINGS,Unknown,KINGS,Straight and Level,Clear,Stop Sign,Dry,Not Applicable,"Other Motor Vehicle, Collision With",2
 Accident,0:31,09/07/2014,Sunday,Y,Dark-Road Lighted,BRONX,REAR END,BRONX,Curve and Level,Rain,Traffic Signal,Wet,Not Applicable,"Other Motor Vehicle, Collision With",2
 Damage Accident,10:30,05/04/2014,Sunday,Y,Daylight,BRONX,OTHER,BRONX,Straight and Level,Clear,Traffic Signal,Dry,Not Applicable,"Other Fixed Object*, Collision With Fixed Object",1
 Accident,16:35,09/13/2014,Saturday,Y,Daylight,BRONX,OTHER,BRONX,Straight and Level,Rain,Traffic Signal,Wet,"Crossing, Against Signal","Bicyclist, Collision With",1
 Damage & Injury Accident,18:17,08/23/2014,Saturday,Y,Daylight,GATES,RIGHT TURN (5),MONROE,Straight and Level,Clear,Traffic Signal,Dry,Not Applicable,"Other Motor Vehicle, Collision With",2
 Damage Accident,17:58,11/13/2014,Thursday,Y,Dark-Road Lighted,NEWBURGH,OVERTAKING,ORANGE,Curve and Level,Rain,None,Wet,Not Applicable,"Other Motor Vehicle, Collision With",2
 Damage Accident,10:00,09/29/2014,Monday,N,Daylight,BRONX,Unknown,BRONX,Straight and Grade,Clear,None,Dry,Not Applicable,"Other Motor Vehicle, Collision With",2
 Damage Accident,10:30,02/04/2014,Tuesday,Y,Daylight,HEMPSTEAD,RIGHT ANGLE,NASSAU,Straight and Level,Clear,None,Snow/Ice,Not Applicable,"Other Motor Vehicle, Collision With",2
 Damage & Injury Accident,8:20,05/16/2014,Friday,Y,Daylight,GREAT NECK PLAZA,OTHER,NASSAU,Straight and Level,Cloudy,None,Dry,"Crossing, No Signal or Crosswalk","Pedestrian, Collision With",1