 Descriptor,Time,Date,Day of Week,Police Report,Lighting Conditions,Municipality,Collision Type Descriptor,County Name,Road Descriptor,Weather Conditions,Traffic Control Device,Road Surface Conditions,Pedestrian Bicyclist Action,Event Descriptor,Number of Vehicles Involved
 Damage Accident,4:25,05/03/2014,Saturday,Y,Dark-Road Lighted,NEW YORK,Unknown,NEW YORK,Straight and Level,Clear,Traffic Signal,Dry,Not Applicable,"Other Motor Vehicle, Collision With",2
 Damage Accident,13:05,08/28/2014,Thursday,N,Unknown,RICHMOND,SIDESWIPE,RICHMOND,Unknown,Unknown,Unknown,Unknown,Not Applicable,"Other Motor Vehicle, Collision With",2
 Damage Accident,14:37,08/27/2014,Wednesday,Y,Daylight,QUEENS,REAR END,QUEENS,Straight and Level,Clear,None,Dry,Not Applicable,"Other Motor Vehicle, Collision With",2
 Accident,21:41,06/04/2014,Wednesday,Y,Dark-Road Lighted,ROCKVILLE CENTRE,REAR END,NASSAU,Straight and Level,Clear,Traffic Signal,Dry,Not Applicable,"Other Motor Vehicle, Collision With",2
 Damage & Injury Accident,20:56,12/30/2014,Tuesday,Y,Dark-Road Lighted,HAMBURG,RIGHT ANGLE,ERIE,Straight and Level,Cloudy,Stop Sign,Wet,Not Applicable,"Other Motor Vehicle, Collision With",2
 Accident,19:50,11/01/2014,Saturday,Y,Dark-Road Lighted,HEMPSTEAD,REAR END,NASSAU,Straight and Level,Rain,Traffic Signal,Wet,Not Applicable,"Other Motor Vehicle, Collision With",2
 Damage Accident,15:02,03/03/2014,Monday,Y,Daylight,BINGHAMTON,Unknown,BROOME,Straight and Level,Clear,None,Dry,Not Applicable,"Other Motor Vehicle, Collision With",2
 Damage Accident,19:07,11/21/2014,Friday,Y,Dark-Road Lighted,HEMPSTEAD,REAR END,NASSAU,Straight and Level,Clear,None,Dry,Not Applicable,"Other Motor Vehicle, Collision With",2
 Damage Accident,7:33,03/14/2014,Friday,Y,Daylight,MENANDS,REAR END,ALBANY,Straight and Level,Cloudy,None,Dry,Not Applicable,"Other Motor Vehicle, Collision With",2
 Damage Accident,17:20,11/03/2014,Monday,N,Unknown,CANANDAIGUA,OTHER,ONTARIO,Unknown,Unknown,Unknown,Unknown,Not Applicable,"Other Fixed Object*, Collision With Fixed Object",1
 Accident,1:18,01/12/2014,Sunday,Y,Dark-Road Unlighted,NEW YORK,OTHER,NEW YORK,Straight and Level,Rain,Traffic Signal,Wet,Not Applicable,"Other Motor Vehicle, Collision With",4
 Accident,17:30,03/19/2014,Wednesday,Y,Daylight,BROOKHAVEN,LEFT TURN (0),SUFFOLK,Straight and Level,Cloudy,Traffic Signal,Dry,Not Applicable,"Other Motor Vehicle, Collision With",2
 Damage & Injury Accident,21:33,10/30/2014,Thursday,Y,Dark-Road Unlighted,BEDFORD,REAR END,WESTCHESTER,Straight and Level,Clear,None,Dry,Not Applicable,"Other Motor Vehicle, Collision With",2
 Damage Accident,19:30,09/25/2014,Thursday,N,Unknown,HARRIMAN,Unknown,ORANGE,Unknown,Unknown,Unknown,Unknown,Not Applicable,"Other Motor Vehicle, Collision With",2
 Damage Accident,7:30,08/19/2014,Tuesday,Y,Daylight,POESTENKILL,OTHER,RENSSELAER,Straight and Level,Clear,No Passing Zone,Dry,Not Applicable,Deer,1
 Damage Accident,7:30,11/17/2014,Monday,Y,Daylight,ELLICOTT,OTHER,CHAUTAUQUA,Straight and Grade,Snow,No Passing Zone,Snow/Ice,Not Applicable,"Guide Rail - Not At End, Collision With Fixed Object",1
 Damage Accident,8:20,09/29/2014,Monday,Y,Daylight,BABYLON,Unknown,SUFFOLK,Straight and Level,Cloudy,Stop Sign,Dry,Not Applicable,"Other Motor Vehicle, Collision With",2
 Accident,8:45,02/20/2014,Thursday,Y,Daylight,RICHMOND,OTHER,RICHMOND,Straight and Level,Clear,Traffic Signal,Wet,"Crossing, With Signal","Pedestrian, Collision With",1
 Damage Accident,10:55,01/10/2014,Friday,Y,Daylight,BRONX,OTHER,BRONX,Curve at Hill Crest,Snow,Stop Sign,Snow/Ice,Not Applicable,"Other Motor Vehicle, Collision With",3
 Damage Accident,9:00,07/01/2014,Tuesday,N,Unknown,KINGS,SIDESWIPE,KINGS,Straight and Level,Clear,Unknown,Dry,Not Applicable,"Other Motor Vehicle, Collision With",2
 Damage Accident,10:15,03/09/2014,Sunday,Y,Daylight,OYSTER BAY,OVERTAKING,NASSAU,Straight and Level,Clear,Traffic Signal,Dry,Not Applicable,"Other Motor Vehicle, Collision With",2
 Damage Accident,12:10,12/31/2014,Wednesday,Y,Daylight,RIVERHEAD,RIGHT ANGLE,SUFFOLK,Straight and Level,Clear,Stop Sign,Dry,Not Applicable,"Other Motor Vehicle, Collision With",2
 Damage Accident,17:40,11/12/2014,Wednesday,Y,Dark-Road Unlighted,GUILDERLAND,REAR END,ALBANY,Curve and Level,Cloudy,None,Dry,Not Applicable,"Other Motor Vehicle, Collision With",2
 Damage Accident,12:48,03/05/2014,Wednesday,Y,Daylight,GATES,OTHER,MONROE,Straight and Grade,Clear,None,Dry,Not Applicable,"Building/Wall, Collision With Fixed Object",1
 Damage Accident,21:15,10/09/2014,Thursday,Y,Dark-Road Lighted,KIRKLAND,OTHER,ONEIDA,Straight and Level,Cloudy,No Passing Zone,Dry,Not Applicable,"Other Motor Vehicle, Collision With",4
 Damage Accident,11:58,04/10/2014,Thursday,Y,Daylight,MORRIS,OTHER,OTSEGO,Curve and Grade,Clear,No Passing Zone,Dry,Not Applicable,"Earth Embankment/Rock Cut/Ditch, Collision With Fixed Object",1
 Damage Accident,18:54,01/16/2014,Thursday,Y,Daylight,OYSTER BAY,REAR END,NASSAU,Straight and Level,Clear,None,Dry,Not Applicable,"Other Motor Vehicle, Collision With",2
 Damage & Injury Accident,18:20,08/08/2014,Friday,Y,Daylight,ISLAND PARK,OTHER,NASSAU,Straight and Level,Clear,None,Dry,Not Applicable,"Other Motor Vehicle, Collision With",3
 Accident,21:41,06/27/2014,Friday,Y,Dark-Road Unlighted,NELSON,OTHER,MADISON,Straight and Level,Cloudy,No Passing Zone,Dry,Not Applicable,"Overturned, Non-Collision",1
 Damage Accident,17:20,10/09/2014,Thursday,Y,Daylight,CICERO,RIGHT ANGLE,ONONDAGA,Straight and Level,Clear,None,Dry,Not Applicable,"Other Motor Vehicle, Collision With",2
 Damage & Injury Accident,6:31,04/07/2014,Monday,Y,Dawn,LANSING,RIGHT ANGLE,TOMPKINS,Straight and Grade,Cloudy,Traffic Signal,Dry,Not Applicable,"Other Motor Vehicle, Collision With",2
 Damage Accident,17:06,08/05/2014,Tuesday,Y,Daylight,ROCHESTER,OVERTAKING,MONROE,Straight and Level,Cloudy,Traffic Signal,Dry,Not Applicable,"Other Motor Vehicle, Collision With",2
 Accident,15:50,07/07/2014,Monday,Y,Daylight,UTICA,REAR END,ONEIDA,Straight and Grade,Cloudy,Traffic Signal,Dry,Not Applicable,"Other Motor Vehicle, Collision With",2
 Damage Accident,8:50,12/29/2014,Monday,Y,Daylight,TROY,OVERTAKING,RENSSELAER,Straight and Level,Clear,Stop Sign,Dry,Not Applicable,"Other Motor Vehicle, Collision With",2
 Damage & Injury Accident,12:26,08/29/2014,Friday,Y,Daylight,CHEEKTOWAGA,RIGHT ANGLE,ERIE,Straight and Level,Clear,None,Dry,Not Applicable,"Other Motor Vehicle, Collision With",2
 Damage Accident,11:27,05/26/2014,Monday,Y,Daylight,SOUTHAMPTON,RIGHT ANGLE,SUFFOLK,Straight and Level,Clear,None,Dry,Not Applicable,"Other Motor Vehicle, Collision With",2
 Damage & Injury Accident,15:45,12/09/2014,Tuesday,Y,Daylight,VALLEY STREAM,REAR END,NASSAU,Straight and Level,Rain,Stop Sign,Wet,Not Applicable,"Other Motor Vehicle, Collision With",2
 Accident,23:15,08/23/2014,Saturday,Y,Dark-Road Lighted,BRONX,REAR END,BRONX,Straight and Level,Cloudy,None,Dry,Not Applicable,"Other Motor Vehicle, Collision With",2
 Accident,21:50,09/04/2014,Thursday,Y,Dark-Road Lighted,QUEENS,RIGHT ANGLE,QUEENS,Straight and Level,Clear,Traffic Signal,Dry,Not Applicable,"Other Motor Vehicle, Collision With",2
 Damage Accident,8:01,09/19/2014,Friday,Y,Daylight,MT. MORRIS,RIGHT ANGLE,LIVINGSTON,Straight and Level,Fog/Smog/Smoke,None,Dry,Not Applicable,"Other Motor Vehicle, Collision With",2
 Damage Accident,14:58,12/12/2014,Friday,Y,Daylight,LYNBROOK,RIGHT ANGLE,NASSAU,Straight and Level,Clear,Traffic Signal,Dry,Not Applicable,"Other Motor Vehicle, Collision With",2
 Damage Accident,20:05,10/29/2014,Wednesday,Y,Dark-Road Lighted,GLENS FALLS,OTHER,WARREN,Straight and Level,Clear,None,Dry,Not Applicable,"Other Motor Vehicle, Collision With",3
 Damage Accident,8:50,06/05/2014,Thursday,Y,Daylight,NEWBURGH,LEFT TURN (0),ORANGE,Straight and Level,Rain,None,Wet,Not Applicable,"Other Motor Vehicle, Collision With",2
 Damage Accident,17:20,03/20/2014,Thursday,N,Daylight,CHEEKTOWAGA,LEFT TURN (0),ERIE,Curve and Level,Rain,None,Wet,Not Applicable,"Other Motor Vehicle, Collision With",2
 Damage Accident,17:30,11/22/2014,Saturday,Y,Dark-Road Unlighted,BROOKHAVEN,Unknown,SUFFOLK,Straight and Level,Cloudy,Traffic Signal,Dry,Not Applicable,"Other Motor Vehicle, Collision With",2
 Damage Accident,13:22,08/14/2014,Thursday,Y,Daylight,AMHERST,RIGHT ANGLE,ERIE,Straight and Level,Cloudy,Stop Sign,Dry,Not Applicable,"Other Motor Vehicle, Collision With",2
 Damage Accident,16:39,02/13/2014,Thursday,Y,Daylight,ELLICOTT,RIGHT ANGLE,CHAUTAUQUA,Straight and Grade,Clear,None,Dry,Not Applicable,"Other Motor Vehicle, Collision With",2
 Accident,18:03,12/27/2014,Saturday,Y,Dark-Road Unlighted,ELLERY,OTHER,CHAUTAUQUA,Straight and Level,Cloudy,No Passing Zone,Dry,Riding/Walking/Skating Along Highway With Traffic,"Pedestrian, Collision With",1
 Damage Accident,15:40,01/03/2014,Friday,Y,Daylight,HEMPSTEAD,REAR END,NASSAU,Straight and Level,Cloudy,Traffic Signal,Snow/Ice,Not Applicable,"Other Motor Vehicle, Collision With",2
 Damage Accident,8:59,08/11/2014,Monday,Y,Daylight,NEW WINDSOR,REAR END,ORANGE,Straight and Level,Clear,None,Dry,Not Applicable,"Other Motor Vehicle, Collision With",2
 Damage Accident,7:00,10/14/2014,Tuesday,N,Unknown,BROCKPORT,REAR END,MONROE,Unknown,Unknown,Unknown,Unknown,Not Applicable,"Other Motor Vehicle, Collision With",2
 Damage Accident,21:29,02/20/2014,Thursday,Y,Dark-Road Lighted,QUEENS,RIGHT ANGLE,QUEENS,Straight and Level,Clear,Stop Sign,Wet,Not Applicable,"Other Motor Vehicle, Collision With",2
 Damage Accident,2:20,04/01/2014,Tuesday,Y,Dark-Road Lighted,BUFFALO,OTHER,ERIE,Straight and Grade,Clear,None,Dry,Not Applicable,"Guide Rail - Not At End, Collision With Fixed Object",1
 Damage Accident,0:03,04/13/2014,Sunday,Y,Dark-Road Unlighted,WAPPINGER,OTHER,DUTCHESS,Curve and Level,Clear,No Passing Zone,Dry,Not Applicable,Deer,1
 Damage Accident,15:39,09/30/2014,Tuesday,Y,Daylight,NEW WINDSOR,OTHER,ORANGE,Straight and Grade,Clear,None,Dry,Not Applicable,Deer,1
 Damage Accident,16:15,04/16/2014,Wednesday,Y,Daylight,EAST FISHKILL,OVERTAKING,DUTCHESS,Straight and Level,Clear,Stop Sign,Dry,Not Applicable,"Other Motor Vehicle, Collision With",2
 Damage Accident,19:35,02/09/2014,Sunday,Y,Dark-Road Lighted,LONG BEACH,Unknown,NASSAU,Straight and Level,Snow,None,Snow/Ice,Not Applicable,"Other Motor Vehicle, Collision With",2
 Damage Accident,8:28,10/27/2014,Monday,Y,Daylight,KINGS,REAR END,KINGS,Straight and Level,Clear,None,Dry,Not Applicable,"Other Motor Vehicle, Collision With",2
 Damage Accident,19:25,09/03/2014,Wednesday,Y,Dusk,BARTON,REAR END,TIOGA,Straight and Grade,Clear,Construction Work Area,Dry,Not Applicable,"Other Motor Vehicle, Collision With",2
 Accident,11:00,06/01/2014,Sunday,Y,Daylight,QUEENS,OTHER,QUEENS,Straight and Level,Clear,Traffic Signal,Dry,Not Applicable,"Other Motor Vehicle, Collision With",3
 Damage & Injury Accident,14:30,10/02/2014,Thursday,Y,Daylight,MENANDS,OVERTAKING,ALBANY,Straight and Level,Clear,None,Dry,Not Applicable,"Curbing, Collision With Fixed Object",2
 Accident,1:30,01/15/2014,Wednesday,Y,Dark-Road Lighted,BRONX,OTHER,BRONX,Straight and Level,Fog/Smog/Smoke,Traffic Signal,Wet,"Crossing, Against Signal","Pedestrian, Collision With",1
 Damage Accident,23:17,10/15/2014,Wednesday,Y,Dark-Road Unlighted,TUXEDO,OTHER,ORANGE,Straight and Level,Rain,None,Wet,Not Applicable,"Guide Rail - Not At End, Collision With Fixed Object",1
 Accident,17:10,08/30/2014,Saturday,Y,Dark-Road Lighted,QUEENS,Unknown,QUEENS,Curve and Level,Clear,Stop Sign,Dry,Not Applicable,"Other Motor Vehicle, Collision With",2
 Damage Accident,13:00,02/21/2014,Friday,Y,Daylight,ONONDAGA,HEAD ON,ONONDAGA,Straight and Level,Rain,None,Wet,Not Applicable,"Other Motor Vehicle, Collision With",2
 Damage & Injury Accident,20:32,12/02/2014,Tuesday,Y,Dark-Road Lighted,AMHERST,REAR END,ERIE,Straight and Level,Rain,Traffic Signal,Wet,Not Applicable,"Other Motor Vehicle, Collision With",2
 Damage Accident,10:30,03/13/2014,Thursday,N,Unknown,KINGS,Unknown,KINGS,Unknown,Unknown,Unknown,Unknown,Not Applicable,"Other Motor Vehicle, Collision With",2
 Damage Accident,15:30,12/04/2014,Thursday,N,Daylight,QUEENS,REAR END,QUEENS,Straight and Grade,Clear,Traffic Signal,Dry,Not Applicable,"Other Motor Vehicle, Collision With",2
 Damage Accident,15:49,05/27/2014,Tuesday,Y,Daylight,MOOERS,OTHER,CLINTON,Straight and Level,Cloudy,None,Dry,Not Applicable,"Ran Off Roadway Only, Non-Collision",1
 Damage Accident,7:30,10/15/2014,Wednesday,N,Daylight,SOUTHOLD,OTHER,SUFFOLK,Straight and Level,Clear,School Zone,Dry,Not Applicable,Deer,1
 Damage Accident,4:20,07/07/2014,Monday,Y,Dark-Road Lighted,KINGS,OTHER,KINGS,Straight and Level,Clear,None,Dry,Not Applicable,"Other Object (Not Fixed)*, Collision With",1
 Damage & Injury Accident,10:30,11/08/2014,Saturday,Y,Daylight,CORTLANDT,RIGHT TURN (5),WESTCHESTER,Straight and Level,Clear,None,Dry,Not Applicable,"Other Motor Vehicle, Collision With",2
 Accident,16:27,10/16/2014,Thursday,Y,Daylight,QUEENS,OTHER,QUEENS,Straight and Level,Clear,None,Dry,Not Applicable,"Tree, Collision With Fixed Object",1
 Damage Accident,13:31,04/19/2014,Saturday,Y,Daylight,ELLENBURG,OTHER,CLINTON,Straight and Level,Cloudy,None,Dry,Not Applicable,Deer,1
 Damage Accident,11:10,01/02/2014,Thursday,Y,Daylight,LAKE GEORGE,OVERTAKING,WARREN,Curve and Grade,Snow,Police/Fire Emergency,Snow/Ice,Not Applicable,"Other Motor Vehicle, Collision With",2
 Damage Accident,19:21,10/09/2014,Thursday,Y,Dark-Road Unlighted,HARRISON,REAR END,WESTCHESTER,Straight and Level,Clear,None,Dry,Not Applicable,"Other Motor Vehicle, Collision With",2
 Accident,17:50,08/16/2014,Saturday,Y,Daylight,NEW YORK,OTHER,NEW YORK,Straight and Level,Clear,Traffic Signal,Dry,"Crossing, With Signal","Pedestrian, Collision With",1
 Damage Accident,18:50,03/27/2014,Thursday,Y,Dusk,SMITHTOWN,Unknown,SUFFOLK,Straight and Level,Clear,None,Dry,Not Applicable,"Other Motor Vehicle, Collision With",2
 Damage Accident,20:00,03/28/2014,Friday,N,Unknown,CARROLL,OTHER,CHAUTAUQUA,Unknown,Unknown,Unknown,Unknown,Not Applicable,Deer,1
 Damage Accident,7:44,09/12/2014,Friday,Y,Daylight,AMSTERDAM,SIDESWIPE,MONTGOMERY,Curve and Grade,Clear,No Passing Zone,Dry,Not Applicable,"Other Motor Vehicle, Collision With",2
 Damage Accident,22:45,04/06/2014,Sunday,Y,Dark-Road Lighted,OSSINING,LEFT TURN (3),WESTCHESTER,Straight and Level,Clear,Traffic Signal,Dry,Not Applicable,"Other Motor Vehicle, Collision With",2
 Damage Accident,15:13,01/25/2014,Saturday,Y,Daylight,SCHENECTADY,SIDESWIPE,SCHENECTADY,Straight and Grade,Snow,Traffic Signal,Wet,Not Applicable,"Other Motor Vehicle, Collision With",2
 Accident,13:09,10/13/2014,Monday,Y,Daylight,NIAGARA,REAR END,NIAGARA,Straight and Level,Rain,None,Wet,Not Applicable,"Other Motor Vehicle, Collision With",2
 Accident,10:35,03/19/2014,Wednesday,Y,Daylight,BRONX,OTHER,BRONX,Straight and Level,Clear,None,Dry,Riding/Walking/Skating Along Highway With Traffic,"Bicyclist, Collision With",1
 Damage Accident,20:41,02/09/2014,Sunday,Y,Dark-Road Lighted,GARDEN CITY,OTHER,NASSAU,Straight and Level,Snow,None,Snow/Ice,Not Applicable,"Curbing, Collision With Fixed Object",1
 Damage Accident,5:25,12/09/2014,Tuesday,Y,Dark-Road Unlighted,PHILLIPSTOWN,OTHER,PUTNAM,Straight and Level,Rain,Other,Wet,Not Applicable,Deer,1
 Damage & Injury Accident,9:32,05/02/2014,Friday,Y,Daylight,BUFFALO,LEFT TURN (3),ERIE,Straight and Level,Clear,None,Dry,Not Applicable,"Other Motor Vehicle, Collision With",2
 Damage & Injury Accident,5:21,05/18/2014,Sunday,Y,Daylight,FALLSBURGH,OTHER,SULLIVAN,Straight and Level,Cloudy,None,Dry,Not Applicable,"Tree, Collision With Fixed Object",1
 Damage Accident,11:30,01/14/2014,Tuesday,N,Daylight,QUEENS,OVERTAKING,QUEENS,Straight and Level,Rain,Traffic Signal,Wet,Not Applicable,"Other Motor Vehicle, Collision With",2
 Damage Accident,21:00,02/27/2014,Thursday,N,Unknown,NEW YORK,REAR END,NEW YORK,Unknown,Unknown,Unknown,Unknown,Not Applicable,"Other Motor Vehicle, Collision With",2
 Damage & Injury Accident,8:55,07/18/2014,Friday,Y,Daylight,,REAR END,ROCKLAND,Straight and Level,Clear,Traffic Signal,Dry,Not Applicable,"Other Motor Vehicle, Collision With",2
 Damage Accident,10:26,02/05/2014,Wednesday,Y,Daylight,HORNELLSVILLE,OTHER,STEUBEN,Straight and Level,Snow,None,Snow/Ice,Not Applicable,"Earth Embankment/Rock Cut/Ditch, Collision With Fixed Object",1
 Accident,20:13,07/22/2014,Tuesday,Y,Daylight,KINGSTON,OTHER,ULSTER,Straight and Level,Clear,None,Dry,"Crossing, No Signal or Crosswalk","Pedestrian, Collision With",1
 Accident,20:13,07/22/2014,Tuesday,Y,Daylight,KINGSTON,OTHER,ULSTER,Straight and Level,Clear,None,Dry,"Crossing, No Signal or Crosswalk","Pedestrian, Collision With",1
 Damage & Injury Accident,18:20,06/03/2014,Tuesday,Y,Daylight,NEW ROCHELLE,LEFT TURN (3),WESTCHESTER,Straight and Level,Rain,Traffic Signal,Wet,Not Applicable,"Other Motor Vehicle, Collision With",2
 Accident,9:05,08/24/2014,Sunday,Y,Daylight,KINGS,REAR END,KINGS,Straight and Level,Clear,None,Dry,Not Applicable,"Other Motor Vehicle, Collision With",2
 Damage Accident,12:34,08/24/2014,Sunday,Y,Daylight,COLESVILLE,OTHER,BROOME,Straight and Grade,Clear,Traffic Signal,Dry,Not Applicable,"Curbing, Collision With Fixed Object",1
 Accident,21:15,05/23/2014,Friday,Y,Dark-Road Lighted,KINGS,REAR END,KINGS,Straight and Level,Rain,Traffic Signal,Wet,Not Applicable,"Other Motor Vehicle, Collision With",2
 Damage & Injury Accident,20:04,04/22/2014,Tuesday,Y,Dark-Road Lighted,COLONIE,RIGHT ANGLE,ALBANY,Straight and Level,Clear,Flashing Light,Wet,Not Applicable,"Other Motor Vehicle, Collision With",2
 Damage Accident,8:03,05/08/2014,Thursday,Y,Daylight,QUEENS,REAR END,QUEENS,Straight and Grade,Rain,Other,Wet,Not Applicable,"Other Motor Vehicle, Collision With",2
 Damage Accident,9:40,08/06/2014,Wednesday,Y,Daylight,QUEENS,Unknown,QUEENS,Straight and Level,Cloudy,Traffic Signal,Dry,Not Applicable,"Other Motor Vehicle, Collision With",2
 Accident,1:00,10/15/2014,Wednesday,Y,Dark-Road Lighted,KINGS,OTHER,KINGS,Straight and Level,Clear,Traffic Signal,Dry,Working in Roadway,"Pedestrian, Collision With",1
 Damage Accident,10:35,02/15/2014,Saturday,Y,Daylight,BROOKHAVEN,LEFT TURN (3),SUFFOLK,Straight and Level,Cloudy,Stop Sign,Dry,Not Applicable,"Other Motor Vehicle, Collision With",2
 Damage Accident,18:24,01/04/2014,Saturday,Y,Dark-Road Unlighted,AURORA,OTHER,ERIE,Curve and Grade,Snow,None,Snow/Ice,Not Applicable,"Tree, Collision With Fixed Object",1
 Damage Accident,18:25,12/18/2014,Thursday,Y,Dark-Road Unlighted,SHELDON,OTHER,WYOMING,Curve and Grade,Sleet/Hail/Freezing Rain,No Passing Zone,Snow/Ice,Not Applicable,"Earth Embankment/Rock Cut/Ditch, Collision With Fixed Object",1
 Accident,19:40,01/10/2014,Friday,Y,Dark-Road Unlighted,QUEENS,OTHER,QUEENS,Straight and Level,Rain,None,Wet,Other Actions in Roadway,"Pedestrian, Collision With",1
 Damage Accident,13:15,02/04/2014,Tuesday,Y,Daylight,WARRENSBURG,OVERTAKING,WARREN,Straight and Level,Clear,No Passing Zone,Dry,Not Applicable,"Other Motor Vehicle, Collision With",2
 Accident,10:53,06/03/2014,Tuesday,Y,Daylight,ROCKVILLE CENTRE,Unknown,NASSAU,Straight and Level,Clear,None,Dry,Not Applicable,"Other Motor Vehicle, Collision With",2
 Damage Accident,15:40,03/27/2014,Thursday,Y,Daylight,TRENTON,RIGHT ANGLE,ONEIDA,Curve and Grade,Cloudy,No Passing Zone,Dry,Not Applicable,"Other Motor Vehicle, Collision With",2
 Damage Accident,17:45,11/05/2014,Wednesday,Y,Dark-Road Lighted,ISLIP,SIDESWIPE,SUFFOLK,Straight and Level,Cloudy,None,Dry,Not Applicable,"Other Motor Vehicle, Collision With",2
 Damage Accident,16:40,12/19/2014,Friday,Y,Daylight,RIVERHEAD,REAR END,SUFFOLK,Straight and Level,Clear,None,Dry,Not Applicable,"Other Motor Vehicle, Collision With",2
 Damage Accident,6:25,01/01/2014,Wednesday,Y,Dark-Road Lighted,BABYLON,REAR END,SUFFOLK,Straight and Level,Clear,Traffic Signal,Dry,Not Applicable,"Other Motor Vehicle, Collision With",2
 Damage Accident,0:04,11/14/2014,Friday,Y,Dark-Road Lighted,HEMPSTEAD,OTHER,NASSAU,Straight and Level,Rain,None,Wet,Not Applicable,"Other Motor Vehicle, Collision With",3
 Damage Accident,16:36,02/12/2014,Wednesday,Y,Daylight,CHEEKTOWAGA,OTHER,ERIE,Straight and Level,Clear,None,Dry,Not Applicable,"Other Motor Vehicle, Collision With",3
 Accident,16:05,06/05/2014,Thursday,Y,Daylight,KINGS,OTHER,KINGS,Straight and Level,Clear,Traffic Signal,Dry,Riding/Walking/Skating Along Highway With Traffic,"Bicyclist, Collision With",1
 Damage Accident,10:35,03/12/2014,Wednesday,Y,Daylight,THURSTON,OTHER,STEUBEN,Curve and Level,Snow,No Passing Zone,Snow/Ice,Not Applicable,"Earth Embankment/Rock Cut/Ditch, Collision With Fixed Object",1
 Damage Accident,16:45,02/15/2014,Saturday,Y,Dark-Road Unlighted,SMITHTOWN,SIDESWIPE,SUFFOLK,Curve and Grade,Snow,None,Snow/Ice,Not Applicable,"Other Motor Vehicle, Collision With",2
 Damage Accident,7:57,02/04/2014,Tuesday,Y,Unknown,NYACK,SIDESWIPE,ROCKLAND,Straight and Grade,Unknown,None,Snow/Ice,Not Applicable,"Other Motor Vehicle, Collision With",2
 Damage & Injury Accident,18:23,08/31/2014,Sunday,Y,Daylight,WALLKILL,OTHER,ORANGE,Curve and Grade,Cloudy,None,Wet,Not Applicable,"Overturned, Non-Collision",1
 Damage Accident,7:03,10/20/2014,Monday,Y,Dawn,ELLICOTT,OTHER,CHAUTAUQUA,Straight and Grade,Cloudy,None,Dry,Not Applicable,"Animal, Collision With",1
 Damage Accident,12:00,02/16/2014,Sunday,N,Daylight,MOUNT VERNON,OTHER,WESTCHESTER,Straight and Level,Clear,Traffic Signal,Snow/Ice,Not Applicable,"Other Motor Vehicle, Collision With",3
 Damage Accident,0:00,09/19/2014,Friday,N,Unknown,QUEENS,Unknown,QUEENS,Unknown,Unknown,Unknown,Unknown,Not Applicable,"Other Motor Vehicle, Collision With",2
 Damage & Injury Accident,0:50,05/23/2014,Friday,Y,Dark-Road Lighted,GARDEN CITY,LEFT TURN (3),NASSAU,Straight and Grade,Cloudy,None,Dry,Not Applicable,"Other Motor Vehicle, Collision With",2
 Damage Accident,4:55,06/18/2014,Wednesday,Y,Dawn,VIENNA,OTHER,ONEIDA,Straight and Level,Clear,None,Dry,Not Applicable,Deer,1
 Damage Accident,15:55,04/29/2014,Tuesday,Y,Daylight,GUILDERLAND,LEFT TURN (3),ALBANY,Straight and Level,Rain,None,Wet,Not Applicable,"Other Motor Vehicle, Collision With",2
 Damage Accident,8:30,04/17/2014,Thursday,Y,Daylight,NEW YORK,RIGHT TURN (5),NEW YORK,Straight and Level,Clear,Traffic Signal,Dry,Not Applicable,"Other Motor Vehicle, Collision With",2
 Damage Accident,18:24,06/08/2014,Sunday,Y,Daylight,PERINTON,OTHER,MONROE,Straight and Level,Rain,None,Wet,Not Applicable,"Median - End, Collision With Fixed Object",1
 Damage Accident,0:00,03/02/2014,Sunday,N,Unknown,KINGS,Unknown,KINGS,Unknown,Unknown,Unknown,Unknown,Not Applicable,"Other Motor Vehicle, Collision With",2
 Damage & Injury Accident,13:43,08/30/2014,Saturday,Y,Daylight,CORTLANDT,OTHER,WESTCHESTER,Curve and Grade,Cloudy,None,Dry,Not Applicable,"Guide Rail - End, Collision With Fixed Object",1
 Damage Accident,21:54,03/02/2014,Sunday,Y,Dark-Road Unlighted,UNION,OTHER,BROOME,Straight and Grade,Cloudy,No Passing Zone,Dry,Not Applicable,Deer,1
 Damage Accident,10:00,03/31/2014,Monday,N,Daylight,KINGS,SIDESWIPE,KINGS,Straight and Level,Rain,Traffic Signal,Wet,Not Applicable,"Other Motor Vehicle, Collision With",2
 Damage Accident,19:20,04/25/2014,Friday,N,Unknown,KINGS,LEFT TURN (0),KINGS,Unknown,Unknown,Unknown,Unknown,Not Applicable,"Other Motor Vehicle, Collision With",2
 Accident,23:28,06/26/2014,Thursday,Y,Dark-Road Lighted,BINGHAMTON,OTHER,BROOME,Straight and Level,Clear,None,Dry,"Crossing, No Signal or Crosswalk","Pedestrian, Collision With",1
 Damage & Injury Accident,15:11,01/29/2014,Wednesday,Y,Daylight,BETHLEHEM,RIGHT ANGLE,ALBANY,Straight and Grade,Clear,Traffic Signal,Dry,Not Applicable,"Other Motor Vehicle, Collision With",2
 Damage Accident,0:00,11/22/2014,Saturday,N,Daylight,SOMERS,OTHER,WESTCHESTER,Curve and Level,Clear,None,Dry,Not Applicable,Deer,1