 Descriptor,Time,Date,Day of Week,Police Report,Lighting Conditions,Municipality,Collision Type Descriptor,County Name,Road Descriptor,Weather Conditions,Traffic Control Device,Road Surface Conditions,Pedestrian Bicyclist Action,Event Descriptor,Number of Vehicles Involved
 Accident,22:55,02/15/2014,Saturday,Y,Dark-Road Lighted,BRONX,REAR END,BRONX,Straight and Level,Clear,Traffic Signal,Snow/Ice,Not Applicable,"Other Motor Vehicle, Collision With",2
 Accident,22:45,01/08/2014,Wednesday,Y,Dark-Road Lighted,QUEENS,OTHER,QUEENS,Straight and Level,Clear,None,Dry,Not Applicable,"Guide Rail - Not At End, Collision With Fixed Object",1
 Damage Accident,2:00,12/09/2014,Tuesday,Y,Dark-Road Unlighted,NEW CASTLE,OTHER,WESTCHESTER,Curve and Grade,Cloudy,No Passing Zone,Dry,Not Applicable,"Other Fixed Object*, Collision With Fixed Object",1
 Damage Accident,21:49,06/15/2014,Sunday,Y,Dark-Road Unlighted,VIRGIL,OTHER,CORTLAND,Straight and Level,Clear,None,Dry,Not Applicable,Deer,1
 Accident,5:15,02/16/2014,Sunday,Y,Dark-Road Lighted,KINGS,LEFT TURN (3),KINGS,Straight and Level,Clear,Traffic Signal,Snow/Ice,Not Applicable,"Other Motor Vehicle, Collision With",2
 Damage Accident,12:59,01/25/2014,Saturday,Y,Daylight,WALLKILL,OTHER,ORANGE,Straight and Grade,Snow,None,Snow/Ice,Not Applicable,"Light Support/Utility Pole, Collision With Fixed Object",1
 Damage Accident,17:20,06/18/2014,Wednesday,Y,Daylight,HEMPSTEAD,REAR END,NASSAU,Straight and Level,Clear,Traffic Signal,Dry,Not Applicable,"Other Motor Vehicle, Collision With",2
 Damage Accident,23:30,11/26/2014,Wednesday,N,Unknown,NEW PALTZ,OTHER,ULSTER,Unknown,Unknown,Unknown,Unknown,Not Applicable,Deer,1
 Damage & Injury Accident,14:45,10/13/2014,Monday,Y,Daylight,ILION,OVERTAKING,HERKIMER,Straight and Level,Clear,None,Dry,Not Applicable,"Other Motor Vehicle, Collision With",2
 Damage Accident,17:05,03/19/2014,Wednesday,Y,Daylight,SYRACUSE,OVERTAKING,ONONDAGA,Curve and Grade,Cloudy,Traffic Signal,Dry,Not Applicable,"Other Motor Vehicle, Collision With",2
 Damage Accident,15:30,09/23/2014,Tuesday,Y,Daylight,QUEENSBURY,REAR END,WARREN,Straight and Level,Cloudy,No Passing Zone,Dry,Not Applicable,"Other Motor Vehicle, Collision With",2
 Damage Accident,16:11,04/06/2014,Sunday,Y,Daylight,PORT JERVIS,Unknown,ORANGE,Straight and Level,Clear,None,Dry,Not Applicable,"Other Motor Vehicle, Collision With",2
 Accident,14:00,05/15/2014,Thursday,Y,Daylight,KINGS,RIGHT ANGLE,KINGS,Straight and Level,Clear,Unknown,Dry,Not Applicable,"Other Motor Vehicle, Collision With",2
 Damage & Injury Accident,18:15,11/26/2014,Wednesday,Y,Dark-Road Unlighted,SHARON,OTHER,SCHOHARIE,Curve and Grade,Snow,None,Snow/Ice,Not Applicable,"Light Support/Utility Pole, Collision With Fixed Object",1
 Damage Accident,17:42,06/29/2014,Sunday,Y,Daylight,WESTERN,OTHER,ONEIDA,Straight and Level,Clear,No Passing Zone,Dry,Not Applicable,Deer,1
 Damage & Injury Accident,16:20,05/13/2014,Tuesday,Y,Daylight,NEWBURGH,OTHER,ORANGE,Straight and Level,Clear,Traffic Signal,Dry,Not Applicable,"Tree, Collision With Fixed Object",1
 Damage & Injury Accident,3:04,03/23/2014,Sunday,Y,Dark-Road Lighted,ISLIP,OTHER,SUFFOLK,Curve and Grade,Clear,None,Dry,Not Applicable,"Guide Rail - Not At End, Collision With Fixed Object",1
 Damage Accident,14:06,04/09/2014,Wednesday,Y,Daylight,ROCHESTER,OVERTAKING,MONROE,Straight and Level,Clear,None,Dry,Not Applicable,"Other Motor Vehicle, Collision With",2
 Damage & Injury Accident,7:48,08/08/2014,Friday,Y,Daylight,EAST GREENBUSH,REAR END,RENSSELAER,Straight and Grade,Clear,No Passing Zone,Dry,Not Applicable,"Other Motor Vehicle, Collision With",2
 Damage Accident,7:26,01/06/2014,Monday,Y,Dawn,PALMYRA,OTHER,WAYNE,Curve and Level,Cloudy,None,Snow/Ice,Not Applicable,"Earth Embankment/Rock Cut/Ditch, Collision With Fixed Object",1
 Accident,13:00,06/22/2014,Sunday,Y,Daylight,BRONX,REAR END,BRONX,Straight and Level,Clear,None,Dry,Not Applicable,"Other Motor Vehicle, Collision With",2
 Damage Accident,0:37,01/18/2014,Saturday,Y,Dark-Road Unlighted,WEST SENECA,REAR END,ERIE,Straight and Grade,Snow,None,Snow/Ice,Not Applicable,"Other Motor Vehicle, Collision With",2
 Damage & Injury Accident,20:15,03/18/2014,Tuesday,Y,Dark-Road Lighted,IRONDEQUOIT,RIGHT ANGLE,MONROE,Straight and Level,Clear,Traffic Signal,Dry,Not Applicable,"Other Motor Vehicle, Collision With",2
 Damage & Injury Accident,17:45,08/11/2014,Monday,Y,Daylight,LINCOLN,OTHER,MADISON,Curve and Grade,Clear,None,Dry,Not Applicable,"Guide Rail - Not At End, Collision With Fixed Object",1
 Accident,8:50,06/30/2014,Monday,Y,Daylight,QUEENS,OTHER,QUEENS,Straight and Level,Clear,Traffic Signal,Dry,"Crossing, With Signal","Pedestrian, Collision With",1
 Damage Accident,17:45,08/12/2014,Tuesday,N,Daylight,NORTHPORT,SIDESWIPE,SUFFOLK,Curve and Grade,Clear,None,Dry,Not Applicable,"Other Motor Vehicle, Collision With",2
 Damage Accident,14:00,05/11/2014,Sunday,N,Daylight,QUEENS,REAR END,QUEENS,Straight and Level,Clear,None,Dry,Not Applicable,"Other Motor Vehicle, Collision With",2
 Damage & Injury Accident,13:49,09/25/2014,Thursday,Y,Daylight,CLARKSTOWN,REAR END,ROCKLAND,Straight and Grade,Rain,None,Wet,Not Applicable,"Other Motor Vehicle, Collision With",2
 Damage Accident,9:30,07/05/2014,Saturday,N,Dark-Road Lighted,WALLKILL,REAR END,ORANGE,Straight and Level,Clear,Traffic Signal,Dry,Not Applicable,"Other Motor Vehicle, Collision With",2
 Damage Accident,10:15,04/05/2014,Saturday,Y,Daylight,NEW WINDSOR,OTHER,ORANGE,Straight and Level,Clear,None,Dry,Not Applicable,"Animal, Collision With",1
 Damage Accident,18:23,11/08/2014,Saturday,Y,Dark-Road Unlighted,STAFFORD,OTHER,GENESEE,Straight and Grade,Clear,None,Dry,Not Applicable,Deer,1
 Accident,8:45,03/26/2014,Wednesday,Y,Daylight,BRONX,RIGHT ANGLE,BRONX,Straight and Level,Clear,Traffic Signal,Dry,Not Applicable,"Other Motor Vehicle, Collision With",2
 Damage Accident,7:25,01/17/2014,Friday,Y,Daylight,ISLIP,REAR END,SUFFOLK,Straight and Level,Clear,None,Dry,Not Applicable,"Other Motor Vehicle, Collision With",2
 Damage Accident,10:45,08/22/2014,Friday,Y,Daylight,COHOES,REAR END,ALBANY,Straight and Level,Cloudy,None,Wet,Not Applicable,"Other Motor Vehicle, Collision With",2
 Damage & Injury Accident,10:00,01/10/2014,Friday,Y,Daylight,CLARKSTOWN,REAR END,ROCKLAND,Straight and Level,Snow,None,Snow/Ice,Not Applicable,"Other Motor Vehicle, Collision With",2
 Damage & Injury Accident,7:40,06/14/2014,Saturday,Y,Daylight,COXSACKIE,OTHER,GREENE,Straight and Level,Clear,No Passing Zone,Dry,Not Applicable,"Sign Post, Collision With Fixed Object",2
 Accident,19:30,11/16/2014,Sunday,Y,Dark-Road Lighted,KINGS,OTHER,KINGS,Straight and Level,Cloudy,None,Dry,Not Applicable,"Other Motor Vehicle, Collision With",3
 Damage Accident,12:38,06/02/2014,Monday,Y,Daylight,GUILDERLAND,LEFT TURN (3),ALBANY,Straight and Level,Clear,None,Dry,Not Applicable,"Other Motor Vehicle, Collision With",2
 Damage Accident,11:00,07/10/2014,Thursday,Y,Daylight,ARKPORT,RIGHT ANGLE,STEUBEN,Straight and Level,Clear,None,Dry,Not Applicable,"Other Motor Vehicle, Collision With",2
 Damage & Injury Accident,14:10,04/28/2014,Monday,Y,Daylight,MILL NECK,HEAD ON,NASSAU,Curve and Grade,Clear,No Passing Zone,Dry,Not Applicable,"Guide Rail - Not At End, Collision With Fixed Object",2
 Damage Accident,23:26,11/10/2014,Monday,Y,Dark-Road Unlighted,NORTHUMBERLAND,OTHER,SARATOGA,Straight and Level,Clear,None,Dry,Not Applicable,"Animal, Collision With",1
 Damage & Injury Accident,12:26,12/27/2014,Saturday,Y,Daylight,HASTINGS,REAR END,OSWEGO,Straight and Grade,Clear,None,Dry,Not Applicable,"Other Motor Vehicle, Collision With",2
 Damage Accident,12:04,01/18/2014,Saturday,Y,Daylight,VIRGIL,OVERTAKING,CORTLAND,Straight and Level,Snow,No Passing Zone,Snow/Ice,Not Applicable,"Other Motor Vehicle, Collision With",2
 Damage Accident,11:54,02/06/2014,Thursday,Y,Daylight,HEMPSTEAD,RIGHT ANGLE,NASSAU,Straight and Level,Clear,None,Snow/Ice,Not Applicable,"Other Motor Vehicle, Collision With",2
 Damage Accident,0:00,03/23/2014,Sunday,N,Unknown,WALLKILL,Unknown,ORANGE,Unknown,Unknown,Unknown,Unknown,Not Applicable,"Other Motor Vehicle, Collision With",2
 Damage Accident,17:39,01/10/2014,Friday,Y,Dark-Road Unlighted,WALWORTH,OTHER,WAYNE,Straight and Level,Cloudy,No Passing Zone,Wet,Not Applicable,Deer,1
 Damage Accident,19:15,12/30/2014,Tuesday,N,Unknown,RICHMOND,Unknown,RICHMOND,Unknown,Unknown,Unknown,Unknown,Not Applicable,"Other Motor Vehicle, Collision With",2
 Damage & Injury Accident,22:30,01/17/2014,Friday,Y,Dark-Road Lighted,NIAGARA,OTHER,NIAGARA,Straight and Level,Cloudy,None,Wet,Other Actions in Roadway,"Other Motor Vehicle, Collision With",2
 Accident,10:29,02/03/2014,Monday,N,Unknown,QUEENS,OTHER,QUEENS,Unknown,Unknown,Unknown,Unknown,Not Applicable,"Other Motor Vehicle, Collision With",4
 Damage Accident,17:05,08/25/2014,Monday,Y,Daylight,CICERO,LEFT TURN (0),ONONDAGA,Straight and Level,Clear,None,Dry,Not Applicable,"Other Motor Vehicle, Collision With",2
 Accident,20:30,03/02/2014,Sunday,Y,Dark-Road Lighted,NEW YORK,OTHER,NEW YORK,Straight and Level,Clear,None,Dry,"Crossing, No Signal or Crosswalk","Pedestrian, Collision With",1
 Accident,14:27,05/18/2014,Sunday,N,Unknown,KINGS,REAR END,KINGS,Unknown,Unknown,Unknown,Unknown,Not Applicable,"Other Motor Vehicle, Collision With",2
 Accident,18:45,01/31/2014,Friday,Y,Daylight,KINGS,OTHER,KINGS,Curve and Level,Clear,Traffic Signal,Dry,"Crossing, With Signal","Pedestrian, Collision With",1
 Accident,15:49,09/24/2014,Wednesday,N,Daylight,QUEENS,REAR END,QUEENS,Straight and Level,Clear,Traffic Signal,Dry,Not Applicable,"Other Motor Vehicle, Collision With",2
 Damage Accident,14:07,01/15/2014,Wednesday,Y,Daylight,KINGS,RIGHT ANGLE,KINGS,Straight and Level,Clear,Stop Sign,Dry,Not Applicable,"Other Motor Vehicle, Collision With",2
 Damage Accident,22:10,06/17/2014,Tuesday,Y,Dark-Road Unlighted,EAST FISHKILL,REAR END,DUTCHESS,Straight and Level,Clear,None,Dry,Not Applicable,"Other Motor Vehicle, Collision With",2
 Damage Accident,0:27,02/23/2014,Sunday,Y,Dark-Road Unlighted,CROGHAN,OTHER,LEWIS,Straight and Level,Clear,None,Wet,Not Applicable,Deer,1
 Damage Accident,10:05,08/22/2014,Friday,Y,Daylight,FULTONVILLE,OVERTAKING,MONTGOMERY,Straight and Level,Rain,None,Wet,Not Applicable,"Other Motor Vehicle, Collision With",2
 Accident,4:15,09/20/2014,Saturday,Y,Dark-Road Lighted,QUEENS,RIGHT ANGLE,QUEENS,Straight and Level,Cloudy,Traffic Signal,Dry,Not Applicable,"Other Motor Vehicle, Collision With",2
 Accident,7:50,07/31/2014,Thursday,Y,Daylight,SOLVAY,RIGHT ANGLE,ONONDAGA,Straight and Level,Rain,Stop Sign,Wet,Not Applicable,"Other Motor Vehicle, Collision With",2
 Damage Accident,7:38,10/28/2014,Tuesday,Y,Daylight,BABYLON,OTHER,SUFFOLK,Straight and Level,Clear,None,Dry,Not Applicable,"Other Motor Vehicle, Collision With",3
 Damage Accident,7:30,11/13/2014,Thursday,N,Daylight,NEW YORK,Unknown,NEW YORK,Straight and Level,Clear,Traffic Signal,Dry,Not Applicable,"Other Motor Vehicle, Collision With",2
 Damage & Injury Accident,3:06,10/19/2014,Sunday,Y,Dark-Road Lighted,YONKERS,REAR END,WESTCHESTER,Straight and Level,Cloudy,None,Dry,Not Applicable,"Other Motor Vehicle, Collision With",2
 Damage Accident,6:45,04/21/2014,Monday,Y,Dawn,POTSDAM,OTHER,ST. LAWRENCE,Straight and Level,Cloudy,None,Dry,Not Applicable,Deer,1
 Damage Accident,19:30,11/17/2014,Monday,Y,Dark-Road Lighted,NEW BALTIMORE,OTHER,GREENE,Straight and Grade,Cloudy,No Passing Zone,Wet,Not Applicable,Deer,1
 Damage Accident,14:08,01/02/2014,Thursday,Y,Daylight,OGDEN,OTHER,MONROE,Straight and Grade,Snow,None,Snow/Ice,Not Applicable,"Guide Rail - Not At End, Collision With Fixed Object",1
 Damage & Injury Accident,11:48,08/23/2014,Saturday,Y,Daylight,EAST FISHKILL,LEFT TURN (3),DUTCHESS,Straight and Level,Cloudy,None,Dry,Not Applicable,"Other Motor Vehicle, Collision With",2
 Damage Accident,22:30,10/21/2014,Tuesday,Y,Dark-Road Lighted,QUEENS,REAR END,QUEENS,Straight and Level,Clear,None,Dry,Not Applicable,"Other Motor Vehicle, Collision With",2
 Damage & Injury Accident,19:51,07/13/2014,Sunday,Y,Daylight,NORTH HEMPSTEAD,OTHER,NASSAU,Straight and Level,Cloudy,None,Dry,Not Applicable,"Other Motor Vehicle, Collision With",3
 Damage Accident,21:05,03/23/2014,Sunday,Y,Dark-Road Unlighted,CATSKILL,OTHER,GREENE,Straight and Level,Clear,None,Dry,Not Applicable,Deer,1
 Accident,15:00,02/12/2014,Wednesday,Y,Daylight,QUEENS,Unknown,QUEENS,Straight and Level,Clear,None,Dry,Not Applicable,"Other Motor Vehicle, Collision With",2
 Damage & Injury Accident,16:20,07/26/2014,Saturday,Y,Daylight,ORLEANS,OTHER,JEFFERSON,Straight at Hill Crest,Clear,None,Other,Not Applicable,"Earth Embankment/Rock Cut/Ditch, Collision With Fixed Object",1
 Damage Accident,14:30,04/21/2014,Monday,Y,Daylight,MASSAPEQUA PARK,REAR END,NASSAU,Straight and Level,Clear,Stop Sign,Dry,Not Applicable,"Other Motor Vehicle, Collision With",2
 Damage Accident,10:50,01/01/2014,Wednesday,Y,Daylight,MALONE,OTHER,FRANKLIN,Straight and Level,Clear,None,Snow/Ice,Not Applicable,"Building/Wall, Collision With Fixed Object",1
 Damage Accident,18:19,02/11/2014,Tuesday,Y,Dark-Road Unlighted,HECTOR,OTHER,SCHUYLER,Straight and Level,Cloudy,None,Dry,Not Applicable,Deer,1
 Damage Accident,0:00,01/16/2014,Thursday,N,Unknown,FLORIDA,Unknown,MONTGOMERY,Unknown,Unknown,Unknown,Unknown,Not Applicable,"Other Motor Vehicle, Collision With",2
 Damage Accident,0:00,09/27/2014,Saturday,N,Daylight,BROOKHAVEN,Unknown,SUFFOLK,Straight and Level,Clear,None,Dry,Not Applicable,"Other Motor Vehicle, Collision With",2
 Damage Accident,14:35,08/15/2014,Friday,Y,Daylight,QUEENS,OTHER,QUEENS,Straight and Level,Clear,None,Dry,Not Applicable,"Other Motor Vehicle, Collision With",3
 Damage Accident,13:44,05/02/2014,Friday,Y,Daylight,AMSTERDAM,REAR END,MONTGOMERY,Straight and Grade,Cloudy,Unknown,Dry,Not Applicable,"Other Motor Vehicle, Collision With",2
 Damage Accident,9:37,10/06/2014,Monday,Y,Daylight,AMHERST,OVERTAKING,ERIE,Straight and Level,Cloudy,Other,Dry,Not Applicable,"Other Motor Vehicle, Collision With",2
 Damage Accident,10:30,08/25/2014,Monday,Y,Daylight,,REAR END,UNKNOWN,Straight and Level,Clear,None,Dry,Not Applicable,"Other Motor Vehicle, Collision With",2
 Damage Accident,4:30,11/13/2014,Thursday,Y,Dark-Road Unlighted,PAVILION,OTHER,GENESEE,Straight and Level,Cloudy,None,Dry,Not Applicable,Deer,1
 Accident,13:15,06/18/2014,Wednesday,Y,Daylight,NEW YORK,OTHER,NEW YORK,Straight and Level,Clear,Traffic Signal,Dry,"Crossing, Against Signal","Pedestrian, Collision With",1
 Damage & Injury Accident,14:50,04/01/2014,Tuesday,Y,Daylight,CLARKSTOWN,REAR END,ROCKLAND,Straight and Level,Cloudy,Traffic Signal,Dry,Not Applicable,"Other Motor Vehicle, Collision With",2
 Damage Accident,0:00,10/18/2014,Saturday,N,Unknown,BUFFALO,REAR END,ERIE,Unknown,Unknown,Unknown,Unknown,Not Applicable,"Other Motor Vehicle, Collision With",2
 Damage & Injury Accident,18:32,09/24/2014,Wednesday,Y,Daylight,QUEENS,RIGHT ANGLE,QUEENS,Straight and Level,Clear,Stop Sign,Dry,Not Applicable,"Other Motor Vehicle, Collision With",2
 Damage Accident,20:25,04/17/2014,Thursday,Y,Dark-Road Lighted,OYSTER BAY COVE,OTHER,NASSAU,Straight and Level,Clear,None,Dry,Not Applicable,"Tree, Collision With Fixed Object",1
 Accident,20:00,12/23/2014,Tuesday,Y,Dark-Road Lighted,KINGS,Unknown,KINGS,Straight and Level,Rain,Traffic Signal,Wet,Not Applicable,"Other Motor Vehicle, Collision With",2
 Accident,8:45,10/24/2014,Friday,Y,Daylight,NEW YORK,OTHER,NEW YORK,Straight and Level,Clear,None,Dry,Riding/Walking/Skating Along Highway With Traffic,"Bicyclist, Collision With",1
 Damage Accident,23:06,12/03/2014,Wednesday,Y,Dark-Road Unlighted,QUEENSBURY,OTHER,WARREN,Straight and Level,Cloudy,None,Wet,Not Applicable,Deer,1
 Damage Accident,23:30,04/06/2014,Sunday,Y,Dark-Road Lighted,OYSTER BAY,RIGHT ANGLE,NASSAU,Curve and Level,Clear,None,Dry,Not Applicable,"Other Motor Vehicle, Collision With",2
 Damage & Injury Accident,19:07,02/27/2014,Thursday,Y,Dark-Road Lighted,NIAGARA FALLS,HEAD ON,NIAGARA,Straight and Grade,Cloudy,None,Dry,Not Applicable,"Guide Rail - Not At End, Collision With Fixed Object",2
 Damage & Injury Accident,16:08,11/20/2014,Thursday,Y,Daylight,FULTON,RIGHT ANGLE,OSWEGO,Straight and Level,Cloudy,Stop Sign,Wet,Not Applicable,"Other Motor Vehicle, Collision With",2
 Damage Accident,1:45,11/24/2014,Monday,N,Unknown,QUEENS,LEFT TURN (0),QUEENS,Unknown,Unknown,Unknown,Unknown,Not Applicable,"Other Motor Vehicle, Collision With",2
 Accident,16:37,07/11/2014,Friday,Y,Daylight,CLARENCE,OTHER,ERIE,Straight and Level,Clear,Yield Sign,Dry,Riding/Walking/Skating Along Highway Against Traffic,"Bicyclist, Collision With",1
 Accident,13:49,12/19/2014,Friday,Y,Daylight,BRONX,OTHER,BRONX,Straight at Hill Crest,Clear,Traffic Signal,Dry,Not Applicable,"Other Motor Vehicle, Collision With",3
 Damage Accident,20:13,05/09/2014,Friday,N,Unknown,SYRACUSE,OTHER,ONONDAGA,Unknown,Unknown,Unknown,Unknown,Not Applicable,"Other Fixed Object*, Collision With Fixed Object",1
 Damage Accident,1:16,09/21/2014,Sunday,Y,Dark-Road Lighted,POUGHKEEPSIE,OTHER,DUTCHESS,Straight and Level,Clear,None,Dry,Not Applicable,"Light Support/Utility Pole, Collision With Fixed Object",1
 Damage Accident,14:15,08/09/2014,Saturday,Y,Daylight,RIVERHEAD,REAR END,SUFFOLK,Straight and Level,Clear,None,Dry,Not Applicable,"Other Motor Vehicle, Collision With",2
 Damage Accident,18:10,12/29/2014,Monday,N,Dark-Road Unlighted,LANSING,OTHER,TOMPKINS,Straight and Grade,Cloudy,None,Dry,Not Applicable,Deer,1
 Damage Accident,19:30,07/22/2014,Tuesday,Y,Daylight,GRANVILLE,OTHER,WASHINGTON,Straight and Level,Clear,None,Dry,Not Applicable,"Tree, Collision With Fixed Object",1
 Damage Accident,13:01,03/12/2014,Wednesday,Y,Daylight,BUFFALO,OTHER,ERIE,Straight and Level,Snow,None,Snow/Ice,Not Applicable,"Sign Post, Collision With Fixed Object",1
 Damage Accident,9:30,08/04/2014,Monday,N,Daylight,NEW YORK,RIGHT ANGLE,NEW YORK,Straight and Level,Clear,None,Dry,Not Applicable,"Other Motor Vehicle, Collision With",2
 Damage Accident,15:00,03/12/2014,Wednesday,N,Daylight,ELMIRA,Unknown,CHEMUNG,Straight and Level,Snow,Unknown,Snow/Ice,Not Applicable,"Other Motor Vehicle, Collision With",2
 Accident,3:05,10/26/2014,Sunday,Y,Dark-Road Unlighted,GREECE,Unknown,MONROE,Straight and Level,Cloudy,Police/Fire Emergency,Dry,Not Applicable,"Other Motor Vehicle, Collision With",2
 Damage Accident,9:01,11/30/2014,Sunday,Y,Unknown,ROCHESTER,RIGHT ANGLE,MONROE,Straight and Level,Cloudy,None,Dry,Not Applicable,"Other Motor Vehicle, Collision With",2
 Damage Accident,7:37,03/31/2014,Monday,Y,Daylight,ROCHESTER,RIGHT ANGLE,MONROE,Straight and Level,Clear,None,Snow/Ice,Not Applicable,"Other Motor Vehicle, Collision With",2
 Damage & Injury Accident,13:20,06/20/2014,Friday,Y,Daylight,PLATTEKILL,REAR END,ULSTER,Straight and Level,Clear,None,Dry,Not Applicable,"Other Motor Vehicle, Collision With",2
 Damage Accident,14:00,06/29/2014,Sunday,Y,Daylight,FLOWER HILL,REAR END,NASSAU,Straight and Level,Clear,None,Dry,Not Applicable,"Other Motor Vehicle, Collision With",2
 Damage Accident,14:50,02/19/2014,Wednesday,Y,Daylight,NIAGARA FALLS,LEFT TURN (3),NIAGARA,Straight and Level,Cloudy,None,Dry,Not Applicable,"Other Motor Vehicle, Collision With",2
 Damage & Injury Accident,17:33,07/22/2014,Tuesday,Y,Daylight,BUFFALO,OTHER,ERIE,Curve and Level,Clear,None,Dry,Not Applicable,"Other Motor Vehicle, Collision With",3
 Damage Accident,8:16,01/15/2014,Wednesday,Y,Daylight,ROCHESTER,REAR END,MONROE,Straight and Level,Cloudy,None,Snow/Ice,Not Applicable,"Other Motor Vehicle, Collision With",2
 Damage & Injury Accident,0:45,01/07/2014,Tuesday,Y,Dark-Road Unlighted,MANCHESTER,OTHER,ONTARIO,Curve and Level,Snow,None,Snow/Ice,Not Applicable,"Sign Post, Collision With Fixed Object",1
 Damage Accident,14:42,02/14/2014,Friday,Y,Daylight,ORLEANS,OTHER,JEFFERSON,Straight and Level,Cloudy,None,Slush,Not Applicable,"Snow Embankment, Collision With Fixed Object",1
 Accident,16:00,08/30/2014,Saturday,Y,Daylight,BRONX,REAR END,BRONX,Straight and Level,Cloudy,None,Dry,Not Applicable,"Other Motor Vehicle, Collision With",2
 Damage Accident,11:24,11/18/2014,Tuesday,Y,Daylight,HIGHLANDS,Unknown,ORANGE,Straight and Level,Clear,Unknown,Dry,Not Applicable,"Other Motor Vehicle, Collision With",2
 Damage Accident,12:05,07/08/2014,Tuesday,Y,Daylight,HEMPSTEAD,OTHER,NASSAU,Straight and Level,Clear,None,Dry,Not Applicable,"Building/Wall, Collision With Fixed Object",1
 Damage Accident,17:28,02/27/2014,Thursday,Y,Daylight,KINGS,OVERTAKING,KINGS,Straight and Level,Clear,None,Dry,Not Applicable,"Other Motor Vehicle, Collision With",2
 Damage Accident,19:00,08/12/2014,Tuesday,N,Dusk,WALES,OTHER,ERIE,Straight and Grade,Rain,None,Flooded Water,Not Applicable,"Sign Post, Collision With Fixed Object",1
 Damage & Injury Accident,16:49,05/29/2014,Thursday,Y,Daylight,ISLIP,OTHER,SUFFOLK,Straight and Level,Clear,None,Dry,Not Applicable,"Other Motor Vehicle, Collision With",3
 Damage Accident,18:36,02/20/2014,Thursday,Y,Dark-Road Lighted,HEMPSTEAD,REAR END,NASSAU,Straight at Hill Crest,Clear,None,Dry,Not Applicable,"Other Motor Vehicle, Collision With",2
 Damage Accident,7:41,01/15/2014,Wednesday,Y,Daylight,CAMILLUS,OTHER,ONONDAGA,Straight and Grade,Sleet/Hail/Freezing Rain,None,Snow/Ice,Not Applicable,"Other Motor Vehicle, Collision With",3
 Damage Accident,7:41,01/15/2014,Wednesday,Y,Daylight,CAMILLUS,OTHER,ONONDAGA,Straight and Grade,Sleet/Hail/Freezing Rain,None,Snow/Ice,Not Applicable,"Other Motor Vehicle, Collision With",3
 Damage Accident,20:15,08/11/2014,Monday,Y,Dusk,QUEENS,OVERTAKING,QUEENS,Straight and Level,Unknown,None,Dry,Not Applicable,"Other Motor Vehicle, Collision With",2
 Damage Accident,15:10,11/17/2014,Monday,Y,Daylight,GRANVILLE,REAR END,WASHINGTON,Straight and Level,Rain,Traffic Signal,Wet,Not Applicable,"Other Motor Vehicle, Collision With",2
 Damage Accident,13:05,12/26/2014,Friday,N,Daylight,POUGHKEEPSIE,REAR END,DUTCHESS,Straight and Grade,Clear,Traffic Signal,Dry,Not Applicable,"Other Motor Vehicle, Collision With",2
 Damage Accident,9:00,10/09/2014,Thursday,N,Unknown,RICHMOND,OVERTAKING,RICHMOND,Unknown,Unknown,Unknown,Unknown,Not Applicable,"Other Motor Vehicle, Collision With",2
 Damage & Injury Accident,17:31,05/15/2014,Thursday,Y,Daylight,BUFFALO,OVERTAKING,ERIE,Curve and Grade,Rain,None,Wet,Not Applicable,"Other Motor Vehicle, Collision With",2
 Damage Accident,15:27,08/16/2014,Saturday,Y,Daylight,BUFFALO,RIGHT ANGLE,ERIE,Straight and Level,Cloudy,Traffic Signal,Dry,Not Applicable,"Other Motor Vehicle, Collision With",2
 Damage Accident,21:55,07/21/2014,Monday,Y,Dark-Road Unlighted,HAMILTON,OTHER,MADISON,Curve and Level,Cloudy,No Passing Zone,Dry,Not Applicable,Deer,1
 Damage Accident,7:29,12/15/2014,Monday,Y,Daylight,ROCHESTER,REAR END,MONROE,Straight and Level,Cloudy,None,Wet,Not Applicable,"Other Motor Vehicle, Collision With",2
 Damage Accident,17:45,09/04/2014,Thursday,Y,Daylight,NISKAYUNA,OVERTAKING,SCHENECTADY,Straight and Grade,Clear,None,Dry,Not Applicable,"Other Motor Vehicle, Collision With",2
 Damage Accident,10:46,01/22/2014,Wednesday,Y,Daylight,YORKTOWN,RIGHT ANGLE,WESTCHESTER,Straight and Level,Clear,Traffic Signal,Wet,Not Applicable,"Other Motor Vehicle, Collision With",2
 Damage Accident,18:44,11/20/2014,Thursday,Y,Dark-Road Unlighted,HYDE PARK,RIGHT TURN (6),DUTCHESS,Straight and Level,Clear,None,Dry,Not Applicable,"Other Motor Vehicle, Collision With",2
 Damage Accident,15:30,12/24/2014,Wednesday,N,Dusk,OYSTER BAY,OTHER,NASSAU,Straight and Level,Rain,Unknown,Wet,Not Applicable,"Other*, Non-Collision",1
 Damage Accident,1:00,10/13/2014,Monday,Y,Daylight,RAMAPO,OTHER,ROCKLAND,Curve and Level,Cloudy,None,Dry,Not Applicable,Deer,1
 Damage Accident,15:56,03/19/2014,Wednesday,Y,Daylight,MIDDLETOWN,OTHER,DELAWARE,Curve and Level,Sleet/Hail/Freezing Rain,No Passing Zone,Wet,Not Applicable,Deer,1
 Damage Accident,14:40,07/19/2014,Saturday,N,Daylight,KINGS,Unknown,KINGS,Straight and Level,Clear,None,Dry,Not Applicable,"Other Motor Vehicle, Collision With",2