 Descriptor,Time,Date,Day of Week,Police Report,Lighting Conditions,Municipality,Collision Type Descriptor,County Name,Road Descriptor,Weather Conditions,Traffic Control Device,Road Surface Conditions,Pedestrian Bicyclist Action,Event Descriptor,Number of Vehicles Involved
 Damage & Injury Accident,18:56,05/21/2014,Wednesday,Y,Daylight,YONKERS,RIGHT ANGLE,WESTCHESTER,Straight and Grade,Clear,Stop Sign,Dry,Not Applicable,"Other Motor Vehicle, Collision With",2
 Damage Accident,13:04,01/06/2014,Monday,Y,Daylight,VICTOR,OVERTAKING,ONTARIO,Straight and Level,Cloudy,No Passing Zone,Dry,Not Applicable,"Other Motor Vehicle, Collision With",2
 Damage Accident,2:28,07/26/2014,Saturday,Y,Dark-Road Unlighted,MALTA,OTHER,SARATOGA,Curve and Level,Clear,None,Dry,Not Applicable,"Guide Rail - Not At End, Collision With Fixed Object",1
 Damage Accident,10:45,09/07/2014,Sunday,N,Daylight,BROOKHAVEN,OVERTAKING,SUFFOLK,Straight and Level,Clear,None,Dry,Not Applicable,"Other Motor Vehicle, Collision With",2
 Damage Accident,19:00,10/16/2014,Thursday,Y,Dark-Road Unlighted,HOUNSFIELD,OTHER,JEFFERSON,Straight and Level,Clear,None,Dry,Not Applicable,Deer,1
 Damage & Injury Accident,9:41,01/13/2014,Monday,Y,Daylight,FENTON,REAR END,BROOME,Straight and Level,Cloudy,Traffic Signal,Dry,Not Applicable,"Other Motor Vehicle, Collision With",2
 Damage Accident,16:30,12/04/2014,Thursday,Y,Dark-Road Unlighted,GARDINER,OTHER,ULSTER,Curve and Grade,Cloudy,None,Dry,Not Applicable,Deer,1
 Damage & Injury Accident,13:57,04/27/2014,Sunday,Y,Daylight,STOCKHOLM,RIGHT ANGLE,ST. LAWRENCE,Straight and Level,Cloudy,None,Dry,Not Applicable,"Other Motor Vehicle, Collision With",2
 Damage Accident,10:30,12/12/2014,Friday,N,Daylight,NEW YORK,Unknown,NEW YORK,Unknown,Clear,Unknown,Unknown,Not Applicable,"Other Motor Vehicle, Collision With",2
 Damage & Injury Accident,12:12,09/03/2014,Wednesday,Y,Daylight,AMHERST,OTHER,ERIE,Straight and Level,Clear,None,Dry,Not Applicable,"Other Motor Vehicle, Collision With",3
 Damage Accident,3:30,03/25/2014,Tuesday,N,Unknown,NEW YORK,Unknown,NEW YORK,Unknown,Unknown,Unknown,Unknown,Not Applicable,"Other Motor Vehicle, Collision With",2
 Damage & Injury Accident,11:00,06/20/2014,Friday,Y,Daylight,BRONX,RIGHT ANGLE,BRONX,Straight and Level,Clear,Traffic Signal,Dry,Not Applicable,"Other Motor Vehicle, Collision With",2
 Damage & Injury Accident,13:11,08/10/2014,Sunday,Y,Daylight,MORIAH,RIGHT ANGLE,ESSEX,Straight and Level,Clear,Yield Sign,Dry,Not Applicable,"Other Motor Vehicle, Collision With",2
 Accident,16:28,10/30/2014,Thursday,Y,Daylight,OYSTER BAY,REAR END,NASSAU,Straight and Level,Clear,Stop Sign,Dry,Not Applicable,"Other Motor Vehicle, Collision With",2
 Damage Accident,18:00,02/15/2014,Saturday,Y,Dark-Road Unlighted,,RIGHT ANGLE,ORANGE,Straight and Level,Snow,None,Snow/Ice,Not Applicable,"Other Motor Vehicle, Collision With",2
 Damage Accident,9:57,09/17/2014,Wednesday,Y,Daylight,GRAND ISLAND,LEFT TURN (0),ERIE,Straight and Level,Clear,None,Dry,Not Applicable,"Other Motor Vehicle, Collision With",2
 Damage Accident,21:00,08/22/2014,Friday,Y,Dark-Road Lighted,HEMPSTEAD,OVERTAKING,NASSAU,Curve and Level,Clear,Traffic Signal,Dry,Not Applicable,"Other Motor Vehicle, Collision With",2
 Damage & Injury Accident,14:45,11/26/2014,Wednesday,Y,Daylight,BROOKHAVEN,RIGHT TURN (5),SUFFOLK,Straight and Level,Rain,Traffic Signal,Wet,Not Applicable,"Other Motor Vehicle, Collision With",2
 Damage Accident,21:44,03/31/2014,Monday,Y,Dark-Road Unlighted,EAST FISHKILL,OTHER,DUTCHESS,Curve and Grade,Cloudy,None,Dry,Not Applicable,"Guide Rail - Not At End, Collision With Fixed Object",1
 Damage Accident,6:00,03/18/2014,Tuesday,Y,Dark-Road Unlighted,TAGHKANIC,OTHER,COLUMBIA,Straight and Level,Clear,None,Dry,Not Applicable,Deer,1
 Damage Accident,19:16,06/08/2014,Sunday,Y,Daylight,HEMPSTEAD,REAR END,NASSAU,Straight and Level,Clear,None,Dry,Not Applicable,"Other Motor Vehicle, Collision With",2
 Damage Accident,11:45,01/23/2014,Thursday,Y,Daylight,NIAGARA FALLS,OTHER,NIAGARA,Straight and Level,Snow,None,Snow/Ice,Not Applicable,"Tree, Collision With Fixed Object",1
 Accident,11:07,09/20/2014,Saturday,Y,Daylight,BUFFALO,OTHER,ERIE,Curve and Level,Clear,None,Dry,Not Applicable,"Median - Not At End, Collision With Fixed Object",1
 Damage Accident,6:20,10/21/2014,Tuesday,Y,Dark-Road Lighted,AVON,REAR END,LIVINGSTON,Straight and Level,Rain,None,Wet,Not Applicable,"Other Motor Vehicle, Collision With",2
 Damage Accident,15:15,04/27/2014,Sunday,N,Daylight,RICHMOND,REAR END,RICHMOND,Straight and Grade,Clear,Traffic Signal,Dry,Not Applicable,"Other Motor Vehicle, Collision With",2
 Damage Accident,6:40,12/01/2014,Monday,Y,Dark-Road Unlighted,NUNDA,OTHER,LIVINGSTON,Straight and Grade,Cloudy,None,Wet,Not Applicable,Deer,1
 Damage & Injury Accident,18:20,02/25/2014,Tuesday,Y,Dark-Road Unlighted,YORKTOWN,RIGHT ANGLE,WESTCHESTER,Straight and Level,Clear,Stop Sign,Dry,Not Applicable,"Other Motor Vehicle, Collision With",2
 Damage Accident,10:30,04/03/2014,Thursday,Y,Daylight,QUEENS,OVERTAKING,QUEENS,Straight and Level,Clear,None,Dry,Not Applicable,"Other Motor Vehicle, Collision With",2
 Accident,12:15,03/07/2014,Friday,Y,Daylight,KINGS,OTHER,KINGS,Straight and Level,Cloudy,Traffic Signal,Dry,"Crossing, With Signal","Pedestrian, Collision With",1
 Accident,2:35,04/04/2014,Friday,Y,Dark-Road Lighted,QUEENS,OTHER,QUEENS,Straight and Level,Clear,Stop Sign,Wet,Not Applicable,"Other Motor Vehicle, Collision With",3
 Damage Accident,17:03,12/20/2014,Saturday,Y,Daylight,GREENFIELD,SIDESWIPE,SARATOGA,Straight at Hill Crest,Clear,Stop Sign,Dry,Not Applicable,"Other Motor Vehicle, Collision With",2
 Damage Accident,12:25,03/29/2014,Saturday,N,Unknown,NEW YORK,OVERTAKING,NEW YORK,Unknown,Unknown,Unknown,Unknown,Not Applicable,"Other Motor Vehicle, Collision With",2
 Accident,21:35,12/04/2014,Thursday,Y,Dark-Road Lighted,NEW YORK,REAR END,NEW YORK,Straight and Level,Clear,Unknown,Dry,Not Applicable,"Other Motor Vehicle, Collision With",2
 Damage Accident,0:34,11/28/2014,Friday,Y,Dark-Road Unlighted,GUILDERLAND,OTHER,ALBANY,Straight and Level,Snow,Stop Sign,Snow/Ice,Not Applicable,"Fence, Collision With Fixed Object",1
 Damage Accident,20:54,12/19/2014,Friday,Y,Dark-Road Unlighted,GREENFIELD,OTHER,SARATOGA,Curve and Level,Clear,No Passing Zone,Dry,Not Applicable,Deer,1
 Damage Accident,15:58,02/09/2014,Sunday,Y,Daylight,BINGHAMTON,OTHER,BROOME,Straight and Level,Snow,None,Snow/Ice,Not Applicable,"Light Support/Utility Pole, Collision With Fixed Object",1
 Damage & Injury Accident,14:47,05/09/2014,Friday,Y,Daylight,BUTLER,RIGHT ANGLE,WAYNE,Straight and Level,Cloudy,Flashing Light,Dry,Not Applicable,"Other Motor Vehicle, Collision With",2
 Damage & Injury Accident,16:42,04/14/2014,Monday,Y,Daylight,BELLMONT,OTHER,FRANKLIN,Straight and Grade,Cloudy,None,Muddy,Not Applicable,"Earth Embankment/Rock Cut/Ditch, Collision With Fixed Object",1
 Accident,15:20,12/01/2014,Monday,Y,Daylight,BRONX,OTHER,BRONX,Straight and Level,Cloudy,None,Dry,Getting On/Off Vehicle Other than School Bus,"Pedestrian, Collision With",1
 Damage Accident,18:57,10/12/2014,Sunday,Y,Dark-Road Lighted,BROOKHAVEN,REAR END,SUFFOLK,Straight and Level,Clear,Traffic Signal,Dry,Not Applicable,"Other Motor Vehicle, Collision With",2
 Damage Accident,4:19,06/11/2014,Wednesday,Y,Dark-Road Unlighted,NEW CASTLE,OTHER,WESTCHESTER,Straight and Level,Clear,No Passing Zone,Wet,Not Applicable,"Earth Embankment/Rock Cut/Ditch, Collision With Fixed Object",1
 Damage & Injury Accident,14:40,02/27/2014,Thursday,Y,Daylight,ROME,REAR END,ONEIDA,Straight and Level,Cloudy,No Passing Zone,Snow/Ice,Not Applicable,"Other Motor Vehicle, Collision With",2
 Damage & Injury Accident,16:06,04/19/2014,Saturday,Y,Daylight,ERWIN,OTHER,STEUBEN,Curve and Level,Clear,None,Dry,Not Applicable,"Barrier, Collision With Fixed Object",1
 Accident,18:50,06/03/2014,Tuesday,Y,Dawn,BRONX,OTHER,BRONX,Straight and Level,Cloudy,Traffic Signal,Dry,Other Actions in Roadway,"Pedestrian, Collision With",1
 Damage Accident,0:00,07/03/2014,Thursday,N,Daylight,GLOVERSVILLE,OTHER,FULTON,Straight and Grade,Rain,Stop Sign,Flooded Water,Not Applicable,"Submersion, Non-Collision",1
 Damage Accident,5:45,08/25/2014,Monday,Y,Dawn,COXSACKIE,OTHER,GREENE,Curve and Level,Clear,No Passing Zone,Dry,Not Applicable,"Other Fixed Object*, Collision With Fixed Object",1
 Damage Accident,4:00,01/18/2014,Saturday,Y,Dark-Road Unlighted,LIBERTY,OTHER,SULLIVAN,Curve and Grade,Snow,None,Snow/Ice,Not Applicable,"Tree, Collision With Fixed Object",1
 Damage Accident,14:00,02/05/2014,Wednesday,N,Daylight,HARTWICK,OTHER,OTSEGO,Straight and Level,Unknown,None,Snow/Ice,Not Applicable,"Other Object (Not Fixed)*, Collision With",1
 Damage Accident,17:11,01/13/2014,Monday,Y,Dusk,CORNING,REAR END,STEUBEN,Straight and Level,Clear,Traffic Signal,Dry,Not Applicable,"Other Motor Vehicle, Collision With",2
 Damage Accident,10:35,06/21/2014,Saturday,Y,Daylight,ALMOND,LEFT TURN (0),ALLEGANY,Straight and Level,Clear,None,Dry,Not Applicable,"Other Motor Vehicle, Collision With",2
 Damage Accident,17:35,11/06/2014,Thursday,Y,Dark-Road Lighted,HEMPSTEAD,OTHER,NASSAU,Straight and Level,Rain,None,Wet,Not Applicable,"Other Motor Vehicle, Collision With",3
 Damage Accident,15:53,10/24/2014,Friday,Y,Daylight,GLENS FALLS,REAR END,WARREN,Straight and Level,Clear,None,Dry,Not Applicable,"Other Motor Vehicle, Collision With",2
 Damage Accident,12:00,06/07/2014,Saturday,Y,Daylight,MIDDLEFIELD,OTHER,OTSEGO,Straight and Level,Clear,No Passing Zone,Dry,Not Applicable,Deer,1
 Accident,0:00,10/20/2014,Monday,N,Unknown,NEW YORK,OTHER,NEW YORK,Unknown,Unknown,Unknown,Unknown,Not Applicable,"Other Motor Vehicle, Collision With",4
 Damage Accident,0:00,03/30/2014,Sunday,N,Dark-Road Unlighted,ITALY,OTHER,YATES,Straight and Grade,Snow,None,Snow/Ice,Not Applicable,"Fire/Explosion, Non-Collision",1
 Damage Accident,11:44,09/16/2014,Tuesday,Y,Daylight,ONEONTA,RIGHT TURN (6),OTSEGO,Straight and Level,Cloudy,None,Dry,Not Applicable,"Other Motor Vehicle, Collision With",2
 Damage Accident,11:49,01/03/2014,Friday,Y,Daylight,SCARSDALE,OTHER,WESTCHESTER,Straight and Level,Clear,Traffic Signal,Snow/Ice,Not Applicable,"Other Motor Vehicle, Collision With",2
 Damage Accident,0:00,09/13/2014,Saturday,N,Unknown,AURELIUS,OTHER,CAYUGA,Unknown,Unknown,Unknown,Unknown,Not Applicable,Deer,1
 Damage Accident,0:00,05/19/2014,Monday,N,Unknown,BRONX,REAR END,BRONX,Unknown,Unknown,Unknown,Unknown,Not Applicable,"Other Motor Vehicle, Collision With",2
 Damage Accident,8:25,12/25/2014,Thursday,Y,Daylight,AVON,OTHER,LIVINGSTON,Straight and Grade,Cloudy,None,Wet,Not Applicable,"Guide Rail - Not At End, Collision With Fixed Object",1
 Damage Accident,12:00,02/13/2014,Thursday,Y,Daylight,,OTHER,ROCKLAND,Straight and Grade,Snow,None,Snow/Ice,Not Applicable,"Other Motor Vehicle, Collision With",2
 Damage & Injury Accident,16:17,02/14/2014,Friday,Y,Daylight,SCHENECTADY,RIGHT ANGLE,SCHENECTADY,Straight and Grade,Cloudy,None,Snow/Ice,Not Applicable,"Other Motor Vehicle, Collision With",2
 Damage Accident,19:20,05/19/2014,Monday,Y,Dusk,WAPPINGER,OTHER,DUTCHESS,Straight and Level,Clear,Traffic Signal,Dry,Not Applicable,"Other Motor Vehicle, Collision With",3
 Accident,14:00,02/13/2014,Thursday,Y,Daylight,BRONX,OTHER,BRONX,Straight and Level,Sleet/Hail/Freezing Rain,Unknown,Snow/Ice,Other Actions in Roadway,"Other Motor Vehicle, Collision With",2
 Damage Accident,18:00,01/28/2014,Tuesday,Y,Dark-Road Lighted,HEMPSTEAD,LEFT TURN (3),NASSAU,Straight and Level,Clear,Traffic Signal,Dry,Not Applicable,"Other Motor Vehicle, Collision With",2
 Damage Accident,8:19,07/18/2014,Friday,Y,Daylight,WATERTOWN,OTHER,JEFFERSON,Curve and Level,Clear,None,Dry,Not Applicable,"Other Fixed Object*, Collision With Fixed Object",1
 Accident,17:30,03/24/2014,Monday,Y,Daylight,KINGS,REAR END,KINGS,Straight and Level,Clear,Traffic Signal,Dry,Not Applicable,"Other Motor Vehicle, Collision With",2
 Damage Accident,8:00,12/07/2014,Sunday,Y,Daylight,CORTLAND,OTHER,CORTLAND,Unknown,Unknown,None,Muddy,Not Applicable,"Fence, Collision With Fixed Object",1
 Accident,21:40,09/27/2014,Saturday,Y,Dark-Road Lighted,NEW YORK,Unknown,NEW YORK,Straight and Level,Clear,Stop Sign,Dry,Not Applicable,"Other Motor Vehicle, Collision With",2
 Damage Accident,15:30,05/02/2014,Friday,Y,Daylight,BRONX,OTHER,BRONX,Straight and Level,Clear,None,Dry,Not Applicable,"Other Motor Vehicle, Collision With",3
 Damage Accident,23:45,03/11/2014,Tuesday,Y,Dark-Road Unlighted,BERGEN,OTHER,GENESEE,Straight and Level,Clear,None,Dry,Not Applicable,Deer,1
 Accident,17:30,11/03/2014,Monday,Y,Dark-Road Lighted,RICHMOND,OTHER,RICHMOND,Curve and Level,Clear,None,Dry,Not Applicable,"Tree, Collision With Fixed Object",1
 Damage Accident,12:40,05/01/2014,Thursday,Y,Daylight,ILION,RIGHT ANGLE,HERKIMER,Straight and Level,Cloudy,Stop Sign,Dry,Not Applicable,"Other Motor Vehicle, Collision With",2
 Damage Accident,0:00,06/11/2014,Wednesday,N,Unknown,BRONX,OVERTAKING,BRONX,Unknown,Unknown,Unknown,Unknown,Not Applicable,"Other Motor Vehicle, Collision With",2
 Damage Accident,17:07,12/24/2014,Wednesday,N,Dark-Road Lighted,,REAR END,NASSAU,Straight and Level,Rain,None,Wet,Not Applicable,"Other Motor Vehicle, Collision With",2
 Damage Accident,19:10,12/13/2014,Saturday,Y,Dark-Road Lighted,NORTH HEMPSTEAD,HEAD ON,NASSAU,Straight and Level,Clear,Traffic Signal,Dry,Not Applicable,"Other Motor Vehicle, Collision With",2
 Accident,20:40,09/05/2014,Friday,Y,Dark-Road Lighted,NORTH HEMPSTEAD,OTHER,NASSAU,Straight and Level,Cloudy,None,Dry,"Crossing, No Signal or Crosswalk","Pedestrian, Collision With",1
 Damage Accident,15:35,03/23/2014,Sunday,Y,Daylight,WALLKILL,OTHER,ORANGE,Straight and Level,Cloudy,None,Dry,Not Applicable,"Other Motor Vehicle, Collision With",3
 Damage Accident,18:10,03/31/2014,Monday,Y,Daylight,HEMPSTEAD,OVERTAKING,NASSAU,Curve and Level,Clear,None,Dry,Not Applicable,"Other Motor Vehicle, Collision With",2
 Damage & Injury Accident,7:56,10/23/2014,Thursday,Y,Daylight,OYSTER BAY,REAR END,NASSAU,Straight and Level,Rain,Traffic Signal,Wet,Not Applicable,"Other Motor Vehicle, Collision With",2
 Damage Accident,17:25,11/04/2014,Tuesday,Y,Dark-Road Unlighted,WALTON,OTHER,DELAWARE,Straight and Level,Cloudy,None,Dry,Not Applicable,Deer,1
 Damage Accident,20:00,05/24/2014,Saturday,N,Unknown,RICHMOND,OVERTAKING,RICHMOND,Unknown,Unknown,Unknown,Unknown,Not Applicable,"Other Motor Vehicle, Collision With",2
 Damage Accident,7:04,07/29/2014,Tuesday,Y,Daylight,OYSTER BAY,REAR END,NASSAU,Straight and Level,Clear,None,Dry,Not Applicable,"Other Motor Vehicle, Collision With",2
 Accident,15:44,06/25/2014,Wednesday,Y,Daylight,KINGS,OTHER,KINGS,Straight and Level,Clear,Traffic Signal,Dry,"Crossing, With Signal","Pedestrian, Collision With",1
 Damage Accident,17:37,08/29/2014,Friday,Y,Daylight,BATAVIA,REAR END,GENESEE,Straight and Level,Clear,None,Dry,Not Applicable,"Other Motor Vehicle, Collision With",2
 Damage Accident,13:32,05/16/2014,Friday,Y,Daylight,MILO,OTHER,YATES,Straight and Level,Cloudy,None,Wet,Not Applicable,Deer,1
 Damage Accident,17:06,12/02/2014,Tuesday,Y,Dark-Road Lighted,NORTH HEMPSTEAD,OTHER,NASSAU,Straight and Level,Rain,None,Wet,Not Applicable,"Other Motor Vehicle, Collision With",3
 Damage Accident,7:25,08/05/2014,Tuesday,Y,Daylight,PAVILION,LEFT TURN (0),GENESEE,Straight and Level,Clear,Traffic Signal,Dry,Not Applicable,"Other Motor Vehicle, Collision With",2
 Damage Accident,19:41,10/11/2014,Saturday,Y,Dark-Road Unlighted,GENESEO,OTHER,LIVINGSTON,Straight and Level,Cloudy,None,Wet,Not Applicable,Deer,1
 Accident,9:05,12/12/2014,Friday,Y,Daylight,NEW YORK,OVERTAKING,NEW YORK,Straight and Level,Cloudy,None,Dry,Not Applicable,"Other Motor Vehicle, Collision With",2
 Accident,16:30,12/07/2014,Sunday,Y,Daylight,KINGS,OTHER,KINGS,Straight and Level,Rain,Unknown,Wet,Riding/Walking/Skating Along Highway With Traffic,"Bicyclist, Collision With",1
 Damage Accident,16:05,10/10/2014,Friday,Y,Daylight,CORTLANDT,OVERTAKING,WESTCHESTER,Straight and Grade,Cloudy,Other,Dry,Not Applicable,"Other Motor Vehicle, Collision With",2
 Damage Accident,7:18,10/28/2014,Tuesday,Y,Dawn,PEMBROKE,OTHER,GENESEE,Straight and Level,Cloudy,None,Dry,Not Applicable,Deer,1
 Damage & Injury Accident,16:05,09/16/2014,Tuesday,Y,Daylight,SOMERS,REAR END,WESTCHESTER,Straight and Level,Cloudy,None,Dry,Not Applicable,"Other Motor Vehicle, Collision With",2
 Accident,18:46,11/25/2014,Tuesday,Y,Dark-Road Lighted,RIVERHEAD,RIGHT ANGLE,SUFFOLK,Straight and Level,Cloudy,None,Dry,Not Applicable,"Other Motor Vehicle, Collision With",2
 Damage & Injury Accident,17:00,06/01/2014,Sunday,Y,Daylight,KINGS,Unknown,KINGS,Straight and Level,Clear,None,Dry,Not Applicable,"Other Motor Vehicle, Collision With",2
 Damage & Injury Accident,16:51,04/10/2014,Thursday,Y,Daylight,BROOKHAVEN,REAR END,SUFFOLK,Straight and Level,Clear,None,Dry,Not Applicable,"Other Motor Vehicle, Collision With",2
 Damage Accident,13:20,12/20/2014,Saturday,Y,Daylight,MALTA,RIGHT ANGLE,SARATOGA,Straight and Level,Clear,None,Dry,Not Applicable,"Other Motor Vehicle, Collision With",2
 Accident,10:10,12/18/2014,Thursday,Y,Daylight,QUEENS,OTHER,QUEENS,Straight and Level,Clear,None,Dry,Not Applicable,"Other Motor Vehicle, Collision With",3
 Accident,20:00,06/25/2014,Wednesday,Y,Daylight,KINGS,OTHER,KINGS,Straight and Level,Clear,Traffic Signal,Dry,"Crossing, With Signal","Pedestrian, Collision With",1
 Damage Accident,3:45,03/02/2014,Sunday,Y,Dark-Road Lighted,SOUTHEAST,OTHER,PUTNAM,Straight and Level,Clear,No Passing Zone,Dry,Not Applicable,"Snow Embankment, Collision With Fixed Object",1
 Damage Accident,2:40,02/22/2014,Saturday,Y,Dark-Road Unlighted,CRAWFORD,OTHER,ORANGE,Straight and Level,Cloudy,No Passing Zone,Snow/Ice,Not Applicable,"Snow Embankment, Collision With Fixed Object",1
 Damage Accident,19:00,08/23/2014,Saturday,N,Unknown,HEMPSTEAD,Unknown,NASSAU,Unknown,Unknown,Unknown,Unknown,Not Applicable,"Other Motor Vehicle, Collision With",2
 Damage & Injury Accident,16:43,05/05/2014,Monday,Y,Daylight,BROOKHAVEN,REAR END,SUFFOLK,Straight and Level,Clear,Traffic Signal,Dry,Not Applicable,"Other Motor Vehicle, Collision With",2
 Damage Accident,12:54,01/23/2014,Thursday,Y,Daylight,HEMPSTEAD,LEFT TURN (0),NASSAU,Straight and Level,Clear,None,Snow/Ice,Not Applicable,"Other Motor Vehicle, Collision With",2
 Damage Accident,21:53,08/28/2014,Thursday,Y,Daylight,BROOKHAVEN,REAR END,SUFFOLK,Curve and Grade,Clear,Yield Sign,Dry,Not Applicable,"Other Motor Vehicle, Collision With",2
 Damage Accident,20:35,01/26/2014,Sunday,Y,Daylight,QUEENS,Unknown,QUEENS,Straight and Level,Clear,None,Wet,Not Applicable,"Other Motor Vehicle, Collision With",2
 Damage & Injury Accident,12:51,03/14/2014,Friday,Y,Daylight,COCHECTON,RIGHT TURN (6),SULLIVAN,Straight and Level,Clear,No Passing Zone,Dry,Not Applicable,"Other Motor Vehicle, Collision With",2
 Damage Accident,15:53,09/26/2014,Friday,Y,Daylight,ONEONTA,SIDESWIPE,OTSEGO,Straight and Level,Clear,None,Dry,Not Applicable,"Building/Wall, Collision With Fixed Object",2
 Damage Accident,21:35,10/01/2014,Wednesday,Y,Dark-Road Unlighted,BATAVIA,OTHER,GENESEE,Straight and Grade,Clear,None,Dry,Not Applicable,Deer,1
 Accident,15:10,07/24/2014,Thursday,Y,Daylight,QUEENS,HEAD ON,QUEENS,Straight and Level,Clear,None,Dry,Not Applicable,"Other Motor Vehicle, Collision With",2
 Damage Accident,18:02,10/23/2014,Thursday,Y,Dusk,YORKTOWN,OTHER,WESTCHESTER,Straight and Level,Cloudy,None,Wet,Not Applicable,Deer,1
 Damage & Injury Accident,19:15,09/16/2014,Tuesday,Y,Dark-Road Lighted,KINGS,OTHER,KINGS,Curve and Level,Clear,Traffic Signal,Dry,Not Applicable,"Other Motor Vehicle, Collision With",2
 Damage Accident,8:10,03/05/2014,Wednesday,Y,Daylight,ROCHESTER,LEFT TURN (3),MONROE,Straight and Level,Snow,Stop Sign,Snow/Ice,Not Applicable,"Other Motor Vehicle, Collision With",2
 Damage Accident,14:48,01/16/2014,Thursday,Y,Daylight,BROOKHAVEN,REAR END,SUFFOLK,Straight and Level,Cloudy,None,Dry,Not Applicable,"Other Motor Vehicle, Collision With",2
 Damage Accident,8:10,01/17/2014,Friday,N,Unknown,KINGS,OTHER,KINGS,Unknown,Unknown,Unknown,Unknown,Not Applicable,"Other Fixed Object*, Collision With Fixed Object",1
 Damage & Injury Accident,22:30,12/07/2014,Sunday,N,Dark-Road Lighted,BRONX,SIDESWIPE,BRONX,Straight and Level,Clear,None,Dry,Not Applicable,"Other Motor Vehicle, Collision With",2
 Damage & Injury Accident,9:17,09/24/2014,Wednesday,Y,Daylight,BRONX,OVERTAKING,BRONX,Straight and Level,Cloudy,None,Dry,Not Applicable,"Other Motor Vehicle, Collision With",2
 Damage Accident,14:12,06/27/2014,Friday,Y,Daylight,CLAY,LEFT TURN (3),ONONDAGA,Straight and Level,Cloudy,None,Dry,Not Applicable,"Other Motor Vehicle, Collision With",2
 Damage Accident,17:10,10/17/2014,Friday,N,Daylight,KINGS,RIGHT ANGLE,KINGS,Straight and Level,Clear,Traffic Signal,Dry,Not Applicable,"Other Motor Vehicle, Collision With",2
 Damage Accident,15:32,08/03/2014,Sunday,Y,Daylight,RIVERSIDE,OVERTAKING,STEUBEN,Straight and Level,Rain,Traffic Signal,Wet,Not Applicable,"Other Motor Vehicle, Collision With",2
 Damage & Injury Accident,16:40,03/08/2014,Saturday,Y,Daylight,OYSTER BAY,OTHER,NASSAU,Straight and Level,Cloudy,Stop Sign,Dry,Not Applicable,"Other Motor Vehicle, Collision With",3
 Damage & Injury Accident,15:35,07/29/2014,Tuesday,Y,Daylight,SYRACUSE,OTHER,ONONDAGA,Straight and Grade,Cloudy,None,Dry,Not Applicable,"Other Motor Vehicle, Collision With",3
 Damage Accident,20:51,05/15/2014,Thursday,Y,Dark-Road Lighted,HEMPSTEAD,REAR END,NASSAU,Straight and Level,Cloudy,Unknown,Dry,Not Applicable,"Other Motor Vehicle, Collision With",2
 Damage & Injury Accident,13:44,12/04/2014,Thursday,Y,Daylight,FREEPORT,RIGHT ANGLE,NASSAU,Straight and Level,Clear,None,Dry,Not Applicable,"Other Motor Vehicle, Collision With",2
 Damage Accident,14:50,10/12/2014,Sunday,Y,Daylight,HEMPSTEAD,REAR END,NASSAU,Straight and Grade,Clear,Traffic Signal,Dry,Not Applicable,"Other Motor Vehicle, Collision With",2
 Accident,12:30,09/16/2014,Tuesday,Y,Daylight,KINGS,OTHER,KINGS,Straight and Level,Cloudy,None,Wet,"Crossing, With Signal","Pedestrian, Collision With",1
 Accident,20:30,08/06/2014,Wednesday,Y,Dark-Road Lighted,KINGS,OTHER,KINGS,Straight and Level,Clear,None,Dry,"Crossing, No Signal or Crosswalk","Pedestrian, Collision With",1
 Damage Accident,6:40,01/03/2014,Friday,Y,Dawn,BARKER,OTHER,BROOME,Curve and Grade,Snow,None,Snow/Ice,Not Applicable,"Earth Embankment/Rock Cut/Ditch, Collision With Fixed Object",1
 Damage Accident,1:51,01/21/2014,Tuesday,Y,Dark-Road Lighted,HEMPSTEAD,OTHER,NASSAU,Straight and Level,Clear,Traffic Signal,Dry,Not Applicable,"Building/Wall, Collision With Fixed Object",1
 Damage Accident,16:40,04/10/2014,Thursday,N,Unknown,,Unknown,UNKNOWN,Unknown,Unknown,Unknown,Unknown,Not Applicable,"Other Motor Vehicle, Collision With",2
 Damage Accident,12:32,06/25/2014,Wednesday,Y,Daylight,COLONIE,OVERTAKING,ALBANY,Curve and Level,Cloudy,None,Dry,Not Applicable,"Other Motor Vehicle, Collision With",2
 Damage Accident,4:41,02/02/2014,Sunday,Y,Dark-Road Lighted,LONG BEACH,OTHER,NASSAU,Straight and Level,Cloudy,None,Wet,Not Applicable,"Other Fixed Object*, Collision With Fixed Object",1
 Damage & Injury Accident,3:00,11/14/2014,Friday,Y,Dark-Road Lighted,KINGS,LEFT TURN (3),KINGS,Straight and Level,Rain,Traffic Signal,Wet,Not Applicable,"Other Motor Vehicle, Collision With",2
 Damage Accident,19:30,07/08/2014,Tuesday,Y,Daylight,NORTH HEMPSTEAD,RIGHT ANGLE,NASSAU,Straight and Level,Clear,Stop Sign,Dry,Not Applicable,"Other Motor Vehicle, Collision With",2
 Damage & Injury Accident,7:45,05/04/2014,Sunday,Y,Daylight,KINGS,RIGHT ANGLE,KINGS,Straight and Level,Clear,Stop Sign,Dry,Not Applicable,"Other Motor Vehicle, Collision With",2
 Damage Accident,8:36,02/26/2014,Wednesday,Y,Daylight,WALLKILL,LEFT TURN (3),ORANGE,Straight and Level,Cloudy,Stop Sign,Dry,Not Applicable,"Other Motor Vehicle, Collision With",2