 Descriptor,Time,Date,Day of Week,Police Report,Lighting Conditions,Municipality,Collision Type Descriptor,County Name,Road Descriptor,Weather Conditions,Traffic Control Device,Road Surface Conditions,Pedestrian Bicyclist Action,Event Descriptor,Number of Vehicles Involved
 Damage Accident,12:40,06/06/2014,Friday,Y,Daylight,SMITHTOWN,Unknown,SUFFOLK,Straight and Level,Clear,None,Dry,Not Applicable,"Other Motor Vehicle, Collision With",2
 Damage Accident,12:58,07/15/2014,Tuesday,Y,Daylight,CARMEL,OTHER,PUTNAM,Straight at Hill Crest,Cloudy,No Passing Zone,Dry,Not Applicable,Deer,1
 Damage & Injury Accident,18:10,02/09/2014,Sunday,Y,Dark-Road Lighted,GREECE,RIGHT ANGLE,MONROE,Curve and Level,Snow,Traffic Signal,Snow/Ice,Not Applicable,"Other Motor Vehicle, Collision With",2
 Damage & Injury Accident,7:41,01/24/2014,Friday,Y,Dawn,CHILI,RIGHT ANGLE,MONROE,Straight and Level,Cloudy,Traffic Signal,Wet,Not Applicable,"Other Motor Vehicle, Collision With",2
 Damage Accident,8:21,01/27/2014,Monday,N,Daylight,COLONIE,REAR END,ALBANY,Straight and Level,Cloudy,Traffic Signal,Dry,Not Applicable,"Other Motor Vehicle, Collision With",2
 Damage & Injury Accident,22:15,10/29/2014,Wednesday,Y,Dark-Road Unlighted,YONKERS,REAR END,WESTCHESTER,Curve and Level,Cloudy,Traffic Signal,Dry,Not Applicable,"Other Motor Vehicle, Collision With",2
 Damage Accident,16:32,09/17/2014,Wednesday,Y,Daylight,MANLIUS,REAR END,ONONDAGA,Straight and Grade,Clear,None,Dry,Not Applicable,"Other Motor Vehicle, Collision With",2
 Damage Accident,12:05,02/27/2014,Thursday,Y,Daylight,HEMPSTEAD,RIGHT ANGLE,NASSAU,Straight and Level,Cloudy,None,Dry,Not Applicable,"Other Motor Vehicle, Collision With",2
 Damage Accident,3:30,01/19/2014,Sunday,N,Dark-Road Lighted,WEST SENECA,OTHER,ERIE,Straight and Level,Snow,Unknown,Snow/Ice,Not Applicable,"Earth Embankment/Rock Cut/Ditch, Collision With Fixed Object",1
 Damage & Injury Accident,6:48,10/30/2014,Thursday,Y,Dawn,SOUTHOLD,REAR END,SUFFOLK,Straight and Level,Clear,None,Dry,Not Applicable,"Other Motor Vehicle, Collision With",2
 Damage Accident,8:27,05/08/2014,Thursday,Y,Daylight,ALBANY,OVERTAKING,ALBANY,Straight and Level,Cloudy,Traffic Signal,Dry,Not Applicable,"Other Motor Vehicle, Collision With",2
 Damage & Injury Accident,1:04,09/21/2014,Sunday,Y,Dark-Road Lighted,GREECE,OTHER,MONROE,Straight and Level,Clear,None,Dry,Not Applicable,Deer,1
 Damage Accident,14:37,10/08/2014,Wednesday,Y,Daylight,NORTHPORT,OVERTAKING,SUFFOLK,Straight and Level,Clear,None,Dry,Not Applicable,"Other Motor Vehicle, Collision With",2
 Damage Accident,19:37,02/05/2014,Wednesday,Y,Dark-Road Lighted,COLONIE,SIDESWIPE,ALBANY,Straight and Level,Snow,None,Snow/Ice,Not Applicable,"Other Motor Vehicle, Collision With",2
 Damage & Injury Accident,10:23,02/14/2014,Friday,Y,Daylight,HEMPSTEAD,OTHER,NASSAU,Straight and Level,Clear,None,Wet,Not Applicable,"Building/Wall, Collision With Fixed Object",2
 Damage & Injury Accident,11:56,03/06/2014,Thursday,Y,Daylight,HENRIETTA,RIGHT ANGLE,MONROE,Straight and Level,Clear,None,Wet,Not Applicable,"Other Motor Vehicle, Collision With",2
 Damage Accident,20:06,01/09/2014,Thursday,Y,Unknown,BROOKHAVEN,Unknown,SUFFOLK,Straight and Level,Clear,None,Dry,Not Applicable,"Other Motor Vehicle, Collision With",2
 Damage Accident,9:37,01/24/2014,Friday,Y,Daylight,ISLIP,RIGHT TURN (5),SUFFOLK,Straight and Level,Clear,Stop Sign,Snow/Ice,Not Applicable,"Other Motor Vehicle, Collision With",2
 Damage Accident,14:05,07/21/2014,Monday,Y,Daylight,CLIFTON PARK,REAR END,SARATOGA,Straight and Level,Clear,None,Dry,Not Applicable,"Other Motor Vehicle, Collision With",2
 Damage & Injury Accident,20:37,06/18/2014,Wednesday,Y,Daylight,SYRACUSE,OTHER,ONONDAGA,Straight and Level,Clear,None,Dry,Not Applicable,"Sign Post, Collision With Fixed Object",1
 Damage Accident,18:16,11/27/2014,Thursday,N,Dark-Road Unlighted,ITHACA,OTHER,TOMPKINS,Straight and Grade,Unknown,Unknown,Dry,Not Applicable,Deer,1
 Accident,19:24,07/10/2014,Thursday,Y,Daylight,KINGS,OTHER,KINGS,Straight and Level,Clear,None,Dry,Not Applicable,"Other Motor Vehicle, Collision With",5
 Damage Accident,17:58,11/28/2014,Friday,Y,Dark-Road Unlighted,SHERIDAN,OTHER,CHAUTAUQUA,Straight and Level,Snow,None,Snow/Ice,Not Applicable,Deer,1
 Damage & Injury Accident,17:16,09/07/2014,Sunday,Y,Daylight,WALLKILL,OTHER,ORANGE,Straight and Level,Clear,No Passing Zone,Dry,Not Applicable,"Overturned, Non-Collision",1
 Damage & Injury Accident,20:00,04/05/2014,Saturday,N,Unknown,KINGS,REAR END,KINGS,Unknown,Unknown,Unknown,Unknown,Not Applicable,"Other Motor Vehicle, Collision With",2
 Damage Accident,16:00,03/14/2014,Friday,Y,Daylight,PENDLETON,REAR END,NIAGARA,Straight and Level,Clear,None,Dry,Not Applicable,"Other Motor Vehicle, Collision With",2
 Damage Accident,19:27,11/12/2014,Wednesday,Y,Dark-Road Unlighted,HARTLAND,OTHER,NIAGARA,Straight and Level,Clear,None,Dry,Not Applicable,Deer,1
 Damage Accident,17:28,11/09/2014,Sunday,Y,Dark-Road Unlighted,ALLEGANY,OTHER,CATTARAUGUS,Straight and Level,Clear,None,Dry,Not Applicable,Deer,1
 Damage Accident,22:40,09/10/2014,Wednesday,Y,Dark-Road Lighted,BROOKHAVEN,REAR END,SUFFOLK,Straight at Hill Crest,Clear,Traffic Signal,Dry,Not Applicable,"Other Motor Vehicle, Collision With",2
 Damage Accident,17:45,08/12/2014,Tuesday,Y,Dusk,KINGS,OTHER,KINGS,Straight and Level,Rain,None,Wet,Not Applicable,"Other Fixed Object*, Collision With Fixed Object",1
 Damage Accident,18:56,11/30/2014,Sunday,Y,Dark-Road Unlighted,MARCY,OTHER,ONEIDA,Straight and Level,Cloudy,None,Dry,Not Applicable,Deer,1
 Damage & Injury Accident,17:17,04/26/2014,Saturday,Y,Daylight,LACKAWANNA,REAR END,ERIE,Straight and Level,Cloudy,None,Dry,Not Applicable,"Other Motor Vehicle, Collision With",2
 Damage Accident,19:20,04/14/2014,Monday,N,Unknown,MARILLA,Unknown,ERIE,Unknown,Unknown,Unknown,Unknown,Not Applicable,"Other Motor Vehicle, Collision With",2
 Accident,19:24,01/15/2014,Wednesday,Y,Dark-Road Lighted,JAMESTOWN,OTHER,CHAUTAUQUA,Straight and Grade,Clear,Traffic Signal,Dry,"Crossing, With Signal","Pedestrian, Collision With",1
 Damage Accident,16:32,04/16/2014,Wednesday,Y,Daylight,ELMIRA,RIGHT ANGLE,CHEMUNG,Straight and Level,Clear,Unknown,Dry,Not Applicable,"Other Motor Vehicle, Collision With",2
 Accident,12:35,08/29/2014,Friday,Y,Daylight,KINGS,OTHER,KINGS,Straight and Level,Clear,None,Dry,Riding/Walking/Skating Along Highway With Traffic,"Bicyclist, Collision With",1
 Accident,8:30,06/23/2014,Monday,Y,Daylight,NEW YORK,OTHER,NEW YORK,Straight and Level,Clear,Traffic Signal,Dry,"Crossing, With Signal","Pedestrian, Collision With",1
 Damage & Injury Accident,16:11,01/08/2014,Wednesday,Y,Daylight,MACHIAS,OTHER,CATTARAUGUS,Curve and Grade,Clear,None,Snow/Ice,Not Applicable,"Earth Embankment/Rock Cut/Ditch, Collision With Fixed Object",1
 Damage Accident,23:08,11/06/2014,Thursday,Y,Dark-Road Unlighted,PLATTSBURG,OTHER,CLINTON,Straight and Level,Rain,None,Wet,Not Applicable,Deer,1
 Accident,7:45,11/18/2014,Tuesday,Y,Daylight,KINGS,OTHER,KINGS,Straight and Level,Clear,None,Dry,"Crossing, No Signal or Crosswalk","Pedestrian, Collision With",1
 Accident,8:33,01/23/2014,Thursday,Y,Daylight,NEW YORK,OTHER,NEW YORK,Straight and Level,Clear,Traffic Signal,Wet,Other Actions in Roadway,"Pedestrian, Collision With",1
 Damage Accident,7:08,01/20/2014,Monday,Y,Dawn,CONSTANTIA,LEFT TURN (3),OSWEGO,Straight and Level,Snow,No Passing Zone,Snow/Ice,Not Applicable,"Other Motor Vehicle, Collision With",2
 Accident,9:01,08/05/2014,Tuesday,Y,Daylight,SMITHTOWN,OTHER,SUFFOLK,Straight at Hill Crest,Clear,Traffic Signal,Dry,Not Applicable,"Other Motor Vehicle, Collision With",4
 Damage & Injury Accident,23:50,10/03/2014,Friday,Y,Dark-Road Unlighted,FORESTPORT,OTHER,ONEIDA,Curve and Grade,Rain,None,Wet,Not Applicable,"Sign Post, Collision With Fixed Object",1
 Damage Accident,13:28,12/31/2014,Wednesday,Y,Daylight,NEWBURGH,OVERTAKING,ORANGE,Straight and Level,Clear,None,Dry,Not Applicable,"Other Motor Vehicle, Collision With",2
 Damage Accident,18:57,03/30/2014,Sunday,Y,Dark-Road Lighted,BROOKHAVEN,REAR END,SUFFOLK,Straight and Level,Rain,None,Wet,Not Applicable,"Other Motor Vehicle, Collision With",2
 Damage Accident,16:10,05/12/2014,Monday,Y,Daylight,GREENVILLE,OVERTAKING,ORANGE,Curve and Grade,Clear,Construction Work Area,Dry,Not Applicable,"Other Motor Vehicle, Collision With",2
 Accident,10:12,06/01/2014,Sunday,Y,Daylight,FREEPORT,OTHER,NASSAU,Straight and Level,Clear,Traffic Signal,Dry,"Crossing, With Signal","Pedestrian, Collision With",1
 Accident,12:00,07/12/2014,Saturday,Y,Daylight,NEW YORK,OTHER,NEW YORK,Straight and Level,Clear,None,Dry,Emerging from in Front of/Behind Parked Vehicle,"Pedestrian, Collision With",1
 Accident,20:26,02/27/2014,Thursday,N,Unknown,KINGS,OVERTAKING,KINGS,Unknown,Unknown,Unknown,Unknown,Not Applicable,"Other Motor Vehicle, Collision With",2
 Damage Accident,1:55,10/04/2014,Saturday,Y,Dark-Road Unlighted,SOMERS,OTHER,WESTCHESTER,Straight and Level,Cloudy,None,Dry,Not Applicable,"Sign Post, Collision With Fixed Object",1
 Damage Accident,11:00,04/14/2014,Monday,Y,Daylight,BETHLEHEM,REAR END,ALBANY,Curve and Level,Cloudy,Yield Sign,Dry,Not Applicable,"Other Motor Vehicle, Collision With",2
 Damage Accident,7:44,03/12/2014,Wednesday,Y,Daylight,ISLIP,OVERTAKING,SUFFOLK,Straight and Level,Cloudy,None,Dry,Not Applicable,"Other Motor Vehicle, Collision With",2
 Damage & Injury Accident,18:15,06/04/2014,Wednesday,Y,Daylight,HEMPSTEAD,RIGHT ANGLE,NASSAU,Straight and Level,Cloudy,Traffic Signal,Dry,Not Applicable,"Other Motor Vehicle, Collision With",2
 Damage Accident,3:25,03/30/2014,Sunday,Y,Dark-Road Lighted,NIAGARA FALLS,REAR END,NIAGARA,Straight and Level,Snow,Traffic Signal,Snow/Ice,Not Applicable,"Other Motor Vehicle, Collision With",2
 Damage Accident,2:28,08/17/2014,Sunday,Y,Dark-Road Unlighted,WILTON,OTHER,SARATOGA,Curve and Grade,Rain,No Passing Zone,Wet,Not Applicable,"Earth Embankment/Rock Cut/Ditch, Collision With Fixed Object",1
 Accident,14:35,03/02/2014,Sunday,Y,Daylight,QUEENS,Unknown,QUEENS,Straight and Level,Clear,Unknown,Dry,Not Applicable,"Other Motor Vehicle, Collision With",2
 Damage Accident,17:30,10/24/2014,Friday,Y,Daylight,KINGS,Unknown,KINGS,Straight and Level,Clear,Traffic Signal,Dry,Not Applicable,"Other Motor Vehicle, Collision With",2
 Accident,11:30,06/23/2014,Monday,Y,Daylight,RICHMOND,REAR END,RICHMOND,Straight and Level,Clear,Traffic Signal,Dry,Not Applicable,"Other Motor Vehicle, Collision With",2
 Damage & Injury Accident,2:31,01/11/2014,Saturday,Y,Dark-Road Unlighted,CAIRO,OTHER,GREENE,Straight and Level,Sleet/Hail/Freezing Rain,None,Snow/Ice,Not Applicable,"Guide Rail - Not At End, Collision With Fixed Object",1
 Accident,16:11,10/10/2014,Friday,Y,Daylight,JOHNSTOWN,SIDESWIPE,FULTON,Straight and Grade,Clear,No Passing Zone,Dry,Not Applicable,"Other Motor Vehicle, Collision With",2
 Damage Accident,8:00,12/01/2014,Monday,Y,Daylight,SMITHTOWN,RIGHT ANGLE,SUFFOLK,Straight and Level,Cloudy,None,Dry,Not Applicable,"Other Motor Vehicle, Collision With",2
 Damage Accident,21:16,07/08/2014,Tuesday,Y,Dark-Road Unlighted,AVON,OTHER,LIVINGSTON,Straight and Grade,Rain,None,Wet,Not Applicable,Deer,1
 Damage & Injury Accident,8:16,02/26/2014,Wednesday,Y,Daylight,PERINTON,REAR END,MONROE,Straight and Level,Clear,Traffic Signal,Wet,Not Applicable,"Other Motor Vehicle, Collision With",2
 Damage & Injury Accident,17:14,09/04/2014,Thursday,Y,Daylight,COLONIE,RIGHT ANGLE,ALBANY,Straight and Level,Clear,Stop Sign,Dry,Not Applicable,"Other Motor Vehicle, Collision With",2
 Damage Accident,17:37,05/25/2014,Sunday,Y,Daylight,ITHACA,OVERTAKING,TOMPKINS,Straight at Hill Crest,Clear,None,Dry,Not Applicable,"Other Motor Vehicle, Collision With",2
 Damage & Injury Accident,20:24,01/02/2014,Thursday,Y,Dark-Road Unlighted,GREENBURGH,OTHER,WESTCHESTER,Straight and Level,Snow,None,Snow/Ice,Not Applicable,"Barrier, Collision With Fixed Object",1
 Damage Accident,14:08,01/21/2014,Tuesday,Y,Daylight,BROOKHAVEN,OTHER,SUFFOLK,Straight and Level,Snow,None,Snow/Ice,Not Applicable,"Other Motor Vehicle, Collision With",2
 Damage & Injury Accident,19:56,03/20/2014,Thursday,Y,Dark-Road Unlighted,COLONIE,OVERTAKING,ALBANY,Straight and Level,Cloudy,None,Dry,Not Applicable,"Other Motor Vehicle, Collision With",2
 Damage Accident,17:00,02/26/2014,Wednesday,N,Unknown,SANDY CREEK,OTHER,OSWEGO,Unknown,Unknown,Unknown,Unknown,Not Applicable,"Snow Embankment, Collision With Fixed Object",1
 Damage & Injury Accident,18:55,09/11/2014,Thursday,Y,Dark-Road Lighted,SALINA,LEFT TURN (3),ONONDAGA,Straight and Level,Clear,Traffic Signal,Dry,Not Applicable,"Other Motor Vehicle, Collision With",2
 Accident,0:05,10/10/2014,Friday,Y,Dark-Road Lighted,NEW YORK,Unknown,NEW YORK,Straight and Level,Clear,None,Dry,Not Applicable,"Other Motor Vehicle, Collision With",2
 Damage Accident,11:00,11/26/2014,Wednesday,N,Unknown,BEDFORD,OTHER,WESTCHESTER,Unknown,Unknown,Unknown,Unknown,Not Applicable,"Building/Wall, Collision With Fixed Object",1
 Accident,21:14,07/20/2014,Sunday,Y,Dark-Road Lighted,QUEENS,OTHER,QUEENS,Straight and Level,Clear,Traffic Signal,Dry,"Crossing, With Signal","Pedestrian, Collision With",1
 Accident,1:30,09/06/2014,Saturday,Y,Dark-Road Lighted,KINGS,Unknown,KINGS,Straight and Level,Clear,None,Dry,Not Applicable,"Other Motor Vehicle, Collision With",2
 Damage Accident,19:30,06/08/2014,Sunday,Y,Daylight,ISLIP,Unknown,SUFFOLK,Straight and Level,Clear,Traffic Signal,Dry,Not Applicable,"Other Motor Vehicle, Collision With",2
 Damage Accident,15:27,04/06/2014,Sunday,Y,Daylight,ROCHESTER,OVERTAKING,MONROE,Straight and Level,Clear,Traffic Signal,Dry,Not Applicable,"Other Motor Vehicle, Collision With",2
 Damage & Injury Accident,0:21,02/16/2014,Sunday,Y,Dark-Road Lighted,EAST BLOOMFIELD,RIGHT ANGLE,ONTARIO,Straight and Level,Snow,Stop Sign,Snow/Ice,Not Applicable,"Other Motor Vehicle, Collision With",2
 Damage Accident,18:00,12/22/2014,Monday,N,Dark-Road Unlighted,RIGA,OTHER,MONROE,Curve and Level,Clear,Unknown,Dry,Not Applicable,Deer,1
 Accident,20:30,11/25/2014,Tuesday,Y,Dusk,KINGS,RIGHT ANGLE,KINGS,Straight and Level,Clear,Stop Sign,Dry,Not Applicable,"Other Motor Vehicle, Collision With",2
 Damage Accident,18:00,05/24/2014,Saturday,Y,Daylight,ORCHARD PARK,REAR END,ERIE,Straight and Level,Clear,None,Dry,Not Applicable,"Other Motor Vehicle, Collision With",2
 Damage Accident,14:15,10/10/2014,Friday,Y,Daylight,CLIFTON PARK,REAR END,SARATOGA,Straight and Level,Cloudy,None,Dry,Not Applicable,"Other Motor Vehicle, Collision With",2
 Damage Accident,0:00,02/23/2014,Sunday,N,Unknown,BINGHAMTON,OTHER,BROOME,Unknown,Unknown,Unknown,Unknown,Not Applicable,"Other*, Non-Collision",1
 Accident,16:40,09/28/2014,Sunday,Y,Daylight,KINGS,Unknown,KINGS,Straight and Level,Clear,Traffic Signal,Dry,Not Applicable,"Other Motor Vehicle, Collision With",2
 Damage Accident,9:15,07/27/2014,Sunday,Y,Daylight,BLOOMING GROVE,REAR END,ORANGE,Straight and Grade,Cloudy,None,Dry,Not Applicable,"Other Motor Vehicle, Collision With",2
 Accident,21:11,07/05/2014,Saturday,Y,Dusk,MIDDLEFIELD,REAR END,OTSEGO,Straight and Level,Clear,None,Dry,Not Applicable,"Other Motor Vehicle, Collision With",2
 Damage Accident,0:00,05/30/2014,Friday,N,Unknown,LAKE GEORGE,OTHER,WARREN,Unknown,Unknown,Unknown,Unknown,Not Applicable,"Other Fixed Object*, Collision With Fixed Object",1
 Damage Accident,15:13,03/15/2014,Saturday,Y,Daylight,CORTLAND,RIGHT ANGLE,CORTLAND,Straight and Level,Clear,None,Wet,Not Applicable,"Other Motor Vehicle, Collision With",2
 Damage Accident,0:34,06/08/2014,Sunday,Y,Dark-Road Unlighted,SCHODACK,OTHER,RENSSELAER,Curve and Level,Clear,No Passing Zone,Dry,Not Applicable,"Earth Embankment/Rock Cut/Ditch, Collision With Fixed Object",1
 Damage & Injury Accident,20:53,09/07/2014,Sunday,Y,Dark-Road Lighted,BROOKHAVEN,Unknown,SUFFOLK,Straight and Level,Clear,None,Dry,Not Applicable,"Other Motor Vehicle, Collision With",2
 Damage Accident,13:10,01/27/2014,Monday,Y,Daylight,HARRIETSTOWN,OTHER,FRANKLIN,Curve and Grade,Snow,No Passing Zone,Snow/Ice,Not Applicable,"Snow Embankment, Collision With Fixed Object",1
 Damage Accident,15:45,10/23/2014,Thursday,Y,Daylight,HEMPSTEAD,OTHER,NASSAU,Straight and Level,Cloudy,None,Wet,Not Applicable,"Other Motor Vehicle, Collision With",3
 Damage Accident,17:14,03/26/2014,Wednesday,Y,Daylight,COLONIE,REAR END,ALBANY,Straight and Level,Clear,None,Dry,Not Applicable,"Other Motor Vehicle, Collision With",2
 Accident,8:15,02/22/2014,Saturday,Y,Daylight,KINGS,REAR END,KINGS,Straight and Level,Clear,None,Dry,Not Applicable,"Other Motor Vehicle, Collision With",2
 Damage Accident,10:00,12/05/2014,Friday,N,Unknown,MASSENA,Unknown,ST. LAWRENCE,Unknown,Unknown,Unknown,Unknown,Not Applicable,"Other Motor Vehicle, Collision With",2
 Damage & Injury Accident,10:30,12/13/2014,Saturday,Y,Daylight,AUBURN,Unknown,CAYUGA,Straight and Grade,Snow,Stop Sign,Snow/Ice,Not Applicable,"Other Motor Vehicle, Collision With",2
 Damage Accident,6:00,02/25/2014,Tuesday,Y,Dark-Road Lighted,KINGS,RIGHT ANGLE,KINGS,Straight and Level,Clear,Traffic Signal,Dry,Not Applicable,"Other Motor Vehicle, Collision With",2
 Damage Accident,14:07,05/06/2014,Tuesday,Y,Daylight,CLARKSTOWN,OTHER,ROCKLAND,Straight and Grade,Clear,None,Dry,Not Applicable,"Building/Wall, Collision With Fixed Object",1
 Damage & Injury Accident,22:34,05/30/2014,Friday,Y,Dark-Road Lighted,HEMPSTEAD,OTHER,NASSAU,Straight and Level,Cloudy,None,Wet,Not Applicable,"Other Motor Vehicle, Collision With",3
 Damage Accident,0:00,05/12/2014,Monday,N,Daylight,HEMPSTEAD,REAR END,NASSAU,Straight and Level,Clear,None,Dry,Not Applicable,"Other Motor Vehicle, Collision With",2
 Damage Accident,12:30,11/24/2014,Monday,Y,Daylight,HEMPSTEAD,RIGHT ANGLE,NASSAU,Straight and Level,Rain,Traffic Signal,Wet,Not Applicable,"Other Motor Vehicle, Collision With",2
 Damage Accident,10:45,02/27/2014,Thursday,N,Daylight,QUEENS,Unknown,QUEENS,Straight and Level,Clear,None,Dry,Not Applicable,"Other Motor Vehicle, Collision With",2
 Damage Accident,14:00,11/06/2014,Thursday,N,Unknown,RAMAPO,REAR END,ROCKLAND,Unknown,Unknown,Unknown,Unknown,Not Applicable,"Other Motor Vehicle, Collision With",2
 Damage Accident,16:45,03/16/2014,Sunday,Y,Daylight,HORSEHEADS,REAR END,CHEMUNG,Straight and Level,Clear,No Passing Zone,Dry,Not Applicable,"Other Motor Vehicle, Collision With",2
 Accident,19:55,03/10/2014,Monday,Y,Dark-Road Lighted,QUEENS,OTHER,QUEENS,Straight and Level,Clear,None,Dry,"Crossing, No Signal or Crosswalk","Pedestrian, Collision With",1
 Accident,15:40,02/22/2014,Saturday,Y,Daylight,QUEENS,Unknown,QUEENS,Straight and Level,Clear,Unknown,Dry,Not Applicable,"Other Motor Vehicle, Collision With",2
 Damage Accident,17:25,08/25/2014,Monday,Y,Daylight,BROOKHAVEN,REAR END,SUFFOLK,Straight and Level,Clear,Traffic Signal,Dry,Not Applicable,"Other Motor Vehicle, Collision With",2
 Damage Accident,0:00,02/03/2014,Monday,N,Dark-Road Lighted,QUEENS,OTHER,QUEENS,Straight and Level,Snow,None,Snow/Ice,Not Applicable,"Curbing, Collision With Fixed Object",1
 Damage Accident,17:45,01/16/2014,Thursday,Y,Dark-Road Unlighted,WAWARSING,OTHER,ULSTER,Straight and Level,Cloudy,None,Dry,Not Applicable,Deer,1
 Damage & Injury Accident,15:45,07/14/2014,Monday,Y,Daylight,COHOES,REAR END,ALBANY,Straight and Level,Clear,None,Dry,Not Applicable,"Other Motor Vehicle, Collision With",2
 Damage Accident,8:54,11/01/2014,Saturday,Y,Daylight,WAYNE,OTHER,STEUBEN,Straight and Level,Rain,None,Wet,Not Applicable,Deer,1
 Damage Accident,21:15,09/10/2014,Wednesday,N,Dark-Road Unlighted,WALDEN,OTHER,ORANGE,Straight and Level,Cloudy,None,Dry,Not Applicable,"Guide Rail - End, Collision With Fixed Object",1
 Damage & Injury Accident,13:20,12/09/2014,Tuesday,Y,Daylight,KINGS,OVERTAKING,KINGS,Straight and Level,Rain,None,Wet,Not Applicable,"Other Motor Vehicle, Collision With",2
 Damage Accident,9:00,03/03/2014,Monday,Y,Daylight,PERINTON,OTHER,MONROE,Straight and Level,Snow,None,Snow/Ice,Not Applicable,"Guide Rail - Not At End, Collision With Fixed Object",1
 Damage Accident,15:39,07/18/2014,Friday,Y,Daylight,ATTICA,REAR END,WYOMING,Straight and Level,Clear,Traffic Signal,Dry,Not Applicable,"Other Motor Vehicle, Collision With",2
 Damage Accident,13:35,09/24/2014,Wednesday,Y,Daylight,OYSTER BAY,OVERTAKING,NASSAU,Straight and Grade,Cloudy,None,Dry,Not Applicable,"Other Motor Vehicle, Collision With",2
 Accident,19:14,06/07/2014,Saturday,Y,Daylight,NEWBURGH,OTHER,ORANGE,Straight and Level,Clear,None,Dry,"Crossing, No Signal or Crosswalk","Pedestrian, Collision With",1
 Damage & Injury Accident,15:56,02/19/2014,Wednesday,Y,Daylight,CHEEKTOWAGA,REAR END,ERIE,Straight and Grade,Snow,None,Wet,Not Applicable,"Other Motor Vehicle, Collision With",2
 Accident,11:42,12/26/2014,Friday,Y,Daylight,MINDEN,OTHER,MONTGOMERY,Curve and Grade,Cloudy,None,Dry,Not Applicable,"Earth Embankment/Rock Cut/Ditch, Collision With Fixed Object",1
 Damage Accident,16:37,10/21/2014,Tuesday,Y,Daylight,ISLIP,REAR END,SUFFOLK,Straight and Level,Rain,Stop Sign,Wet,Not Applicable,"Other Motor Vehicle, Collision With",2
 Damage Accident,8:20,03/17/2014,Monday,Y,Daylight,UNION,REAR END,BROOME,Straight and Level,Cloudy,None,Dry,Not Applicable,"Other Motor Vehicle, Collision With",2
 Damage Accident,21:55,06/28/2014,Saturday,Y,Dark-Road Unlighted,MANLIUS,OTHER,ONONDAGA,Straight and Grade,Clear,None,Dry,Not Applicable,Deer,1
 Damage & Injury Accident,14:58,11/03/2014,Monday,Y,Daylight,MOUNT PLEASANT,OTHER,WESTCHESTER,Curve and Grade,Clear,Police/Fire Emergency,Dry,Not Applicable,"Other Motor Vehicle, Collision With",3
 Damage & Injury Accident,11:39,07/26/2014,Saturday,Y,Daylight,NEWFIELD,OTHER,TOMPKINS,Straight and Grade,Clear,None,Dry,Not Applicable,"Tree, Collision With Fixed Object",1
 Damage & Injury Accident,11:23,01/04/2014,Saturday,Y,Daylight,LIBERTY,OTHER,SULLIVAN,Curve and Grade,Clear,None,Snow/Ice,Not Applicable,"Earth Embankment/Rock Cut/Ditch, Collision With Fixed Object",1
 Damage Accident,18:30,12/06/2014,Saturday,Y,Dark-Road Lighted,OYSTER BAY,OTHER,NASSAU,Straight and Level,Rain,Stop Sign,Wet,Not Applicable,"Sign Post, Collision With Fixed Object",1
 Accident,3:30,07/04/2014,Friday,Y,Dark-Road Unlighted,POMFRET,OTHER,CHAUTAUQUA,Curve and Level,Cloudy,None,Dry,Not Applicable,"Guide Rail - Not At End, Collision With Fixed Object",1
 Damage Accident,16:45,12/02/2014,Tuesday,Y,Dark-Road Unlighted,HARRIETSTOWN,OTHER,FRANKLIN,Straight and Level,Clear,None,Dry,Not Applicable,Deer,1
 Damage & Injury Accident,2:39,04/16/2014,Wednesday,Y,Dark-Road Lighted,BROOKHAVEN,OTHER,SUFFOLK,Curve and Grade,Sleet/Hail/Freezing Rain,None,Wet,Not Applicable,"Light Support/Utility Pole, Collision With Fixed Object",1
 Damage & Injury Accident,7:15,11/14/2014,Friday,Y,Dawn,TONAWANDA,REAR END,ERIE,Straight and Grade,Clear,None,Dry,Not Applicable,"Other Motor Vehicle, Collision With",2
 Damage Accident,0:00,12/05/2014,Friday,N,Daylight,NEW YORK,Unknown,NEW YORK,Straight and Level,Clear,None,Dry,Not Applicable,"Other Motor Vehicle, Collision With",2
 Damage & Injury Accident,18:05,10/21/2014,Tuesday,Y,Dusk,OYSTER BAY,OTHER,NASSAU,Straight and Level,Cloudy,Stop Sign,Wet,Not Applicable,"Other Motor Vehicle, Collision With",3
 Damage Accident,4:00,03/28/2014,Friday,Y,Dark-Road Lighted,HEMPSTEAD,Unknown,NASSAU,Straight and Level,Cloudy,None,Dry,Not Applicable,"Other Motor Vehicle, Collision With",2
 Accident,7:35,07/01/2014,Tuesday,Y,Daylight,BRONX,Unknown,BRONX,Straight and Level,Clear,Unknown,Dry,Not Applicable,"Other Motor Vehicle, Collision With",2
 Damage & Injury Accident,18:24,10/30/2014,Thursday,Y,Dark-Road Unlighted,PERU,SIDESWIPE,CLINTON,Curve and Level,Cloudy,No Passing Zone,Dry,Not Applicable,"Other Motor Vehicle, Collision With",2
 Accident,20:30,11/20/2014,Thursday,Y,Dark-Road Lighted,KINGS,OTHER,KINGS,Straight and Level,Clear,Traffic Signal,Dry,Unknown,"Pedestrian, Collision With",1