 Descriptor,Time,Date,Day of Week,Police Report,Lighting Conditions,Municipality,Collision Type Descriptor,County Name,Road Descriptor,Weather Conditions,Traffic Control Device,Road Surface Conditions,Pedestrian Bicyclist Action,Event Descriptor,Number of Vehicles Involved
 Damage & Injury Accident,6:00,03/02/2014,Sunday,Y,Dark-Road Lighted,KINGS,OTHER,KINGS,Straight and Level,Clear,None,Dry,Not Applicable,"Light Support/Utility Pole, Collision With Fixed Object",1
 Damage Accident,5:00,05/17/2014,Saturday,Y,Dawn,WEST SPARTA,OTHER,LIVINGSTON,Curve and Level,Cloudy,None,Dry,Not Applicable,Deer,1
 Damage Accident,21:30,06/20/2014,Friday,Y,Dark-Road Lighted,OYSTER BAY,REAR END,NASSAU,Straight and Level,Clear,None,Dry,Not Applicable,"Other Motor Vehicle, Collision With",2
 Damage & Injury Accident,18:33,01/07/2014,Tuesday,Y,Dark-Road Lighted,CHEEKTOWAGA,RIGHT ANGLE,ERIE,Straight and Level,Snow,Traffic Signal,Snow/Ice,Not Applicable,"Other Motor Vehicle, Collision With",2
 Damage & Injury Accident,7:32,10/14/2014,Tuesday,Y,Dawn,PAWLING,REAR END,DUTCHESS,Straight and Grade,Cloudy,No Passing Zone,Wet,Not Applicable,"Other Motor Vehicle, Collision With",2
 Damage Accident,19:04,10/30/2014,Thursday,Y,Dark-Road Lighted,NEWBURGH,OTHER,ORANGE,Straight and Level,Clear,None,Dry,Not Applicable,Deer,1
 Damage Accident,16:25,11/03/2014,Monday,Y,Daylight,HEMPSTEAD,REAR END,NASSAU,Straight and Level,Clear,None,Dry,Not Applicable,"Other Motor Vehicle, Collision With",2
 Damage Accident,19:50,03/10/2014,Monday,N,Dusk,RICHMOND,LEFT TURN (0),RICHMOND,Straight and Level,Clear,None,Dry,Not Applicable,"Other Motor Vehicle, Collision With",2
 Accident,14:55,10/27/2014,Monday,Y,Daylight,HEMPSTEAD,OTHER,NASSAU,Straight and Level,Clear,Traffic Signal,Dry,"Crossing, With Signal","Pedestrian, Collision With",1
 Accident,17:33,11/26/2014,Wednesday,Y,Dark-Road Lighted,YONKERS,OTHER,WESTCHESTER,Straight and Grade,Sleet/Hail/Freezing Rain,None,Slush,Not Applicable,"Barrier, Collision With Fixed Object",1
 Damage Accident,19:36,12/18/2014,Thursday,Y,Dark-Road Lighted,NEW HARTFORD,OVERTAKING,ONEIDA,Straight and Level,Snow,Traffic Signal,Wet,Not Applicable,"Other Motor Vehicle, Collision With",2
 Damage Accident,0:00,08/01/2014,Friday,N,Daylight,QUEENS,Unknown,QUEENS,Straight and Level,Clear,Stop Sign,Dry,Not Applicable,"Other Motor Vehicle, Collision With",2
 Accident,0:30,04/19/2014,Saturday,Y,Dark-Road Lighted,KINGS,LEFT TURN (0),KINGS,Straight and Level,Clear,Traffic Signal,Dry,Not Applicable,"Other Motor Vehicle, Collision With",2
 Damage Accident,7:45,05/12/2014,Monday,Y,Daylight,SARATOGA,LEFT TURN (3),SARATOGA,Straight and Level,Clear,None,Dry,Not Applicable,"Other Motor Vehicle, Collision With",2
 Damage Accident,19:12,06/12/2014,Thursday,Y,Daylight,CLARKSTOWN,OTHER,ROCKLAND,Curve and Grade,Clear,No Passing Zone,Wet,Not Applicable,"Guide Rail - Not At End, Collision With Fixed Object",1
 Damage Accident,7:18,09/30/2014,Tuesday,Y,Daylight,BALDWINSVILLE,RIGHT ANGLE,ONONDAGA,Straight and Level,Clear,Stop Sign,Dry,Not Applicable,"Other Motor Vehicle, Collision With",2
 Damage Accident,14:52,10/26/2014,Sunday,Y,Daylight,GATES,RIGHT ANGLE,MONROE,Straight and Level,Cloudy,None,Dry,Not Applicable,"Other Motor Vehicle, Collision With",2
 Damage Accident,19:30,02/24/2014,Monday,N,Dark-Road Lighted,POUGHKEEPSIE,RIGHT ANGLE,DUTCHESS,Straight and Level,Clear,Traffic Signal,Dry,Not Applicable,"Other Motor Vehicle, Collision With",2
 Damage Accident,19:30,10/29/2014,Wednesday,N,Dark-Road Unlighted,CLIFTON PARK,OTHER,SARATOGA,Straight and Level,Cloudy,Unknown,Dry,Not Applicable,Deer,1
 Damage Accident,9:25,11/10/2014,Monday,Y,Daylight,OYSTER BAY,OVERTAKING,NASSAU,Straight and Level,Clear,None,Dry,Not Applicable,"Other Motor Vehicle, Collision With",2
 Damage Accident,19:00,06/13/2014,Friday,N,Dusk,NEW YORK,LEFT TURN (0),NEW YORK,Straight and Level,Rain,Traffic Signal,Wet,Not Applicable,"Other Motor Vehicle, Collision With",2
 Damage Accident,16:06,01/06/2014,Monday,Y,Daylight,NIAGARA FALLS,RIGHT ANGLE,NIAGARA,Straight and Level,Snow,Stop Sign,Snow/Ice,Not Applicable,"Other Motor Vehicle, Collision With",2
 Damage Accident,15:00,06/30/2014,Monday,N,Daylight,OYSTER BAY,OTHER,NASSAU,Straight and Level,Clear,None,Dry,Not Applicable,"Other Motor Vehicle, Collision With",3
 Damage Accident,19:48,11/09/2014,Sunday,Y,Dark-Road Unlighted,CRAWFORD,OTHER,ORANGE,Straight and Grade,Clear,None,Dry,Not Applicable,Deer,1
 Damage Accident,13:53,08/11/2014,Monday,Y,Daylight,ROCHESTER,REAR END,MONROE,Straight at Hill Crest,Clear,None,Dry,Not Applicable,"Other Motor Vehicle, Collision With",2
 Damage Accident,1:04,11/20/2014,Thursday,Y,Dark-Road Unlighted,PENDLETON,OTHER,NIAGARA,Straight and Level,Snow,None,Snow/Ice,Not Applicable,"Other Fixed Object*, Collision With Fixed Object",1
 Damage Accident,10:00,10/02/2014,Thursday,Y,Daylight,ONTARIO,RIGHT ANGLE,WAYNE,Straight and Level,Cloudy,None,Dry,Not Applicable,"Other Motor Vehicle, Collision With",2
 Damage Accident,0:00,01/28/2014,Tuesday,N,Dark-Road Unlighted,BATH,OTHER,STEUBEN,Straight and Level,Clear,None,Dry,Not Applicable,Deer,1
 Damage Accident,18:51,05/26/2014,Monday,Y,Daylight,WATERTOWN,OTHER,JEFFERSON,Straight and Level,Clear,None,Dry,Not Applicable,"Sign Post, Collision With Fixed Object",1
 Damage Accident,8:09,08/28/2014,Thursday,Y,Daylight,OLEAN,LEFT TURN (0),CATTARAUGUS,Straight and Level,Clear,None,Dry,Not Applicable,"Other Motor Vehicle, Collision With",2
 Damage Accident,13:00,10/12/2014,Sunday,N,Daylight,CLIFTON PARK,OTHER,SARATOGA,Straight and Level,Clear,None,Dry,Not Applicable,"Overturned, Non-Collision",1
 Damage & Injury Accident,12:52,04/17/2014,Thursday,Y,Daylight,COLONIE,LEFT TURN (3),ALBANY,Straight at Hill Crest,Clear,None,Dry,Not Applicable,"Other Motor Vehicle, Collision With",2
 Damage Accident,18:34,07/12/2014,Saturday,Y,Daylight,PERINTON,SIDESWIPE,MONROE,Straight and Level,Clear,None,Dry,Not Applicable,"Other Motor Vehicle, Collision With",2
 Damage & Injury Accident,19:15,11/24/2014,Monday,Y,Dark-Road Lighted,LAKE SUCCESS,OVERTAKING,NASSAU,Straight and Level,Cloudy,None,Dry,Not Applicable,"Other Motor Vehicle, Collision With",2
 Accident,19:35,01/18/2014,Saturday,Y,Dark-Road Lighted,KINGSTON,OTHER,ULSTER,Straight at Hill Crest,Clear,Stop Sign,Wet,"Crossing, No Signal, Marked Crosswalk","Bicyclist, Collision With",1
 Damage Accident,12:06,06/13/2014,Friday,Y,Daylight,CAMILLUS,RIGHT ANGLE,ONONDAGA,Straight and Level,Cloudy,None,Dry,Not Applicable,"Other Motor Vehicle, Collision With",2
 Damage Accident,11:30,11/18/2014,Tuesday,Y,Daylight,HEMPSTEAD,OTHER,NASSAU,Straight and Level,Clear,None,Dry,Not Applicable,"Other Object (Not Fixed)*, Collision With",1
 Damage Accident,15:50,03/20/2014,Thursday,Y,Daylight,LANCASTER,RIGHT ANGLE,ERIE,Straight and Level,Cloudy,Stop Sign,Dry,Not Applicable,"Other Motor Vehicle, Collision With",2
 Damage & Injury Accident,10:22,08/15/2014,Friday,Y,Daylight,NORTH CASTLE,HEAD ON,WESTCHESTER,Curve and Grade,Clear,None,Dry,Not Applicable,"Other Motor Vehicle, Collision With",2
 Damage Accident,9:08,01/15/2014,Wednesday,Y,Daylight,SMITHTOWN,REAR END,SUFFOLK,Straight and Level,Fog/Smog/Smoke,Traffic Signal,Wet,Not Applicable,"Other Motor Vehicle, Collision With",2
 Damage Accident,15:30,02/13/2014,Thursday,Y,Daylight,LOCKPORT,REAR END,NIAGARA,Straight and Level,Cloudy,None,Wet,Not Applicable,"Other Motor Vehicle, Collision With",2
 Damage Accident,9:20,03/12/2014,Wednesday,N,Unknown,GREENFIELD,OTHER,SARATOGA,Unknown,Unknown,Unknown,Unknown,Not Applicable,"Guide Rail - Not At End, Collision With Fixed Object",1
 Damage Accident,15:16,08/19/2014,Tuesday,Y,Daylight,COLONIE,OTHER,ALBANY,Straight and Level,Clear,None,Dry,Not Applicable,"Other Motor Vehicle, Collision With",2
 Damage Accident,19:20,04/08/2014,Tuesday,Y,Dusk,ONEONTA,OVERTAKING,OTSEGO,Straight and Level,Cloudy,None,Dry,Not Applicable,"Other Motor Vehicle, Collision With",2
 Damage & Injury Accident,18:20,03/06/2014,Thursday,Y,Dark-Road Lighted,BROOKHAVEN,LEFT TURN (3),SUFFOLK,Straight and Level,Clear,Traffic Signal,Dry,Not Applicable,"Other Motor Vehicle, Collision With",2
 Accident,4:30,12/13/2014,Saturday,Y,Dark-Road Lighted,BRONX,OTHER,BRONX,Straight and Level,Clear,None,Dry,Not Applicable,"Bridge Structure, Collision With Fixed Object",1
 Damage Accident,13:09,10/14/2014,Tuesday,Y,Daylight,ITHACA,RIGHT ANGLE,TOMPKINS,Straight and Level,Cloudy,Traffic Signal,Dry,Not Applicable,"Other Motor Vehicle, Collision With",2
 Damage & Injury Accident,12:50,07/19/2014,Saturday,Y,Daylight,HEMPSTEAD,REAR END,NASSAU,Straight and Level,Cloudy,Traffic Signal,Dry,Not Applicable,"Other Motor Vehicle, Collision With",2
 Accident,22:00,09/19/2014,Friday,Y,Dark-Road Lighted,KINGS,REAR END,KINGS,Straight and Level,Clear,None,Dry,Not Applicable,"Other Motor Vehicle, Collision With",2
 Damage Accident,15:45,06/24/2014,Tuesday,Y,Daylight,BUFFALO,OTHER,ERIE,Straight and Level,Clear,None,Dry,Not Applicable,"Other Motor Vehicle, Collision With",3
 Damage Accident,14:19,08/18/2014,Monday,Y,Daylight,NIAGARA FALLS,REAR END,NIAGARA,Straight and Level,Clear,Traffic Signal,Dry,Not Applicable,"Other Motor Vehicle, Collision With",2
 Damage Accident,23:35,11/24/2014,Monday,N,Unknown,KINGS,Unknown,KINGS,Unknown,Unknown,Unknown,Unknown,Not Applicable,"Other Motor Vehicle, Collision With",2
 Damage Accident,7:00,08/19/2014,Tuesday,Y,Daylight,SALINA,REAR END,ONONDAGA,Straight and Level,Clear,None,Dry,Not Applicable,"Other Motor Vehicle, Collision With",2
 Damage Accident,6:40,05/11/2014,Sunday,Y,Dawn,BROOKHAVEN,OVERTAKING,SUFFOLK,Straight and Level,Clear,None,Wet,Not Applicable,"Other Motor Vehicle, Collision With",2
 Damage Accident,14:26,03/07/2014,Friday,Y,Daylight,MONTICELLO,OVERTAKING,SULLIVAN,Straight and Level,Clear,Traffic Signal,Dry,Not Applicable,"Other Motor Vehicle, Collision With",2
 Damage Accident,22:30,12/31/2014,Wednesday,Y,Dark-Road Lighted,BRONX,Unknown,BRONX,Straight at Hill Crest,Clear,Traffic Signal,Dry,Not Applicable,"Other Motor Vehicle, Collision With",2
 Damage Accident,17:30,11/20/2014,Thursday,Y,Dark-Road Unlighted,WAWARSING,OTHER,ULSTER,Straight and Level,Cloudy,No Passing Zone,Dry,Not Applicable,Deer,1
 Damage Accident,17:00,11/10/2014,Monday,N,Dark-Road Unlighted,,OTHER,ROCKLAND,Straight and Level,Clear,None,Dry,Not Applicable,Deer,1
 Damage Accident,10:52,02/03/2014,Monday,Y,Daylight,PORT CHESTER,LEFT TURN (0),WESTCHESTER,Straight and Grade,Snow,Stop Sign,Snow/Ice,Not Applicable,"Other Motor Vehicle, Collision With",2
 Accident,17:49,10/27/2014,Monday,Y,Dusk,HEMPSTEAD,REAR END,NASSAU,Straight and Level,Clear,None,Dry,Not Applicable,"Other Motor Vehicle, Collision With",2
 Damage Accident,2:30,08/30/2014,Saturday,N,Dark-Road Lighted,MANCHESTER,Unknown,ONTARIO,Straight and Level,Clear,None,Dry,Not Applicable,"Other Motor Vehicle, Collision With",2
 Damage Accident,18:00,05/30/2014,Friday,N,Unknown,BUFFALO,REAR END,ERIE,Unknown,Unknown,Unknown,Unknown,Not Applicable,"Other Motor Vehicle, Collision With",2
 Damage Accident,21:05,01/26/2014,Sunday,Y,Dark-Road Unlighted,JAY,OTHER,ESSEX,Straight and Level,Cloudy,No Passing Zone,Dry,Not Applicable,Deer,1
 Damage Accident,9:15,01/20/2014,Monday,Y,Daylight,WEST SENECA,OTHER,ERIE,Straight at Hill Crest,Snow,Traffic Signal,Snow/Ice,Not Applicable,"Sign Post, Collision With Fixed Object",1
 Damage Accident,0:00,10/21/2014,Tuesday,N,Daylight,GENEVA,LEFT TURN (0),ONTARIO,Curve and Level,Rain,Stop Sign,Wet,Not Applicable,"Other Motor Vehicle, Collision With",2
 Damage & Injury Accident,11:32,01/30/2014,Thursday,Y,Daylight,POUGHKEEPSIE,OTHER,DUTCHESS,Straight and Level,Clear,Other,Dry,Not Applicable,"Other Motor Vehicle, Collision With",3
 Damage Accident,5:00,04/11/2014,Friday,Y,Dark-Road Unlighted,PHELPS,OTHER,ONTARIO,Straight at Hill Crest,Cloudy,None,Wet,Not Applicable,"Guide Rail - Not At End, Collision With Fixed Object",1
 Damage & Injury Accident,14:47,02/21/2014,Friday,Y,Daylight,CANANDAIGUA,REAR END,ONTARIO,Straight and Level,Cloudy,None,Wet,Not Applicable,"Other Motor Vehicle, Collision With",2
 Damage & Injury Accident,16:10,02/01/2014,Saturday,Y,Daylight,SCHUYLER FALLS,OTHER,CLINTON,Straight and Level,Snow,None,Wet,Not Applicable,"Tree, Collision With Fixed Object",1
 Damage & Injury Accident,13:50,02/03/2014,Monday,Y,Daylight,HUNTINGTON,REAR END,SUFFOLK,Straight and Level,Snow,None,Snow/Ice,Not Applicable,"Other Motor Vehicle, Collision With",2
 Damage Accident,0:00,11/12/2014,Wednesday,N,Dark-Road Lighted,KINGS,RIGHT ANGLE,KINGS,Straight and Level,Clear,Flashing Light,Dry,Not Applicable,"Other Motor Vehicle, Collision With",2
 Damage Accident,10:41,02/10/2014,Monday,Y,Daylight,GUILDERLAND,OVERTAKING,ALBANY,Curve and Grade,Clear,None,Wet,Not Applicable,"Other Motor Vehicle, Collision With",2
 Damage Accident,18:20,05/07/2014,Wednesday,N,Daylight,KINGS,Unknown,KINGS,Straight and Grade,Clear,None,Dry,Not Applicable,"Other Motor Vehicle, Collision With",2
 Damage Accident,17:22,11/26/2014,Wednesday,Y,Dark-Road Unlighted,LAKE GEORGE,OTHER,WARREN,Straight and Grade,Snow,None,Snow/Ice,Not Applicable,"Earth Embankment/Rock Cut/Ditch, Collision With Fixed Object",1
 Damage Accident,4:30,04/28/2014,Monday,Y,Dark-Road Unlighted,GREENVILLE,OTHER,ORANGE,Straight and Grade,Clear,Construction Work Area,Dry,Not Applicable,"Guide Rail - Not At End, Collision With Fixed Object",1
 Accident,17:20,09/12/2014,Friday,Y,Daylight,BROOKHAVEN,REAR END,SUFFOLK,Straight and Level,Clear,Traffic Signal,Dry,Not Applicable,"Other Motor Vehicle, Collision With",2
 Accident,18:45,06/23/2014,Monday,Y,Daylight,KINGS,REAR END,KINGS,Straight and Level,Clear,Traffic Signal,Dry,Not Applicable,"Other Motor Vehicle, Collision With",2
 Damage Accident,17:45,02/13/2014,Thursday,N,Dark-Road Lighted,NEW YORK,OTHER,NEW YORK,Curve and Level,Sleet/Hail/Freezing Rain,None,Slush,Not Applicable,"Other*, Non-Collision",1
 Damage Accident,18:05,03/08/2014,Saturday,Y,Dawn,THERESA,RIGHT ANGLE,JEFFERSON,Straight and Level,Cloudy,Stop Sign,Dry,Not Applicable,"Other Motor Vehicle, Collision With",2
 Damage Accident,16:22,01/20/2014,Monday,Y,Daylight,NORTHPORT,RIGHT ANGLE,SUFFOLK,Straight and Level,Clear,None,Dry,Not Applicable,"Other Motor Vehicle, Collision With",2
 Damage Accident,18:15,11/06/2014,Thursday,N,Dusk,WEBSTER,Unknown,MONROE,Straight and Grade,Clear,None,Dry,Not Applicable,"Other Motor Vehicle, Collision With",2
 Damage Accident,18:00,10/09/2014,Thursday,Y,Dark-Road Lighted,OYSTER BAY,OTHER,NASSAU,Straight and Level,Clear,None,Dry,Not Applicable,"Other Motor Vehicle, Collision With",4
 Accident,16:45,08/13/2014,Wednesday,Y,Daylight,HEMPSTEAD,RIGHT ANGLE,NASSAU,Straight and Level,Clear,Traffic Signal,Dry,Not Applicable,"Other Motor Vehicle, Collision With",2
 Accident,13:33,10/14/2014,Tuesday,Y,Daylight,KINGS,REAR END,KINGS,Straight and Level,Clear,None,Dry,Not Applicable,"Other Motor Vehicle, Collision With",2
 Damage Accident,8:30,03/25/2014,Tuesday,Y,Daylight,WASHINGTON,REAR END,DUTCHESS,Curve and Grade,Clear,No Passing Zone,Dry,Not Applicable,"Other Motor Vehicle, Collision With",2
 Damage & Injury Accident,22:35,01/10/2014,Friday,Y,Dark-Road Lighted,YONKERS,REAR END,WESTCHESTER,Straight and Level,Rain,None,Wet,Not Applicable,"Other Motor Vehicle, Collision With",2
 Damage & Injury Accident,15:45,11/03/2014,Monday,Y,Daylight,KINGS,RIGHT ANGLE,KINGS,Straight and Level,Clear,Traffic Signal,Dry,Not Applicable,"Other Motor Vehicle, Collision With",2
 Accident,22:54,09/27/2014,Saturday,Y,Dark-Road Lighted,BABYLON,OTHER,SUFFOLK,Straight and Level,Clear,Traffic Signal,Dry,"Crossing, Against Signal","Pedestrian, Collision With",1
 Damage Accident,0:00,01/29/2014,Wednesday,N,Dusk,TONAWANDA,OTHER,ERIE,Straight and Level,Snow,None,Snow/Ice,Not Applicable,"Median - Not At End, Collision With Fixed Object",1
 Damage Accident,18:45,12/03/2014,Wednesday,Y,Dark-Road Lighted,BABYLON,OVERTAKING,SUFFOLK,Straight and Level,Clear,None,Dry,Not Applicable,"Other Motor Vehicle, Collision With",2
 Damage & Injury Accident,14:39,06/13/2014,Friday,Y,Daylight,NEW ROCHELLE,LEFT TURN (3),WESTCHESTER,Straight and Level,Clear,None,Dry,Not Applicable,"Other Motor Vehicle, Collision With",2
 Damage & Injury Accident,13:31,07/01/2014,Tuesday,Y,Daylight,AMSTERDAM,OTHER,MONTGOMERY,Straight and Level,Clear,None,Dry,Not Applicable,"Animal, Collision With",1
 Damage & Injury Accident,0:46,09/28/2014,Sunday,Y,Dark-Road Lighted,RICHMOND,REAR END,RICHMOND,Straight and Level,Clear,Traffic Signal,Dry,Not Applicable,"Other Motor Vehicle, Collision With",2
 Damage & Injury Accident,22:30,03/01/2014,Saturday,Y,Dark-Road Lighted,KINGS,OTHER,KINGS,Straight and Level,Clear,None,Dry,Not Applicable,"Other Motor Vehicle, Collision With",5
 Damage Accident,17:05,03/10/2014,Monday,Y,Daylight,CLINTON,RIGHT ANGLE,ONEIDA,Straight and Level,Cloudy,None,Dry,Not Applicable,"Other Motor Vehicle, Collision With",2
 Damage Accident,15:00,07/16/2014,Wednesday,N,Daylight,KINGS,REAR END,KINGS,Straight and Level,Clear,Traffic Signal,Dry,Not Applicable,"Other Motor Vehicle, Collision With",2
 Damage & Injury Accident,13:26,08/29/2014,Friday,Y,Daylight,LANCASTER,OVERTAKING,ERIE,Straight and Level,Clear,None,Dry,Not Applicable,"Other Motor Vehicle, Collision With",2
 Damage Accident,17:55,07/10/2014,Thursday,Y,Daylight,HEMPSTEAD,REAR END,NASSAU,Curve and Level,Clear,None,Dry,Not Applicable,"Other Motor Vehicle, Collision With",2
 Damage Accident,12:30,02/08/2014,Saturday,Y,Daylight,GEORGETOWN,OTHER,MADISON,Curve and Grade,Cloudy,No Passing Zone,Dry,Not Applicable,"Tree, Collision With Fixed Object",1
 Damage Accident,1:20,11/11/2014,Tuesday,N,Dark-Road Lighted,NORTH TONAWANDA,OTHER,NIAGARA,Straight and Level,Clear,None,Dry,Not Applicable,Deer,1
 Damage & Injury Accident,0:58,07/09/2014,Wednesday,Y,Dark-Road Lighted,QUEENS,RIGHT ANGLE,QUEENS,Straight and Level,Clear,Traffic Signal,Dry,Not Applicable,"Other Motor Vehicle, Collision With",2
 Damage & Injury Accident,13:00,12/12/2014,Friday,Y,Daylight,NEW YORK,Unknown,NEW YORK,Straight and Level,Clear,Traffic Signal,Dry,Not Applicable,"Other Motor Vehicle, Collision With",2
 Damage & Injury Accident,13:20,11/08/2014,Saturday,Y,Daylight,BABYLON,LEFT TURN (3),SUFFOLK,Straight and Level,Clear,Traffic Signal,Dry,Not Applicable,"Other Motor Vehicle, Collision With",2
 Accident,17:14,07/31/2014,Thursday,Y,Daylight,SMITHTOWN,REAR END,SUFFOLK,Straight and Level,Clear,Traffic Signal,Dry,Not Applicable,"Other Motor Vehicle, Collision With",2
 Damage Accident,5:51,04/18/2014,Friday,Y,Dark-Road Lighted,BUFFALO,SIDESWIPE,ERIE,Straight and Level,Clear,None,Dry,Not Applicable,"Other Motor Vehicle, Collision With",2
 Damage Accident,22:28,01/21/2014,Tuesday,Y,Dark-Road Unlighted,HEMPSTEAD,OVERTAKING,NASSAU,Curve and Grade,Snow,None,Snow/Ice,Not Applicable,"Other Motor Vehicle, Collision With",2
 Damage Accident,11:58,11/26/2014,Wednesday,Y,Daylight,SAUGERTIES,OTHER,ULSTER,Curve and Level,Snow,None,Snow/Ice,Not Applicable,"Earth Embankment/Rock Cut/Ditch, Collision With Fixed Object",1
 Damage & Injury Accident,23:20,08/29/2014,Friday,Y,Dark-Road Lighted,ISLANDIA,Unknown,SUFFOLK,Curve and Level,Snow,Traffic Signal,Snow/Ice,Not Applicable,"Other Motor Vehicle, Collision With",2
 Accident,14:00,04/25/2014,Friday,N,Unknown,ITHACA,REAR END,TOMPKINS,Unknown,Unknown,Unknown,Unknown,Not Applicable,"Other Motor Vehicle, Collision With",2
 Damage Accident,4:00,04/27/2014,Sunday,N,Dark-Road Lighted,QUEENS,SIDESWIPE,QUEENS,Straight and Level,Clear,Unknown,Dry,Not Applicable,"Other Motor Vehicle, Collision With",2
 Damage Accident,13:59,12/07/2014,Sunday,Y,Daylight,COLONIE,RIGHT ANGLE,ALBANY,Straight and Level,Clear,Traffic Signal,Dry,Not Applicable,"Other Motor Vehicle, Collision With",2
 Damage Accident,19:32,09/24/2014,Wednesday,Y,Dark-Road Unlighted,CAMDEN,OTHER,ONEIDA,Straight and Level,Clear,No Passing Zone,Dry,Not Applicable,Deer,1
 Damage Accident,0:01,04/27/2014,Sunday,Y,Dark-Road Unlighted,BATAVIA,OTHER,GENESEE,Straight and Level,Clear,None,Dry,Not Applicable,"Sign Post, Collision With Fixed Object",1
 Damage Accident,21:45,07/08/2014,Tuesday,Y,Dark-Road Unlighted,GROVELAND,OTHER,LIVINGSTON,Curve and Grade,Rain,None,Wet,Not Applicable,"Guide Rail - Not At End, Collision With Fixed Object",1
 Damage Accident,6:29,09/18/2014,Thursday,Y,Dawn,BROWNVILLE,OTHER,JEFFERSON,Straight and Level,Cloudy,None,Dry,Not Applicable,Deer,1
 Damage Accident,19:56,09/16/2014,Tuesday,Y,Dark-Road Unlighted,GORHAM,OTHER,ONTARIO,Straight and Level,Clear,None,Dry,Not Applicable,Deer,1
 Damage Accident,15:45,07/25/2014,Friday,Y,Daylight,YONKERS,OTHER,WESTCHESTER,Straight at Hill Crest,Clear,None,Dry,Not Applicable,"Other*, Non-Collision",1
 Damage & Injury Accident,14:45,10/08/2014,Wednesday,Y,Daylight,VERONA,HEAD ON,ONEIDA,Straight and Level,Rain,Traffic Signal,Wet,Not Applicable,"Other Motor Vehicle, Collision With",2
 Accident,17:15,06/04/2014,Wednesday,Y,Daylight,GREENBURGH,REAR END,WESTCHESTER,Straight and Level,Clear,Traffic Signal,Dry,Not Applicable,"Other Motor Vehicle, Collision With",2
 Damage & Injury Accident,11:23,02/06/2014,Thursday,Y,Daylight,HORNELL,OTHER,STEUBEN,Straight and Level,Clear,None,Snow/Ice,Not Applicable,"Light Support/Utility Pole, Collision With Fixed Object",1
 Damage Accident,0:00,09/30/2014,Tuesday,N,Unknown,BABYLON,Unknown,SUFFOLK,Unknown,Unknown,Unknown,Unknown,Not Applicable,"Other Motor Vehicle, Collision With",2
 Damage Accident,12:45,10/17/2014,Friday,Y,Daylight,CLAVERACK,RIGHT ANGLE,COLUMBIA,Straight and Grade,Clear,No Passing Zone,Dry,Not Applicable,"Other Motor Vehicle, Collision With",2
 Accident,17:45,08/27/2014,Wednesday,Y,Daylight,NEW YORK,REAR END,NEW YORK,Straight and Level,Clear,Traffic Signal,Dry,Not Applicable,"Other Motor Vehicle, Collision With",2
 Damage Accident,7:25,02/26/2014,Wednesday,Y,Daylight,SCHENECTADY,SIDESWIPE,SCHENECTADY,Straight and Level,Snow,None,Snow/Ice,Not Applicable,"Other Motor Vehicle, Collision With",2
 Damage Accident,22:10,01/05/2014,Sunday,Y,Dark-Road Lighted,HEMPSTEAD,SIDESWIPE,NASSAU,Straight and Level,Cloudy,None,Snow/Ice,Not Applicable,"Other Motor Vehicle, Collision With",2
 Accident,19:00,09/28/2014,Sunday,Y,Dark-Road Lighted,QUEENS,LEFT TURN (3),QUEENS,Straight and Level,Clear,Traffic Signal,Dry,Not Applicable,"Other Motor Vehicle, Collision With",2
 Damage Accident,15:50,02/04/2014,Tuesday,Y,Daylight,BROOKHAVEN,OVERTAKING,SUFFOLK,Straight and Level,Clear,Traffic Signal,Wet,Not Applicable,"Other Motor Vehicle, Collision With",2
 Damage Accident,15:54,08/29/2014,Friday,Y,Daylight,BUFFALO,Unknown,ERIE,Straight and Level,Clear,None,Dry,Not Applicable,"Other Motor Vehicle, Collision With",2
 Accident,15:00,04/04/2014,Friday,Y,Daylight,QUEENS,OTHER,QUEENS,Straight and Level,Rain,None,Wet,Not in Roadway (Indicate),"Pedestrian, Collision With",1
 Damage Accident,22:25,04/02/2014,Wednesday,Y,Dark-Road Lighted,YONKERS,OVERTAKING,WESTCHESTER,Curve and Level,Cloudy,None,Dry,Not Applicable,"Other Motor Vehicle, Collision With",2
 Accident,22:17,12/07/2014,Sunday,Y,Dark-Road Unlighted,MOREAU,OTHER,SARATOGA,Curve and Level,Snow,No Passing Zone,Snow/Ice,Not Applicable,"Snow Embankment, Collision With Fixed Object",1
 Damage Accident,22:07,04/13/2014,Sunday,Y,Dark-Road Lighted,QUEENS,Unknown,QUEENS,Straight and Level,Clear,None,Dry,Not Applicable,"Other Motor Vehicle, Collision With",2
 Damage & Injury Accident,12:00,08/13/2014,Wednesday,Y,Daylight,HEMPSTEAD,RIGHT ANGLE,NASSAU,Straight and Level,Cloudy,Stop Sign,Dry,Not Applicable,"Other Motor Vehicle, Collision With",2
 Damage Accident,14:45,11/26/2014,Wednesday,Y,Daylight,DANUBE,OTHER,HERKIMER,Curve and Grade,Snow,None,Snow/Ice,Not Applicable,"Guide Rail - Not At End, Collision With Fixed Object",1
 Damage Accident,8:50,09/10/2014,Wednesday,N,Daylight,KINGS,Unknown,KINGS,Straight and Level,Clear,Traffic Signal,Dry,Not Applicable,"Other Motor Vehicle, Collision With",2