 Descriptor,Time,Date,Day of Week,Police Report,Lighting Conditions,Municipality,Collision Type Descriptor,County Name,Road Descriptor,Weather Conditions,Traffic Control Device,Road Surface Conditions,Pedestrian Bicyclist Action,Event Descriptor,Number of Vehicles Involved
 Accident,8:45,08/15/2014,Friday,Y,Daylight,KINGS,OVERTAKING,KINGS,Straight and Level,Clear,Traffic Signal,Dry,Not Applicable,"Other Motor Vehicle, Collision With",2
 Damage Accident,17:31,11/07/2014,Friday,Y,Dark-Road Unlighted,SAUGERTIES,OTHER,ULSTER,Straight and Level,Cloudy,None,Dry,Not Applicable,Deer,1
 Damage Accident,17:40,07/08/2014,Tuesday,Y,Daylight,BABYLON,RIGHT ANGLE,SUFFOLK,Straight and Level,Clear,Stop Sign,Dry,Not Applicable,"Other Motor Vehicle, Collision With",2
 Damage Accident,14:45,06/18/2014,Wednesday,Y,Daylight,KINGS,OVERTAKING,KINGS,Straight and Level,Clear,None,Dry,Not Applicable,"Other Motor Vehicle, Collision With",2
 Accident,15:30,04/10/2014,Thursday,N,Unknown,KINGS,REAR END,KINGS,Unknown,Unknown,Traffic Signal,Unknown,Not Applicable,"Other Motor Vehicle, Collision With",2
 Damage Accident,13:02,07/08/2014,Tuesday,Y,Daylight,CORTLAND,RIGHT ANGLE,CORTLAND,Straight and Level,Clear,Stop Sign,Wet,Not Applicable,"Other Motor Vehicle, Collision With",2
 Damage & Injury Accident,15:40,05/10/2014,Saturday,Y,Daylight,WESTBURY,OTHER,NASSAU,Straight and Level,Rain,Traffic Signal,Wet,Not Applicable,"Other Motor Vehicle, Collision With",3
 Damage Accident,16:08,01/22/2014,Wednesday,Y,Daylight,AMSTERDAM,REAR END,MONTGOMERY,Curve at Hill Crest,Cloudy,None,Dry,Not Applicable,"Other Motor Vehicle, Collision With",2
 Damage & Injury Accident,19:02,10/12/2014,Sunday,Y,Dark-Road Unlighted,LUMBERLAND,OTHER,SULLIVAN,Curve and Level,Clear,No Passing Zone,Dry,Not Applicable,"Tree, Collision With Fixed Object",1
 Accident,18:25,10/02/2014,Thursday,Y,Dark-Road Lighted,BROOKHAVEN,RIGHT ANGLE,SUFFOLK,Straight and Level,Cloudy,Stop Sign,Wet,Not Applicable,"Other Motor Vehicle, Collision With",2
 Accident,11:30,10/04/2014,Saturday,Y,Daylight,NEW YORK,Unknown,NEW YORK,Straight and Level,Rain,Traffic Signal,Wet,Not Applicable,"Other Motor Vehicle, Collision With",2
 Damage Accident,10:45,03/18/2014,Tuesday,Y,Daylight,HEMPSTEAD,OTHER,NASSAU,Straight and Level,Clear,None,Dry,Not Applicable,"Other Fixed Object*, Collision With Fixed Object",1
 Accident,22:26,11/03/2014,Monday,Y,Dark-Road Lighted,KINGS,OTHER,KINGS,Straight and Level,Clear,Traffic Signal,Dry,Not Applicable,"Other Motor Vehicle, Collision With",3
 Damage Accident,17:25,01/02/2014,Thursday,Y,Dark-Road Lighted,HEMPSTEAD,REAR END,NASSAU,Straight and Level,Cloudy,Traffic Signal,Wet,Not Applicable,"Other Motor Vehicle, Collision With",2
 Accident,6:30,12/25/2014,Thursday,Y,Dark-Road Lighted,NEWBURGH,REAR END,ORANGE,Straight and Grade,Cloudy,No Passing Zone,Dry,Not Applicable,"Other Motor Vehicle, Collision With",2
 Damage Accident,17:28,01/10/2014,Friday,Y,Dark-Road Lighted,JAMESTOWN,REAR END,CHAUTAUQUA,Straight and Level,Cloudy,None,Wet,Not Applicable,"Other Motor Vehicle, Collision With",2
 Damage Accident,12:13,06/09/2014,Monday,Y,Daylight,SENECA FALLS,REAR END,SENECA,Straight and Level,Cloudy,Yield Sign,Dry,Not Applicable,"Other Motor Vehicle, Collision With",2
 Damage Accident,11:44,10/18/2014,Saturday,Y,Daylight,TROY,RIGHT ANGLE,RENSSELAER,Straight and Grade,Rain,None,Wet,Not Applicable,"Other Motor Vehicle, Collision With",2
 Accident,16:40,12/09/2014,Tuesday,N,Dark-Road Lighted,QUEENS,REAR END,QUEENS,Straight and Grade,Rain,None,Wet,Not Applicable,"Other Motor Vehicle, Collision With",2
 Accident,10:45,12/23/2014,Tuesday,Y,Daylight,SYRACUSE,REAR END,ONONDAGA,Straight and Level,Rain,Traffic Signal,Wet,Not Applicable,"Other Motor Vehicle, Collision With",2
 Damage Accident,0:00,10/07/2014,Tuesday,N,Daylight,NISKAYUNA,Unknown,SCHENECTADY,Straight and Level,Clear,None,Dry,Not Applicable,"Other Motor Vehicle, Collision With",2
 Accident,20:00,11/16/2014,Sunday,N,Unknown,QUEENS,Unknown,QUEENS,Unknown,Unknown,Unknown,Unknown,Not Applicable,"Other Motor Vehicle, Collision With",2
 Damage Accident,11:54,01/15/2014,Wednesday,Y,Daylight,CORNING,OTHER,STEUBEN,Curve and Level,Clear,None,Dry,Not Applicable,"Barrier, Collision With Fixed Object",1
 Damage & Injury Accident,13:19,07/12/2014,Saturday,Y,Daylight,EAST HAMPTON,Unknown,SUFFOLK,Straight and Level,Clear,None,Dry,Not Applicable,"Other Motor Vehicle, Collision With",2
 Accident,4:04,06/28/2014,Saturday,Y,Dark-Road Lighted,NEW YORK,OTHER,NEW YORK,Straight and Level,Clear,Traffic Signal,Dry,"Crossing, Against Signal","Bicyclist, Collision With",1
 Accident,16:00,03/08/2014,Saturday,Y,Daylight,BRONX,LEFT TURN (0),BRONX,Straight and Level,Clear,Traffic Signal,Dry,Not Applicable,"Other Motor Vehicle, Collision With",2
 Damage & Injury Accident,21:45,01/24/2014,Friday,Y,Dark-Road Unlighted,HOPEWELL,OTHER,ONTARIO,Curve at Hill Crest,Cloudy,No Passing Zone,Snow/Ice,Not Applicable,"Earth Embankment/Rock Cut/Ditch, Collision With Fixed Object",1
 Accident,12:52,03/23/2014,Sunday,Y,Daylight,QUEENS,OTHER,QUEENS,Straight and Level,Clear,Traffic Signal,Dry,Riding/Walking/Skating Along Highway With Traffic,"Bicyclist, Collision With",1
 Damage Accident,6:00,08/31/2014,Sunday,Y,Daylight,WRIGHT,OTHER,SCHOHARIE,Straight and Grade,Clear,None,Dry,Not Applicable,"Animal, Collision With",1
 Damage Accident,1:40,07/06/2014,Sunday,Y,Dark-Road Lighted,ISLIP,OTHER,SUFFOLK,Straight and Level,Clear,None,Dry,Not Applicable,"Other Motor Vehicle, Collision With",3
 Damage Accident,14:30,05/15/2014,Thursday,N,Daylight,QUEENS,LEFT TURN (0),QUEENS,Straight and Level,Clear,Stop Sign,Dry,Not Applicable,"Other Motor Vehicle, Collision With",2
 Damage Accident,13:20,12/18/2014,Thursday,Y,Daylight,NEW YORK,OVERTAKING,NEW YORK,Straight and Level,Clear,Stop Sign,Dry,Not Applicable,"Other Motor Vehicle, Collision With",2
 Damage Accident,12:30,08/07/2014,Thursday,Y,Daylight,UTICA,OTHER,ONEIDA,Straight and Level,Rain,Traffic Signal,Wet,Not Applicable,"Other Motor Vehicle, Collision With",3
 Damage Accident,8:40,11/19/2014,Wednesday,Y,Daylight,OYSTER BAY,RIGHT ANGLE,NASSAU,Straight and Level,Clear,None,Dry,Not Applicable,"Other Motor Vehicle, Collision With",2
 Damage & Injury Accident,11:15,02/03/2014,Monday,Y,Daylight,ROSENDALE,OTHER,ULSTER,Straight and Grade,Snow,None,Wet,Not Applicable,"Guide Rail - Not At End, Collision With Fixed Object",1
 Accident,0:41,06/07/2014,Saturday,Y,Dark-Road Lighted,BRONX,OTHER,BRONX,Straight and Level,Clear,None,Dry,"Crossing, No Signal or Crosswalk","Pedestrian, Collision With",1
 Damage Accident,18:45,10/03/2014,Friday,Y,Dark-Road Lighted,UTICA,OVERTAKING,ONEIDA,Curve and Level,Clear,None,Dry,Not Applicable,"Other Motor Vehicle, Collision With",2
 Damage Accident,12:31,12/14/2014,Sunday,Y,Daylight,SARATOGA SPRINGS,RIGHT ANGLE,SARATOGA,Straight and Level,Cloudy,Traffic Signal,Dry,Not Applicable,"Other Motor Vehicle, Collision With",2
 Damage Accident,19:30,10/03/2014,Friday,Y,Dusk,SCOTIA,OVERTAKING,SCHENECTADY,Straight and Level,Clear,None,Dry,Not Applicable,"Other Motor Vehicle, Collision With",2
 Damage Accident,0:00,08/26/2014,Tuesday,N,Unknown,KINGS,SIDESWIPE,KINGS,Unknown,Unknown,Unknown,Unknown,Not Applicable,"Other Motor Vehicle, Collision With",2
 Damage Accident,17:00,11/20/2014,Thursday,Y,Dark-Road Lighted,NORTH HEMPSTEAD,RIGHT TURN (6),NASSAU,Straight and Level,Clear,Stop Sign,Dry,Not Applicable,"Other Motor Vehicle, Collision With",2
 Damage Accident,18:48,01/11/2014,Saturday,Y,Dark-Road Unlighted,WEBSTER,OTHER,MONROE,Straight and Level,Cloudy,No Passing Zone,Wet,Not Applicable,Deer,1
 Damage Accident,12:25,06/09/2014,Monday,Y,Daylight,BRUTUS,REAR END,CAYUGA,Straight and Level,Cloudy,None,Dry,Not Applicable,"Other Motor Vehicle, Collision With",2
 Damage Accident,2:30,12/29/2014,Monday,Y,Dark-Road Lighted,BRONX,OTHER,BRONX,Straight and Level,Clear,None,Dry,Not Applicable,"Other Fixed Object*, Collision With Fixed Object",1
 Damage & Injury Accident,22:23,04/01/2014,Tuesday,Y,Dark-Road Lighted,SCHENECTADY,RIGHT ANGLE,SCHENECTADY,Straight and Level,Clear,Traffic Signal,Dry,Not Applicable,"Other Motor Vehicle, Collision With",2
 Damage Accident,19:46,01/29/2014,Wednesday,Y,Dark-Road Unlighted,PARMA,RIGHT ANGLE,MONROE,Straight at Hill Crest,Cloudy,Stop Sign,Wet,Not Applicable,"Other Motor Vehicle, Collision With",2
 Accident,17:17,12/15/2014,Monday,Y,Dark-Road Lighted,KINGS,OTHER,KINGS,Straight and Level,Clear,None,Dry,"Crossing, No Signal or Crosswalk","Pedestrian, Collision With",1
 Damage Accident,0:00,02/21/2014,Friday,N,Dark-Road Unlighted,HILTON,OTHER,MONROE,Unknown,Fog/Smog/Smoke,Unknown,Snow/Ice,Not Applicable,Deer,1
 Damage Accident,19:18,10/14/2014,Tuesday,Y,Dark-Road Lighted,BROOKHAVEN,Unknown,SUFFOLK,Straight and Level,Clear,None,Dry,Not Applicable,"Other Motor Vehicle, Collision With",2
 Accident,14:45,05/18/2014,Sunday,Y,Daylight,QUEENS,LEFT TURN (3),QUEENS,Straight and Level,Rain,Traffic Signal,Wet,Not Applicable,"Other Motor Vehicle, Collision With",2
 Damage Accident,18:00,11/16/2014,Sunday,Y,Dark-Road Unlighted,COEYMANS,OTHER,ALBANY,Straight and Level,Cloudy,None,Dry,Not Applicable,"Animal, Collision With",1
 Accident,21:00,08/17/2014,Sunday,Y,Dark-Road Lighted,NEW YORK,OTHER,NEW YORK,Straight and Level,Clear,Traffic Signal,Dry,"Crossing, With Signal","Pedestrian, Collision With",1
 Damage & Injury Accident,14:12,12/02/2014,Tuesday,Y,Daylight,YONKERS,OTHER,WESTCHESTER,Straight and Grade,Rain,Traffic Signal,Wet,Not Applicable,"Other Motor Vehicle, Collision With",3
 Damage & Injury Accident,23:35,01/03/2014,Friday,Y,Dark-Road Lighted,BROOKHAVEN,SIDESWIPE,SUFFOLK,Straight and Level,Clear,None,Snow/Ice,Not Applicable,"Other Motor Vehicle, Collision With",2
 Damage Accident,16:26,08/06/2014,Wednesday,Y,Daylight,NISKAYUNA,REAR END,SCHENECTADY,Straight and Grade,Clear,None,Dry,Not Applicable,"Other Motor Vehicle, Collision With",2
 Damage & Injury Accident,10:30,09/12/2014,Friday,Y,Daylight,QUEENS,LEFT TURN (3),QUEENS,Straight and Level,Clear,None,Dry,Not Applicable,"Other Motor Vehicle, Collision With",2
 Damage Accident,13:22,03/06/2014,Thursday,Y,Daylight,WEBSTER,OVERTAKING,MONROE,Straight and Level,Clear,None,Dry,Not Applicable,"Other Motor Vehicle, Collision With",2
 Damage & Injury Accident,15:53,08/20/2014,Wednesday,Y,Daylight,HENRIETTA,LEFT TURN (3),MONROE,Straight and Level,Rain,Traffic Signal,Wet,Not Applicable,"Other Motor Vehicle, Collision With",2
 Accident,14:46,04/25/2014,Friday,Y,Daylight,NEW YORK,Unknown,NEW YORK,Straight and Level,Clear,No Passing Zone,Dry,Not Applicable,"Other Motor Vehicle, Collision With",2
 Damage Accident,13:22,07/27/2014,Sunday,Y,Daylight,,Unknown,UNKNOWN,Straight and Level,Clear,None,Dry,Not Applicable,"Other Motor Vehicle, Collision With",2
 Damage Accident,13:32,06/20/2014,Friday,Y,Daylight,VESTAL,Unknown,BROOME,Straight and Grade,Clear,Traffic Signal,Dry,Not Applicable,"Other Motor Vehicle, Collision With",2
 Accident,13:00,09/25/2014,Thursday,Y,Daylight,NEW YORK,RIGHT ANGLE,NEW YORK,Straight and Grade,Rain,Traffic Signal,Wet,Not Applicable,"Other Motor Vehicle, Collision With",2
 Damage Accident,8:30,06/18/2014,Wednesday,Y,Daylight,HEMPSTEAD,OVERTAKING,NASSAU,Straight and Level,Clear,Traffic Signal,Dry,Not Applicable,"Other Motor Vehicle, Collision With",2
 Accident,11:45,08/14/2014,Thursday,Y,Daylight,NEW YORK,OTHER,NEW YORK,Straight and Level,Clear,Traffic Signal,Dry,"Crossing, With Signal","Pedestrian, Collision With",1
 Damage Accident,14:24,10/24/2014,Friday,Y,Daylight,COLONIE,OTHER,ALBANY,Straight and Level,Cloudy,None,Wet,Not Applicable,"Other Motor Vehicle, Collision With",4
 Damage Accident,12:45,01/21/2014,Tuesday,Y,Daylight,MOUNT PLEASANT,HEAD ON,WESTCHESTER,Curve and Level,Snow,None,Snow/Ice,Not Applicable,"Median - Not At End, Collision With Fixed Object",2
 Damage & Injury Accident,12:13,07/20/2014,Sunday,Y,Daylight,COLONIE,OTHER,ALBANY,Straight and Level,Clear,None,Dry,Not Applicable,"Other Motor Vehicle, Collision With",4
 Accident,15:30,09/14/2014,Sunday,Y,Daylight,QUEENS,REAR END,QUEENS,Straight and Level,Clear,None,Dry,Not Applicable,"Other Motor Vehicle, Collision With",2
 Damage Accident,7:10,07/06/2014,Sunday,Y,Daylight,THOMPSON,OTHER,SULLIVAN,Straight and Level,Clear,None,Dry,Not Applicable,Deer,1
 Damage Accident,7:15,10/20/2014,Monday,Y,Daylight,GOSHEN,OTHER,ORANGE,Straight and Level,Cloudy,None,Dry,Not Applicable,Deer,1
 Damage Accident,2:06,10/09/2014,Thursday,Y,Dark-Road Unlighted,MOOERS,OTHER,CLINTON,Straight and Level,Clear,None,Dry,Not Applicable,Deer,1
 Damage & Injury Accident,17:23,11/01/2014,Saturday,Y,Daylight,HERKIMER,REAR END,HERKIMER,Straight and Level,Clear,None,Dry,Not Applicable,"Other Motor Vehicle, Collision With",2
 Damage Accident,16:36,12/29/2014,Monday,Y,Daylight,,OTHER,UNKNOWN,Straight and Level,Clear,None,Dry,Not Applicable,"Light Support/Utility Pole, Collision With Fixed Object",1
 Damage Accident,22:55,11/01/2014,Saturday,Y,Dark-Road Unlighted,MILO,OTHER,YATES,Straight and Grade,Snow,None,Wet,Not Applicable,Deer,1
 Accident,13:54,08/02/2014,Saturday,Y,Daylight,KINGS,OTHER,KINGS,Straight and Level,Cloudy,None,Dry,Other Actions in Roadway,"Pedestrian, Collision With",1
 Damage Accident,16:00,12/31/2014,Wednesday,Y,Dark-Road Unlighted,MAYFIELD,REAR END,FULTON,Straight and Grade,Clear,No Passing Zone,Dry,Not Applicable,"Other Motor Vehicle, Collision With",2
 Damage Accident,0:00,11/09/2014,Sunday,N,Unknown,BETHLEHEM,OTHER,ALBANY,Unknown,Unknown,Unknown,Unknown,Not Applicable,"Light Support/Utility Pole, Collision With Fixed Object",1
 Damage Accident,10:30,07/21/2014,Monday,Y,Daylight,BROOKHAVEN,REAR END,SUFFOLK,Straight and Level,Clear,Traffic Signal,Dry,Not Applicable,"Other Motor Vehicle, Collision With",2
 Accident,17:26,01/03/2014,Friday,Y,Dark-Road Lighted,VICTOR,REAR END,ONTARIO,Straight and Level,Cloudy,Traffic Signal,Snow/Ice,Not Applicable,"Other Motor Vehicle, Collision With",2
 Damage Accident,12:07,02/07/2014,Friday,Y,Daylight,PORT CHESTER,REAR END,WESTCHESTER,Straight and Level,Clear,None,Dry,Not Applicable,"Other Motor Vehicle, Collision With",2
 Damage Accident,12:15,12/10/2014,Wednesday,Y,Daylight,HAMLIN,OTHER,MONROE,Straight and Level,Snow,None,Snow/Ice,Not Applicable,"Sign Post, Collision With Fixed Object",1
 Damage Accident,3:58,08/09/2014,Saturday,Y,Dark-Road Lighted,ROCHESTER,REAR END,MONROE,Straight and Level,Clear,None,Dry,Not Applicable,"Other Motor Vehicle, Collision With",2
 Damage & Injury Accident,13:47,07/03/2014,Thursday,Y,Daylight,CLARKSTOWN,OVERTAKING,ROCKLAND,Straight and Level,Clear,None,Dry,Not Applicable,"Other Motor Vehicle, Collision With",2
 Damage Accident,16:02,03/08/2014,Saturday,Y,Daylight,HAMBURG,RIGHT TURN (6),ERIE,Straight and Level,Rain,None,Wet,Not Applicable,"Other Motor Vehicle, Collision With",2
 Damage Accident,14:54,09/28/2014,Sunday,Y,Daylight,INDIAN LAKE,OTHER,HAMILTON,Curve and Grade,Clear,None,Dry,Not Applicable,"Tree, Collision With Fixed Object",1
 Damage Accident,9:30,02/15/2014,Saturday,Y,Daylight,SYRACUSE,OVERTAKING,ONONDAGA,Straight and Grade,Cloudy,None,Snow/Ice,Not Applicable,"Other Motor Vehicle, Collision With",2
 Damage & Injury Accident,8:10,09/17/2014,Wednesday,Y,Daylight,CLARKSTOWN,REAR END,ROCKLAND,Straight and Level,Clear,None,Dry,Not Applicable,"Other Motor Vehicle, Collision With",2
 Accident,7:51,02/11/2014,Tuesday,Y,Daylight,ONTARIO,REAR END,WAYNE,Straight and Level,Snow,None,Snow/Ice,Not Applicable,"Other Motor Vehicle, Collision With",2
 Damage Accident,16:32,02/01/2014,Saturday,Y,Daylight,POTSDAM,OTHER,ST. LAWRENCE,Straight and Level,Snow,Stop Sign,Snow/Ice,Not Applicable,"Sign Post, Collision With Fixed Object",1
 Damage & Injury Accident,18:57,06/08/2014,Sunday,Y,Daylight,BINGHAMTON,OTHER,BROOME,Straight and Level,Cloudy,None,Dry,Not Applicable,"Tree, Collision With Fixed Object",1
 Damage Accident,10:55,04/14/2014,Monday,N,Daylight,SARATOGA SPRINGS,REAR END,SARATOGA,Straight and Level,Clear,None,Dry,Not Applicable,"Other Motor Vehicle, Collision With",2
 Accident,0:37,11/12/2014,Wednesday,Y,Dark-Road Lighted,BUFFALO,OTHER,ERIE,Straight and Level,Rain,Traffic Signal,Wet,Unknown,"Pedestrian, Collision With",1
 Damage & Injury Accident,10:35,05/16/2014,Friday,Y,Daylight,HEMPSTEAD,REAR END,NASSAU,Straight and Level,Cloudy,None,Dry,Not Applicable,"Other Motor Vehicle, Collision With",2
 Damage & Injury Accident,5:37,10/27/2014,Monday,Y,Dark-Road Lighted,HANOVER,OTHER,CHAUTAUQUA,Straight and Level,Cloudy,Stop Sign,Dry,Not Applicable,"Earth Embankment/Rock Cut/Ditch, Collision With Fixed Object",1
 Damage Accident,4:20,01/22/2014,Wednesday,Y,Dark-Road Lighted,KINGSTON,OVERTAKING,ULSTER,Curve and Level,Clear,None,Dry,Not Applicable,"Other Motor Vehicle, Collision With",2
 Damage Accident,4:20,01/22/2014,Wednesday,Y,Dark-Road Lighted,KINGSTON,OVERTAKING,ULSTER,Curve and Level,Clear,None,Dry,Not Applicable,"Other Motor Vehicle, Collision With",2
 Damage Accident,18:00,02/02/2014,Sunday,N,Dark-Road Lighted,FARMINGDALE,Unknown,NASSAU,Straight and Level,Cloudy,None,Dry,Not Applicable,"Other Motor Vehicle, Collision With",2
 Damage & Injury Accident,0:30,08/10/2014,Sunday,Y,Dark-Road Lighted,BRONX,RIGHT ANGLE,BRONX,Straight and Level,Clear,Traffic Signal,Dry,Not Applicable,"Other Motor Vehicle, Collision With",2
 Damage Accident,5:10,10/11/2014,Saturday,N,Dark-Road Unlighted,DUNKIRK,OTHER,CHAUTAUQUA,Curve and Level,Cloudy,Unknown,Dry,Not Applicable,Deer,1
 Accident,15:00,12/16/2014,Tuesday,Y,Daylight,NEW YORK,OTHER,NEW YORK,Straight and Level,Clear,None,Dry,Not Applicable,"Other Motor Vehicle, Collision With",3
 Damage Accident,21:00,02/22/2014,Saturday,Y,Dark-Road Unlighted,CASTILE,OTHER,WYOMING,Straight and Level,Cloudy,None,Dry,Not Applicable,Deer,1
 Damage Accident,1:00,03/28/2014,Friday,Y,Dark-Road Lighted,SMITHTOWN,Unknown,SUFFOLK,Straight and Level,Cloudy,None,Dry,Not Applicable,"Other Motor Vehicle, Collision With",2
 Accident,13:05,04/04/2014,Friday,Y,Daylight,NEW YORK,OTHER,NEW YORK,Straight and Level,Clear,Traffic Signal,Dry,"Crossing, No Signal, Marked Crosswalk","Pedestrian, Collision With",1
 Damage Accident,14:10,09/05/2014,Friday,Y,Daylight,ST. REGIS,Unknown,FRANKLIN,Straight and Level,Cloudy,No Passing Zone,Dry,Not Applicable,"Other Motor Vehicle, Collision With",2
 Damage & Injury Accident,17:51,11/17/2014,Monday,Y,Dark-Road Lighted,PERINTON,REAR END,MONROE,Straight and Level,Snow,None,Wet,Not Applicable,"Other Motor Vehicle, Collision With",2
 Accident,18:25,05/11/2014,Sunday,Y,Daylight,NEW YORK,OTHER,NEW YORK,Straight and Level,Clear,Traffic Signal,Dry,Riding/Walking/Skating Along Highway With Traffic,"Bicyclist, Collision With",1
 Damage & Injury Accident,12:11,09/24/2014,Wednesday,Y,Daylight,NIAGARA FALLS,OVERTAKING,NIAGARA,Straight and Level,Clear,Stop Sign,Dry,Not Applicable,"Other Motor Vehicle, Collision With",2
 Accident,14:15,11/22/2014,Saturday,Y,Daylight,KINGS,REAR END,KINGS,Straight and Level,Clear,Traffic Signal,Dry,Not Applicable,"Other Motor Vehicle, Collision With",2
 Accident,19:11,06/20/2014,Friday,N,Unknown,QUEENS,REAR END,QUEENS,Unknown,Unknown,Unknown,Unknown,Not Applicable,"Other Motor Vehicle, Collision With",2
 Accident,19:18,09/21/2014,Sunday,Y,Dark-Road Lighted,ISLIP,OTHER,SUFFOLK,Curve and Level,Cloudy,None,Dry,Not Applicable,"Curbing, Collision With Fixed Object",1
 Accident,7:35,06/20/2014,Friday,N,Unknown,BRONX,OVERTAKING,BRONX,Unknown,Unknown,Unknown,Unknown,Not Applicable,"Other Motor Vehicle, Collision With",2
 Damage Accident,0:00,07/18/2014,Friday,N,Daylight,OYSTER BAY,REAR END,NASSAU,Curve and Level,Cloudy,None,Dry,Not Applicable,"Other Motor Vehicle, Collision With",2
 Accident,21:00,11/12/2014,Wednesday,N,Dark-Road Lighted,KINGS,OTHER,KINGS,Straight and Level,Clear,Traffic Signal,Dry,Not Applicable,"Other Motor Vehicle, Collision With",4
 Damage Accident,14:08,02/13/2014,Thursday,Y,Daylight,BINGHAMTON,OVERTAKING,BROOME,Straight and Level,Snow,Construction Work Area,Slush,Not Applicable,"Other Motor Vehicle, Collision With",2
 Damage Accident,10:40,03/04/2014,Tuesday,Y,Daylight,PUTNAM VALLEY,RIGHT ANGLE,PUTNAM,Straight and Level,Cloudy,None,Dry,Not Applicable,"Other Motor Vehicle, Collision With",2
 Damage Accident,9:30,09/09/2014,Tuesday,N,Unknown,QUEENS,Unknown,QUEENS,Unknown,Unknown,Unknown,Unknown,Not Applicable,"Other Motor Vehicle, Collision With",2
 Damage Accident,14:55,11/29/2014,Saturday,Y,Daylight,BUFFALO,OTHER,ERIE,Straight and Level,Clear,Stop Sign,Dry,Not Applicable,"Other Motor Vehicle, Collision With",3
 Damage Accident,0:00,01/20/2014,Monday,N,Unknown,SOMERS,OTHER,WESTCHESTER,Unknown,Unknown,Unknown,Unknown,Not Applicable,"Other Fixed Object*, Collision With Fixed Object",1
 Damage & Injury Accident,14:20,04/09/2014,Wednesday,Y,Daylight,BRONX,OTHER,BRONX,Straight and Level,Clear,Traffic Signal,Dry,Not Applicable,"Light Support/Utility Pole, Collision With Fixed Object",1
 Damage & Injury Accident,15:04,05/17/2014,Saturday,Y,Daylight,OLEAN,OTHER,CATTARAUGUS,Straight and Level,Cloudy,None,Dry,Not Applicable,"Tree, Collision With Fixed Object",1
 Accident,14:30,11/19/2014,Wednesday,N,Unknown,BRONX,REAR END,BRONX,Unknown,Unknown,Unknown,Unknown,Not Applicable,"Other Motor Vehicle, Collision With",2
 Damage Accident,0:45,10/19/2014,Sunday,Y,Dark-Road Unlighted,BATAVIA,OTHER,GENESEE,Straight and Level,Cloudy,None,Wet,Not Applicable,Deer,1
 Accident,14:01,07/28/2014,Monday,Y,Daylight,BRONX,REAR END,BRONX,Curve and Level,Clear,None,Dry,Not Applicable,"Other Motor Vehicle, Collision With",2
 Damage Accident,17:47,11/03/2014,Monday,Y,Dark-Road Unlighted,POMFRET,OTHER,CHAUTAUQUA,Straight and Level,Clear,None,Dry,Not Applicable,Deer,1
 Damage Accident,16:18,04/28/2014,Monday,Y,Daylight,ROCHESTER,REAR END,MONROE,Straight and Level,Clear,Traffic Signal,Dry,Not Applicable,"Other Motor Vehicle, Collision With",2
 Damage & Injury Accident,7:58,02/10/2014,Monday,Y,Daylight,RIVERHEAD,OTHER,SUFFOLK,Straight and Level,Clear,None,Snow/Ice,Not Applicable,"Tree, Collision With Fixed Object",1
 Damage Accident,6:53,09/26/2014,Friday,Y,Daylight,LANSING,OTHER,TOMPKINS,Straight and Grade,Clear,None,Dry,Not Applicable,Deer,1
 Damage Accident,10:20,11/19/2014,Wednesday,Y,Daylight,BABYLON,OTHER,SUFFOLK,Straight and Level,Clear,Stop Sign,Dry,Not Applicable,"Curbing, Collision With Fixed Object",1
 Damage & Injury Accident,12:30,02/04/2014,Tuesday,Y,Daylight,NEW ROCHELLE,RIGHT ANGLE,WESTCHESTER,Straight and Level,Clear,None,Slush,Not Applicable,"Other Motor Vehicle, Collision With",2
 Accident,19:40,10/10/2014,Friday,Y,Dark-Road Lighted,QUEENS,OTHER,QUEENS,Straight and Level,Clear,None,Dry,Riding/Walking/Skating Along Highway With Traffic,"Bicyclist, Collision With",1
 Damage Accident,0:00,08/02/2014,Saturday,N,Daylight,GUILDERLAND,OTHER,ALBANY,Curve and Level,Clear,No Passing Zone,Dry,Not Applicable,"Other Object (Not Fixed)*, Collision With",1
 Damage & Injury Accident,7:54,04/06/2014,Sunday,Y,Daylight,HORNELL,RIGHT ANGLE,STEUBEN,Straight and Level,Clear,Traffic Signal,Dry,Not Applicable,"Other Motor Vehicle, Collision With",2
 Damage Accident,15:53,02/18/2014,Tuesday,Y,Daylight,ISLIP,Unknown,SUFFOLK,Straight and Level,Cloudy,None,Wet,Not Applicable,"Other Motor Vehicle, Collision With",2
 Damage & Injury Accident,13:45,01/20/2014,Monday,Y,Daylight,BRIGHTON,OTHER,MONROE,Curve and Grade,Snow,None,Snow/Ice,Not Applicable,"Barrier, Collision With Fixed Object",2
 Damage Accident,16:46,03/25/2014,Tuesday,Y,Daylight,HALFMOON,REAR END,SARATOGA,Straight and Level,Clear,None,Dry,Not Applicable,"Other Motor Vehicle, Collision With",2
 Damage & Injury Accident,11:51,07/27/2014,Sunday,Y,Daylight,ROME,SIDESWIPE,ONEIDA,Curve and Grade,Rain,No Passing Zone,Wet,Not Applicable,"Other Motor Vehicle, Collision With",2
 Damage Accident,19:49,11/09/2014,Sunday,Y,Dark-Road Unlighted,ALBION,OTHER,ORLEANS,Straight and Level,Clear,None,Dry,Not Applicable,Deer,1