 Descriptor,Time,Date,Day of Week,Police Report,Lighting Conditions,Municipality,Collision Type Descriptor,County Name,Road Descriptor,Weather Conditions,Traffic Control Device,Road Surface Conditions,Pedestrian Bicyclist Action,Event Descriptor,Number of Vehicles Involved
 Damage & Injury Accident,23:06,11/29/2014,Saturday,Y,Dark-Road Unlighted,PHILADELPHIA,OTHER,JEFFERSON,Curve and Level,Cloudy,None,Dry,Not Applicable,"Earth Embankment/Rock Cut/Ditch, Collision With Fixed Object",1
 Damage Accident,20:40,03/22/2014,Saturday,Y,Dark-Road Lighted,BUFFALO,REAR END,ERIE,Straight and Grade,Cloudy,None,Wet,Not Applicable,"Other Motor Vehicle, Collision With",2
 Damage Accident,9:48,02/13/2014,Thursday,Y,Daylight,BABYLON,OTHER,SUFFOLK,Straight and Level,Snow,None,Snow/Ice,Not Applicable,"Guide Rail - Not At End, Collision With Fixed Object",1
 Damage & Injury Accident,12:24,02/23/2014,Sunday,Y,Daylight,CLARKSON,HEAD ON,MONROE,Straight and Level,Clear,None,Dry,Not Applicable,"Other Motor Vehicle, Collision With",2
 Damage & Injury Accident,18:16,01/19/2014,Sunday,Y,Dark-Road Lighted,NIAGARA FALLS,RIGHT ANGLE,NIAGARA,Straight and Level,Cloudy,Stop Sign,Snow/Ice,Not Applicable,"Other Motor Vehicle, Collision With",2
 Damage Accident,8:00,10/28/2014,Tuesday,Y,Daylight,SARATOGA SPRINGS,OTHER,SARATOGA,Straight and Level,Cloudy,None,Wet,Not Applicable,"Other Motor Vehicle, Collision With",3
 Damage Accident,5:30,11/12/2014,Wednesday,N,Dark-Road Unlighted,PENFIELD,OTHER,MONROE,Straight and Grade,Cloudy,None,Dry,Not Applicable,Deer,1
 Damage Accident,14:10,12/09/2014,Tuesday,Y,Daylight,OYSTER BAY,REAR END,NASSAU,Straight and Level,Rain,Traffic Signal,Wet,Not Applicable,"Other Motor Vehicle, Collision With",2
 Damage Accident,11:52,07/01/2014,Tuesday,Y,Daylight,LENOX,LEFT TURN (3),MADISON,Straight and Level,Clear,Other,Dry,Not Applicable,"Other Motor Vehicle, Collision With",2
 Damage Accident,11:57,06/12/2014,Thursday,Y,Daylight,HARRISON,OTHER,WESTCHESTER,Straight and Level,Cloudy,None,Dry,Not Applicable,"Guide Rail - Not At End, Collision With Fixed Object",1
 Damage Accident,5:20,04/23/2014,Wednesday,Y,Dark-Road Lighted,HEMPSTEAD,OTHER,NASSAU,Curve and Level,Cloudy,Other,Dry,Not Applicable,"Bridge Structure, Collision With Fixed Object",1
 Damage Accident,22:17,11/22/2014,Saturday,Y,Dark-Road Lighted,ROCHESTER,OTHER,MONROE,Straight and Level,Rain,None,Wet,Not Applicable,"Light Support/Utility Pole, Collision With Fixed Object",1
 Damage Accident,4:25,12/01/2014,Monday,Y,Dark-Road Lighted,BRONX,LEFT TURN (3),BRONX,Straight and Level,Clear,Traffic Signal,Dry,Not Applicable,"Other Motor Vehicle, Collision With",2
 Damage & Injury Accident,9:04,03/14/2014,Friday,Y,Daylight,NIAGARA FALLS,LEFT TURN (3),NIAGARA,Straight and Level,Clear,None,Snow/Ice,Not Applicable,"Other Motor Vehicle, Collision With",2
 Damage Accident,22:30,04/21/2014,Monday,Y,Dark-Road Lighted,BRONX,REAR END,BRONX,Straight and Level,Clear,None,Dry,Not Applicable,"Other Motor Vehicle, Collision With",2
 Damage Accident,10:36,04/04/2014,Friday,Y,Daylight,ORCHARD PARK,OTHER,ERIE,Straight and Level,Clear,None,Dry,Not Applicable,"Sign Post, Collision With Fixed Object",1
 Damage & Injury Accident,13:25,02/05/2014,Wednesday,Y,Daylight,PERINTON,OTHER,MONROE,Straight and Level,Snow,None,Snow/Ice,Not Applicable,"Other*, Non-Collision",1
 Damage & Injury Accident,9:40,01/27/2014,Monday,Y,Daylight,CHEEKTOWAGA,REAR END,ERIE,Straight and Level,Cloudy,None,Snow/Ice,Not Applicable,"Other Motor Vehicle, Collision With",2
 Damage Accident,18:32,11/13/2014,Thursday,Y,Dark-Road Unlighted,CATHARINE,OTHER,SCHUYLER,Straight at Hill Crest,Snow,None,Snow/Ice,Not Applicable,"Tree, Collision With Fixed Object",1
 Damage Accident,16:20,07/29/2014,Tuesday,Y,Daylight,ISLIP,OTHER,SUFFOLK,Straight and Grade,Clear,Traffic Signal,Dry,Not Applicable,"Other Motor Vehicle, Collision With",3
 Damage Accident,15:30,09/02/2014,Tuesday,Y,Daylight,MINEOLA,OVERTAKING,NASSAU,Straight and Level,Clear,None,Dry,Not Applicable,"Other Motor Vehicle, Collision With",2
 Damage Accident,20:13,04/17/2014,Thursday,Y,Dark-Road Unlighted,LANSING,OTHER,TOMPKINS,Straight and Level,Clear,None,Dry,Not Applicable,Deer,1
 Damage Accident,14:40,12/23/2014,Tuesday,Y,Daylight,QUEENS,OVERTAKING,QUEENS,Straight and Level,Rain,Traffic Signal,Wet,Not Applicable,"Other Motor Vehicle, Collision With",2
 Damage Accident,20:00,04/02/2014,Wednesday,N,Dawn,FOWLER,OTHER,ST. LAWRENCE,Straight and Grade,Clear,None,Dry,Not Applicable,Deer,1
 Damage & Injury Accident,15:44,06/02/2014,Monday,Y,Daylight,ROCHESTER,REAR END,MONROE,Straight and Level,Clear,None,Dry,Not Applicable,"Other Motor Vehicle, Collision With",2
 Damage Accident,14:20,10/23/2014,Thursday,Y,Daylight,HEMPSTEAD,OVERTAKING,NASSAU,Straight and Level,Rain,None,Wet,Not Applicable,"Other Motor Vehicle, Collision With",2
 Accident,12:00,10/12/2014,Sunday,Y,Daylight,BROOKHAVEN,REAR END,SUFFOLK,Straight and Level,Clear,Yield Sign,Dry,Not Applicable,"Other Motor Vehicle, Collision With",2
 Accident,10:04,07/26/2014,Saturday,Y,Daylight,QUEENS,Unknown,QUEENS,Straight and Level,Clear,Traffic Signal,Dry,Not Applicable,"Other Motor Vehicle, Collision With",2
 Damage & Injury Accident,20:17,04/09/2014,Wednesday,Y,Dark-Road Lighted,OGDEN,SIDESWIPE,MONROE,Straight and Grade,Cloudy,None,Dry,Not Applicable,"Other Motor Vehicle, Collision With",2
 Accident,13:00,04/19/2014,Saturday,Y,Daylight,BRONX,HEAD ON,BRONX,Straight and Level,Clear,None,Dry,Not Applicable,"Other Motor Vehicle, Collision With",2
 Accident,14:00,01/28/2014,Tuesday,Y,Daylight,QUEENS,RIGHT ANGLE,QUEENS,Straight and Level,Clear,Traffic Signal,Dry,Not Applicable,"Other Motor Vehicle, Collision With",2
 Damage Accident,5:29,05/18/2014,Sunday,Y,Dawn,BEEKMAN,OTHER,DUTCHESS,Straight and Grade,Clear,None,Other,Not Applicable,"Earth Embankment/Rock Cut/Ditch, Collision With Fixed Object",1
 Damage & Injury Accident,21:00,12/06/2014,Saturday,Y,Dark-Road Unlighted,CLAVERACK,OTHER,COLUMBIA,Curve and Level,Snow,No Passing Zone,Snow/Ice,Not Applicable,"Earth Embankment/Rock Cut/Ditch, Collision With Fixed Object",1
 Damage Accident,12:36,04/15/2014,Tuesday,Y,Daylight,BATAVIA,SIDESWIPE,GENESEE,Straight and Level,Rain,None,Wet,Not Applicable,"Other Motor Vehicle, Collision With",2
 Damage & Injury Accident,19:53,02/19/2014,Wednesday,Y,Dark-Road Unlighted,AURELIUS,OTHER,CAYUGA,Straight and Level,Cloudy,None,Wet,Not Applicable,"Other Fixed Object*, Collision With Fixed Object",1
 Damage Accident,0:00,06/18/2014,Wednesday,N,Unknown,BUFFALO,OTHER,ERIE,Unknown,Unknown,Unknown,Unknown,Not Applicable,"Light Support/Utility Pole, Collision With Fixed Object",1
 Damage Accident,14:03,02/27/2014,Thursday,Y,Daylight,WHITE PLAINS,OVERTAKING,WESTCHESTER,Straight and Level,Clear,Stop Sign,Dry,Not Applicable,"Other Motor Vehicle, Collision With",2
 Damage & Injury Accident,15:56,06/04/2014,Wednesday,Y,Daylight,LEWISBORO,OVERTAKING,WESTCHESTER,Curve and Level,Cloudy,None,Dry,Not Applicable,"Other Motor Vehicle, Collision With",2
 Accident,21:27,12/30/2014,Tuesday,Y,Dark-Road Lighted,ROTTERDAM,REAR END,SCHENECTADY,Straight and Level,Clear,Traffic Signal,Dry,Not Applicable,"Other Motor Vehicle, Collision With",2
 Damage Accident,12:39,12/31/2014,Wednesday,Y,Daylight,OYSTER BAY,REAR END,NASSAU,Straight and Grade,Clear,Traffic Signal,Dry,Not Applicable,"Other Motor Vehicle, Collision With",2
 Damage Accident,19:03,11/28/2014,Friday,Y,Dark-Road Lighted,CROWN POINT,OTHER,ESSEX,Straight and Level,Clear,Yield Sign,Snow/Ice,Not Applicable,"Other Motor Vehicle, Collision With",3
 Damage Accident,19:33,06/29/2014,Sunday,Y,Daylight,HEMPSTEAD,OVERTAKING,NASSAU,Curve and Level,Clear,None,Dry,Not Applicable,"Other Motor Vehicle, Collision With",2
 Damage Accident,13:30,11/15/2014,Saturday,Y,Daylight,OYSTER BAY,REAR END,NASSAU,Straight and Level,Clear,Traffic Signal,Dry,Not Applicable,"Other Motor Vehicle, Collision With",2
 Damage Accident,14:30,10/25/2014,Saturday,Y,Daylight,ROTTERDAM,REAR END,SCHENECTADY,Straight and Level,Clear,None,Dry,Not Applicable,"Other Motor Vehicle, Collision With",2
 Accident,18:09,05/08/2014,Thursday,Y,Daylight,ROCHESTER,OTHER,MONROE,Straight and Level,Clear,None,Dry,Riding/Walking/Skating Along Highway With Traffic,"Bicyclist, Collision With",1
 Damage Accident,2:30,05/25/2014,Sunday,Y,Dark-Road Unlighted,DUNKIRK,REAR END,CHAUTAUQUA,Straight and Level,Cloudy,None,Dry,Not Applicable,"Other Motor Vehicle, Collision With",2
 Damage & Injury Accident,12:36,07/31/2014,Thursday,Y,Daylight,NEWBURGH,REAR END,ORANGE,Straight at Hill Crest,Clear,None,Dry,Not Applicable,"Other Motor Vehicle, Collision With",2
 Accident,16:30,12/19/2014,Friday,Y,Daylight,QUEENS,OVERTAKING,QUEENS,Straight and Level,Clear,None,Dry,Not Applicable,"Other Motor Vehicle, Collision With",2
 Damage Accident,13:00,08/01/2014,Friday,N,Daylight,RIVERHEAD,RIGHT TURN (5),SUFFOLK,Straight and Level,Clear,Traffic Signal,Dry,Not Applicable,"Other Motor Vehicle, Collision With",2
 Accident,11:45,12/16/2014,Tuesday,Y,Daylight,KINGS,OTHER,KINGS,Straight and Level,Cloudy,Traffic Signal,Dry,"Crossing, Against Signal","Pedestrian, Collision With",1
 Damage & Injury Accident,7:35,02/03/2014,Monday,Y,Daylight,OYSTER BAY,Unknown,NASSAU,Straight and Level,Snow,None,Snow/Ice,Not Applicable,"Other Motor Vehicle, Collision With",2
 Damage Accident,6:45,11/25/2014,Tuesday,N,Dawn,WATERLOO,OTHER,SENECA,Curve and Level,Sleet/Hail/Freezing Rain,None,Wet,Not Applicable,"Animal, Collision With",1
 Damage Accident,0:00,12/13/2014,Saturday,N,Unknown,KINGS,Unknown,KINGS,Unknown,Unknown,Unknown,Unknown,Not Applicable,"Other Motor Vehicle, Collision With",2
 Damage Accident,0:00,12/13/2014,Saturday,N,Unknown,KINGS,Unknown,KINGS,Unknown,Unknown,Unknown,Unknown,Not Applicable,"Other Motor Vehicle, Collision With",2
 Accident,15:45,03/18/2014,Tuesday,Y,Daylight,NEW YORK,OTHER,NEW YORK,Straight and Level,Clear,None,Dry,"Crossing, No Signal or Crosswalk","Pedestrian, Collision With",1
 Accident,11:23,02/10/2014,Monday,Y,Daylight,FREDONIA,OTHER,CHAUTAUQUA,Curve and Grade,Snow,Unknown,Snow/Ice,Not Applicable,"Tree, Collision With Fixed Object",1
 Damage Accident,17:50,01/19/2014,Sunday,Y,Dark-Road Unlighted,WATERTOWN,OTHER,JEFFERSON,Curve and Grade,Snow,None,Snow/Ice,Not Applicable,"Guide Rail - Not At End, Collision With Fixed Object",1
 Damage Accident,1:00,02/06/2014,Thursday,Y,Dark-Road Unlighted,GHENT,OTHER,COLUMBIA,Curve and Grade,Snow,None,Snow/Ice,Not Applicable,"Tree, Collision With Fixed Object",1
 Damage Accident,17:25,09/24/2014,Wednesday,Y,Daylight,,RIGHT TURN (6),UNKNOWN,Straight and Level,Clear,Other,Dry,Not Applicable,"Other Motor Vehicle, Collision With",2
 Damage Accident,16:32,05/26/2014,Monday,Y,Daylight,VESTAL,OVERTAKING,BROOME,Straight and Level,Clear,None,Dry,Not Applicable,"Other Motor Vehicle, Collision With",2
 Damage Accident,16:37,07/25/2014,Friday,Y,Daylight,LEWISTON,REAR END,NIAGARA,Straight and Level,Clear,None,Dry,Not Applicable,"Other Motor Vehicle, Collision With",2
 Damage Accident,15:32,10/02/2014,Thursday,Y,Daylight,ISLIP,REAR END,SUFFOLK,Straight and Level,Cloudy,None,Dry,Not Applicable,"Other Motor Vehicle, Collision With",2
 Damage & Injury Accident,9:27,10/02/2014,Thursday,Y,Daylight,BRONX,OVERTAKING,BRONX,Straight and Level,Clear,Stop Sign,Dry,Not Applicable,"Other Motor Vehicle, Collision With",2
 Damage Accident,11:45,11/22/2014,Saturday,Y,Daylight,ELLERY,OTHER,CHAUTAUQUA,Straight and Grade,Sleet/Hail/Freezing Rain,No Passing Zone,Snow/Ice,Not Applicable,"Light Support/Utility Pole, Collision With Fixed Object",1
 Accident,8:18,03/24/2014,Monday,N,Daylight,BRONX,Unknown,BRONX,Straight and Level,Clear,None,Snow/Ice,Not Applicable,"Other Motor Vehicle, Collision With",2
 Accident,13:45,07/12/2014,Saturday,Y,Daylight,BROOKVILLE,RIGHT TURN (6),NASSAU,Straight and Level,Clear,None,Dry,Not Applicable,"Other Motor Vehicle, Collision With",2
 Damage Accident,13:30,09/16/2014,Tuesday,N,Unknown,NEW YORK,REAR END,NEW YORK,Unknown,Unknown,Unknown,Unknown,Not Applicable,"Other Motor Vehicle, Collision With",2
 Accident,16:00,11/12/2014,Wednesday,Y,Unknown,KINGS,RIGHT ANGLE,KINGS,Unknown,Unknown,Unknown,Unknown,Not Applicable,"Other Motor Vehicle, Collision With",2
 Damage Accident,15:29,05/02/2014,Friday,Y,Daylight,WILTON,OTHER,SARATOGA,Straight and Level,Cloudy,None,Dry,Not Applicable,"Guide Rail - Not At End, Collision With Fixed Object",1
 Damage Accident,15:03,12/09/2014,Tuesday,Y,Daylight,WHEATLAND,OTHER,MONROE,Curve and Level,Cloudy,None,Dry,Not Applicable,Deer,1
 Damage Accident,15:10,08/26/2014,Tuesday,Y,Daylight,SMITHTOWN,REAR END,SUFFOLK,Straight and Level,Clear,None,Dry,Not Applicable,"Other Motor Vehicle, Collision With",2
 Damage & Injury Accident,13:00,03/13/2014,Thursday,Y,Daylight,BUFFALO,RIGHT ANGLE,ERIE,Straight and Level,Cloudy,None,Snow/Ice,Not Applicable,"Other Motor Vehicle, Collision With",2
 Damage Accident,11:10,05/02/2014,Friday,Y,Daylight,NORTH HEMPSTEAD,REAR END,NASSAU,Curve and Grade,Clear,Yield Sign,Dry,Not Applicable,"Other Motor Vehicle, Collision With",2
 Damage Accident,16:00,10/30/2014,Thursday,Y,Daylight,ERWIN,OTHER,STEUBEN,Straight and Level,Cloudy,None,Dry,Not Applicable,"Other Motor Vehicle, Collision With",2
 Damage & Injury Accident,12:00,08/22/2014,Friday,Y,Daylight,HEMPSTEAD,REAR END,NASSAU,Straight and Level,Clear,Yield Sign,Dry,Not Applicable,"Other Motor Vehicle, Collision With",2
 Damage Accident,17:15,10/01/2014,Wednesday,Y,Daylight,ISLIP,OVERTAKING,SUFFOLK,Straight and Level,Rain,None,Wet,Not Applicable,"Other Motor Vehicle, Collision With",2
 Accident,18:58,08/30/2014,Saturday,Y,Daylight,HARRISON,OTHER,WESTCHESTER,Straight and Level,Clear,None,Dry,Not Applicable,"Other*, Non-Collision",1
 Damage Accident,13:40,04/20/2014,Sunday,Y,Daylight,BROOKHAVEN,SIDESWIPE,SUFFOLK,Straight and Level,Clear,None,Dry,Not Applicable,"Other Motor Vehicle, Collision With",2
 Damage Accident,0:00,05/01/2014,Thursday,N,Unknown,ROCKVILLE CENTRE,Unknown,NASSAU,Unknown,Unknown,Unknown,Unknown,Not Applicable,"Other Motor Vehicle, Collision With",2
 Damage Accident,17:19,10/22/2014,Wednesday,Y,Dark-Road Lighted,NORTH HEMPSTEAD,OTHER,NASSAU,Curve and Grade,Rain,None,Wet,Not Applicable,"Guide Rail - Not At End, Collision With Fixed Object",1
 Damage Accident,23:00,12/27/2014,Saturday,N,Dark-Road Unlighted,,OTHER,LEWIS,Straight and Level,Clear,Unknown,Dry,Not Applicable,Deer,1
 Damage & Injury Accident,11:40,08/04/2014,Monday,Y,Daylight,KINGS,REAR END,KINGS,Straight and Level,Clear,Traffic Signal,Dry,Not Applicable,"Other Motor Vehicle, Collision With",2
 Damage Accident,19:20,10/25/2014,Saturday,Y,Dark-Road Lighted,NEW YORK,OVERTAKING,NEW YORK,Straight and Level,Clear,None,Dry,Not Applicable,"Other Motor Vehicle, Collision With",2
 Accident,9:31,07/10/2014,Thursday,Y,Daylight,TROY,OTHER,RENSSELAER,Curve at Hill Crest,Clear,None,Dry,Riding/Walking/Skating Along Highway With Traffic,"Bicyclist, Collision With",1
 Accident,11:55,03/14/2014,Friday,Y,Daylight,CLARENCE,REAR END,ERIE,Straight and Level,Clear,Traffic Signal,Wet,Not Applicable,"Other Motor Vehicle, Collision With",2
 Accident,10:19,08/20/2014,Wednesday,Y,Daylight,QUEENS,OTHER,QUEENS,Curve and Level,Rain,None,Wet,Not Applicable,"Median - Not At End, Collision With Fixed Object",1
 Accident,16:20,10/12/2014,Sunday,Y,Daylight,KINGS,RIGHT ANGLE,KINGS,Straight and Level,Clear,Stop Sign,Dry,Not Applicable,"Other Motor Vehicle, Collision With",2
 Damage Accident,11:00,01/24/2014,Friday,N,Unknown,BROOKHAVEN,SIDESWIPE,SUFFOLK,Unknown,Unknown,Unknown,Unknown,Not Applicable,"Other Motor Vehicle, Collision With",2
 Accident,3:35,03/11/2014,Tuesday,Y,Dark-Road Unlighted,BETHLEHEM,OTHER,ALBANY,Straight and Level,Clear,None,Dry,Riding/Walking/Skating Along Highway With Traffic,"Bicyclist, Collision With",1
 Damage & Injury Accident,13:24,07/25/2014,Friday,Y,Daylight,WARWICK,RIGHT ANGLE,ORANGE,Straight and Grade,Cloudy,Stop Sign,Dry,Not Applicable,"Other Motor Vehicle, Collision With",2
 Damage & Injury Accident,15:32,07/08/2014,Tuesday,Y,Daylight,BROOKHAVEN,RIGHT ANGLE,SUFFOLK,Curve and Grade,Cloudy,None,Dry,Not Applicable,"Sign Post, Collision With Fixed Object",2
 Accident,16:43,04/09/2014,Wednesday,Y,Daylight,KINGS,OTHER,KINGS,Straight and Level,Clear,None,Dry,Not Applicable,"Other Motor Vehicle, Collision With",3
 Damage Accident,19:12,04/03/2014,Thursday,Y,Daylight,ROCHESTER,RIGHT TURN (5),MONROE,Straight and Grade,Clear,Traffic Signal,Dry,Not Applicable,"Other Motor Vehicle, Collision With",2
 Damage Accident,13:55,06/02/2014,Monday,Y,Daylight,LAKE GEORGE,REAR END,WARREN,Straight and Grade,Clear,Stop Sign,Dry,Not Applicable,"Other Motor Vehicle, Collision With",2
 Damage & Injury Accident,6:15,07/13/2014,Sunday,Y,Daylight,SYRACUSE,OTHER,ONONDAGA,Straight and Level,Cloudy,Traffic Signal,Dry,Not Applicable,"Light Support/Utility Pole, Collision With Fixed Object",1
 Damage Accident,22:00,05/31/2014,Saturday,Y,Dark-Road Lighted,LANCASTER,LEFT TURN (3),ERIE,Straight and Level,Clear,Traffic Signal,Dry,Not Applicable,"Other Motor Vehicle, Collision With",2
 Damage & Injury Accident,14:23,08/16/2014,Saturday,Y,Daylight,GREENVILLE,OTHER,ORANGE,Straight and Grade,Cloudy,None,Dry,Not Applicable,"Guide Rail - Not At End, Collision With Fixed Object",1
 Accident,19:25,12/08/2014,Monday,Y,Dark-Road Lighted,BRONX,OVERTAKING,BRONX,Straight and Level,Clear,None,Dry,Not Applicable,"Other Motor Vehicle, Collision With",2
 Accident,22:10,06/18/2014,Wednesday,Y,Dark-Road Lighted,QUEENS,OTHER,QUEENS,Straight and Level,Clear,Traffic Signal,Dry,Riding/Walking/Skating Along Highway With Traffic,"Bicyclist, Collision With",1
 Damage Accident,7:29,10/09/2014,Thursday,Y,Daylight,VICTOR,SIDESWIPE,ONTARIO,Straight and Level,Clear,None,Dry,Not Applicable,"Other Motor Vehicle, Collision With",2
 Damage & Injury Accident,11:45,02/21/2014,Friday,Y,Daylight,HUNTINGTON,Unknown,SUFFOLK,Curve and Grade,Rain,Traffic Signal,Wet,Not Applicable,"Other Motor Vehicle, Collision With",2
 Accident,16:13,11/28/2014,Friday,Y,Daylight,KINGS,OTHER,KINGS,Straight and Level,Clear,Traffic Signal,Dry,"Crossing, Against Signal","Pedestrian, Collision With",1
 Damage & Injury Accident,20:44,04/08/2014,Tuesday,Y,Dark-Road Lighted,WHITE PLAINS,HEAD ON,WESTCHESTER,Straight and Level,Clear,Stop Sign,Dry,Not Applicable,"Other Motor Vehicle, Collision With",2
 Accident,19:52,11/26/2014,Wednesday,Y,Dark-Road Lighted,NEW YORK,OTHER,NEW YORK,Straight and Level,Rain,Traffic Signal,Wet,"Crossing, No Signal, Marked Crosswalk","Pedestrian, Collision With",1
 Damage Accident,17:20,04/04/2014,Friday,Y,Daylight,NORTH TONAWANDA,OVERTAKING,NIAGARA,Straight and Level,Rain,Traffic Signal,Wet,Not Applicable,"Other Motor Vehicle, Collision With",2
 Accident,19:50,10/22/2014,Wednesday,Y,Dark-Road Lighted,BRONX,OTHER,BRONX,Straight and Level,Rain,None,Wet,Other Actions in Roadway,"Bicyclist, Collision With",1
 Damage Accident,12:50,03/09/2014,Sunday,Y,Daylight,HEMPSTEAD,SIDESWIPE,NASSAU,Straight and Level,Clear,None,Dry,Not Applicable,"Other Motor Vehicle, Collision With",2
 Damage Accident,13:29,12/06/2014,Saturday,Y,Daylight,BRONX,REAR END,BRONX,Straight and Level,Rain,None,Wet,Not Applicable,"Other Motor Vehicle, Collision With",2
 Damage & Injury Accident,17:05,09/24/2014,Wednesday,Y,Daylight,BROOKHAVEN,REAR END,SUFFOLK,Straight and Level,Clear,Traffic Signal,Dry,Not Applicable,"Other Motor Vehicle, Collision With",2
 Accident,12:11,04/28/2014,Monday,Y,Daylight,QUEENS,REAR END,QUEENS,Straight and Level,Clear,Traffic Signal,Dry,Not Applicable,"Other Motor Vehicle, Collision With",2
 Damage Accident,18:37,12/19/2014,Friday,Y,Dark-Road Lighted,VESTAL,REAR END,BROOME,Straight and Level,Cloudy,Traffic Signal,Dry,Not Applicable,"Other Motor Vehicle, Collision With",2
 Damage Accident,20:21,09/30/2014,Tuesday,Y,Dark-Road Unlighted,PITTSFORD,OTHER,MONROE,Straight and Level,Clear,None,Dry,Not Applicable,"Animal, Collision With",1
 Damage & Injury Accident,12:36,06/24/2014,Tuesday,Y,Daylight,DRYDEN,OTHER,TOMPKINS,Straight and Level,Cloudy,No Passing Zone,Dry,Not Applicable,"Other Motor Vehicle, Collision With",3
 Damage Accident,7:41,07/25/2014,Friday,Y,Daylight,LYONS,RIGHT ANGLE,WAYNE,Straight and Grade,Cloudy,None,Dry,Not Applicable,"Other Motor Vehicle, Collision With",2
 Damage & Injury Accident,9:10,06/19/2014,Thursday,Y,Daylight,BROADALBIN,OTHER,FULTON,Curve and Level,Clear,None,Dry,Not Applicable,"Tree, Collision With Fixed Object",1
 Accident,9:14,07/02/2014,Wednesday,N,Unknown,QUEENS,REAR END,QUEENS,Unknown,Unknown,Unknown,Unknown,Not Applicable,"Other Motor Vehicle, Collision With",2
 Damage Accident,12:56,12/17/2014,Wednesday,Y,Daylight,CARMEL,OTHER,PUTNAM,Straight and Level,Clear,No Passing Zone,Dry,Not Applicable,"Light Support/Utility Pole, Collision With Fixed Object",1
 Damage Accident,2:43,10/08/2014,Wednesday,Y,Dark-Road Lighted,QUEENSBURY,OTHER,WARREN,Curve and Level,Rain,None,Wet,Not Applicable,"Guide Rail - Not At End, Collision With Fixed Object",1
 Damage Accident,9:30,02/25/2014,Tuesday,Y,Daylight,CLARKSTOWN,RIGHT ANGLE,ROCKLAND,Straight and Level,Cloudy,Stop Sign,Dry,Not Applicable,"Other Motor Vehicle, Collision With",2
 Damage & Injury Accident,17:11,11/25/2014,Tuesday,Y,Dark-Road Unlighted,CLARKSTOWN,REAR END,ROCKLAND,Straight and Level,Cloudy,None,Dry,Not Applicable,"Other Motor Vehicle, Collision With",2
 Damage Accident,6:50,02/05/2014,Wednesday,Y,Dawn,DE KALB,OTHER,ST. LAWRENCE,Straight and Grade,Snow,No Passing Zone,Snow/Ice,Not Applicable,"Snow Embankment, Collision With Fixed Object",1
 Damage Accident,12:00,03/03/2014,Monday,Y,Daylight,SMITHTOWN,REAR END,SUFFOLK,Straight and Level,Cloudy,Traffic Signal,Wet,Not Applicable,"Other Motor Vehicle, Collision With",2
 Accident,6:35,06/28/2014,Saturday,Y,Dawn,NEW YORK,OTHER,NEW YORK,Straight and Level,Clear,Traffic Signal,Dry,Riding/Walking/Skating Along Highway With Traffic,"Bicyclist, Collision With",1
 Damage Accident,14:15,07/07/2014,Monday,Y,Daylight,BROOKHAVEN,REAR END,SUFFOLK,Curve and Level,Clear,Yield Sign,Dry,Not Applicable,"Other Motor Vehicle, Collision With",2
 Accident,22:40,05/05/2014,Monday,Y,Dark-Road Lighted,KINGS,OTHER,KINGS,Straight and Level,Clear,Traffic Signal,Dry,"Crossing, No Signal or Crosswalk","Pedestrian, Collision With",1
 Damage & Injury Accident,19:25,11/17/2014,Monday,Y,Dark-Road Unlighted,HANOVER,OTHER,CHAUTAUQUA,Straight and Level,Snow,None,Snow/Ice,Not Applicable,"Barrier, Collision With Fixed Object",1
 Damage Accident,13:40,08/11/2014,Monday,Y,Daylight,KINGS,RIGHT ANGLE,KINGS,Straight and Level,Clear,Traffic Signal,Dry,Not Applicable,"Other Motor Vehicle, Collision With",2
 Damage & Injury Accident,0:05,12/18/2014,Thursday,Y,Dark-Road Lighted,OYSTER BAY,OTHER,NASSAU,Straight and Level,Clear,Traffic Signal,Dry,Not Applicable,"Other Motor Vehicle, Collision With",3
 Damage & Injury Accident,10:44,03/08/2014,Saturday,Y,Daylight,CLARENDON,LEFT TURN (3),ORLEANS,Straight and Level,Clear,Stop Sign,Dry,Not Applicable,"Other Motor Vehicle, Collision With",2
 Accident,22:27,03/02/2014,Sunday,Y,Dark-Road Lighted,SYRACUSE,OTHER,ONONDAGA,Straight and Level,Cloudy,None,Slush,Riding/Walking/Skating Along Highway With Traffic,"Pedestrian, Collision With",1
 Damage & Injury Accident,16:57,09/15/2014,Monday,Y,Daylight,EAST GREENBUSH,RIGHT ANGLE,RENSSELAER,Curve and Level,Clear,Stop Sign,Dry,Not Applicable,"Other Motor Vehicle, Collision With",2
 Damage Accident,1:30,06/08/2014,Sunday,N,Unknown,RICHMOND,REAR END,RICHMOND,Unknown,Unknown,Unknown,Unknown,Not Applicable,"Other Motor Vehicle, Collision With",2
 Damage Accident,16:05,11/05/2014,Wednesday,Y,Daylight,NORTH HILLS,REAR END,NASSAU,Straight and Level,Cloudy,None,Dry,Not Applicable,"Other Motor Vehicle, Collision With",2
 Accident,8:30,01/21/2014,Tuesday,Y,Daylight,BRONX,OTHER,BRONX,Straight and Level,Cloudy,Stop Sign,Dry,"Crossing, With Signal","Pedestrian, Collision With",1