 Descriptor,Time,Date,Day of Week,Police Report,Lighting Conditions,Municipality,Collision Type Descriptor,County Name,Road Descriptor,Weather Conditions,Traffic Control Device,Road Surface Conditions,Pedestrian Bicyclist Action,Event Descriptor,Number of Vehicles Involved
 Accident,9:00,07/30/2014,Wednesday,Y,Daylight,QUEENS,REAR END,QUEENS,Straight and Level,Clear,None,Dry,Not Applicable,"Other Motor Vehicle, Collision With",2
 Damage Accident,15:15,09/05/2014,Friday,Y,Daylight,PELHAM MANOR,REAR END,WESTCHESTER,Straight and Level,Clear,None,Dry,Not Applicable,"Other Motor Vehicle, Collision With",2
 Damage Accident,11:40,02/04/2014,Tuesday,Y,Daylight,NEW YORK,REAR END,NEW YORK,Straight and Level,Clear,None,Dry,Not Applicable,"Other Motor Vehicle, Collision With",2
 Damage Accident,1:55,09/05/2014,Friday,Y,Dark-Road Lighted,HUNTINGTON,OVERTAKING,SUFFOLK,Straight and Grade,Cloudy,None,Dry,Not Applicable,"Other Motor Vehicle, Collision With",2
 Damage Accident,17:00,08/02/2014,Saturday,N,Dawn,,OTHER,ROCKLAND,Straight and Grade,Clear,None,Dry,Not Applicable,Deer,1
 Damage Accident,17:45,07/05/2014,Saturday,Y,Daylight,ARGYLE,REAR END,WASHINGTON,Straight and Level,Clear,None,Dry,Not Applicable,"Other Motor Vehicle, Collision With",2
 Damage Accident,20:50,05/13/2014,Tuesday,Y,Dark-Road Lighted,WALLKILL,OTHER,ORANGE,Curve and Level,Clear,None,Dry,Not Applicable,"Light Support/Utility Pole, Collision With Fixed Object",1
 Damage & Injury Accident,11:59,05/27/2014,Tuesday,Y,Daylight,ENDICOTT,Unknown,BROOME,Straight and Level,Cloudy,None,Dry,Not Applicable,"Light Support/Utility Pole, Collision With Fixed Object",2
 Damage & Injury Accident,9:30,09/10/2014,Wednesday,Y,Daylight,HEMPSTEAD,REAR END,NASSAU,Straight and Level,Clear,None,Dry,Not Applicable,"Other Motor Vehicle, Collision With",2
 Accident,14:44,09/10/2014,Wednesday,Y,Daylight,SPRING VALLEY,OTHER,ROCKLAND,Straight and Level,Clear,None,Dry,Not Applicable,"Overturned, Non-Collision",1
 Damage & Injury Accident,3:25,09/05/2014,Friday,Y,Dark-Road Unlighted,OTEGO,OTHER,OTSEGO,Straight and Level,Clear,None,Dry,Not Applicable,"Earth Embankment/Rock Cut/Ditch, Collision With Fixed Object",1
 Accident,0:20,09/07/2014,Sunday,Y,Dark-Road Lighted,BRONX,OTHER,BRONX,Straight and Level,Rain,None,Wet,Not Applicable,"Other Fixed Object*, Collision With Fixed Object",1
 Damage Accident,15:00,03/28/2014,Friday,Y,Daylight,HEMPSTEAD,REAR END,NASSAU,Straight and Level,Cloudy,None,Dry,Not Applicable,"Other Motor Vehicle, Collision With",2
 Damage Accident,0:00,01/31/2014,Friday,N,Unknown,,OTHER,UNKNOWN,Unknown,Unknown,Unknown,Unknown,Not Applicable,"Other*, Non-Collision",1
 Damage Accident,14:15,06/01/2014,Sunday,N,Unknown,NEW HYDE PARK,Unknown,NASSAU,Unknown,Unknown,Unknown,Unknown,Not Applicable,"Other Motor Vehicle, Collision With",2
 Damage Accident,4:06,09/17/2014,Wednesday,Y,Dark-Road Lighted,BUFFALO,OVERTAKING,ERIE,Straight and Level,Clear,Unknown,Dry,Not Applicable,"Other Motor Vehicle, Collision With",2
 Damage Accident,17:20,11/28/2014,Friday,Y,Dark-Road Lighted,HALFMOON,REAR END,SARATOGA,Straight and Level,Clear,Traffic Signal,Dry,Not Applicable,"Other Motor Vehicle, Collision With",2
 Damage Accident,12:22,01/12/2014,Sunday,Y,Daylight,WATERFORD,REAR END,SARATOGA,Curve and Level,Clear,None,Dry,Not Applicable,"Other Motor Vehicle, Collision With",2
 Damage Accident,18:40,07/08/2014,Tuesday,Y,Daylight,BABYLON,REAR END,SUFFOLK,Straight and Level,Clear,None,Dry,Not Applicable,"Other Motor Vehicle, Collision With",2
 Damage Accident,16:02,11/22/2014,Saturday,Y,Daylight,NEWBURGH,RIGHT ANGLE,ORANGE,Straight and Level,Cloudy,Stop Sign,Dry,Not Applicable,"Other Motor Vehicle, Collision With",2
 Damage & Injury Accident,23:30,02/21/2014,Friday,Y,Dark-Road Lighted,QUEENS,RIGHT ANGLE,QUEENS,Straight and Level,Clear,None,Wet,Not Applicable,"Other Motor Vehicle, Collision With",2
 Damage Accident,11:40,06/24/2014,Tuesday,Y,Daylight,HUNTINGTON,REAR END,SUFFOLK,Straight and Level,Clear,Traffic Signal,Dry,Not Applicable,"Other Motor Vehicle, Collision With",2
 Damage Accident,17:07,06/12/2014,Thursday,Y,Daylight,NUNDA,OVERTAKING,LIVINGSTON,Straight and Level,Cloudy,None,Dry,Not Applicable,"Other Motor Vehicle, Collision With",2
 Accident,23:20,08/21/2014,Thursday,Y,Dark-Road Lighted,QUEENS,Unknown,QUEENS,Straight and Level,Rain,Unknown,Wet,Not Applicable,"Other Motor Vehicle, Collision With",2
 Accident,13:43,04/28/2014,Monday,Y,Daylight,ROCKVILLE CENTRE,RIGHT ANGLE,NASSAU,Straight and Level,Clear,Stop Sign,Dry,Not Applicable,"Other Motor Vehicle, Collision With",2
 Damage & Injury Accident,12:13,01/02/2014,Thursday,Y,Daylight,NEW YORK,REAR END,NEW YORK,Straight and Level,Cloudy,None,Dry,Not Applicable,"Other Motor Vehicle, Collision With",2
 Damage Accident,10:09,01/18/2014,Saturday,Y,Daylight,CORNING,OVERTAKING,STEUBEN,Straight and Level,Snow,None,Snow/Ice,Not Applicable,"Other Motor Vehicle, Collision With",2
 Damage Accident,12:35,07/28/2014,Monday,N,Daylight,BRONX,OVERTAKING,BRONX,Straight and Level,Clear,Traffic Signal,Dry,Not Applicable,"Other Motor Vehicle, Collision With",2
 Damage Accident,14:50,03/21/2014,Friday,Y,Daylight,CATSKILL,RIGHT ANGLE,GREENE,Straight and Level,Clear,None,Dry,Not Applicable,"Other Motor Vehicle, Collision With",2
 Damage Accident,9:46,02/06/2014,Thursday,Y,Daylight,GREECE,RIGHT ANGLE,MONROE,Straight and Level,Cloudy,Traffic Signal,Snow/Ice,Not Applicable,"Other Motor Vehicle, Collision With",2
 Damage Accident,18:01,12/04/2014,Thursday,Y,Dark-Road Lighted,NYACK,OTHER,ROCKLAND,Straight and Level,Cloudy,None,Dry,Not Applicable,"Other Motor Vehicle, Collision With",4
 Damage Accident,8:16,05/31/2014,Saturday,Y,Daylight,BIG FLATS,OTHER,CHEMUNG,Straight and Level,Clear,None,Dry,Not Applicable,Deer,1
 Accident,22:39,02/06/2014,Thursday,Y,Daylight,KINGS,OTHER,KINGS,Straight and Level,Clear,None,Wet,Getting On/Off Vehicle Other than School Bus,"Pedestrian, Collision With",1
 Damage Accident,10:01,02/28/2014,Friday,Y,Daylight,CHEEKTOWAGA,OTHER,ERIE,Curve and Grade,Cloudy,Other,Snow/Ice,Not Applicable,"Sign Post, Collision With Fixed Object",1
 Accident,8:10,12/10/2014,Wednesday,Y,Daylight,NEW YORK,REAR END,NEW YORK,Straight and Level,Rain,Construction Work Area,Wet,Not Applicable,"Other Motor Vehicle, Collision With",2
 Damage & Injury Accident,12:05,11/11/2014,Tuesday,Y,Daylight,CLARKSTOWN,RIGHT ANGLE,ROCKLAND,Straight and Level,Cloudy,Traffic Signal,Dry,Not Applicable,"Other Motor Vehicle, Collision With",2
 Damage Accident,18:34,12/14/2014,Sunday,Y,Dark-Road Unlighted,ENFIELD,OTHER,TOMPKINS,Straight and Level,Rain,None,Wet,Not Applicable,Deer,1
 Damage Accident,18:00,04/20/2014,Sunday,N,Unknown,QUEENS,REAR END,QUEENS,Unknown,Unknown,Unknown,Unknown,Not Applicable,"Other Motor Vehicle, Collision With",2
 Damage Accident,15:27,08/20/2014,Wednesday,Y,Daylight,NEWBURGH,OVERTAKING,ORANGE,Straight and Level,Clear,None,Dry,Not Applicable,"Other Motor Vehicle, Collision With",2
 Accident,12:56,02/07/2014,Friday,Y,Daylight,TONAWANDA,LEFT TURN (0),ERIE,Straight and Level,Snow,Stop Sign,Wet,Not Applicable,"Other Motor Vehicle, Collision With",2
 Damage Accident,14:00,04/03/2014,Thursday,Y,Daylight,BROOKHAVEN,LEFT TURN (3),SUFFOLK,Straight and Level,Clear,None,Dry,Not Applicable,"Other Motor Vehicle, Collision With",2
 Damage Accident,0:00,08/02/2014,Saturday,N,Unknown,HEMPSTEAD,Unknown,NASSAU,Unknown,Unknown,Unknown,Unknown,Not Applicable,"Other Motor Vehicle, Collision With",2
 Damage Accident,12:00,01/28/2014,Tuesday,Y,Daylight,KINGS,REAR END,KINGS,Straight and Level,Clear,None,Dry,Not Applicable,"Other Motor Vehicle, Collision With",2
 Damage & Injury Accident,21:40,02/24/2014,Monday,N,Unknown,SMITHTOWN,REAR END,SUFFOLK,Unknown,Unknown,Unknown,Unknown,Not Applicable,"Other Motor Vehicle, Collision With",2
 Accident,13:00,11/10/2014,Monday,Y,Daylight,QUEENS,RIGHT ANGLE,QUEENS,Straight and Level,Clear,Stop Sign,Dry,Not Applicable,"Other Motor Vehicle, Collision With",2
 Damage Accident,20:30,08/21/2014,Thursday,Y,Dark-Road Lighted,BABYLON,OTHER,SUFFOLK,Straight and Level,Clear,None,Dry,Not Applicable,"Light Support/Utility Pole, Collision With Fixed Object",1
 Accident,16:51,12/10/2014,Wednesday,Y,Dark-Road Lighted,BRONX,Unknown,BRONX,Straight and Level,Rain,Traffic Signal,Wet,Not Applicable,"Other Motor Vehicle, Collision With",2
 Accident,8:58,06/19/2014,Thursday,Y,Daylight,KINGSTON,OTHER,ULSTER,Straight and Level,Cloudy,None,Dry,Not Applicable,"Other Motor Vehicle, Collision With",3
 Damage Accident,18:43,02/12/2014,Wednesday,Y,Dark-Road Lighted,NEW YORK,Unknown,NEW YORK,Straight and Level,Clear,None,Dry,Not Applicable,"Other Motor Vehicle, Collision With",2
 Damage Accident,22:00,09/01/2014,Monday,N,Unknown,BUFFALO,Unknown,ERIE,Unknown,Unknown,Unknown,Unknown,Not Applicable,"Other Motor Vehicle, Collision With",2
 Damage Accident,11:05,11/26/2014,Wednesday,Y,Daylight,GUILDERLAND,OTHER,ALBANY,Straight and Level,Snow,None,Wet,Not Applicable,"Other Object (Not Fixed)*, Collision With",1
 Accident,4:20,10/11/2014,Saturday,Y,Dark-Road Lighted,QUEENS,OTHER,QUEENS,Straight and Level,Rain,Traffic Signal,Wet,"Crossing, With Signal","Pedestrian, Collision With",1
 Damage Accident,21:21,08/21/2014,Thursday,N,Unknown,KINGS,REAR END,KINGS,Unknown,Unknown,Unknown,Unknown,Not Applicable,"Other Motor Vehicle, Collision With",2
 Damage Accident,0:15,09/23/2014,Tuesday,Y,Dark-Road Lighted,ALLEGANY,RIGHT TURN (5),CATTARAUGUS,Straight and Level,Clear,None,Dry,Not Applicable,"Other Motor Vehicle, Collision With",2
 Damage Accident,16:27,05/21/2014,Wednesday,Y,Daylight,LAKE SUCCESS,REAR END,NASSAU,Straight and Level,Cloudy,None,Dry,Not Applicable,"Other Motor Vehicle, Collision With",2
 Damage Accident,8:35,07/31/2014,Thursday,Y,Daylight,WALLKILL,OVERTAKING,ORANGE,Straight and Level,Cloudy,None,Dry,Not Applicable,"Other Motor Vehicle, Collision With",2
 Damage & Injury Accident,18:58,10/25/2014,Saturday,Y,Dark-Road Lighted,YONKERS,REAR END,WESTCHESTER,Straight and Level,Clear,None,Dry,Not Applicable,"Other Motor Vehicle, Collision With",2
 Accident,9:55,12/23/2014,Tuesday,Y,Daylight,BABYLON,LEFT TURN (0),SUFFOLK,Straight and Level,Cloudy,Traffic Signal,Wet,Not Applicable,"Other Motor Vehicle, Collision With",2
 Damage Accident,16:25,05/23/2014,Friday,N,Unknown,RICHMOND,REAR END,RICHMOND,Unknown,Unknown,Unknown,Wet,Not Applicable,"Other Motor Vehicle, Collision With",2
 Damage & Injury Accident,7:00,03/09/2014,Sunday,Y,Dark-Road Lighted,QUEENS,OTHER,QUEENS,Straight and Level,Cloudy,None,Dry,Not Applicable,"Other Object (Not Fixed)*, Collision With",1
 Damage Accident,23:00,02/20/2014,Thursday,Y,Dark-Road Unlighted,BROOKHAVEN,Unknown,SUFFOLK,Straight and Level,Rain,None,Wet,Not Applicable,"Other Motor Vehicle, Collision With",2
 Damage Accident,19:07,07/28/2014,Monday,Y,Daylight,BRONX,Unknown,BRONX,Straight and Level,Clear,Traffic Signal,Dry,Not Applicable,"Other Motor Vehicle, Collision With",2
 Accident,6:20,03/08/2014,Saturday,Y,Daylight,KINGS,OTHER,KINGS,Straight and Level,Clear,Traffic Signal,Dry,Not Applicable,"Other*, Non-Collision",1
 Damage Accident,0:00,07/05/2014,Saturday,N,Unknown,ALEXANDRIA BAY,Unknown,JEFFERSON,Unknown,Unknown,Unknown,Unknown,Not Applicable,"Other Motor Vehicle, Collision With",2
 Damage & Injury Accident,11:04,12/22/2014,Monday,Y,Daylight,NEWBURGH,REAR END,ORANGE,Straight and Grade,Cloudy,Traffic Signal,Wet,Not Applicable,"Other Motor Vehicle, Collision With",2
 Accident,19:00,03/30/2014,Sunday,Y,Dark-Road Lighted,BRONX,REAR END,BRONX,Straight and Level,Rain,None,Wet,Not Applicable,"Other Motor Vehicle, Collision With",2
 Damage Accident,16:22,08/28/2014,Thursday,Y,Daylight,ITHACA,REAR END,TOMPKINS,Straight and Level,Clear,None,Dry,Not Applicable,"Other Motor Vehicle, Collision With",2
 Damage & Injury Accident,6:33,05/07/2014,Wednesday,Y,Daylight,BOSTON,OTHER,ERIE,Curve and Level,Clear,None,Dry,Not Applicable,"Tree, Collision With Fixed Object",1
 Damage Accident,17:45,06/14/2014,Saturday,Y,Daylight,SARATOGA SPRINGS,OVERTAKING,SARATOGA,Straight and Level,Clear,None,Dry,Not Applicable,"Other Motor Vehicle, Collision With",2
 Damage Accident,17:33,12/22/2014,Monday,Y,Dark-Road Unlighted,VERNON,OTHER,ONEIDA,Straight and Level,Cloudy,None,Dry,Not Applicable,Deer,1
 Damage & Injury Accident,15:23,12/10/2014,Wednesday,Y,Daylight,PENFIELD,OTHER,MONROE,Straight and Grade,Snow,None,Snow/Ice,Not Applicable,"Other Motor Vehicle, Collision With",3
 Damage Accident,8:25,02/21/2014,Friday,Y,Daylight,MARBLETOWN,OTHER,ULSTER,Straight and Grade,Rain,No Passing Zone,Wet,Not Applicable,"Light Support/Utility Pole, Collision With Fixed Object",1
 Damage & Injury Accident,16:40,10/09/2014,Thursday,Y,Daylight,HEMPSTEAD,OTHER,NASSAU,Straight and Level,Cloudy,Traffic Signal,Dry,Not Applicable,"Other Motor Vehicle, Collision With",3
 Damage & Injury Accident,1:50,06/28/2014,Saturday,Y,Dark-Road Lighted,QUEENS,OTHER,QUEENS,Straight and Level,Clear,None,Dry,Not Applicable,"Other Motor Vehicle, Collision With",3
 Damage & Injury Accident,0:00,04/04/2014,Friday,N,Daylight,TONAWANDA,RIGHT ANGLE,ERIE,Straight and Level,Rain,None,Wet,Not Applicable,"Other Motor Vehicle, Collision With",2
 Damage & Injury Accident,18:33,09/16/2014,Tuesday,Y,Daylight,RICHMOND,RIGHT ANGLE,RICHMOND,Curve and Level,Clear,Traffic Signal,Dry,Not Applicable,"Other Motor Vehicle, Collision With",2
 Damage Accident,13:25,05/24/2014,Saturday,Y,Daylight,EAST HAMPTON,OVERTAKING,SUFFOLK,Straight and Level,Clear,None,Dry,Not Applicable,"Other Motor Vehicle, Collision With",2
 Damage Accident,10:24,08/05/2014,Tuesday,Y,Daylight,ORANGETOWN,RIGHT ANGLE,ROCKLAND,Straight and Level,Clear,Traffic Signal,Dry,Not Applicable,"Other Motor Vehicle, Collision With",2
 Accident,10:21,05/24/2014,Saturday,Y,Daylight,QUEENS,REAR END,QUEENS,Straight and Level,Clear,None,Dry,Not Applicable,"Other Motor Vehicle, Collision With",2
 Damage Accident,12:15,11/22/2014,Saturday,Y,Daylight,BALLSTON SPA,OVERTAKING,SARATOGA,Straight and Level,Clear,None,Dry,Not Applicable,"Other Motor Vehicle, Collision With",2
 Damage & Injury Accident,18:11,07/21/2014,Monday,Y,Daylight,NORTH HEMPSTEAD,OVERTAKING,NASSAU,Straight and Grade,Cloudy,None,Dry,Not Applicable,"Other Motor Vehicle, Collision With",2
 Damage & Injury Accident,4:37,04/05/2014,Saturday,Y,Dark-Road Lighted,SOUTHAMPTON,OTHER,SUFFOLK,Curve and Grade,Rain,No Passing Zone,Wet,Not Applicable,"Guide Rail - End, Collision With Fixed Object",1
 Damage Accident,19:18,04/30/2014,Wednesday,Y,Daylight,OYSTER BAY,REAR END,NASSAU,Straight and Level,Rain,Traffic Signal,Wet,Not Applicable,"Other Motor Vehicle, Collision With",2
 Damage Accident,7:47,06/08/2014,Sunday,Y,Daylight,NEW BALTIMORE,OTHER,GREENE,Straight and Level,Clear,No Passing Zone,Dry,Not Applicable,"Guide Rail - End, Collision With Fixed Object",1
 Damage Accident,0:00,02/04/2014,Tuesday,N,Unknown,BRONX,Unknown,BRONX,Straight and Level,Unknown,Other,Wet,Not Applicable,"Other Motor Vehicle, Collision With",2
 Damage Accident,18:10,11/24/2014,Monday,N,Dark-Road Unlighted,AURORA,OTHER,ERIE,Straight at Hill Crest,Clear,None,Dry,Not Applicable,Deer,1
 Damage Accident,8:00,06/13/2014,Friday,N,Daylight,HAMBURG,Unknown,ERIE,Straight and Level,Clear,None,Dry,Not Applicable,"Other Motor Vehicle, Collision With",2
 Accident,13:00,05/08/2014,Thursday,N,Daylight,QUEENS,REAR END,QUEENS,Straight and Level,Cloudy,Traffic Signal,Dry,Not Applicable,"Other Motor Vehicle, Collision With",2
 Damage Accident,0:01,12/20/2014,Saturday,Y,Dark-Road Lighted,HEMPSTEAD,REAR END,NASSAU,Straight and Level,Clear,None,Dry,Not Applicable,"Other Motor Vehicle, Collision With",2
 Damage & Injury Accident,20:01,02/06/2014,Thursday,Y,Dark-Road Lighted,BUFFALO,Unknown,ERIE,Straight and Grade,Snow,Traffic Signal,Snow/Ice,Not Applicable,"Other Motor Vehicle, Collision With",2
 Damage Accident,22:08,07/13/2014,Sunday,Y,Dark-Road Unlighted,RIVERHEAD,LEFT TURN (3),SUFFOLK,Straight and Level,Cloudy,None,Dry,Not Applicable,"Other Motor Vehicle, Collision With",2
 Damage Accident,19:01,10/01/2014,Wednesday,Y,Dark-Road Unlighted,OTSEGO,OTHER,OTSEGO,Straight and Level,Cloudy,No Passing Zone,Dry,Not Applicable,Deer,1
 Accident,23:57,10/14/2014,Tuesday,Y,Dark-Road Lighted,RICHMOND,OTHER,RICHMOND,Straight and Level,Clear,Traffic Signal,Dry,"Crossing, With Signal","Pedestrian, Collision With",1
 Damage Accident,14:52,08/15/2014,Friday,Y,Daylight,DRYDEN,RIGHT ANGLE,TOMPKINS,Straight and Level,Cloudy,Stop Sign,Dry,Not Applicable,"Other Motor Vehicle, Collision With",2
 Damage & Injury Accident,1:50,09/05/2014,Friday,Y,Dark-Road Unlighted,GEDDES,OTHER,ONONDAGA,Curve and Level,Clear,None,Dry,Not Applicable,"Sign Post, Collision With Fixed Object",1
 Damage Accident,6:21,01/09/2014,Thursday,Y,Dawn,HOOSICK,OTHER,RENSSELAER,Straight and Level,Cloudy,None,Snow/Ice,Not Applicable,"Fence, Collision With Fixed Object",1
 Damage Accident,7:05,01/28/2014,Tuesday,Y,Dawn,IRONDEQUOIT,REAR END,MONROE,Curve and Grade,Clear,None,Dry,Not Applicable,"Other Motor Vehicle, Collision With",2
 Damage Accident,10:56,10/13/2014,Monday,Y,Daylight,HANOVER,REAR END,CHAUTAUQUA,Straight and Level,Rain,Construction Work Area,Wet,Not Applicable,"Other Motor Vehicle, Collision With",2
 Damage & Injury Accident,11:04,03/28/2014,Friday,Y,Daylight,SULLIVAN,OTHER,MADISON,Straight and Level,Cloudy,None,Wet,Not Applicable,"Other Fixed Object*, Collision With Fixed Object",1
 Damage Accident,11:15,05/13/2014,Tuesday,Y,Daylight,BRONX,OVERTAKING,BRONX,Straight and Level,Clear,Other,Dry,Not Applicable,"Other Motor Vehicle, Collision With",2
 Damage Accident,20:50,09/24/2014,Wednesday,Y,Dark-Road Unlighted,LEYDEN,OTHER,LEWIS,Curve and Level,Clear,None,Dry,Not Applicable,Deer,1
 Damage Accident,0:00,04/10/2014,Thursday,N,Daylight,KINGS,Unknown,KINGS,Straight and Level,Clear,None,Dry,Not Applicable,"Other Motor Vehicle, Collision With",2
 Damage & Injury Accident,16:28,01/21/2014,Tuesday,N,Unknown,RICHMOND,OTHER,RICHMOND,Unknown,Unknown,Unknown,Unknown,Not Applicable,"Light Support/Utility Pole, Collision With Fixed Object",1
 Damage Accident,13:43,08/31/2014,Sunday,Y,Daylight,,REAR END,ORANGE,Straight and Level,Cloudy,Traffic Signal,Dry,Not Applicable,"Other Motor Vehicle, Collision With",2
 Damage & Injury Accident,21:45,09/28/2014,Sunday,Y,Dark-Road Lighted,LINDENHURST,RIGHT ANGLE,SUFFOLK,Straight and Level,Cloudy,Traffic Signal,Dry,Not Applicable,"Other Motor Vehicle, Collision With",2
 Damage Accident,8:10,04/03/2014,Thursday,Y,Daylight,YONKERS,OVERTAKING,WESTCHESTER,Straight and Level,Clear,None,Dry,Not Applicable,"Other Motor Vehicle, Collision With",2
 Damage Accident,23:30,11/07/2014,Friday,N,Dark-Road Unlighted,BROOKHAVEN,OTHER,SUFFOLK,Straight and Level,Clear,None,Dry,Not Applicable,Deer,1
 Damage Accident,9:30,01/29/2014,Wednesday,Y,Daylight,BRONX,Unknown,BRONX,Straight and Level,Clear,None,Wet,Not Applicable,"Other Motor Vehicle, Collision With",2
 Damage Accident,12:30,05/21/2014,Wednesday,Y,Daylight,HARRIETSTOWN,OTHER,FRANKLIN,Straight and Level,Cloudy,None,Dry,Not Applicable,"Other Motor Vehicle, Collision With",2
 Damage Accident,15:23,04/27/2014,Sunday,Y,Daylight,BABYLON,OTHER,SUFFOLK,Straight and Level,Cloudy,None,Dry,Not Applicable,"Median - Not At End, Collision With Fixed Object",1
 Damage & Injury Accident,7:59,05/28/2014,Wednesday,Y,Daylight,GLENVILLE,REAR END,SCHENECTADY,Straight and Grade,Rain,No Passing Zone,Wet,Not Applicable,"Other Motor Vehicle, Collision With",2
 Accident,8:04,12/05/2014,Friday,Y,Daylight,ALBANY,RIGHT ANGLE,ALBANY,Straight and Level,Cloudy,None,Dry,Not Applicable,"Other Motor Vehicle, Collision With",2
 Damage Accident,15:20,03/12/2014,Wednesday,Y,Daylight,FRANKFORT,OTHER,HERKIMER,Straight and Grade,Sleet/Hail/Freezing Rain,None,Snow/Ice,Not Applicable,"Earth Embankment/Rock Cut/Ditch, Collision With Fixed Object",1
 Damage Accident,22:10,07/11/2014,Friday,Y,Dark-Road Unlighted,STEUBEN,OTHER,ONEIDA,Curve and Level,Cloudy,None,Dry,Not Applicable,Deer,1
 Accident,9:50,06/03/2014,Tuesday,Y,Daylight,NORTH HEMPSTEAD,REAR END,NASSAU,Straight and Level,Clear,Traffic Signal,Dry,Not Applicable,"Other Motor Vehicle, Collision With",2
 Damage Accident,22:30,10/29/2014,Wednesday,Y,Dark-Road Lighted,KINGS,OVERTAKING,KINGS,Straight and Level,Cloudy,Traffic Signal,Wet,Not Applicable,"Other Motor Vehicle, Collision With",2
 Damage Accident,17:00,12/23/2014,Tuesday,N,Dusk,GREENWOOD,OTHER,STEUBEN,Curve and Grade,Cloudy,No Passing Zone,Dry,Not Applicable,Deer,1
 Damage & Injury Accident,10:34,05/23/2014,Friday,Y,Daylight,PORTER,OTHER,NIAGARA,Curve and Level,Rain,None,Wet,Not Applicable,"Tree, Collision With Fixed Object",1
 Damage & Injury Accident,21:00,10/24/2014,Friday,N,Unknown,BRONX,REAR END,BRONX,Unknown,Unknown,Unknown,Unknown,Not Applicable,"Other Motor Vehicle, Collision With",2
 Damage Accident,8:58,03/17/2014,Monday,Y,Daylight,HEMPSTEAD,REAR END,NASSAU,Straight and Level,Cloudy,None,Dry,Not Applicable,"Other Motor Vehicle, Collision With",2
 Accident,6:17,04/30/2014,Wednesday,Y,Daylight,BRONX,LEFT TURN (3),BRONX,Straight and Level,Fog/Smog/Smoke,Traffic Signal,Wet,Not Applicable,"Other Motor Vehicle, Collision With",2
 Damage Accident,17:42,11/24/2014,Monday,Y,Dark-Road Unlighted,CHEEKTOWAGA,REAR END,ERIE,Straight and Level,Cloudy,None,Dry,Not Applicable,"Other Motor Vehicle, Collision With",2
 Damage & Injury Accident,0:25,04/19/2014,Saturday,Y,Dark-Road Lighted,SMITHTOWN,REAR END,SUFFOLK,Straight and Grade,Cloudy,Traffic Signal,Dry,Not Applicable,"Other Motor Vehicle, Collision With",2
 Damage Accident,11:50,06/30/2014,Monday,Y,Daylight,ITHACA,REAR END,TOMPKINS,Straight and Grade,Cloudy,None,Dry,Not Applicable,"Other Motor Vehicle, Collision With",2
 Damage Accident,10:30,01/25/2014,Saturday,Y,Daylight,RAVENA,REAR END,ALBANY,Straight and Level,Snow,None,Snow/Ice,Not Applicable,"Other Motor Vehicle, Collision With",2
 Damage Accident,6:00,06/15/2014,Sunday,N,Dawn,BRONX,OTHER,BRONX,Straight and Level,Clear,None,Dry,Not Applicable,"Bridge Structure, Collision With Fixed Object",1
 Damage Accident,12:39,10/07/2014,Tuesday,Y,Daylight,SYRACUSE,RIGHT ANGLE,ONONDAGA,Straight and Level,Clear,None,Dry,Not Applicable,"Other Motor Vehicle, Collision With",2
 Damage Accident,14:11,01/25/2014,Saturday,Y,Daylight,SCHAGHTICOKE,RIGHT TURN (6),RENSSELAER,Straight and Grade,Snow,Traffic Signal,Snow/Ice,Not Applicable,"Other Motor Vehicle, Collision With",2
 Damage & Injury Accident,16:35,01/19/2014,Sunday,Y,Daylight,HEMPSTEAD,REAR END,NASSAU,Straight and Level,Clear,Traffic Signal,Dry,Not Applicable,"Other Motor Vehicle, Collision With",2
 Damage & Injury Accident,0:15,02/22/2014,Saturday,Y,Dark-Road Lighted,WEST MONROE,OTHER,OSWEGO,Curve and Level,Cloudy,None,Snow/Ice,Not Applicable,"Light Support/Utility Pole, Collision With Fixed Object",1
 Damage Accident,15:56,06/23/2014,Monday,Y,Daylight,OLD BROOKVILLE,OVERTAKING,NASSAU,Straight and Level,Clear,Traffic Signal,Dry,Not Applicable,"Other Motor Vehicle, Collision With",2
 Damage Accident,17:06,05/18/2014,Sunday,Y,Daylight,ELLICOTTVILLE,OTHER,CATTARAUGUS,Curve and Level,Clear,Unknown,Dry,Not Applicable,"Guide Rail - End, Collision With Fixed Object",1
 Damage & Injury Accident,15:45,09/15/2014,Monday,Y,Daylight,OYSTER BAY,LEFT TURN (0),NASSAU,Straight and Level,Clear,Traffic Signal,Dry,Not Applicable,"Other Motor Vehicle, Collision With",2
 Damage & Injury Accident,7:46,05/08/2014,Thursday,Y,Daylight,BROOKHAVEN,REAR END,SUFFOLK,Straight and Level,Rain,Traffic Signal,Wet,Not Applicable,"Other Motor Vehicle, Collision With",2
 Damage Accident,8:00,01/15/2014,Wednesday,N,Daylight,COBLESKILL,OTHER,SCHOHARIE,Straight and Level,Clear,None,Dry,Not Applicable,Deer,1
 Accident,16:47,06/20/2014,Friday,Y,Daylight,HAMBURG,REAR END,ERIE,Straight and Level,Cloudy,Traffic Signal,Dry,Not Applicable,"Other Motor Vehicle, Collision With",2