 Descriptor,Time,Date,Day of Week,Police Report,Lighting Conditions,Municipality,Collision Type Descriptor,County Name,Road Descriptor,Weather Conditions,Traffic Control Device,Road Surface Conditions,Pedestrian Bicyclist Action,Event Descriptor,Number of Vehicles Involved
 Accident,11:10,10/14/2014,Tuesday,Y,Daylight,NEW ROCHELLE,OTHER,WESTCHESTER,Straight and Level,Clear,None,Dry,"Crossing, No Signal or Crosswalk","Pedestrian, Collision With",1
 Damage Accident,0:03,09/11/2014,Thursday,Y,Dark-Road Lighted,BUFFALO,RIGHT ANGLE,ERIE,Straight and Level,Cloudy,Stop Sign,Wet,Not Applicable,"Other Motor Vehicle, Collision With",2
 Accident,5:05,11/11/2014,Tuesday,N,Unknown,KINGS,Unknown,KINGS,Unknown,Unknown,Unknown,Unknown,Not Applicable,"Other Motor Vehicle, Collision With",2
 Accident,20:39,04/05/2014,Saturday,Y,Dusk,QUEENS,LEFT TURN (3),QUEENS,Straight and Level,Clear,Traffic Signal,Dry,Not Applicable,"Other Motor Vehicle, Collision With",2
 Damage & Injury Accident,16:20,06/25/2014,Wednesday,Y,Daylight,,OTHER,UNKNOWN,Curve and Level,Cloudy,No Passing Zone,Dry,Not Applicable,"Light Support/Utility Pole, Collision With Fixed Object",1
 Damage Accident,11:30,04/04/2014,Friday,N,Daylight,LEWISBORO,OTHER,WESTCHESTER,Straight and Level,Rain,Unknown,Dry,Not Applicable,"Overturned, Non-Collision",1
 Damage Accident,16:26,08/06/2014,Wednesday,Y,Daylight,CORTLAND,OVERTAKING,CORTLAND,Straight and Level,Clear,None,Dry,Not Applicable,"Other Motor Vehicle, Collision With",2
 Damage Accident,16:05,04/10/2014,Thursday,Y,Daylight,KINGS,OTHER,KINGS,Straight and Level,Clear,Traffic Signal,Dry,Not Applicable,"Other Motor Vehicle, Collision With",3
 Damage Accident,9:02,10/30/2014,Thursday,Y,Daylight,OYSTER BAY,REAR END,NASSAU,Curve and Level,Clear,Yield Sign,Dry,Not Applicable,"Other Motor Vehicle, Collision With",2
 Damage Accident,21:10,08/09/2014,Saturday,N,Unknown,ELBRIDGE,OTHER,ONONDAGA,Unknown,Unknown,Unknown,Unknown,Not Applicable,"Other Fixed Object*, Collision With Fixed Object",1
 Damage & Injury Accident,10:15,10/04/2014,Saturday,Y,Daylight,CAMBRIDGE,REAR END,WASHINGTON,Straight and Level,Rain,Yield Sign,Wet,Not Applicable,"Other Motor Vehicle, Collision With",2
 Damage Accident,20:17,11/20/2014,Thursday,N,Unknown,QUEENS,REAR END,QUEENS,Unknown,Unknown,Unknown,Unknown,Not Applicable,"Other Motor Vehicle, Collision With",2
 Damage Accident,10:42,09/04/2014,Thursday,Y,Daylight,GRAND ISLAND,OTHER,ERIE,Straight and Level,Clear,None,Dry,Not Applicable,"Other Motor Vehicle, Collision With",3
 Accident,20:10,06/11/2014,Wednesday,Y,Daylight,RICHMOND,OTHER,RICHMOND,Straight and Level,Clear,Traffic Signal,Dry,Not Applicable,"Light Support/Utility Pole, Collision With Fixed Object",1
 Accident,17:00,01/30/2014,Thursday,Y,Dusk,KINGS,Unknown,KINGS,Straight and Level,Clear,Not Applicable,Dry,Not Applicable,"Other Motor Vehicle, Collision With",2
 Damage & Injury Accident,23:17,10/14/2014,Tuesday,Y,Dark-Road Unlighted,HENRIETTA,OTHER,MONROE,Straight and Level,Cloudy,Traffic Signal,Dry,Not Applicable,"Other Motor Vehicle, Collision With",3
 Accident,8:35,08/05/2014,Tuesday,Y,Daylight,KINGS,REAR END,KINGS,Straight and Level,Clear,Traffic Signal,Dry,Not Applicable,"Other Motor Vehicle, Collision With",2
 Accident,22:57,08/31/2014,Sunday,Y,Dark-Road Lighted,QUEENS,OTHER,QUEENS,Straight and Level,Clear,Traffic Signal,Dry,Riding/Walking/Skating Along Highway With Traffic,"Bicyclist, Collision With",1
 Damage Accident,4:35,08/13/2014,Wednesday,Y,Dark-Road Lighted,HUNTINGTON,Unknown,SUFFOLK,Straight and Level,Rain,Traffic Signal,Wet,Not Applicable,"Other Motor Vehicle, Collision With",2
 Accident,8:25,03/07/2014,Friday,Y,Daylight,ISLANDIA,REAR END,SUFFOLK,Straight and Level,Clear,Traffic Signal,Dry,Not Applicable,"Other Motor Vehicle, Collision With",2
 Damage Accident,5:20,01/15/2014,Wednesday,N,Unknown,NEW YORK,OVERTAKING,NEW YORK,Unknown,Unknown,Unknown,Unknown,Not Applicable,"Other Motor Vehicle, Collision With",2
 Accident,18:35,08/05/2014,Tuesday,Y,Daylight,NEW YORK,OTHER,NEW YORK,Straight and Level,Clear,None,Dry,Riding/Walking/Skating Along Highway With Traffic,"Bicyclist, Collision With",1
 Damage Accident,20:25,08/19/2014,Tuesday,Y,Dark-Road Unlighted,GERMAN FLATTS,OTHER,HERKIMER,Straight at Hill Crest,Cloudy,No Passing Zone,Dry,Not Applicable,Deer,1
 Damage Accident,11:59,05/22/2014,Thursday,Y,Daylight,HEMPSTEAD,OTHER,NASSAU,Curve and Level,Cloudy,None,Dry,Not Applicable,"Barrier, Collision With Fixed Object",1
 Damage Accident,16:15,12/15/2014,Monday,Y,Daylight,OLEAN,RIGHT ANGLE,CATTARAUGUS,Straight and Level,Cloudy,None,Wet,Not Applicable,"Other Motor Vehicle, Collision With",2
 Accident,15:40,09/12/2014,Friday,Y,Daylight,NEW YORK,Unknown,NEW YORK,Straight and Level,Clear,None,Dry,Not Applicable,"Other Motor Vehicle, Collision With",2
 Damage Accident,11:46,02/27/2014,Thursday,Y,Daylight,CENTRAL SQUARE,OTHER,OSWEGO,Straight and Level,Cloudy,Stop Sign,Dry,Not Applicable,"Other Motor Vehicle, Collision With",3
 Damage Accident,11:30,09/03/2014,Wednesday,Y,Daylight,PORT CHESTER,OVERTAKING,WESTCHESTER,Curve and Level,Clear,None,Dry,Not Applicable,"Other Motor Vehicle, Collision With",2
 Damage Accident,15:30,06/24/2014,Tuesday,N,Unknown,CATSKILL,OTHER,GREENE,Unknown,Unknown,Unknown,Unknown,Not Applicable,Deer,1
 Damage Accident,13:40,10/17/2014,Friday,Y,Daylight,HEMPSTEAD,REAR END,NASSAU,Straight and Level,Cloudy,None,Dry,Not Applicable,"Other Motor Vehicle, Collision With",2
 Damage Accident,6:10,04/22/2014,Tuesday,Y,Dusk,WALWORTH,OTHER,WAYNE,Straight and Level,Cloudy,No Passing Zone,Dry,Not Applicable,Deer,1
 Damage Accident,12:55,04/29/2014,Tuesday,N,Unknown,BRONX,OVERTAKING,BRONX,Unknown,Unknown,Unknown,Unknown,Not Applicable,"Other Motor Vehicle, Collision With",2
 Damage & Injury Accident,15:25,05/16/2014,Friday,N,Unknown,KINGS,RIGHT ANGLE,KINGS,Unknown,Unknown,Stop Sign,Unknown,Not Applicable,"Other Motor Vehicle, Collision With",2
 Damage Accident,20:14,12/05/2014,Friday,Y,Dark-Road Lighted,WALLKILL,OVERTAKING,ORANGE,Straight and Level,Rain,Traffic Signal,Wet,Not Applicable,"Other Motor Vehicle, Collision With",2
 Accident,10:43,10/10/2014,Friday,Y,Daylight,QUEENS,REAR END,QUEENS,Curve and Level,Clear,Stop Sign,Dry,Not Applicable,"Other Motor Vehicle, Collision With",2
 Damage Accident,12:25,09/25/2014,Thursday,Y,Daylight,GREENPORT,SIDESWIPE,SUFFOLK,Straight and Level,Rain,Stop Sign,Wet,Not Applicable,"Other Motor Vehicle, Collision With",2
 Accident,23:50,12/28/2014,Sunday,Y,Dark-Road Lighted,NEW YORK,Unknown,NEW YORK,Straight and Level,Clear,None,Dry,Not Applicable,"Other Motor Vehicle, Collision With",2
 Accident,13:46,12/08/2014,Monday,Y,Daylight,JOHNSBURG,OTHER,WARREN,Curve and Grade,Cloudy,No Passing Zone,Dry,Not Applicable,"Snow Embankment, Collision With Fixed Object",1
 Damage Accident,21:50,06/29/2014,Sunday,N,Unknown,WORCESTER,OTHER,OTSEGO,Unknown,Unknown,Unknown,Unknown,Not Applicable,Deer,1
 Damage Accident,17:42,06/25/2014,Wednesday,Y,Daylight,ROCHESTER,OTHER,MONROE,Straight and Level,Clear,None,Dry,Not Applicable,"Curbing, Collision With Fixed Object",1
 Damage & Injury Accident,22:45,12/07/2014,Sunday,Y,Dark-Road Unlighted,PORT JEFFERSON,REAR END,SUFFOLK,Straight and Level,Clear,None,Dry,Not Applicable,"Other Motor Vehicle, Collision With",2
 Damage Accident,12:34,02/03/2014,Monday,Y,Daylight,PLATTEKILL,OTHER,ULSTER,Straight and Level,Snow,None,Snow/Ice,Not Applicable,"Guide Rail - End, Collision With Fixed Object",1
 Damage Accident,14:29,10/31/2014,Friday,Y,Daylight,BROOKHAVEN,OTHER,SUFFOLK,Straight and Level,Clear,None,Dry,Not Applicable,"Other Motor Vehicle, Collision With",2
 Damage Accident,19:09,07/11/2014,Friday,Y,Daylight,HUNTINGTON,REAR END,SUFFOLK,Curve and Level,Clear,Stop Sign,Dry,Not Applicable,"Other Motor Vehicle, Collision With",2
 Damage Accident,12:05,03/06/2014,Thursday,Y,Daylight,NEW HARTFORD,RIGHT ANGLE,ONEIDA,Straight and Level,Clear,None,Dry,Not Applicable,"Other Motor Vehicle, Collision With",2
 Damage Accident,10:25,01/26/2014,Sunday,Y,Daylight,QUEENS,Unknown,QUEENS,Straight and Level,Clear,None,Dry,Not Applicable,"Other Motor Vehicle, Collision With",2
 Damage Accident,15:00,02/25/2014,Tuesday,N,Daylight,KINGS,LEFT TURN (3),KINGS,Straight and Level,Clear,Traffic Signal,Dry,Not Applicable,"Other Motor Vehicle, Collision With",2
 Damage Accident,15:55,05/28/2014,Wednesday,Y,Daylight,MASSAPEQUA PARK,OVERTAKING,NASSAU,Straight and Level,Clear,Traffic Signal,Dry,Not Applicable,"Other Motor Vehicle, Collision With",2
 Damage Accident,15:22,07/11/2014,Friday,Y,Daylight,QUEENS,REAR END,QUEENS,Straight and Level,Clear,None,Dry,Not Applicable,"Other Motor Vehicle, Collision With",2
 Damage Accident,10:31,12/31/2014,Wednesday,Y,Daylight,NEW BERLIN,OTHER,CHENANGO,Straight and Level,Cloudy,Traffic Signal,Dry,Not Applicable,"Light Support/Utility Pole, Collision With Fixed Object",1
 Damage Accident,8:13,10/06/2014,Monday,Y,Daylight,CLARKSTOWN,REAR END,ROCKLAND,Straight and Level,Clear,None,Dry,Not Applicable,"Other Motor Vehicle, Collision With",2
 Damage & Injury Accident,9:08,03/06/2014,Thursday,Y,Daylight,KINGS,Unknown,KINGS,Straight and Level,Clear,Traffic Signal,Dry,Not Applicable,"Other Motor Vehicle, Collision With",2
 Damage & Injury Accident,20:15,07/30/2014,Wednesday,Y,Dusk,GOSHEN,OTHER,ORANGE,Straight and Level,Clear,None,Dry,Not Applicable,"Other Fixed Object*, Collision With Fixed Object",1
 Damage Accident,16:29,05/03/2014,Saturday,Y,Daylight,ALLEGANY,LEFT TURN (3),CATTARAUGUS,Straight and Level,Clear,None,Dry,Not Applicable,"Other Motor Vehicle, Collision With",2
 Damage Accident,17:14,05/21/2014,Wednesday,Y,Daylight,CHEEKTOWAGA,OVERTAKING,ERIE,Straight and Grade,Cloudy,None,Dry,Not Applicable,"Other Motor Vehicle, Collision With",2
 Accident,21:01,07/03/2014,Thursday,Y,Dark-Road Lighted,BRONX,OTHER,BRONX,Straight and Level,Rain,Traffic Signal,Wet,"Crossing, With Signal","Bicyclist, Collision With",1
 Damage & Injury Accident,14:42,01/14/2014,Tuesday,Y,Daylight,WESTBURY,RIGHT ANGLE,NASSAU,Straight and Level,Rain,Stop Sign,Wet,Not Applicable,"Other Motor Vehicle, Collision With",2
 Damage Accident,20:17,01/31/2014,Friday,Y,Dark-Road Lighted,HENRIETTA,RIGHT ANGLE,MONROE,Straight and Grade,Cloudy,Traffic Signal,Dry,Not Applicable,"Other Motor Vehicle, Collision With",2
 Damage Accident,14:41,08/08/2014,Friday,Y,Daylight,NEW HARTFORD,OVERTAKING,ONEIDA,Straight and Level,Cloudy,Traffic Signal,Dry,Not Applicable,"Other Motor Vehicle, Collision With",2
 Damage Accident,14:00,03/10/2014,Monday,N,Daylight,SMITHTOWN,Unknown,SUFFOLK,Straight and Level,Clear,None,Dry,Not Applicable,"Other Motor Vehicle, Collision With",2
 Damage Accident,7:30,02/10/2014,Monday,Y,Daylight,WAPPINGER,RIGHT ANGLE,DUTCHESS,Straight and Grade,Clear,No Passing Zone,Snow/Ice,Not Applicable,"Other Motor Vehicle, Collision With",2
 Damage Accident,12:10,01/19/2014,Sunday,Y,Daylight,NORFOLK,OTHER,ST. LAWRENCE,Curve and Level,Cloudy,None,Snow/Ice,Not Applicable,"Tree, Collision With Fixed Object",1
 Damage Accident,13:04,12/04/2014,Thursday,Y,Daylight,HANNIBAL,SIDESWIPE,OSWEGO,Straight and Level,Snow,Traffic Signal,Snow/Ice,Not Applicable,"Other Motor Vehicle, Collision With",2
 Damage Accident,10:30,04/17/2014,Thursday,N,Unknown,HILLSDALE,OVERTAKING,COLUMBIA,Unknown,Unknown,Unknown,Unknown,Not Applicable,"Other Motor Vehicle, Collision With",2
 Accident,12:05,04/25/2014,Friday,Y,Daylight,KINGS,OVERTAKING,KINGS,Straight and Level,Clear,Unknown,Dry,Not Applicable,"Other Motor Vehicle, Collision With",2
 Damage Accident,12:00,03/30/2014,Sunday,Y,Daylight,PERRY,OTHER,WYOMING,Straight and Grade,Cloudy,None,Slush,Not Applicable,"Light Support/Utility Pole, Collision With Fixed Object",1
 Damage Accident,9:42,04/12/2014,Saturday,Y,Daylight,HENRIETTA,LEFT TURN (3),MONROE,Straight and Level,Clear,None,Dry,Not Applicable,"Other Motor Vehicle, Collision With",2
 Damage Accident,14:24,10/06/2014,Monday,Y,Daylight,ROCHESTER,REAR END,MONROE,Straight and Level,Clear,Traffic Signal,Dry,Not Applicable,"Other Motor Vehicle, Collision With",2
 Accident,22:00,11/12/2014,Wednesday,Y,Dark-Road Lighted,BRONX,REAR END,BRONX,Straight and Level,Clear,None,Dry,Not Applicable,"Other Motor Vehicle, Collision With",2
 Damage Accident,11:00,12/03/2014,Wednesday,N,Unknown,BUFFALO,REAR END,ERIE,Unknown,Unknown,Unknown,Unknown,Not Applicable,"Other Motor Vehicle, Collision With",2
 Damage Accident,1:30,01/13/2014,Monday,N,Dark-Road Unlighted,BRIGHTON,OTHER,MONROE,Straight and Grade,Clear,None,Dry,Not Applicable,Deer,1
 Damage Accident,16:00,11/21/2014,Friday,N,Unknown,SCHENECTADY,RIGHT ANGLE,SCHENECTADY,Unknown,Unknown,Unknown,Unknown,Not Applicable,"Other Motor Vehicle, Collision With",2
 Damage Accident,8:55,09/05/2014,Friday,Y,Daylight,NORTH HILLS,REAR END,NASSAU,Straight and Level,Cloudy,None,Dry,Not Applicable,"Other Motor Vehicle, Collision With",2
 Accident,20:40,11/13/2014,Thursday,Y,Dark-Road Lighted,KINGS,REAR END,KINGS,Straight and Level,Rain,Traffic Signal,Wet,Not Applicable,"Other Motor Vehicle, Collision With",2
 Damage & Injury Accident,14:45,06/09/2014,Monday,Y,Daylight,HEMPSTEAD,REAR END,NASSAU,Curve and Grade,Cloudy,Stop Sign,Wet,Not Applicable,"Other Motor Vehicle, Collision With",2
 Accident,9:16,04/08/2014,Tuesday,Y,Daylight,WALLKILL,REAR END,ORANGE,Straight and Level,Rain,Traffic Signal,Wet,Not Applicable,"Other Motor Vehicle, Collision With",2
 Damage & Injury Accident,12:30,12/07/2014,Sunday,Y,Daylight,BRONX,OVERTAKING,BRONX,Straight and Level,Clear,None,Dry,Not Applicable,"Other Motor Vehicle, Collision With",2
 Damage Accident,10:55,08/03/2014,Sunday,N,Unknown,RICHMOND,Unknown,RICHMOND,Unknown,Unknown,Unknown,Unknown,Not Applicable,"Other Motor Vehicle, Collision With",2
 Damage & Injury Accident,8:35,11/07/2014,Friday,Y,Daylight,MARLBOROUGH,OTHER,ULSTER,Curve and Grade,Cloudy,None,Wet,Not Applicable,"Light Support/Utility Pole, Collision With Fixed Object",1
 Accident,22:17,12/23/2014,Tuesday,Y,Dark-Road Lighted,BRONX,OTHER,BRONX,Straight and Level,Rain,Traffic Signal,Wet,"Crossing, With Signal","Pedestrian, Collision With",1
 Damage Accident,18:22,12/05/2014,Friday,Y,Dark-Road Unlighted,TURIN,OTHER,LEWIS,Straight and Level,Rain,None,Wet,Not Applicable,Deer,1
 Damage & Injury Accident,14:43,04/10/2014,Thursday,Y,Daylight,ORANGETOWN,REAR END,ROCKLAND,Straight and Grade,Clear,Traffic Signal,Dry,Not Applicable,"Other Motor Vehicle, Collision With",2
 Damage Accident,13:33,01/01/2014,Wednesday,Y,Daylight,SPRING VALLEY,HEAD ON,ROCKLAND,Straight and Level,Cloudy,Stop Sign,Dry,Not Applicable,"Other Motor Vehicle, Collision With",2
 Damage Accident,21:00,12/03/2014,Wednesday,Y,Dark-Road Unlighted,GRANVILLE,OTHER,WASHINGTON,Curve and Grade,Clear,No Passing Zone,Dry,Not Applicable,"Other Motor Vehicle, Collision With",2
 Damage Accident,11:50,01/29/2014,Wednesday,Y,Daylight,HUNTINGTON,OVERTAKING,SUFFOLK,Straight and Level,Clear,Traffic Signal,Wet,Not Applicable,"Other Motor Vehicle, Collision With",2
 Damage Accident,17:43,01/08/2014,Wednesday,Y,Dark-Road Unlighted,CLARKSTOWN,OVERTAKING,ROCKLAND,Straight and Level,Clear,None,Dry,Not Applicable,"Other Motor Vehicle, Collision With",2
 Damage Accident,12:15,07/09/2014,Wednesday,Y,Daylight,DELAWARE,RIGHT ANGLE,SULLIVAN,Straight and Level,Clear,Flashing Light,Dry,Not Applicable,"Other Motor Vehicle, Collision With",2
 Damage Accident,17:49,09/26/2014,Friday,Y,Daylight,OYSTER BAY,OTHER,NASSAU,Straight and Level,Clear,None,Dry,Not Applicable,"Other Motor Vehicle, Collision With",4
 Accident,12:40,12/07/2014,Sunday,Y,Daylight,WARSAW,OTHER,WYOMING,Straight and Level,Clear,Traffic Signal,Dry,"Crossing, With Signal","Pedestrian, Collision With",1
 Accident,18:09,12/26/2014,Friday,Y,Daylight,RICHMOND,REAR END,RICHMOND,Straight and Level,Clear,None,Dry,Not Applicable,"Other Motor Vehicle, Collision With",2
 Damage Accident,13:38,03/20/2014,Thursday,Y,Daylight,LEICESTER,RIGHT TURN (6),LIVINGSTON,Curve and Level,Cloudy,Stop Sign,Wet,Not Applicable,"Other Motor Vehicle, Collision With",2
 Damage Accident,15:04,06/22/2014,Sunday,Y,Daylight,QUEENSBURY,REAR END,WARREN,Straight and Level,Cloudy,None,Dry,Not Applicable,"Other Motor Vehicle, Collision With",2
 Damage & Injury Accident,7:40,09/03/2014,Wednesday,Y,Daylight,OYSTER BAY,OTHER,NASSAU,Straight and Level,Clear,None,Dry,Not Applicable,"Light Support/Utility Pole, Collision With Fixed Object",1
 Damage Accident,15:21,08/07/2014,Thursday,Y,Daylight,JAMESTOWN,REAR END,CHAUTAUQUA,Straight and Level,Cloudy,None,Dry,Not Applicable,"Other Motor Vehicle, Collision With",2
 Damage Accident,0:00,11/25/2014,Tuesday,N,Unknown,HALFMOON,REAR END,SARATOGA,Unknown,Unknown,Unknown,Unknown,Not Applicable,"Other Motor Vehicle, Collision With",2
 Damage & Injury Accident,11:20,10/04/2014,Saturday,Y,Daylight,HORSEHEADS,OTHER,CHEMUNG,Curve and Grade,Rain,None,Wet,Not Applicable,"Other Motor Vehicle, Collision With",3
 Damage Accident,16:20,01/29/2014,Wednesday,Y,Daylight,WHITESBORO,RIGHT ANGLE,ONEIDA,Straight and Level,Cloudy,Stop Sign,Dry,Not Applicable,"Other Motor Vehicle, Collision With",2
 Damage & Injury Accident,21:55,07/25/2014,Friday,Y,Dark-Road Lighted,BABYLON,OTHER,SUFFOLK,Straight and Level,Clear,Traffic Signal,Dry,"Crossing, With Signal","Bicyclist, Collision With",1
 Damage & Injury Accident,12:02,07/29/2014,Tuesday,Y,Daylight,,LEFT TURN (3),SUFFOLK,Straight and Level,Clear,Traffic Signal,Dry,Not Applicable,"Other Motor Vehicle, Collision With",2
 Damage Accident,15:20,04/30/2014,Wednesday,Y,Daylight,BROOKHAVEN,REAR END,SUFFOLK,Straight and Level,Rain,Traffic Signal,Wet,Not Applicable,"Other Motor Vehicle, Collision With",2
 Damage & Injury Accident,7:20,09/15/2014,Monday,Y,Daylight,ITHACA,RIGHT ANGLE,TOMPKINS,Straight and Level,Clear,Traffic Signal,Dry,Not Applicable,"Other Motor Vehicle, Collision With",2
 Damage Accident,10:07,12/13/2014,Saturday,Y,Daylight,SOUTHAMPTON,OVERTAKING,SUFFOLK,Straight and Level,Clear,None,Dry,Not Applicable,"Other Motor Vehicle, Collision With",2
 Damage Accident,15:15,01/07/2014,Tuesday,N,Daylight,KINGS,REAR END,KINGS,Straight and Level,Unknown,None,Dry,Not Applicable,"Other Motor Vehicle, Collision With",2
 Damage Accident,13:00,01/20/2014,Monday,Y,Daylight,KINGS,OTHER,KINGS,Straight at Hill Crest,Clear,Traffic Signal,Dry,Not Applicable,"Other Motor Vehicle, Collision With",3
 Damage Accident,18:10,11/26/2014,Wednesday,Y,Dark-Road Lighted,HEMPSTEAD,RIGHT ANGLE,NASSAU,Straight and Level,Rain,Stop Sign,Wet,Not Applicable,"Other Motor Vehicle, Collision With",2
 Accident,14:20,06/19/2014,Thursday,Y,Daylight,KINGS,REAR END,KINGS,Straight and Level,Cloudy,None,Dry,Not Applicable,"Other Motor Vehicle, Collision With",2
 Accident,17:30,10/03/2014,Friday,Y,Daylight,BRONX,RIGHT ANGLE,BRONX,Straight and Level,Clear,Stop Sign,Dry,Not Applicable,"Other Motor Vehicle, Collision With",2
 Damage Accident,13:00,07/03/2014,Thursday,Y,Daylight,LYNBROOK,Unknown,NASSAU,Straight and Level,Clear,None,Dry,Not Applicable,"Other Motor Vehicle, Collision With",2
 Accident,16:25,09/03/2014,Wednesday,Y,Daylight,KINGS,OVERTAKING,KINGS,Straight and Level,Clear,Traffic Signal,Dry,Not Applicable,"Other Motor Vehicle, Collision With",2
 Damage & Injury Accident,7:46,10/27/2014,Monday,Y,Daylight,VALLEY STREAM,REAR END,NASSAU,Straight and Level,Clear,None,Dry,Not Applicable,"Other Motor Vehicle, Collision With",2
 Accident,13:47,06/08/2014,Sunday,Y,Daylight,WELLSVILLE,OVERTAKING,ALLEGANY,Straight and Level,Clear,None,Dry,Not Applicable,"Other Motor Vehicle, Collision With",2
 Damage Accident,2:40,08/22/2014,Friday,Y,Dark-Road Lighted,KINGS,OTHER,KINGS,Straight and Level,Rain,Construction Work Area,Wet,Not Applicable,"Other Motor Vehicle, Collision With",3
 Damage & Injury Accident,13:25,05/21/2014,Wednesday,Y,Daylight,ULYSSES,RIGHT ANGLE,TOMPKINS,Straight and Level,Rain,Stop Sign,Wet,Not Applicable,"Other Motor Vehicle, Collision With",2
 Damage Accident,11:00,01/05/2014,Sunday,Y,Daylight,PUTNAM VALLEY,OTHER,PUTNAM,Curve and Grade,Cloudy,None,Wet,Not Applicable,"Guide Rail - Not At End, Collision With Fixed Object",1
 Damage & Injury Accident,15:25,11/29/2014,Saturday,Y,Daylight,BRONX,OVERTAKING,BRONX,Curve and Grade,Cloudy,Other,Dry,Not Applicable,"Other Motor Vehicle, Collision With",2
 Accident,17:30,08/19/2014,Tuesday,Y,Daylight,BRONX,REAR END,BRONX,Straight and Level,Clear,None,Dry,Not Applicable,"Other Motor Vehicle, Collision With",2
 Damage & Injury Accident,16:50,06/22/2014,Sunday,Y,Daylight,BRONX,RIGHT ANGLE,BRONX,Straight and Level,Clear,Stop Sign,Dry,Not Applicable,"Other Motor Vehicle, Collision With",2
 Damage Accident,11:19,01/10/2014,Friday,Y,Daylight,LIBERTY,OTHER,SULLIVAN,Straight and Grade,Snow,None,Snow/Ice,Not Applicable,"Guide Rail - Not At End, Collision With Fixed Object",1
 Accident,6:50,02/16/2014,Sunday,Y,Dawn,QUEENS,OTHER,QUEENS,Curve and Level,Clear,None,Snow/Ice,Not Applicable,"Median - Not At End, Collision With Fixed Object",1
 Damage Accident,14:30,11/06/2014,Thursday,Y,Daylight,NEW BALTIMORE,OTHER,GREENE,Curve at Hill Crest,Cloudy,Stopped School Bus-Red Lights Flashing,Dry,Not Applicable,"Light Support/Utility Pole, Collision With Fixed Object",1
 Damage Accident,11:45,07/12/2014,Saturday,Y,Daylight,SARANAC LAKE,OVERTAKING,FRANKLIN,Straight and Level,Clear,None,Dry,Not Applicable,"Other Motor Vehicle, Collision With",2
 Damage & Injury Accident,6:31,01/27/2014,Monday,Y,Dark-Road Unlighted,WILLING,OTHER,ALLEGANY,Straight and Level,Snow,No Passing Zone,Snow/Ice,Not Applicable,"Other Fixed Object*, Collision With Fixed Object",1
 Accident,17:30,12/13/2014,Saturday,N,Unknown,QUEENS,OVERTAKING,QUEENS,Unknown,Unknown,Unknown,Unknown,Not Applicable,"Other Motor Vehicle, Collision With",2
 Accident,6:30,10/25/2014,Saturday,N,Unknown,,REAR END,WESTCHESTER,Unknown,Unknown,Unknown,Unknown,Not Applicable,"Other Motor Vehicle, Collision With",2
 Damage Accident,17:45,10/28/2014,Tuesday,N,Dusk,CHEEKTOWAGA,REAR END,ERIE,Straight and Level,Rain,None,Wet,Not Applicable,"Other Motor Vehicle, Collision With",2
 Accident,11:50,07/17/2014,Thursday,Y,Daylight,QUEENS,OTHER,QUEENS,Straight and Level,Clear,Stop Sign,Dry,Not Applicable,"Other Motor Vehicle, Collision With",3
 Damage Accident,0:28,06/27/2014,Friday,Y,Dark-Road Lighted,RICHMOND,REAR END,RICHMOND,Straight and Grade,Clear,Traffic Signal,Dry,Not Applicable,"Other Motor Vehicle, Collision With",2
 Damage Accident,14:22,04/22/2014,Tuesday,Y,Daylight,ALBANY,RIGHT ANGLE,ALBANY,Straight and Level,Cloudy,None,Dry,Not Applicable,"Other Motor Vehicle, Collision With",2
 Damage Accident,19:00,05/25/2014,Sunday,Y,Daylight,HORSEHEADS,RIGHT ANGLE,CHEMUNG,Straight and Level,Clear,None,Dry,Not Applicable,"Other Motor Vehicle, Collision With",2
 Damage & Injury Accident,17:10,08/27/2014,Wednesday,Y,Daylight,SALINA,RIGHT ANGLE,ONONDAGA,Straight and Level,Clear,Traffic Signal,Dry,Not Applicable,"Other Motor Vehicle, Collision With",2
 Damage Accident,18:30,10/18/2014,Saturday,Y,Dark-Road Lighted,ROCHESTER,OVERTAKING,MONROE,Straight and Level,Rain,None,Wet,Not Applicable,"Other Motor Vehicle, Collision With",2
 Damage Accident,1:54,12/16/2014,Tuesday,Y,Dark-Road Lighted,BROOKHAVEN,OTHER,SUFFOLK,Curve and Grade,Clear,Stop Sign,Snow/Ice,Not Applicable,"Other Fixed Object*, Collision With Fixed Object",1
 Accident,9:00,12/22/2014,Monday,Y,Daylight,HECTOR,Unknown,SCHUYLER,Straight and Level,Clear,None,Dry,Not Applicable,"Other Motor Vehicle, Collision With",2
 Damage Accident,6:48,11/08/2014,Saturday,Y,Daylight,VERNON,OTHER,ONEIDA,Straight and Level,Cloudy,No Passing Zone,Wet,Not Applicable,Deer,1
 Accident,14:43,01/31/2014,Friday,Y,Daylight,MOUNT PLEASANT,OTHER,WESTCHESTER,Straight and Level,Cloudy,None,Dry,Not Applicable,"Other Motor Vehicle, Collision With",3
 Accident,16:30,07/09/2014,Wednesday,Y,Daylight,QUEENS,OVERTAKING,QUEENS,Straight and Level,Clear,None,Dry,Not Applicable,"Other Motor Vehicle, Collision With",2