 Descriptor,Time,Date,Day of Week,Police Report,Lighting Conditions,Municipality,Collision Type Descriptor,County Name,Road Descriptor,Weather Conditions,Traffic Control Device,Road Surface Conditions,Pedestrian Bicyclist Action,Event Descriptor,Number of Vehicles Involved
 Damage Accident,13:01,11/25/2014,Tuesday,Y,Daylight,NORTH CASTLE,OTHER,WESTCHESTER,Curve and Grade,Clear,None,Dry,Not Applicable,"Overturned, Non-Collision",1
 Damage Accident,5:15,12/07/2014,Sunday,Y,Dark-Road Lighted,HUNTINGTON,OTHER,SUFFOLK,Straight and Level,Cloudy,None,Dry,Not Applicable,"Light Support/Utility Pole, Collision With Fixed Object",1
 Accident,14:07,12/31/2014,Wednesday,Y,Daylight,SENECA,RIGHT ANGLE,ONTARIO,Straight and Grade,Clear,Stop Sign,Dry,Not Applicable,"Other Motor Vehicle, Collision With",2
 Damage Accident,7:45,03/25/2014,Tuesday,N,Daylight,GARDEN CITY,OVERTAKING,NASSAU,Straight and Level,Clear,None,Dry,Not Applicable,"Other Motor Vehicle, Collision With",2
 Damage & Injury Accident,12:00,04/22/2014,Tuesday,N,Daylight,KINGS,REAR END,KINGS,Straight and Level,Clear,Traffic Signal,Dry,Not Applicable,"Other Motor Vehicle, Collision With",2
 Damage & Injury Accident,17:48,05/20/2014,Tuesday,Y,Daylight,HUNTINGTON,REAR END,SUFFOLK,Straight and Level,Clear,None,Dry,Not Applicable,"Other Motor Vehicle, Collision With",2
 Damage Accident,7:30,08/15/2014,Friday,N,Unknown,NEW YORK,Unknown,NEW YORK,Unknown,Unknown,Unknown,Unknown,Not Applicable,"Other Motor Vehicle, Collision With",2
 Accident,20:30,02/22/2014,Saturday,Y,Dark-Road Lighted,BRONX,OTHER,BRONX,Straight and Level,Clear,None,Dry,Not Applicable,"Other Motor Vehicle, Collision With",3
 Damage Accident,17:00,05/20/2014,Tuesday,N,Unknown,NEW YORK,Unknown,NEW YORK,Unknown,Unknown,Unknown,Unknown,Not Applicable,"Other Motor Vehicle, Collision With",2
 Accident,16:52,01/31/2014,Friday,Y,Daylight,NIAGARA FALLS,OTHER,NIAGARA,Straight and Level,Clear,Stop Sign,Snow/Ice,Not Applicable,"Other Motor Vehicle, Collision With",3
 Accident,17:26,12/29/2014,Monday,Y,Dark-Road Lighted,CICERO,REAR END,ONONDAGA,Straight and Level,Clear,Traffic Signal,Dry,Not Applicable,"Other Motor Vehicle, Collision With",2
 Damage Accident,14:00,04/02/2014,Wednesday,N,Unknown,TROY,OTHER,RENSSELAER,Unknown,Unknown,Unknown,Unknown,Not Applicable,"Overturned, Non-Collision",1
 Damage Accident,4:02,12/29/2014,Monday,Y,Dark-Road Unlighted,CORNWALL,OTHER,ORANGE,Straight and Grade,Clear,None,Dry,Not Applicable,"Earth Embankment/Rock Cut/Ditch, Collision With Fixed Object",1
 Damage Accident,12:48,11/30/2014,Sunday,Y,Daylight,CHILI,REAR END,MONROE,Straight and Grade,Cloudy,Traffic Signal,Dry,Not Applicable,"Other Motor Vehicle, Collision With",2
 Accident,14:40,10/18/2014,Saturday,Y,Daylight,QUEENS,OTHER,QUEENS,Straight and Level,Cloudy,None,Dry,Other Actions in Roadway,"Pedestrian, Collision With",1
 Damage Accident,0:00,11/15/2014,Saturday,N,Daylight,HUNTINGTON,Unknown,SUFFOLK,Straight at Hill Crest,Cloudy,None,Dry,Not Applicable,"Other Motor Vehicle, Collision With",2
 Accident,16:28,03/16/2014,Sunday,Y,Daylight,PHELPS,OVERTAKING,ONTARIO,Curve and Grade,Clear,None,Dry,Not Applicable,"Other Motor Vehicle, Collision With",2
 Accident,7:05,01/16/2014,Thursday,Y,Daylight,TONAWANDA,REAR END,ERIE,Curve and Grade,Cloudy,Traffic Signal,Snow/Ice,Not Applicable,"Other Motor Vehicle, Collision With",2
 Accident,15:42,05/30/2014,Friday,Y,Daylight,COLONIE,REAR END,ALBANY,Straight and Level,Rain,None,Wet,Not Applicable,"Other Motor Vehicle, Collision With",2
 Damage Accident,15:40,08/05/2014,Tuesday,Y,Daylight,CEDARHURST,OVERTAKING,NASSAU,Straight and Level,Clear,None,Dry,Not Applicable,"Other Motor Vehicle, Collision With",2
 Damage & Injury Accident,18:45,01/11/2014,Saturday,Y,Dark-Road Lighted,BROOKHAVEN,OVERTAKING,SUFFOLK,Straight and Level,Rain,Traffic Signal,Wet,Not Applicable,"Other Motor Vehicle, Collision With",2
 Damage Accident,10:59,12/23/2014,Tuesday,N,Unknown,NEW ROCHELLE,Unknown,WESTCHESTER,Unknown,Unknown,Unknown,Unknown,Not Applicable,"Other Motor Vehicle, Collision With",2
 Damage Accident,14:28,01/23/2014,Thursday,Y,Daylight,CORTLANDT,OVERTAKING,WESTCHESTER,Straight and Level,Clear,No Passing Zone,Dry,Not Applicable,"Other Motor Vehicle, Collision With",2
 Damage & Injury Accident,15:30,09/20/2014,Saturday,Y,Daylight,QUEENS,REAR END,QUEENS,Straight and Level,Clear,None,Dry,Not Applicable,"Other Motor Vehicle, Collision With",2
 Accident,7:50,06/11/2014,Wednesday,Y,Daylight,NEW YORK,OTHER,NEW YORK,Straight and Level,Unknown,Traffic Signal,Unknown,"Crossing, With Signal","Pedestrian, Collision With",1
 Accident,9:05,09/21/2014,Sunday,Y,Daylight,HUNTINGTON,RIGHT ANGLE,SUFFOLK,Straight and Level,Cloudy,Unknown,Dry,Not Applicable,"Other Motor Vehicle, Collision With",2
 Accident,16:55,05/23/2014,Friday,Y,Daylight,KINGS,OVERTAKING,KINGS,Straight and Level,Cloudy,None,Dry,Not Applicable,"Other Motor Vehicle, Collision With",2
 Accident,7:52,04/30/2014,Wednesday,Y,Daylight,PHELPS,REAR END,ONTARIO,Curve and Grade,Cloudy,Yield Sign,Dry,Not Applicable,"Other Motor Vehicle, Collision With",2
 Damage Accident,19:00,06/12/2014,Thursday,Y,Daylight,WATERTOWN,REAR END,JEFFERSON,Straight and Level,Clear,None,Dry,Not Applicable,"Other Motor Vehicle, Collision With",2
 Accident,20:57,11/13/2014,Thursday,Y,Dawn,KINGS,OTHER,KINGS,Straight and Level,Rain,Unknown,Wet,Unknown,"Pedestrian, Collision With",1
 Damage Accident,17:45,01/08/2014,Wednesday,Y,Dark-Road Unlighted,RAMAPO,OTHER,ROCKLAND,Straight and Grade,Clear,Traffic Signal,Dry,Not Applicable,"Other Motor Vehicle, Collision With",2
 Damage & Injury Accident,11:50,01/11/2014,Saturday,Y,Daylight,BATAVIA,RIGHT ANGLE,GENESEE,Straight and Level,Cloudy,None,Wet,Not Applicable,"Other Motor Vehicle, Collision With",2
 Accident,15:30,08/26/2014,Tuesday,Y,Daylight,OYSTER BAY,OTHER,NASSAU,Straight and Level,Clear,None,Dry,Not Applicable,"Building/Wall, Collision With Fixed Object",1
 Damage Accident,22:49,10/19/2014,Sunday,Y,Dark-Road Unlighted,ESSEX,OTHER,ESSEX,Straight and Grade,Clear,No Passing Zone,Dry,Not Applicable,Deer,1
 Damage Accident,6:46,06/10/2014,Tuesday,Y,Daylight,OLEAN,OTHER,CATTARAUGUS,Curve and Level,Cloudy,RR Crossing Gates,Dry,Not Applicable,"Guide Rail - Not At End, Collision With Fixed Object",1
 Damage Accident,19:05,12/17/2014,Wednesday,Y,Dark-Road Lighted,BROOKHAVEN,Unknown,SUFFOLK,Straight and Level,Cloudy,Traffic Signal,Dry,Not Applicable,"Other Motor Vehicle, Collision With",2
 Damage Accident,19:48,07/14/2014,Monday,Y,Dusk,OTSEGO,REAR END,OTSEGO,Straight and Level,Clear,No Passing Zone,Dry,Not Applicable,"Other Motor Vehicle, Collision With",2
 Accident,20:45,01/10/2014,Friday,Y,Dark-Road Lighted,BRONX,RIGHT ANGLE,BRONX,Straight and Level,Cloudy,Stop Sign,Wet,Not Applicable,"Other Motor Vehicle, Collision With",2
 Damage Accident,15:40,04/02/2014,Wednesday,Y,Daylight,HEMPSTEAD,RIGHT ANGLE,NASSAU,Straight and Level,Cloudy,None,Dry,Not Applicable,"Other Motor Vehicle, Collision With",2
 Damage Accident,17:30,01/05/2014,Sunday,Y,Dark-Road Unlighted,ESOPUS,OTHER,ULSTER,Straight and Level,Sleet/Hail/Freezing Rain,None,Wet,Not Applicable,Deer,1
 Damage & Injury Accident,19:40,03/11/2014,Tuesday,Y,Dark-Road Unlighted,MOUNT PLEASANT,RIGHT ANGLE,WESTCHESTER,Straight and Level,Clear,Traffic Signal,Dry,Not Applicable,"Other Motor Vehicle, Collision With",2
 Damage Accident,16:47,08/30/2014,Saturday,Y,Daylight,EDEN,LEFT TURN (3),ERIE,Straight and Level,Clear,Traffic Signal,Dry,Not Applicable,"Other Motor Vehicle, Collision With",2
 Damage Accident,23:34,02/08/2014,Saturday,Y,Dark-Road Unlighted,CAMILLUS,OTHER,ONONDAGA,Curve and Grade,Clear,None,Dry,Not Applicable,"Snow Embankment, Collision With Fixed Object",1
 Damage Accident,0:00,07/13/2014,Sunday,N,Daylight,NEW YORK,OTHER,NEW YORK,Straight and Level,Clear,None,Dry,Not Applicable,"Fence, Collision With Fixed Object",1
 Damage & Injury Accident,18:46,05/16/2014,Friday,Y,Dark-Road Lighted,QUEENS,OTHER,QUEENS,Straight and Level,Rain,Other,Wet,Not Applicable,"Other Motor Vehicle, Collision With",3
 Damage Accident,19:35,11/22/2014,Saturday,Y,Dark-Road Unlighted,OXFORD,OTHER,CHENANGO,Straight and Grade,Rain,None,Snow/Ice,Not Applicable,"Earth Embankment/Rock Cut/Ditch, Collision With Fixed Object",1
 Damage Accident,12:40,01/18/2014,Saturday,Y,Daylight,CLAVERACK,OTHER,COLUMBIA,Straight and Level,Snow,None,Snow/Ice,Not Applicable,"Light Support/Utility Pole, Collision With Fixed Object",1
 Damage Accident,10:15,03/07/2014,Friday,Y,Daylight,KINGS,OVERTAKING,KINGS,Straight and Level,Clear,None,Dry,Not Applicable,"Other Motor Vehicle, Collision With",2
 Damage Accident,6:12,06/22/2014,Sunday,Y,Daylight,GREENBURGH,OTHER,WESTCHESTER,Straight and Level,Clear,None,Dry,Not Applicable,"Animal, Collision With",1
 Damage Accident,12:10,01/30/2014,Thursday,N,Daylight,QUEENS,Unknown,QUEENS,Straight and Level,Clear,None,Dry,Not Applicable,"Other Motor Vehicle, Collision With",2
 Damage & Injury Accident,15:21,07/09/2014,Wednesday,Y,Daylight,NEW WINDSOR,RIGHT ANGLE,ORANGE,Curve and Grade,Clear,Stop Sign,Dry,Not Applicable,"Other Motor Vehicle, Collision With",2
 Damage Accident,13:57,01/09/2014,Thursday,Y,Daylight,NEW WINDSOR,RIGHT ANGLE,ORANGE,Straight and Grade,Clear,None,Dry,Not Applicable,"Other Motor Vehicle, Collision With",2
 Accident,19:10,02/02/2014,Sunday,Y,Dark-Road Lighted,QUEENS,OTHER,QUEENS,Straight and Level,Clear,Traffic Signal,Dry,Other Actions in Roadway,"Pedestrian, Collision With",1
 Accident,1:50,05/15/2014,Thursday,Y,Dark-Road Lighted,NEW YORK,OTHER,NEW YORK,Curve and Level,Rain,None,Wet,Not Applicable,"Barrier, Collision With Fixed Object",1
 Damage Accident,4:07,10/11/2014,Saturday,Y,Dark-Road Lighted,ALBANY,OTHER,ALBANY,Curve and Level,Cloudy,None,Dry,Not Applicable,"Tree, Collision With Fixed Object",1
 Damage Accident,19:55,08/11/2014,Monday,Y,Dawn,PLATTSBURG,RIGHT ANGLE,CLINTON,Straight and Level,Clear,None,Wet,Not Applicable,"Other Motor Vehicle, Collision With",2
 Damage Accident,18:50,12/05/2014,Friday,Y,Dark-Road Lighted,BROOKHAVEN,HEAD ON,SUFFOLK,Straight and Level,Rain,Traffic Signal,Wet,Not Applicable,"Other Motor Vehicle, Collision With",2
 Damage Accident,10:30,01/29/2014,Wednesday,N,Unknown,BROOKHAVEN,OTHER,SUFFOLK,Unknown,Unknown,Unknown,Unknown,Not Applicable,"Curbing, Collision With Fixed Object",1
 Damage Accident,17:55,06/21/2014,Saturday,N,Daylight,QUEENS,RIGHT ANGLE,QUEENS,Straight and Level,Clear,Stop Sign,Dry,Not Applicable,"Other Motor Vehicle, Collision With",2
 Damage Accident,12:23,03/12/2014,Wednesday,Y,Daylight,BETHLEHEM,OVERTAKING,ALBANY,Straight and Level,Rain,No Passing Zone,Wet,Not Applicable,"Other Motor Vehicle, Collision With",2
 Accident,21:25,04/03/2014,Thursday,Y,Unknown,NEW YORK,OTHER,NEW YORK,Straight and Level,Clear,Traffic Signal,Dry,Not in Roadway (Indicate),"Bicyclist, Collision With",1
 Damage Accident,7:20,11/17/2014,Monday,Y,Daylight,BROCKPORT,RIGHT ANGLE,MONROE,Straight and Level,Clear,Traffic Signal,Dry,Not Applicable,"Other Motor Vehicle, Collision With",2
 Damage Accident,21:30,03/14/2014,Friday,Y,Dark-Road Lighted,WATERTOWN,SIDESWIPE,JEFFERSON,Straight and Level,Cloudy,None,Wet,Not Applicable,"Light Support/Utility Pole, Collision With Fixed Object",2
 Damage & Injury Accident,15:37,02/03/2014,Monday,Y,Daylight,LAFAYETTE,HEAD ON,ONONDAGA,Straight and Level,Cloudy,No Passing Zone,Dry,Not Applicable,"Other Motor Vehicle, Collision With",2
 Accident,7:50,05/17/2014,Saturday,Y,Daylight,KINGS,OTHER,KINGS,Straight and Level,Clear,Traffic Signal,Dry,Not Applicable,"Other Motor Vehicle, Collision With",3
 Damage Accident,17:50,11/21/2014,Friday,Y,Dark-Road Lighted,BROOKHAVEN,Unknown,SUFFOLK,Straight and Level,Clear,None,Dry,Not Applicable,"Other Motor Vehicle, Collision With",2
 Damage Accident,20:55,02/09/2014,Sunday,Y,Dark-Road Unlighted,PHILLIPSTOWN,OTHER,PUTNAM,Straight and Grade,Snow,No Passing Zone,Snow/Ice,Not Applicable,"Guide Rail - Not At End, Collision With Fixed Object",1
 Damage Accident,14:52,05/19/2014,Monday,Y,Daylight,MACEDON,OTHER,WAYNE,Straight and Level,Clear,Stop Sign,Dry,Not Applicable,"Other Motor Vehicle, Collision With",3
 Damage Accident,5:04,12/05/2014,Friday,Y,Dark-Road Lighted,CASSADAGA,OTHER,CHAUTAUQUA,Straight and Level,Clear,None,Dry,Not Applicable,"Light Support/Utility Pole, Collision With Fixed Object",1
 Damage Accident,17:45,06/02/2014,Monday,Y,Daylight,OYSTER BAY,OVERTAKING,NASSAU,Straight and Grade,Clear,None,Dry,Not Applicable,"Other Motor Vehicle, Collision With",2
 Damage & Injury Accident,9:00,05/20/2014,Tuesday,Y,Daylight,ISLIP,OTHER,SUFFOLK,Straight and Level,Clear,None,Dry,Not Applicable,"Other Motor Vehicle, Collision With",3
 Accident,17:30,09/22/2014,Monday,N,Unknown,QUEENS,REAR END,QUEENS,Unknown,Unknown,Unknown,Unknown,Not Applicable,"Other Motor Vehicle, Collision With",2
 Accident,8:16,11/05/2014,Wednesday,Y,Daylight,ROME,OTHER,ONEIDA,Straight and Level,Cloudy,None,Wet,"Crossing, No Signal or Crosswalk","Bicyclist, Collision With",1
 Damage Accident,13:34,07/06/2014,Sunday,Y,Daylight,VICTORY,OTHER,CAYUGA,Straight and Level,Clear,None,Dry,Not Applicable,"Earth Embankment/Rock Cut/Ditch, Collision With Fixed Object",1
 Damage & Injury Accident,18:52,12/17/2014,Wednesday,Y,Dark-Road Unlighted,BRIDGEWATER,OTHER,ONEIDA,Straight and Level,Snow,None,Snow/Ice,Not Applicable,"Snow Embankment, Collision With Fixed Object",1
 Accident,7:40,08/08/2014,Friday,Y,Daylight,MENANDS,OTHER,ALBANY,Straight and Level,Cloudy,None,Dry,Not Applicable,"Other*, Non-Collision",1
 Damage & Injury Accident,14:14,07/29/2014,Tuesday,Y,Daylight,,RIGHT ANGLE,ROCKLAND,Curve and Grade,Clear,Stop Sign,Dry,Not Applicable,"Other Motor Vehicle, Collision With",2
 Accident,0:00,09/06/2014,Saturday,Y,Dark-Road Lighted,SYRACUSE,REAR END,ONONDAGA,Straight and Level,Clear,Traffic Signal,Dry,Not Applicable,"Other Motor Vehicle, Collision With",2
 Accident,11:17,07/11/2014,Friday,Y,Daylight,QUEENS,Unknown,QUEENS,Straight and Level,Clear,None,Dry,Not Applicable,"Other Motor Vehicle, Collision With",2
 Damage Accident,16:50,03/11/2014,Tuesday,N,Daylight,SOUTHEAST,Unknown,PUTNAM,Straight and Level,Clear,Traffic Signal,Dry,Not Applicable,"Other Motor Vehicle, Collision With",2
 Damage Accident,20:00,03/22/2014,Saturday,Y,Dark-Road Unlighted,GARDINER,OTHER,ULSTER,Straight and Grade,Clear,No Passing Zone,Dry,Not Applicable,Deer,1
 Damage Accident,5:30,01/09/2014,Thursday,Y,Dark-Road Lighted,CLAY,RIGHT ANGLE,ONONDAGA,Straight and Level,Clear,Stop Sign,Dry,Not Applicable,"Other Motor Vehicle, Collision With",2
 Damage Accident,0:00,10/07/2014,Tuesday,N,Dawn,WATERTOWN,OTHER,JEFFERSON,Straight and Level,Clear,None,Dry,Not Applicable,Deer,1
 Damage & Injury Accident,15:19,12/18/2014,Thursday,Y,Daylight,HANOVER,OTHER,CHAUTAUQUA,Straight and Level,Clear,Stop Sign,Wet,Not Applicable,"Earth Embankment/Rock Cut/Ditch, Collision With Fixed Object",1
 Damage & Injury Accident,16:30,05/24/2014,Saturday,Y,Daylight,LANCASTER,LEFT TURN (3),ERIE,Straight and Level,Clear,None,Dry,Not Applicable,"Other Motor Vehicle, Collision With",2
 Damage Accident,19:21,11/04/2014,Tuesday,Y,Dark-Road Unlighted,BATAVIA,OTHER,GENESEE,Straight and Grade,Clear,None,Dry,Not Applicable,"Tree, Collision With Fixed Object",1
 Damage & Injury Accident,0:00,07/08/2014,Tuesday,N,Daylight,KINGS,RIGHT ANGLE,KINGS,Straight and Level,Clear,None,Dry,Not Applicable,"Other Motor Vehicle, Collision With",2
 Damage & Injury Accident,13:39,01/01/2014,Wednesday,Y,Daylight,CORNING,OTHER,STEUBEN,Curve at Hill Crest,Snow,None,Wet,Not Applicable,"Earth Embankment/Rock Cut/Ditch, Collision With Fixed Object",1
 Damage Accident,19:45,03/21/2014,Friday,Y,Dark-Road Lighted,CAMILLUS,OTHER,ONONDAGA,Straight and Level,Cloudy,None,Wet,Not Applicable,Deer,1
 Damage Accident,0:00,03/04/2014,Tuesday,N,Unknown,NEW YORK,Unknown,NEW YORK,Unknown,Unknown,Unknown,Unknown,Not Applicable,"Other Motor Vehicle, Collision With",2
 Accident,15:56,01/17/2014,Friday,Y,Daylight,NEW YORK,OTHER,NEW YORK,Straight and Level,Clear,Traffic Signal,Dry,Not Applicable,"Other Motor Vehicle, Collision With",2
 Damage & Injury Accident,18:13,07/17/2014,Thursday,Y,Daylight,BROOKHAVEN,REAR END,SUFFOLK,Curve and Grade,Clear,None,Dry,Not Applicable,"Other Motor Vehicle, Collision With",2
 Accident,20:00,07/07/2014,Monday,Y,Dusk,CRAWFORD,OTHER,ORANGE,Straight and Grade,Cloudy,None,Wet,Not Applicable,Deer,1
 Accident,16:30,05/28/2014,Wednesday,Y,Daylight,KINGS,Unknown,KINGS,Straight and Level,Cloudy,Traffic Signal,Dry,Not Applicable,"Other Motor Vehicle, Collision With",2
 Accident,16:23,06/21/2014,Saturday,Y,Daylight,QUEENS,Unknown,QUEENS,Straight and Level,Clear,Stop Sign,Dry,Not Applicable,"Other Motor Vehicle, Collision With",2
 Damage & Injury Accident,19:00,06/25/2014,Wednesday,Y,Daylight,BALDWIN,OTHER,CHEMUNG,Curve and Grade,Rain,No Passing Zone,Wet,Not Applicable,"Earth Embankment/Rock Cut/Ditch, Collision With Fixed Object",1
 Accident,12:20,05/08/2014,Thursday,Y,Daylight,RICHMOND,LEFT TURN (3),RICHMOND,Curve and Level,Cloudy,Traffic Signal,Wet,Not Applicable,"Other Motor Vehicle, Collision With",2
 Damage & Injury Accident,12:57,08/02/2014,Saturday,Y,Daylight,QUEENS,OTHER,QUEENS,Straight and Level,Cloudy,None,Dry,Not Applicable,"Other Motor Vehicle, Collision With",3
 Damage Accident,2:00,05/09/2014,Friday,Y,Dark-Road Lighted,HEMPSTEAD,OTHER,NASSAU,Straight and Level,Rain,None,Wet,Not Applicable,"Median - Not At End, Collision With Fixed Object",1
 Accident,9:40,07/22/2014,Tuesday,Y,Daylight,QUEENS,OTHER,QUEENS,Straight and Level,Clear,Stop Sign,Dry,Riding/Walking/Skating Along Highway Against Traffic,"Bicyclist, Collision With",1
 Damage Accident,15:09,01/03/2014,Friday,Y,Daylight,RAMAPO,RIGHT ANGLE,ROCKLAND,Straight and Grade,Clear,Stop Sign,Snow/Ice,Not Applicable,"Other Motor Vehicle, Collision With",2
 Damage & Injury Accident,19:30,08/09/2014,Saturday,N,Unknown,BROOKHAVEN,REAR END,SUFFOLK,Unknown,Unknown,Unknown,Unknown,Not Applicable,"Other Motor Vehicle, Collision With",2
 Damage Accident,9:58,01/28/2014,Tuesday,Y,Daylight,BUFFALO,Unknown,ERIE,Straight and Level,Snow,None,Snow/Ice,Not Applicable,"Other Motor Vehicle, Collision With",2
 Damage & Injury Accident,11:35,05/23/2014,Friday,Y,Daylight,SOUTHEAST,REAR END,PUTNAM,Straight and Level,Cloudy,No Passing Zone,Dry,Not Applicable,"Other Motor Vehicle, Collision With",2
 Damage Accident,13:18,07/09/2014,Wednesday,Y,Daylight,LARCHMONT,REAR END,WESTCHESTER,Straight and Level,Clear,None,Dry,Not Applicable,"Other Motor Vehicle, Collision With",2
 Damage Accident,13:35,08/30/2014,Saturday,Y,Daylight,WEBSTER,RIGHT ANGLE,MONROE,Straight and Level,Clear,None,Dry,Not Applicable,"Other Motor Vehicle, Collision With",2
 Damage Accident,0:30,04/18/2014,Friday,Y,Dark-Road Lighted,ILION,OTHER,HERKIMER,Straight and Level,Clear,None,Dry,Not Applicable,"Curbing, Collision With Fixed Object",1
 Damage & Injury Accident,13:40,08/09/2014,Saturday,Y,Daylight,PATTERSON,REAR END,PUTNAM,Straight and Level,Clear,None,Dry,Not Applicable,"Other Motor Vehicle, Collision With",2
 Damage Accident,0:30,12/21/2014,Sunday,Y,Dark-Road Lighted,HEMPSTEAD,OTHER,NASSAU,Straight and Level,Clear,None,Dry,Not Applicable,"Other Motor Vehicle, Collision With",3
 Accident,18:55,10/25/2014,Saturday,Y,Dark-Road Lighted,QUEENS,OTHER,QUEENS,Straight and Level,Clear,Stop Sign,Dry,Not Applicable,"Other Motor Vehicle, Collision With",3
 Damage Accident,13:15,10/14/2014,Tuesday,Y,Daylight,HEMPSTEAD,REAR END,NASSAU,Straight and Level,Clear,Traffic Signal,Dry,Not Applicable,"Other Motor Vehicle, Collision With",2
 Damage & Injury Accident,18:09,11/27/2014,Thursday,Y,Dark-Road Lighted,NIAGARA FALLS,OTHER,NIAGARA,Straight and Grade,Snow,None,Snow/Ice,Not Applicable,"Other Motor Vehicle, Collision With",6
 Accident,16:45,05/31/2014,Saturday,Y,Daylight,QUEENS,Unknown,QUEENS,Straight and Level,Cloudy,Stop Sign,Dry,Not Applicable,"Other Motor Vehicle, Collision With",2
 Damage Accident,15:10,08/06/2014,Wednesday,Y,Daylight,WAVERLY,SIDESWIPE,TIOGA,Straight and Level,Clear,None,Dry,Not Applicable,"Other Motor Vehicle, Collision With",2
 Damage & Injury Accident,15:40,11/29/2014,Saturday,Y,Daylight,KINGS,Unknown,KINGS,Straight and Level,Cloudy,None,Dry,Not Applicable,"Other Motor Vehicle, Collision With",2
 Accident,11:00,07/21/2014,Monday,Y,Daylight,RICHMOND,OTHER,RICHMOND,Straight and Level,Clear,None,Dry,Not Applicable,"Other Motor Vehicle, Collision With",3
 Damage Accident,21:05,01/23/2014,Thursday,Y,Dark-Road Unlighted,WAPPINGER,OTHER,DUTCHESS,Curve and Level,Cloudy,None,Dry,Not Applicable,"Building/Wall, Collision With Fixed Object",1
 Accident,17:57,01/11/2014,Saturday,Y,Dark-Road Lighted,KINGS,OTHER,KINGS,Straight and Level,Rain,Traffic Signal,Wet,"Crossing, With Signal","Pedestrian, Collision With",1
 Damage Accident,13:32,05/15/2014,Thursday,Y,Daylight,CLIFTON PARK,RIGHT ANGLE,SARATOGA,Straight and Level,Cloudy,None,Dry,Not Applicable,"Other Motor Vehicle, Collision With",2
 Accident,15:14,05/25/2014,Sunday,Y,Daylight,BROOKHAVEN,REAR END,SUFFOLK,Straight and Level,Clear,None,Dry,Not Applicable,"Other Motor Vehicle, Collision With",2
 Damage Accident,19:00,09/11/2014,Thursday,N,Dusk,SOUTHAMPTON,OTHER,SUFFOLK,Straight and Level,Clear,None,Dry,Not Applicable,Deer,1
 Damage Accident,0:00,10/18/2014,Saturday,N,Unknown,ROCHESTER,LEFT TURN (3),MONROE,Unknown,Unknown,Unknown,Unknown,Not Applicable,"Other Motor Vehicle, Collision With",2
 Damage & Injury Accident,17:15,12/05/2014,Friday,N,Dark-Road Unlighted,NORTH HEMPSTEAD,REAR END,NASSAU,Straight and Level,Rain,None,Wet,Not Applicable,"Other Motor Vehicle, Collision With",2
 Damage Accident,14:29,09/30/2014,Tuesday,Y,Daylight,MANLIUS,RIGHT TURN (5),ONONDAGA,Straight and Level,Clear,Stop Sign,Dry,Not Applicable,"Other Motor Vehicle, Collision With",2
 Accident,14:00,06/10/2014,Tuesday,Y,Daylight,NEW YORK,REAR END,NEW YORK,Straight and Level,Clear,Traffic Signal,Dry,Not Applicable,"Other Motor Vehicle, Collision With",2
 Damage Accident,17:35,11/03/2014,Monday,N,Dark-Road Unlighted,POMONA,OTHER,ROCKLAND,Straight and Level,Clear,None,Dry,Not Applicable,Deer,1
 Accident,15:15,06/14/2014,Saturday,N,Daylight,KINGS,REAR END,KINGS,Straight and Level,Clear,None,Dry,Not Applicable,"Other Motor Vehicle, Collision With",2
 Damage & Injury Accident,21:08,04/25/2014,Friday,Y,Dark-Road Unlighted,LACKAWANNA,OTHER,ERIE,Curve and Level,Rain,None,Wet,Not Applicable,"Guide Rail - Not At End, Collision With Fixed Object",1
 Damage Accident,5:15,11/16/2014,Sunday,Y,Dark-Road Lighted,WHITE PLAINS,OTHER,WESTCHESTER,Curve and Level,Cloudy,None,Dry,Not Applicable,"Fence, Collision With Fixed Object",3
 Damage & Injury Accident,11:11,05/27/2014,Tuesday,Y,Daylight,CORTLAND,REAR END,CORTLAND,Straight and Level,Clear,None,Dry,Not Applicable,"Other Motor Vehicle, Collision With",2
 Damage Accident,1:50,07/19/2014,Saturday,Y,Dark-Road Lighted,NORTH HEMPSTEAD,RIGHT ANGLE,NASSAU,Straight and Level,Clear,Traffic Signal,Dry,Not Applicable,"Other Motor Vehicle, Collision With",2
 Damage & Injury Accident,17:15,01/18/2014,Saturday,Y,Dusk,NEW YORK,RIGHT ANGLE,NEW YORK,Straight and Level,Clear,None,Dry,Not Applicable,"Other Motor Vehicle, Collision With",2
 Damage Accident,22:55,12/05/2014,Friday,Y,Dark-Road Lighted,MINEOLA,RIGHT ANGLE,NASSAU,Straight and Level,Rain,Traffic Signal,Wet,Not Applicable,"Other Motor Vehicle, Collision With",2
 Damage & Injury Accident,17:18,08/09/2014,Saturday,Y,Daylight,GOSHEN,LEFT TURN (3),ORANGE,Straight and Level,Clear,Other,Dry,Not Applicable,"Other Motor Vehicle, Collision With",2
 Damage Accident,19:00,01/25/2014,Saturday,N,Unknown,EAST AURORA,OTHER,ERIE,Unknown,Unknown,Unknown,Unknown,Not Applicable,"Building/Wall, Collision With Fixed Object",1
 Damage Accident,10:45,07/29/2014,Tuesday,Y,Daylight,DOBBS FERRY,REAR END,WESTCHESTER,Straight and Level,Clear,None,Dry,Not Applicable,"Other Motor Vehicle, Collision With",2