 Descriptor,Time,Date,Day of Week,Police Report,Lighting Conditions,Municipality,Collision Type Descriptor,County Name,Road Descriptor,Weather Conditions,Traffic Control Device,Road Surface Conditions,Pedestrian Bicyclist Action,Event Descriptor,Number of Vehicles Involved
 Damage Accident,21:20,09/24/2014,Wednesday,Y,Dark-Road Lighted,ROUND LAKE,OVERTAKING,SARATOGA,Curve and Level,Clear,No Passing Zone,Dry,Not Applicable,"Other Motor Vehicle, Collision With",2
 Accident,22:30,08/08/2014,Friday,Y,Dark-Road Lighted,KINGS,RIGHT ANGLE,KINGS,Straight and Level,Cloudy,Traffic Signal,Dry,Not Applicable,"Other Motor Vehicle, Collision With",2
 Damage Accident,16:25,12/05/2014,Friday,Y,Daylight,CAMILLUS,OTHER,ONONDAGA,Straight and Level,Cloudy,None,Dry,Not Applicable,Deer,1
 Damage Accident,15:25,10/24/2014,Friday,Y,Daylight,WEST SENECA,OTHER,ERIE,Straight and Level,Cloudy,None,Dry,Not Applicable,"Other Fixed Object*, Collision With Fixed Object",1
 Damage & Injury Accident,16:48,08/12/2014,Tuesday,Y,Daylight,CLARKSTOWN,LEFT TURN (0),ROCKLAND,Straight and Level,Cloudy,Traffic Signal,Wet,Not Applicable,"Other Motor Vehicle, Collision With",2
 Damage Accident,15:50,05/05/2014,Monday,Y,Daylight,BROOKHAVEN,REAR END,SUFFOLK,Straight and Level,Clear,None,Dry,Not Applicable,"Other Motor Vehicle, Collision With",2
 Damage Accident,16:24,07/13/2014,Sunday,Y,Daylight,DEWITT,RIGHT ANGLE,ONONDAGA,Straight and Level,Rain,None,Wet,Not Applicable,"Other Motor Vehicle, Collision With",2
 Damage Accident,14:30,09/02/2014,Tuesday,N,Unknown,,REAR END,WESTCHESTER,Unknown,Unknown,Unknown,Unknown,Not Applicable,"Other Motor Vehicle, Collision With",2
 Damage Accident,15:00,09/12/2014,Friday,Y,Daylight,BROOKHAVEN,REAR END,SUFFOLK,Straight and Level,Clear,None,Dry,Not Applicable,"Other Motor Vehicle, Collision With",2
 Damage & Injury Accident,14:22,04/08/2014,Tuesday,Y,Daylight,QUEENSBURY,RIGHT ANGLE,WARREN,Straight and Level,Cloudy,Stop Sign,Dry,Not Applicable,"Other Motor Vehicle, Collision With",2
 Damage Accident,12:30,02/22/2014,Saturday,N,Unknown,LYONS,OTHER,WAYNE,Unknown,Unknown,Unknown,Unknown,Not Applicable,"Other Object (Not Fixed)*, Collision With",1
 Damage Accident,16:11,03/29/2014,Saturday,Y,Daylight,PARISHVILLE,OTHER,ST. LAWRENCE,Straight at Hill Crest,Cloudy,None,Dry,Not Applicable,Deer,1
 Damage Accident,3:42,09/29/2014,Monday,Y,Dark-Road Lighted,ALLEGANY,OTHER,CATTARAUGUS,Straight and Level,Fog/Smog/Smoke,None,Dry,Not Applicable,"Other Object (Not Fixed)*, Collision With",1
 Accident,7:40,06/20/2014,Friday,Y,Daylight,KINGS,Unknown,KINGS,Straight and Level,Clear,None,Dry,Not Applicable,"Other Motor Vehicle, Collision With",2
 Damage & Injury Accident,20:35,12/29/2014,Monday,Y,Dark-Road Lighted,LYNBROOK,OTHER,NASSAU,Straight and Level,Clear,Traffic Signal,Dry,Not Applicable,"Other Motor Vehicle, Collision With",3
 Accident,7:45,11/12/2014,Wednesday,Y,Daylight,PORT CHESTER,REAR END,WESTCHESTER,Straight and Level,Rain,No Passing Zone,Wet,Not Applicable,"Other Motor Vehicle, Collision With",2
 Damage Accident,17:15,04/28/2014,Monday,N,Unknown,BUFFALO,OTHER,ERIE,Unknown,Unknown,Unknown,Unknown,Not Applicable,"Building/Wall, Collision With Fixed Object",1
 Damage Accident,3:22,06/13/2014,Friday,Y,Dark-Road Unlighted,MARCY,OTHER,ONEIDA,Curve and Grade,Rain,None,Wet,Not Applicable,"Sign Post, Collision With Fixed Object",1
 Damage Accident,0:00,08/23/2014,Saturday,N,Daylight,,Unknown,NASSAU,Straight and Level,Clear,None,Dry,Not Applicable,"Other Motor Vehicle, Collision With",2
 Damage Accident,15:29,10/14/2014,Tuesday,Y,Daylight,HAMBURG,OVERTAKING,ERIE,Straight and Grade,Cloudy,Traffic Signal,Dry,Not Applicable,"Other Motor Vehicle, Collision With",2
 Accident,22:10,06/05/2014,Thursday,Y,Dark-Road Lighted,QUEENS,REAR END,QUEENS,Straight and Level,Cloudy,Traffic Signal,Dry,Not Applicable,"Other Motor Vehicle, Collision With",2
 Damage & Injury Accident,21:08,11/01/2014,Saturday,Y,Dark-Road Lighted,CORNWALL,LEFT TURN (3),ORANGE,Straight and Level,Cloudy,Stop Sign,Dry,Not Applicable,"Other Motor Vehicle, Collision With",2
 Damage Accident,15:30,06/18/2014,Wednesday,Y,Daylight,ELMIRA,LEFT TURN (3),CHEMUNG,Straight and Level,Clear,Traffic Signal,Dry,Not Applicable,"Other Motor Vehicle, Collision With",2
 Accident,23:30,02/02/2014,Sunday,Y,Dark-Road Lighted,BRONX,OTHER,BRONX,Straight and Grade,Cloudy,None,Dry,Not Applicable,"Other Motor Vehicle, Collision With",5
 Damage & Injury Accident,7:40,01/15/2014,Wednesday,Y,Dark-Road Unlighted,CAMILLUS,REAR END,ONONDAGA,Straight and Grade,Sleet/Hail/Freezing Rain,Stopped School Bus-Red Lights Flashing,Snow/Ice,Not Applicable,"Other Motor Vehicle, Collision With",2
 Damage & Injury Accident,7:40,01/15/2014,Wednesday,Y,Dark-Road Unlighted,CAMILLUS,REAR END,ONONDAGA,Straight and Grade,Sleet/Hail/Freezing Rain,Stopped School Bus-Red Lights Flashing,Snow/Ice,Not Applicable,"Other Motor Vehicle, Collision With",2
 Damage & Injury Accident,10:10,11/22/2014,Saturday,Y,Daylight,NIAGARA FALLS,RIGHT ANGLE,NIAGARA,Straight and Level,Clear,Stop Sign,Snow/Ice,Not Applicable,"Other Motor Vehicle, Collision With",2
 Damage Accident,5:14,06/26/2014,Thursday,Y,Dawn,LORRAINE,OTHER,JEFFERSON,Curve and Grade,Cloudy,No Passing Zone,Dry,Not Applicable,Deer,1
 Damage Accident,22:04,10/25/2014,Saturday,Y,Dark-Road Unlighted,HENRIETTA,RIGHT ANGLE,MONROE,Straight and Level,Clear,None,Dry,Not Applicable,"Other Motor Vehicle, Collision With",2
 Accident,21:54,11/16/2014,Sunday,Y,Dark-Road Lighted,BRONX,REAR END,BRONX,Straight and Level,Rain,None,Wet,Not Applicable,"Other Motor Vehicle, Collision With",2
 Damage Accident,13:56,01/19/2014,Sunday,Y,Daylight,ELMSFORD,OTHER,WESTCHESTER,Straight and Level,Clear,None,Dry,Not Applicable,"Other Fixed Object*, Collision With Fixed Object",1
 Damage Accident,1:39,11/29/2014,Saturday,Y,Daylight,LAKEWOOD,RIGHT ANGLE,CHAUTAUQUA,Straight and Level,Cloudy,None,Wet,Not Applicable,"Other Motor Vehicle, Collision With",2
 Accident,19:15,01/27/2014,Monday,Y,Dark-Road Lighted,BRONX,OTHER,BRONX,Straight and Level,Cloudy,Traffic Signal,Dry,"Crossing, With Signal","Pedestrian, Collision With",1
 Accident,10:22,10/11/2014,Saturday,Y,Daylight,SOUTHAMPTON,REAR END,SUFFOLK,Straight and Level,Rain,Traffic Signal,Wet,Not Applicable,"Other Motor Vehicle, Collision With",2
 Accident,5:52,05/08/2014,Thursday,Y,Daylight,QUEENS,REAR END,QUEENS,Straight and Level,Rain,Traffic Signal,Wet,Not Applicable,"Other Motor Vehicle, Collision With",2
 Damage & Injury Accident,21:45,12/17/2014,Wednesday,Y,Dark-Road Lighted,SYRACUSE,RIGHT ANGLE,ONONDAGA,Curve and Grade,Clear,Stop Sign,Dry,Not Applicable,"Other Motor Vehicle, Collision With",2
 Damage & Injury Accident,7:05,09/22/2014,Monday,Y,Daylight,HEMPSTEAD,OTHER,NASSAU,Straight and Level,Clear,None,Dry,Not Applicable,"Other Motor Vehicle, Collision With",3
 Damage Accident,10:00,03/12/2014,Wednesday,Y,Daylight,ROCHESTER,OTHER,MONROE,Straight and Level,Snow,None,Snow/Ice,Not Applicable,"Guide Rail - Not At End, Collision With Fixed Object",1
 Damage Accident,13:33,12/03/2014,Wednesday,Y,Daylight,WHITE PLAINS,OVERTAKING,WESTCHESTER,Straight and Grade,Rain,Traffic Signal,Wet,Not Applicable,"Other Motor Vehicle, Collision With",2
 Damage & Injury Accident,22:25,07/28/2014,Monday,Y,Dark-Road Lighted,LONG BEACH,RIGHT ANGLE,NASSAU,Straight and Level,Clear,Stop Sign,Dry,Not Applicable,"Other Motor Vehicle, Collision With",2
 Accident,0:00,04/26/2014,Saturday,N,Unknown,COLONIE,Unknown,ALBANY,Unknown,Unknown,Unknown,Unknown,Not Applicable,"Other Motor Vehicle, Collision With",2
 Damage & Injury Accident,15:38,11/01/2014,Saturday,Y,Daylight,NORFOLK,OTHER,ST. LAWRENCE,Straight and Grade,Rain,None,Wet,Not Applicable,"Tree, Collision With Fixed Object",1
 Accident,8:15,05/15/2014,Thursday,Y,Daylight,HUNTINGTON,REAR END,SUFFOLK,Straight and Level,Cloudy,None,Wet,Not Applicable,"Other Motor Vehicle, Collision With",2
 Damage Accident,17:18,12/19/2014,Friday,Y,Dark-Road Unlighted,BROOKHAVEN,REAR END,SUFFOLK,Straight and Level,Clear,Other,Dry,Not Applicable,"Other Motor Vehicle, Collision With",2
 Damage Accident,15:20,09/11/2014,Thursday,Y,Daylight,LIVERPOOL,RIGHT ANGLE,ONONDAGA,Straight and Level,Cloudy,None,Dry,Not Applicable,"Other Motor Vehicle, Collision With",2
 Damage Accident,0:00,11/15/2014,Saturday,N,Unknown,BINGHAMTON,LEFT TURN (0),BROOME,Unknown,Unknown,Unknown,Unknown,Not Applicable,"Other Motor Vehicle, Collision With",2
 Damage & Injury Accident,9:45,10/17/2014,Friday,Y,Daylight,BERLIN,Unknown,RENSSELAER,Straight and Level,Cloudy,None,Dry,Not Applicable,"Other Motor Vehicle, Collision With",2
 Accident,15:47,06/15/2014,Sunday,Y,Daylight,NORTH HEMPSTEAD,REAR END,NASSAU,Straight and Level,Clear,None,Dry,Not Applicable,"Other Motor Vehicle, Collision With",2
 Damage Accident,23:01,03/05/2014,Wednesday,Y,Dark-Road Unlighted,NEW WINDSOR,OTHER,ORANGE,Curve at Hill Crest,Clear,None,Dry,Not Applicable,Deer,1
 Damage Accident,19:00,02/25/2014,Tuesday,N,Dark-Road Unlighted,,OTHER,SULLIVAN,Straight and Grade,Clear,None,Dry,Not Applicable,Deer,1
 Damage Accident,9:15,07/11/2014,Friday,Y,Daylight,BETHLEHEM,RIGHT ANGLE,ALBANY,Curve and Level,Clear,Yield Sign,Dry,Not Applicable,"Other Motor Vehicle, Collision With",2
 Accident,17:00,05/28/2014,Wednesday,Y,Daylight,BRONX,OTHER,BRONX,Straight and Level,Cloudy,Traffic Signal,Dry,Not Applicable,"Other Motor Vehicle, Collision With",3
 Damage Accident,8:05,06/21/2014,Saturday,Y,Daylight,SOUTHAMPTON,Unknown,SUFFOLK,Curve and Level,Clear,No Passing Zone,Dry,Not Applicable,"Other Motor Vehicle, Collision With",2
 Accident,14:50,05/25/2014,Sunday,Y,Daylight,PIERMONT,OTHER,ROCKLAND,Straight and Level,Clear,None,Dry,Riding/Walking/Skating Along Highway With Traffic,"Bicyclist, Collision With",1
 Damage Accident,17:00,09/02/2014,Tuesday,N,Daylight,BRONX,RIGHT ANGLE,BRONX,Straight and Grade,Clear,Stop Sign,Dry,Not Applicable,"Other Motor Vehicle, Collision With",2
 Accident,22:08,06/01/2014,Sunday,Y,Dark-Road Lighted,NEW ROCHELLE,OVERTAKING,WESTCHESTER,Straight and Level,Clear,None,Dry,Not Applicable,"Other Motor Vehicle, Collision With",2
 Damage & Injury Accident,9:46,01/18/2014,Saturday,Y,Daylight,ONEIDA,OVERTAKING,MADISON,Straight and Level,Snow,None,Snow/Ice,Not Applicable,"Other Motor Vehicle, Collision With",2
 Damage Accident,5:57,04/27/2014,Sunday,Y,Dawn,WALLKILL,OTHER,ORANGE,Curve and Level,Clear,None,Dry,Not Applicable,Deer,1
 Damage Accident,22:14,04/18/2014,Friday,Y,Dark-Road Lighted,BATAVIA,OTHER,GENESEE,Straight and Level,Cloudy,None,Dry,Not Applicable,"Animal, Collision With",1
 Damage & Injury Accident,9:50,05/16/2014,Friday,Y,Daylight,BRONX,RIGHT ANGLE,BRONX,Straight and Level,Cloudy,Traffic Signal,Dry,Not Applicable,"Other Motor Vehicle, Collision With",2
 Damage Accident,15:00,12/04/2014,Thursday,N,Daylight,WEST SENECA,OTHER,ERIE,Straight and Level,Clear,None,Dry,Not Applicable,"Building/Wall, Collision With Fixed Object",1
 Accident,17:00,07/07/2014,Monday,Y,Daylight,BRONX,OVERTAKING,BRONX,Straight and Level,Clear,None,Dry,Not Applicable,"Other Motor Vehicle, Collision With",2
 Damage Accident,1:55,08/15/2014,Friday,Y,Dark-Road Lighted,PORT JEFFERSON,Unknown,SUFFOLK,Curve and Level,Clear,None,Dry,Not Applicable,"Other Motor Vehicle, Collision With",2
 Accident,17:59,11/19/2014,Wednesday,Y,Dark-Road Lighted,BRONX,OVERTAKING,BRONX,Straight and Level,Clear,Stop Sign,Dry,Not Applicable,"Other Motor Vehicle, Collision With",2
 Damage Accident,12:05,08/19/2014,Tuesday,Y,Daylight,OYSTER BAY,REAR END,NASSAU,Straight and Level,Clear,Traffic Signal,Dry,Not Applicable,"Other Motor Vehicle, Collision With",2
 Damage Accident,15:11,08/17/2014,Sunday,Y,Daylight,QUEENSBURY,OVERTAKING,WARREN,Straight and Level,Cloudy,None,Dry,Not Applicable,"Other Motor Vehicle, Collision With",2
 Accident,22:30,01/31/2014,Friday,Y,Dusk,KINGS,RIGHT ANGLE,KINGS,Straight and Level,Clear,Stop Sign,Snow/Ice,Not Applicable,"Other Motor Vehicle, Collision With",2
 Damage & Injury Accident,6:55,12/05/2014,Friday,Y,Daylight,,OTHER,UNKNOWN,Straight and Level,Clear,None,Dry,Not Applicable,"Other Fixed Object*, Collision With Fixed Object",1
 Damage Accident,8:22,09/16/2014,Tuesday,Y,Daylight,MATINECOCK,LEFT TURN (3),NASSAU,Straight at Hill Crest,Rain,Traffic Signal,Wet,Not Applicable,"Other Motor Vehicle, Collision With",2
 Damage & Injury Accident,9:35,07/31/2014,Thursday,Y,Daylight,QUEENS,OTHER,QUEENS,Straight and Level,Clear,None,Dry,Not Applicable,"Other Motor Vehicle, Collision With",3
 Damage Accident,7:30,05/27/2014,Tuesday,Y,Daylight,QUEENS,RIGHT TURN (5),QUEENS,Straight and Level,Clear,None,Dry,Not Applicable,"Other Motor Vehicle, Collision With",2
 Damage Accident,10:00,11/28/2014,Friday,N,Unknown,,OTHER,UNKNOWN,Unknown,Unknown,Unknown,Unknown,Not Applicable,"Light Support/Utility Pole, Collision With Fixed Object",1
 Damage Accident,13:35,09/10/2014,Wednesday,Y,Daylight,UNION,REAR END,BROOME,Straight and Level,Cloudy,None,Dry,Not Applicable,"Other Motor Vehicle, Collision With",2
 Damage Accident,4:59,04/12/2014,Saturday,Y,Dark-Road Unlighted,WHITE CREEK,OTHER,WASHINGTON,Straight and Level,Clear,None,Dry,Not Applicable,Deer,1
 Damage Accident,22:58,11/15/2014,Saturday,Y,Dark-Road Unlighted,THROOP,OTHER,CAYUGA,Straight and Level,Clear,None,Dry,Not Applicable,Deer,1
 Damage Accident,10:30,08/20/2014,Wednesday,Y,Daylight,ITHACA,Unknown,TOMPKINS,Straight and Level,Clear,None,Dry,Not Applicable,"Other Motor Vehicle, Collision With",2
 Damage & Injury Accident,12:12,09/09/2014,Tuesday,Y,Daylight,CAROGA,OTHER,FULTON,Straight and Level,Clear,None,Dry,Not Applicable,"Tree, Collision With Fixed Object",1
 Damage Accident,10:21,04/27/2014,Sunday,Y,Daylight,,REAR END,ORANGE,Straight and Grade,Cloudy,Traffic Signal,Dry,Not Applicable,"Other Motor Vehicle, Collision With",2
 Damage & Injury Accident,11:48,04/01/2014,Tuesday,Y,Daylight,JAMESTOWN,OVERTAKING,CHAUTAUQUA,Straight and Level,Cloudy,None,Dry,Not Applicable,"Other Motor Vehicle, Collision With",2
 Damage Accident,13:25,07/05/2014,Saturday,Y,Daylight,HUNTINGTON,REAR END,SUFFOLK,Straight and Level,Clear,Traffic Signal,Dry,Not Applicable,"Other Motor Vehicle, Collision With",2
 Accident,19:22,12/20/2014,Saturday,Y,Dark-Road Lighted,SCHENECTADY,OTHER,SCHENECTADY,Straight and Level,Clear,None,Dry,Riding/Walking/Skating Along Highway With Traffic,"Pedestrian, Collision With",1
 Damage Accident,17:05,05/23/2014,Friday,Y,Daylight,HEMPSTEAD,REAR END,NASSAU,Straight and Level,Cloudy,None,Dry,Not Applicable,"Other Motor Vehicle, Collision With",2
 Damage Accident,18:03,12/19/2014,Friday,Y,Dark-Road Lighted,NORTH HEMPSTEAD,REAR END,NASSAU,Straight and Level,Clear,None,Dry,Not Applicable,"Other Motor Vehicle, Collision With",2
 Damage Accident,20:52,12/07/2014,Sunday,Y,Dark-Road Lighted,GREENWOOD LAKE,Unknown,ORANGE,Straight and Level,Clear,Stop Sign,Dry,Not Applicable,"Other Motor Vehicle, Collision With",2
 Damage Accident,10:39,06/29/2014,Sunday,Y,Daylight,RIVERHEAD,OTHER,SUFFOLK,Straight and Level,Clear,None,Dry,Not Applicable,"Curbing, Collision With Fixed Object",1
 Damage Accident,18:10,08/22/2014,Friday,Y,Daylight,ISLIP,Unknown,SUFFOLK,Straight and Level,Clear,None,Dry,Not Applicable,"Other Motor Vehicle, Collision With",2
 Damage Accident,15:31,06/29/2014,Sunday,Y,Daylight,ISLIP,Unknown,SUFFOLK,Straight and Level,Clear,Traffic Signal,Dry,Not Applicable,"Other Motor Vehicle, Collision With",2
 Accident,20:30,11/26/2014,Wednesday,N,Unknown,KINGS,REAR END,KINGS,Unknown,Unknown,Unknown,Unknown,Not Applicable,"Other Motor Vehicle, Collision With",2
 Damage Accident,20:00,08/01/2014,Friday,Y,Daylight,NIAGARA FALLS,Unknown,NIAGARA,Straight and Level,Clear,None,Dry,Not Applicable,"Other Motor Vehicle, Collision With",2
 Damage & Injury Accident,17:22,06/03/2014,Tuesday,Y,Daylight,LISBON,SIDESWIPE,ST. LAWRENCE,Straight and Level,Cloudy,No Passing Zone,Dry,Not Applicable,"Other Motor Vehicle, Collision With",2
 Damage Accident,9:59,01/30/2014,Thursday,Y,Daylight,CATLIN,OTHER,CHEMUNG,Straight and Level,Clear,No Passing Zone,Dry,Not Applicable,"Tree, Collision With Fixed Object",1
 Accident,17:30,09/22/2014,Monday,Y,Daylight,KINGS,OTHER,KINGS,Straight and Level,Clear,Unknown,Dry,"Crossing, No Signal, Marked Crosswalk","Pedestrian, Collision With",1
 Damage Accident,22:20,01/31/2014,Friday,Y,Dark-Road Unlighted,JEWETT,OTHER,GREENE,Straight and Grade,Clear,No Passing Zone,Dry,Not Applicable,Deer,1
 Damage & Injury Accident,11:02,11/21/2014,Friday,Y,Daylight,GENEVA,REAR END,ONTARIO,Straight and Grade,Clear,Traffic Signal,Wet,Not Applicable,"Other Motor Vehicle, Collision With",2
 Accident,22:39,10/12/2014,Sunday,Y,Dark-Road Lighted,BUFFALO,RIGHT ANGLE,ERIE,Straight and Level,Clear,Traffic Signal,Dry,Not Applicable,"Other Motor Vehicle, Collision With",2
 Damage Accident,13:57,06/08/2014,Sunday,Y,Daylight,EVANS,OTHER,ERIE,Straight and Level,Rain,None,Wet,Not Applicable,Deer,1
 Damage Accident,18:56,11/06/2014,Thursday,Y,Dark-Road Lighted,NORTH HEMPSTEAD,REAR END,NASSAU,Straight and Level,Cloudy,None,Dry,Not Applicable,"Other Motor Vehicle, Collision With",2
 Damage Accident,12:36,05/10/2014,Saturday,Y,Daylight,WALLKILL,OVERTAKING,ORANGE,Straight and Level,Cloudy,None,Dry,Not Applicable,"Other Motor Vehicle, Collision With",2
 Damage Accident,7:43,02/04/2014,Tuesday,Y,Daylight,WAPPINGER,OTHER,DUTCHESS,Curve and Level,Cloudy,No Passing Zone,Snow/Ice,Not Applicable,"Tree, Collision With Fixed Object",1
 Damage Accident,21:00,08/25/2014,Monday,N,Dark-Road Unlighted,,OTHER,ULSTER,Curve and Grade,Clear,None,Dry,Not Applicable,Deer,1
 Damage Accident,7:50,02/11/2014,Tuesday,Y,Daylight,NEW PALTZ,REAR END,ULSTER,Straight and Grade,Clear,None,Dry,Not Applicable,"Other Motor Vehicle, Collision With",2
 Damage Accident,10:40,04/07/2014,Monday,Y,Daylight,FLOYD,RIGHT ANGLE,ONEIDA,Straight and Level,Cloudy,None,Dry,Not Applicable,"Other Motor Vehicle, Collision With",2
 Damage Accident,13:30,05/23/2014,Friday,Y,Daylight,HEMPSTEAD,HEAD ON,NASSAU,Straight and Level,Cloudy,None,Dry,Not Applicable,"Other Motor Vehicle, Collision With",2
 Damage Accident,16:05,02/26/2014,Wednesday,Y,Daylight,EVANS,OTHER,ERIE,Straight and Level,Clear,None,Dry,Not Applicable,Deer,1
 Damage & Injury Accident,16:30,02/13/2014,Thursday,Y,Daylight,DEERFIELD,OTHER,ONEIDA,Curve and Grade,Snow,None,Snow/Ice,Not Applicable,"Snow Embankment, Collision With Fixed Object",1
 Damage Accident,17:55,11/14/2014,Friday,Y,Dark-Road Unlighted,WILSON,OTHER,NIAGARA,Straight and Level,Clear,None,Dry,Not Applicable,"Earth Embankment/Rock Cut/Ditch, Collision With Fixed Object",1
 Accident,19:16,03/25/2014,Tuesday,Y,Daylight,RICHMOND,OTHER,RICHMOND,Straight and Level,Clear,Traffic Signal,Dry,"Crossing, No Signal, Marked Crosswalk","Pedestrian, Collision With",1
 Damage Accident,16:20,12/22/2014,Monday,Y,Dusk,ISLIP,OTHER,SUFFOLK,Straight and Grade,Cloudy,Other,Dry,Not Applicable,"Other Motor Vehicle, Collision With",4
 Damage Accident,0:00,04/09/2014,Wednesday,N,Daylight,KINGS,REAR END,KINGS,Straight and Level,Clear,Traffic Signal,Dry,Not Applicable,"Other Motor Vehicle, Collision With",2
 Damage Accident,14:54,01/21/2014,Tuesday,Y,Daylight,POUND RIDGE,OTHER,WESTCHESTER,Curve and Grade,Snow,No Passing Zone,Snow/Ice,Not Applicable,"Earth Embankment/Rock Cut/Ditch, Collision With Fixed Object",1
 Accident,18:24,10/12/2014,Sunday,Y,Daylight,KINGS,OTHER,KINGS,Straight and Level,Clear,Traffic Signal,Dry,Not Applicable,"Curbing, Collision With Fixed Object",1
 Accident,17:02,11/21/2014,Friday,Y,Dark-Road Lighted,COLONIE,OTHER,ALBANY,Straight and Grade,Clear,None,Dry,Other Actions in Roadway,"Pedestrian, Collision With",1
 Damage Accident,23:05,02/07/2014,Friday,Y,Dark-Road Lighted,SALINA,LEFT TURN (0),ONONDAGA,Straight and Level,Clear,Traffic Signal,Dry,Not Applicable,"Other Motor Vehicle, Collision With",2
 Accident,12:30,02/17/2014,Monday,N,Daylight,QUEENS,OTHER,QUEENS,Straight and Level,Other*,Traffic Signal,Other,"Crossing, No Signal or Crosswalk","Pedestrian, Collision With",1
 Damage Accident,15:38,12/20/2014,Saturday,Y,Daylight,LARCHMONT,OVERTAKING,WESTCHESTER,Straight and Level,Clear,Traffic Signal,Dry,Not Applicable,"Other Motor Vehicle, Collision With",2
 Damage Accident,13:15,09/22/2014,Monday,Y,Daylight,BROOKHAVEN,RIGHT ANGLE,SUFFOLK,Straight and Level,Clear,None,Dry,Not Applicable,"Other Motor Vehicle, Collision With",2
 Damage Accident,23:15,05/30/2014,Friday,N,Dark-Road Lighted,NEW YORK,RIGHT TURN (6),NEW YORK,Straight and Level,Rain,None,Wet,Not Applicable,"Other Motor Vehicle, Collision With",2
 Damage Accident,12:17,04/19/2014,Saturday,Y,Daylight,MINA,OTHER,CHAUTAUQUA,Straight and Level,Clear,None,Dry,Not Applicable,"Animal, Collision With",1
 Damage Accident,12:26,11/29/2014,Saturday,Y,Daylight,CORNWALL,OTHER,ORANGE,Straight and Level,Cloudy,None,Dry,Not Applicable,"Guide Rail - Not At End, Collision With Fixed Object",1
 Accident,16:55,04/09/2014,Wednesday,Y,Daylight,NORTH HILLS,REAR END,NASSAU,Straight and Level,Clear,None,Dry,Not Applicable,"Other Motor Vehicle, Collision With",2
 Damage Accident,5:25,01/28/2014,Tuesday,Y,Dark-Road Lighted,OYSTER BAY,LEFT TURN (3),NASSAU,Straight and Level,Clear,Stop Sign,Dry,Not Applicable,"Other Motor Vehicle, Collision With",2
 Damage Accident,5:00,01/01/2014,Wednesday,Y,Dark-Road Lighted,NIAGARA FALLS,HEAD ON,NIAGARA,Straight and Level,Unknown,None,Snow/Ice,Not Applicable,"Other Motor Vehicle, Collision With",2
 Damage Accident,20:47,05/14/2014,Wednesday,Y,Dusk,EAST SYRACUSE,OTHER,ONONDAGA,Straight and Level,Clear,None,Dry,Not Applicable,Deer,1
 Damage Accident,18:40,10/22/2014,Wednesday,N,Dusk,LISBON,OTHER,ST. LAWRENCE,Straight and Level,Clear,None,Dry,Not Applicable,Deer,1
 Accident,17:35,06/10/2014,Tuesday,Y,Daylight,KINGS,OTHER,KINGS,Straight and Level,Clear,None,Dry,Riding/Walking/Skating Along Highway With Traffic,"Bicyclist, Collision With",1
 Damage Accident,10:06,08/22/2014,Friday,Y,Daylight,UNION,REAR END,BROOME,Straight and Level,Cloudy,Traffic Signal,Dry,Not Applicable,"Other Motor Vehicle, Collision With",2
 Damage & Injury Accident,11:53,02/25/2014,Tuesday,Y,Daylight,TONAWANDA,OTHER,ERIE,Straight and Level,Cloudy,Traffic Signal,Dry,Not Applicable,"Other Motor Vehicle, Collision With",2
 Damage Accident,17:30,12/19/2014,Friday,Y,Dark-Road Unlighted,CLARKSTOWN,REAR END,ROCKLAND,Straight and Level,Clear,None,Dry,Not Applicable,"Other Motor Vehicle, Collision With",2
 Damage & Injury Accident,5:05,07/10/2014,Thursday,Y,Dawn,QUEENS,OTHER,QUEENS,Straight and Level,Cloudy,None,Dry,Not Applicable,"Other Motor Vehicle, Collision With",3
 Accident,8:48,02/10/2014,Monday,Y,Daylight,ALBANY,REAR END,ALBANY,Straight and Level,Clear,Yield Sign,Wet,Not Applicable,"Other Motor Vehicle, Collision With",2
 Damage & Injury Accident,11:40,02/23/2014,Sunday,Y,Daylight,OLD WESTBURY,REAR END,NASSAU,Straight and Level,Clear,None,Dry,Not Applicable,"Other Motor Vehicle, Collision With",2
 Damage & Injury Accident,18:19,05/15/2014,Thursday,Y,Daylight,PENFIELD,RIGHT ANGLE,MONROE,Straight and Level,Cloudy,Traffic Signal,Dry,Not Applicable,"Other Motor Vehicle, Collision With",2
 Damage Accident,19:03,10/16/2014,Thursday,Y,Dusk,GLENVILLE,REAR END,SCHENECTADY,Straight and Grade,Cloudy,None,Dry,Not Applicable,"Other Motor Vehicle, Collision With",2
 Damage Accident,2:26,10/12/2014,Sunday,Y,Dark-Road Lighted,SCHENECTADY,OTHER,SCHENECTADY,Straight and Level,Clear,None,Dry,Not Applicable,"Other Motor Vehicle, Collision With",4
 Damage Accident,15:16,03/15/2014,Saturday,Y,Daylight,SHAWANGUNK,OTHER,ULSTER,Straight and Level,Clear,None,Dry,Not Applicable,"Animal, Collision With",1
 Damage Accident,16:36,04/17/2014,Thursday,Y,Daylight,NEWBURGH,REAR END,ORANGE,Straight and Level,Clear,Traffic Signal,Dry,Not Applicable,"Other Motor Vehicle, Collision With",2
 Damage Accident,16:49,03/13/2014,Thursday,Y,Daylight,NIAGARA FALLS,RIGHT ANGLE,NIAGARA,Straight and Level,Clear,Stop Sign,Snow/Ice,Not Applicable,"Other Motor Vehicle, Collision With",2