 Descriptor,Time,Date,Day of Week,Police Report,Lighting Conditions,Municipality,Collision Type Descriptor,County Name,Road Descriptor,Weather Conditions,Traffic Control Device,Road Surface Conditions,Pedestrian Bicyclist Action,Event Descriptor,Number of Vehicles Involved
 Damage Accident,8:20,07/20/2014,Sunday,Y,Daylight,FORT COVINGTON,OTHER,FRANKLIN,Straight and Level,Clear,None,Dry,Not Applicable,Deer,1
 Damage Accident,16:40,07/24/2014,Thursday,Y,Daylight,PENN YAN,REAR END,YATES,Straight and Level,Clear,Stop Sign,Dry,Not Applicable,"Other Motor Vehicle, Collision With",2
 Damage Accident,2:00,03/16/2014,Sunday,Y,Dark-Road Unlighted,EAST HAMPTON,OTHER,SUFFOLK,Curve and Grade,Clear,None,Dry,Not Applicable,"Tree, Collision With Fixed Object",1
 Damage Accident,6:40,10/13/2014,Monday,Y,Dawn,MILAN,REAR END,DUTCHESS,Straight and Level,Cloudy,No Passing Zone,Dry,Not Applicable,"Other Motor Vehicle, Collision With",2
 Damage & Injury Accident,13:30,11/01/2014,Saturday,Y,Daylight,ISLIP,REAR END,SUFFOLK,Straight and Level,Rain,None,Wet,Not Applicable,"Other Motor Vehicle, Collision With",2
 Damage Accident,13:15,03/25/2014,Tuesday,N,Daylight,QUEENS,Unknown,QUEENS,Straight and Grade,Clear,None,Dry,Not Applicable,"Other Motor Vehicle, Collision With",2
 Damage Accident,9:00,08/10/2014,Sunday,N,Daylight,MEXICO,OTHER,OSWEGO,Straight and Level,Clear,None,Dry,Not Applicable,Deer,1
 Damage Accident,16:45,07/19/2014,Saturday,Y,Daylight,VALLEY STREAM,RIGHT TURN (6),NASSAU,Straight and Level,Cloudy,Traffic Signal,Dry,Not Applicable,"Other Motor Vehicle, Collision With",2
 Damage & Injury Accident,9:15,12/26/2014,Friday,Y,Daylight,RICHMONDVILLE,LEFT TURN (0),SCHOHARIE,Straight at Hill Crest,Cloudy,No Passing Zone,Dry,Not Applicable,"Other Motor Vehicle, Collision With",2
 Damage Accident,14:25,12/17/2014,Wednesday,Y,Daylight,BROOKHAVEN,REAR END,SUFFOLK,Curve and Grade,Cloudy,Stop Sign,Dry,Not Applicable,"Other Motor Vehicle, Collision With",2
 Damage Accident,11:23,09/05/2014,Friday,Y,Daylight,OYSTER BAY,OVERTAKING,NASSAU,Straight and Level,Cloudy,Traffic Signal,Dry,Not Applicable,"Light Support/Utility Pole, Collision With Fixed Object",2
 Damage & Injury Accident,6:38,09/25/2014,Thursday,Y,Dawn,CLIFTON SPRINGS,RIGHT ANGLE,ONTARIO,Straight and Grade,Clear,Stop Sign,Dry,Not Applicable,"Other Motor Vehicle, Collision With",2
 Accident,8:00,06/09/2014,Monday,Y,Daylight,DUNKIRK,REAR END,CHAUTAUQUA,Straight and Level,Cloudy,Traffic Signal,Dry,Not Applicable,"Other Motor Vehicle, Collision With",2
 Damage & Injury Accident,13:43,04/11/2014,Friday,Y,Daylight,WEBSTER,OTHER,MONROE,Straight and Level,Clear,None,Dry,Not Applicable,"Tree, Collision With Fixed Object",1
 Accident,18:45,08/27/2014,Wednesday,Y,Daylight,KINGSTON,OTHER,ULSTER,Straight and Grade,Cloudy,Stop Sign,Dry,Riding/Walking/Skating Along Highway Against Traffic,"Bicyclist, Collision With",1
 Damage Accident,9:45,01/07/2014,Tuesday,Y,Daylight,HENRIETTA,REAR END,MONROE,Straight and Level,Snow,Traffic Signal,Snow/Ice,Not Applicable,"Other Motor Vehicle, Collision With",2
 Damage Accident,18:57,04/13/2014,Sunday,Y,Daylight,EAST FISHKILL,OTHER,DUTCHESS,Straight and Level,Clear,None,Dry,Not Applicable,"Animal, Collision With",1
 Damage Accident,19:00,10/03/2014,Friday,N,Dark-Road Lighted,NEW YORK,OVERTAKING,NEW YORK,Straight and Level,Clear,None,Dry,Not Applicable,"Other Motor Vehicle, Collision With",2
 Damage Accident,21:00,01/08/2014,Wednesday,Y,Dark-Road Lighted,RICHMOND,LEFT TURN (3),RICHMOND,Unknown,Clear,Traffic Signal,Snow/Ice,Not Applicable,"Other Motor Vehicle, Collision With",2
 Damage Accident,14:00,04/11/2014,Friday,N,Daylight,AMHERST,REAR END,ERIE,Straight and Level,Clear,Traffic Signal,Dry,Not Applicable,"Other Motor Vehicle, Collision With",2
 Accident,19:20,10/10/2014,Friday,Y,Dark-Road Lighted,SCHENECTADY,OTHER,SCHENECTADY,Straight and Level,Cloudy,None,Dry,Not in Roadway (Indicate),"Pedestrian, Collision With",1
 Damage Accident,1:27,01/07/2014,Tuesday,Y,Dark-Road Lighted,ADDISON,RIGHT ANGLE,STEUBEN,Straight and Level,Clear,None,Dry,Not Applicable,"Other Motor Vehicle, Collision With",2
 Damage Accident,10:33,12/20/2014,Saturday,Y,Daylight,BEDFORD,RIGHT ANGLE,WESTCHESTER,Straight and Level,Cloudy,Stop Sign,Dry,Not Applicable,"Other Motor Vehicle, Collision With",2
 Accident,15:11,10/09/2014,Thursday,N,Daylight,RICHMOND,Unknown,RICHMOND,Straight and Grade,Clear,Traffic Signal,Dry,Not Applicable,"Other Motor Vehicle, Collision With",2
 Damage Accident,18:45,08/29/2014,Friday,Y,Daylight,CORTLANDT,OTHER,WESTCHESTER,Straight and Level,Clear,None,Dry,Not Applicable,"Fire Hydrant, Collision With Fixed Object",1
 Damage Accident,14:49,01/04/2014,Saturday,Y,Daylight,YORKTOWN,OTHER,WESTCHESTER,Curve and Grade,Clear,None,Unknown,Not Applicable,"Tree, Collision With Fixed Object",1
 Accident,19:13,12/19/2014,Friday,Y,Dark-Road Lighted,BRONX,OTHER,BRONX,Straight and Level,Clear,Stop Sign,Dry,"Crossing, No Signal or Crosswalk","Pedestrian, Collision With",1
 Damage & Injury Accident,5:11,05/11/2014,Sunday,Y,Dawn,COLONIE,OTHER,ALBANY,Curve and Level,Clear,None,Dry,Not Applicable,"Sign Post, Collision With Fixed Object",1
 Damage Accident,8:07,02/11/2014,Tuesday,Y,Daylight,OYSTER BAY,REAR END,NASSAU,Straight and Level,Clear,None,Dry,Not Applicable,"Other Motor Vehicle, Collision With",2
 Damage Accident,7:54,04/30/2014,Wednesday,Y,Daylight,WHITE PLAINS,RIGHT TURN (6),WESTCHESTER,Straight and Level,Rain,Stop Sign,Wet,Not Applicable,"Other Motor Vehicle, Collision With",2
 Accident,20:00,12/05/2014,Friday,N,Unknown,QUEENS,Unknown,QUEENS,Unknown,Unknown,Unknown,Unknown,Not Applicable,"Other Motor Vehicle, Collision With",2
 Damage & Injury Accident,18:05,12/13/2014,Saturday,Y,Dark-Road Lighted,SYRACUSE,RIGHT ANGLE,ONONDAGA,Straight and Grade,Rain,Stop Sign,Wet,Not Applicable,"Other Motor Vehicle, Collision With",2
 Damage Accident,22:30,09/07/2014,Sunday,N,Dark-Road Unlighted,LANSING,OTHER,TOMPKINS,Straight and Level,Clear,None,Dry,Not Applicable,Deer,1
 Accident,12:20,06/04/2014,Wednesday,Y,Daylight,BROOKHAVEN,OTHER,SUFFOLK,Straight and Level,Cloudy,Traffic Signal,Dry,Not Applicable,"Other Motor Vehicle, Collision With",3
 Damage Accident,14:06,06/03/2014,Tuesday,Y,Daylight,BATH,OTHER,STEUBEN,Curve and Grade,Clear,None,Dry,Not Applicable,"Sign Post, Collision With Fixed Object",1
 Damage Accident,20:07,04/23/2014,Wednesday,Y,Dark-Road Unlighted,JOHNSTOWN,OTHER,FULTON,Straight and Grade,Cloudy,None,Dry,Not Applicable,Deer,1
 Damage Accident,14:32,04/29/2014,Tuesday,Y,Daylight,WEST SENECA,RIGHT ANGLE,ERIE,Straight and Level,Rain,None,Wet,Not Applicable,"Other Motor Vehicle, Collision With",2
 Damage Accident,8:02,11/04/2014,Tuesday,Y,Daylight,GLEN,OTHER,MONTGOMERY,Straight and Level,Cloudy,None,Dry,Not Applicable,"Animal, Collision With",1
 Accident,20:38,09/25/2014,Thursday,Y,Dusk,NEW YORK,REAR END,NEW YORK,Straight and Level,Clear,Traffic Signal,Dry,Not Applicable,"Other Motor Vehicle, Collision With",2
 Damage & Injury Accident,18:07,08/08/2014,Friday,Y,Daylight,PEMBROKE,RIGHT ANGLE,GENESEE,Straight and Level,Clear,Stop Sign,Dry,Not Applicable,"Other Motor Vehicle, Collision With",2
 Damage Accident,5:50,10/24/2014,Friday,Y,Dark-Road Unlighted,RIPLEY,OTHER,CHAUTAUQUA,Straight and Grade,Cloudy,None,Dry,Not Applicable,Deer,1
 Accident,0:58,06/02/2014,Monday,Y,Dark-Road Lighted,BRONX,OTHER,BRONX,Straight and Level,Clear,None,Dry,Not Applicable,"Other Motor Vehicle, Collision With",3
 Damage Accident,13:30,09/11/2014,Thursday,Y,Daylight,COLONIE,LEFT TURN (3),ALBANY,Straight and Grade,Cloudy,Traffic Signal,Wet,Not Applicable,"Other Motor Vehicle, Collision With",2
 Accident,20:15,12/19/2014,Friday,N,Dark-Road Lighted,KINGS,Unknown,KINGS,Straight and Level,Clear,None,Dry,Not Applicable,"Other Motor Vehicle, Collision With",2
 Damage Accident,18:35,12/01/2014,Monday,Y,Dark-Road Unlighted,WHITE CREEK,OTHER,WASHINGTON,Curve and Level,Clear,None,Dry,Not Applicable,"Earth Embankment/Rock Cut/Ditch, Collision With Fixed Object",1
 Damage Accident,9:23,11/25/2014,Tuesday,N,Daylight,KINGS,Unknown,KINGS,Straight and Level,Clear,Unknown,Dry,Not Applicable,"Other Motor Vehicle, Collision With",2
 Damage & Injury Accident,20:15,12/23/2014,Tuesday,Y,Dark-Road Unlighted,LENOX,OTHER,MADISON,Straight and Level,Cloudy,None,Wet,Not Applicable,"Other Motor Vehicle, Collision With",3
 Damage Accident,17:30,12/09/2014,Tuesday,Y,Dark-Road Lighted,NEW YORK,REAR END,NEW YORK,Straight and Level,Cloudy,None,Flooded Water,Not Applicable,"Other Motor Vehicle, Collision With",2
 Damage & Injury Accident,14:39,12/18/2014,Thursday,Y,Daylight,BROOKHAVEN,RIGHT ANGLE,SUFFOLK,Straight and Level,Clear,Traffic Signal,Dry,Not Applicable,"Other Motor Vehicle, Collision With",2
 Damage & Injury Accident,6:32,11/01/2014,Saturday,Y,Dark-Road Lighted,NORTH HEMPSTEAD,OTHER,NASSAU,Curve and Grade,Rain,None,Wet,Not Applicable,"Light Support/Utility Pole, Collision With Fixed Object",1
 Damage Accident,14:15,01/08/2014,Wednesday,Y,Daylight,SOUTHAMPTON,OTHER,SUFFOLK,Curve and Level,Clear,None,Dry,Not Applicable,Deer,1
 Damage Accident,19:15,07/01/2014,Tuesday,Y,Daylight,WESTBURY,LEFT TURN (3),NASSAU,Straight and Level,Clear,None,Dry,Not Applicable,"Other Motor Vehicle, Collision With",2
 Damage & Injury Accident,13:55,08/30/2014,Saturday,Y,Daylight,BETHLEHEM,RIGHT ANGLE,ALBANY,Straight and Level,Clear,Traffic Signal,Dry,Not Applicable,"Other Motor Vehicle, Collision With",2
 Damage Accident,0:00,12/29/2014,Monday,N,Unknown,CLARENCE,OTHER,ERIE,Unknown,Unknown,Unknown,Unknown,Not Applicable,Deer,1
 Damage Accident,9:06,04/06/2014,Sunday,Y,Daylight,SCHENECTADY,OTHER,SCHENECTADY,Straight and Level,Clear,None,Dry,Not Applicable,"Sign Post, Collision With Fixed Object",1
 Damage Accident,15:45,11/13/2014,Thursday,Y,Daylight,WATERTOWN,OTHER,JEFFERSON,Straight and Level,Snow,None,Snow/Ice,Not Applicable,"Sign Post, Collision With Fixed Object",1
 Damage & Injury Accident,11:20,06/02/2014,Monday,N,Daylight,KINGS,Unknown,KINGS,Straight and Level,Clear,Traffic Signal,Dry,Not Applicable,"Other Motor Vehicle, Collision With",2
 Damage Accident,7:45,11/19/2014,Wednesday,Y,Daylight,LAWRENCE,RIGHT TURN (5),NASSAU,Straight and Level,Clear,Traffic Signal,Dry,Not Applicable,"Other Motor Vehicle, Collision With",2
 Damage Accident,14:30,02/07/2014,Friday,Y,Daylight,UTICA,OTHER,ONEIDA,Straight and Level,Cloudy,Yield Sign,Dry,Not Applicable,"Other Motor Vehicle, Collision With",3
 Damage Accident,18:36,06/16/2014,Monday,Y,Daylight,RIVERHEAD,RIGHT ANGLE,SUFFOLK,Straight and Level,Clear,None,Dry,Not Applicable,"Other Motor Vehicle, Collision With",2
 Damage Accident,9:00,12/06/2014,Saturday,Y,Daylight,CLAY,RIGHT ANGLE,ONONDAGA,Straight and Level,Rain,None,Wet,Not Applicable,"Other Motor Vehicle, Collision With",2
 Accident,19:05,04/06/2014,Sunday,Y,Daylight,NEW YORK,Unknown,NEW YORK,Straight and Grade,Clear,Other,Dry,Not Applicable,"Other Motor Vehicle, Collision With",2
 Accident,17:00,01/14/2014,Tuesday,Y,Dark-Road Lighted,QUEENS,Unknown,QUEENS,Straight and Level,Rain,Traffic Signal,Wet,Not Applicable,"Other Motor Vehicle, Collision With",2
 Damage Accident,7:06,09/09/2014,Tuesday,Y,Daylight,SOUTHEAST,OVERTAKING,PUTNAM,Straight and Level,Clear,None,Dry,Not Applicable,"Other Motor Vehicle, Collision With",2
 Damage Accident,11:30,02/11/2014,Tuesday,Y,Daylight,SYRACUSE,OTHER,ONONDAGA,Straight and Grade,Snow,None,Snow/Ice,Not Applicable,"Fire Hydrant, Collision With Fixed Object",1
 Damage & Injury Accident,0:42,06/21/2014,Saturday,Y,Dark-Road Lighted,KENT,LEFT TURN (0),PUTNAM,Straight and Level,Clear,No Passing Zone,Dry,Not Applicable,"Other Motor Vehicle, Collision With",2
 Damage Accident,9:00,12/01/2014,Monday,Y,Daylight,KINGS,OVERTAKING,KINGS,Straight and Level,Clear,None,Dry,Not Applicable,"Other Motor Vehicle, Collision With",2
 Damage & Injury Accident,16:51,03/18/2014,Tuesday,Y,Daylight,PREBLE,OTHER,CORTLAND,Straight and Level,Clear,None,Dry,Not Applicable,"Guide Rail - End, Collision With Fixed Object",1
 Damage Accident,14:25,12/24/2014,Wednesday,Y,Daylight,SOUTHEAST,OTHER,PUTNAM,Straight and Grade,Rain,No Passing Zone,Wet,Not Applicable,"Other Motor Vehicle, Collision With",3
 Damage Accident,21:25,03/07/2014,Friday,Y,Dark-Road Unlighted,ROCHESTER,OTHER,ULSTER,Curve and Grade,Clear,None,Dry,Not Applicable,Deer,1
 Damage Accident,20:34,01/03/2014,Friday,Y,Dark-Road Unlighted,KNOX,OTHER,ALBANY,Straight and Grade,Snow,None,Snow/Ice,Not Applicable,"Tree, Collision With Fixed Object",1
 Damage Accident,13:45,02/17/2014,Monday,N,Unknown,DIANA,OTHER,LEWIS,Unknown,Unknown,Unknown,Unknown,Not Applicable,"Animal, Collision With",1
 Damage Accident,17:45,04/09/2014,Wednesday,Y,Daylight,LIVONIA,SIDESWIPE,LIVINGSTON,Straight and Level,Clear,None,Dry,Not Applicable,"Other Motor Vehicle, Collision With",2
 Damage Accident,17:15,03/04/2014,Tuesday,N,Unknown,QUEENS,SIDESWIPE,QUEENS,Curve and Grade,Clear,Yield Sign,Dry,Not Applicable,"Other Motor Vehicle, Collision With",2
 Damage & Injury Accident,15:20,10/08/2014,Wednesday,Y,Daylight,LONG BEACH,OTHER,NASSAU,Straight and Level,Clear,Traffic Signal,Dry,Not Applicable,"Other Motor Vehicle, Collision With",3
 Damage Accident,16:11,11/17/2014,Monday,Y,Daylight,PENFIELD,RIGHT ANGLE,MONROE,Straight and Level,Clear,None,Dry,Not Applicable,"Other Motor Vehicle, Collision With",2
 Accident,21:41,05/03/2014,Saturday,Y,Dark-Road Lighted,QUEENS,OTHER,QUEENS,Straight and Level,Clear,Traffic Signal,Wet,"Crossing, Against Signal","Pedestrian, Collision With",1
 Damage Accident,17:51,09/14/2014,Sunday,Y,Daylight,EAST GREENBUSH,REAR END,RENSSELAER,Curve and Level,Clear,Yield Sign,Dry,Not Applicable,"Other Motor Vehicle, Collision With",2
 Damage & Injury Accident,7:20,02/05/2014,Wednesday,Y,Daylight,HEMPSTEAD,RIGHT ANGLE,NASSAU,Curve and Level,Sleet/Hail/Freezing Rain,Yield Sign,Snow/Ice,Not Applicable,"Other Motor Vehicle, Collision With",2
 Damage & Injury Accident,15:40,08/30/2014,Saturday,Y,Daylight,MIDDLEBURG,OTHER,SCHOHARIE,Curve and Grade,Cloudy,No Passing Zone,Dry,Not Applicable,"Culver/Head Wall, Collision With Fixed Object",1
 Damage Accident,5:50,01/06/2014,Monday,Y,Dark-Road Unlighted,CICERO,OTHER,ONONDAGA,Straight and Level,Rain,None,Wet,Not Applicable,"Other Motor Vehicle, Collision With",2
 Accident,8:30,10/28/2014,Tuesday,Y,Daylight,KINGS,OTHER,KINGS,Straight and Level,Clear,Traffic Signal,Dry,Working in Roadway,"Pedestrian, Collision With",1
 Accident,16:15,09/07/2014,Sunday,Y,Daylight,KINGS,OTHER,KINGS,Straight and Level,Clear,None,Dry,"Crossing, No Signal or Crosswalk","Pedestrian, Collision With",1
 Damage & Injury Accident,15:30,10/13/2014,Monday,Y,Daylight,CLARENCE,OTHER,ERIE,Straight and Level,Clear,Traffic Signal,Dry,Not Applicable,"Other Motor Vehicle, Collision With",3
 Damage Accident,12:00,11/10/2014,Monday,N,Dark-Road Lighted,KINGS,Unknown,KINGS,Straight and Level,Clear,None,Dry,Not Applicable,"Other Motor Vehicle, Collision With",2
 Damage Accident,23:44,10/16/2014,Thursday,Y,Dark-Road Lighted,TROY,OTHER,RENSSELAER,Straight and Level,Clear,None,Dry,Not Applicable,"Light Support/Utility Pole, Collision With Fixed Object",1
 Damage Accident,18:50,10/25/2014,Saturday,Y,Dusk,WARSAW,OTHER,WYOMING,Straight and Grade,Unknown,None,Dry,Not Applicable,Deer,1
 Damage & Injury Accident,16:10,10/28/2014,Tuesday,Y,Daylight,BEEKMAN,OTHER,DUTCHESS,Straight and Level,Clear,No Passing Zone,Dry,Not Applicable,"Other Fixed Object*, Collision With Fixed Object",1
 Damage Accident,19:58,05/17/2014,Saturday,Y,Dusk,PLEASANTVILLE,REAR END,WESTCHESTER,Straight and Level,Clear,None,Dry,Not Applicable,"Other Motor Vehicle, Collision With",2
 Damage & Injury Accident,10:12,08/02/2014,Saturday,Y,Daylight,EVANS,RIGHT ANGLE,ERIE,Straight and Level,Clear,None,Dry,Not Applicable,"Other Motor Vehicle, Collision With",2
 Damage Accident,15:00,10/13/2014,Monday,N,Unknown,,OTHER,YATES,Unknown,Unknown,Unknown,Unknown,Not Applicable,"Other*, Non-Collision",1
 Damage Accident,11:40,08/15/2014,Friday,Y,Daylight,FISHKILL,LEFT TURN (3),DUTCHESS,Straight and Level,Cloudy,Traffic Signal,Dry,Not Applicable,"Other Motor Vehicle, Collision With",2
 Damage Accident,0:00,09/10/2014,Wednesday,N,Dark-Road Unlighted,NORWICH,OTHER,CHENANGO,Straight and Level,Clear,None,Dry,Not Applicable,Deer,1
 Damage Accident,18:14,11/18/2014,Tuesday,Y,Dark-Road Lighted,HUNTINGTON,RIGHT ANGLE,SUFFOLK,Straight and Level,Cloudy,None,Dry,Not Applicable,"Other Motor Vehicle, Collision With",2
 Accident,22:00,10/11/2014,Saturday,Y,Dark-Road Lighted,AMHERST,OTHER,ERIE,Straight and Level,Clear,Traffic Signal,Dry,Not Applicable,Deer,1
 Damage Accident,3:02,12/17/2014,Wednesday,Y,Dark-Road Lighted,HEMPSTEAD,REAR END,NASSAU,Straight and Level,Rain,None,Wet,Not Applicable,"Other Motor Vehicle, Collision With",2
 Damage Accident,22:30,02/27/2014,Thursday,Y,Dark-Road Unlighted,ORWELL,OTHER,OSWEGO,Straight and Level,Unknown,None,Snow/Ice,Not Applicable,"Snow Embankment, Collision With Fixed Object",1
 Accident,9:00,02/05/2014,Wednesday,N,Daylight,KENMORE,Unknown,ERIE,Unknown,Snow,Unknown,Snow/Ice,Not Applicable,"Other Motor Vehicle, Collision With",2
 Damage Accident,21:14,10/14/2014,Tuesday,Y,Dark-Road Unlighted,ELMIRA,OTHER,CHEMUNG,Curve and Level,Cloudy,None,Dry,Not Applicable,Deer,1
 Damage Accident,23:15,02/20/2014,Thursday,Y,Dark-Road Lighted,PLATTSBURG,LEFT TURN (0),CLINTON,Straight and Level,Cloudy,Traffic Signal,Snow/Ice,Not Applicable,"Other Motor Vehicle, Collision With",2
 Damage Accident,1:25,09/05/2014,Friday,N,Unknown,RICHMOND,OTHER,RICHMOND,Unknown,Unknown,Unknown,Unknown,Not Applicable,"Other Motor Vehicle, Collision With",3
 Damage & Injury Accident,0:14,09/13/2014,Saturday,Y,Dark-Road Unlighted,RHINEBECK,SIDESWIPE,DUTCHESS,Curve and Grade,Clear,No Passing Zone,Dry,Not Applicable,"Other Motor Vehicle, Collision With",2
 Damage Accident,10:50,01/03/2014,Friday,Y,Daylight,WESTBURY,OVERTAKING,NASSAU,Curve and Grade,Cloudy,None,Snow/Ice,Not Applicable,"Other Motor Vehicle, Collision With",2
 Damage & Injury Accident,17:20,09/10/2014,Wednesday,Y,Daylight,SYRACUSE,RIGHT ANGLE,ONONDAGA,Straight and Level,Cloudy,None,Dry,Not Applicable,"Other Motor Vehicle, Collision With",2
 Damage & Injury Accident,19:00,09/01/2014,Monday,Y,Dusk,ISLIP,REAR END,SUFFOLK,Straight and Level,Clear,Traffic Signal,Dry,Not Applicable,"Other Motor Vehicle, Collision With",2
 Damage Accident,12:05,09/08/2014,Monday,Y,Daylight,HEMPSTEAD,REAR END,NASSAU,Straight and Level,Cloudy,Traffic Signal,Dry,Not Applicable,"Other Motor Vehicle, Collision With",2
 Accident,17:00,07/30/2014,Wednesday,Y,Daylight,QUEENS,RIGHT ANGLE,QUEENS,Straight and Grade,Clear,Unknown,Dry,Not Applicable,"Other Motor Vehicle, Collision With",2
 Damage Accident,3:45,01/25/2014,Saturday,N,Dark-Road Unlighted,NORTH TONAWANDA,OTHER,NIAGARA,Curve and Level,Snow,None,Snow/Ice,Not Applicable,Deer,1
 Damage Accident,4:30,11/18/2014,Tuesday,N,Dark-Road Lighted,ROCHESTER,OTHER,MONROE,Straight and Level,Snow,None,Snow/Ice,Not Applicable,"Tree, Collision With Fixed Object",1
 Damage Accident,13:42,10/01/2014,Wednesday,Y,Daylight,SHELBY,OTHER,ORLEANS,Straight and Grade,Clear,None,Dry,Not Applicable,"Guide Rail - Not At End, Collision With Fixed Object",1
 Damage Accident,8:56,08/19/2014,Tuesday,Y,Daylight,KINGSTON,RIGHT ANGLE,ULSTER,Straight and Level,Clear,Stop Sign,Dry,Not Applicable,"Other Motor Vehicle, Collision With",2
 Damage Accident,21:07,06/29/2014,Sunday,Y,Dark-Road Unlighted,BARKER,OTHER,BROOME,Straight and Level,Cloudy,None,Dry,Not Applicable,"Animal, Collision With",1
 Damage Accident,22:35,02/25/2014,Tuesday,Y,Dark-Road Lighted,BROOKHAVEN,Unknown,SUFFOLK,Straight and Level,Clear,None,Snow/Ice,Not Applicable,"Other Motor Vehicle, Collision With",2
 Damage & Injury Accident,9:55,09/21/2014,Sunday,Y,Daylight,SALINA,REAR END,ONONDAGA,Straight and Level,Cloudy,None,Dry,Not Applicable,"Other Motor Vehicle, Collision With",2
 Damage Accident,21:50,07/05/2014,Saturday,Y,Dark-Road Unlighted,PENDLETON,RIGHT ANGLE,NIAGARA,Straight and Level,Clear,None,Dry,Not Applicable,"Other Motor Vehicle, Collision With",2
 Damage Accident,20:32,12/10/2014,Wednesday,Y,Dark-Road Unlighted,CHESTER,OTHER,ORANGE,Straight at Hill Crest,Snow,No Passing Zone,Snow/Ice,Not Applicable,Deer,1
 Damage Accident,15:14,08/06/2014,Wednesday,Y,Daylight,RED HOOK,REAR END,DUTCHESS,Straight and Level,Rain,No Passing Zone,Wet,Not Applicable,"Other Motor Vehicle, Collision With",2
 Damage & Injury Accident,17:53,09/10/2014,Wednesday,Y,Daylight,BROOKHAVEN,RIGHT ANGLE,SUFFOLK,Straight and Level,Cloudy,Traffic Signal,Dry,Not Applicable,"Other Motor Vehicle, Collision With",2
 Damage Accident,16:15,11/07/2014,Friday,Y,Daylight,NORTH HILLS,REAR END,NASSAU,Curve and Level,Cloudy,None,Dry,Not Applicable,"Other Motor Vehicle, Collision With",2
 Damage & Injury Accident,10:30,11/03/2014,Monday,Y,Daylight,OYSTER BAY,LEFT TURN (3),NASSAU,Straight and Level,Clear,None,Dry,Not Applicable,"Other Motor Vehicle, Collision With",2
 Accident,18:30,08/25/2014,Monday,Y,Daylight,NEW YORK,OTHER,NEW YORK,Straight and Level,Clear,Traffic Signal,Dry,"Crossing, With Signal","Pedestrian, Collision With",1
 Damage Accident,5:50,02/10/2014,Monday,Y,Dark-Road Unlighted,ISLIP,OTHER,SUFFOLK,Curve and Grade,Cloudy,None,Snow/Ice,Not Applicable,"Snow Embankment, Collision With Fixed Object",1
 Damage Accident,16:04,05/12/2014,Monday,Y,Daylight,ISLIP,OVERTAKING,SUFFOLK,Straight and Level,Clear,None,Dry,Not Applicable,"Other Motor Vehicle, Collision With",2
 Damage Accident,12:06,04/13/2014,Sunday,Y,Daylight,ROCHESTER,REAR END,MONROE,Straight and Level,Clear,None,Dry,Not Applicable,"Other Motor Vehicle, Collision With",2
 Damage Accident,9:30,03/31/2014,Monday,N,Unknown,BROOKHAVEN,REAR END,SUFFOLK,Unknown,Unknown,Unknown,Unknown,Not Applicable,"Other Motor Vehicle, Collision With",2
 Damage & Injury Accident,22:44,06/17/2014,Tuesday,Y,Dark-Road Lighted,CHEEKTOWAGA,HEAD ON,ERIE,Straight and Level,Clear,None,Dry,Not Applicable,"Other Motor Vehicle, Collision With",2
 Damage Accident,23:20,06/07/2014,Saturday,Y,Dark-Road Unlighted,QUEENSBURY,RIGHT ANGLE,WARREN,Straight and Level,Clear,None,Dry,Not Applicable,"Other Motor Vehicle, Collision With",2
 Accident,15:55,07/03/2014,Thursday,N,Unknown,QUEENS,RIGHT ANGLE,QUEENS,Unknown,Unknown,Unknown,Unknown,Not Applicable,"Other Motor Vehicle, Collision With",2
 Damage Accident,10:40,08/28/2014,Thursday,Y,Daylight,NORTH HILLS,REAR END,NASSAU,Curve and Level,Clear,None,Dry,Not Applicable,"Other Motor Vehicle, Collision With",2
 Damage Accident,22:53,12/24/2014,Wednesday,Y,Dark-Road Lighted,WEST SENECA,OTHER,ERIE,Straight and Level,Rain,None,Wet,Not Applicable,"Other Motor Vehicle, Collision With",3
 Damage Accident,8:45,05/13/2014,Tuesday,Y,Daylight,TIVOLI,REAR END,DUTCHESS,Straight and Level,Cloudy,None,Dry,Not Applicable,"Other Motor Vehicle, Collision With",2
 Damage Accident,16:45,12/11/2014,Thursday,N,Dusk,OYSTER BAY,REAR END,NASSAU,Straight and Level,Clear,Unknown,Dry,Not Applicable,"Other Motor Vehicle, Collision With",2
 Damage Accident,10:33,01/02/2014,Thursday,Y,Daylight,ELMIRA,OTHER,CHEMUNG,Straight and Grade,Snow,None,Snow/Ice,Not Applicable,"Other Fixed Object*, Collision With Fixed Object",1
 Damage Accident,15:15,05/25/2014,Sunday,Y,Daylight,RIVERHEAD,RIGHT ANGLE,SUFFOLK,Straight and Level,Clear,None,Dry,Not Applicable,"Other Motor Vehicle, Collision With",2
 Damage & Injury Accident,17:55,05/06/2014,Tuesday,Y,Daylight,NORTH HEMPSTEAD,REAR END,NASSAU,Straight and Level,Clear,None,Dry,Not Applicable,"Other Motor Vehicle, Collision With",2
 Damage & Injury Accident,8:45,10/06/2014,Monday,Y,Daylight,HEMPSTEAD,RIGHT ANGLE,NASSAU,Straight and Level,Cloudy,Stop Sign,Dry,Not Applicable,"Other Motor Vehicle, Collision With",2
 Accident,17:15,04/09/2014,Wednesday,Y,Daylight,QUEENS,REAR END,QUEENS,Straight and Level,Clear,Traffic Signal,Dry,Not Applicable,"Other Motor Vehicle, Collision With",2