 Descriptor,Time,Date,Day of Week,Police Report,Lighting Conditions,Municipality,Collision Type Descriptor,County Name,Road Descriptor,Weather Conditions,Traffic Control Device,Road Surface Conditions,Pedestrian Bicyclist Action,Event Descriptor,Number of Vehicles Involved
 Damage Accident,18:48,11/19/2014,Wednesday,Y,Dark-Road Lighted,HERKIMER,LEFT TURN (3),HERKIMER,Straight and Level,Clear,Traffic Signal,Dry,Not Applicable,"Other Motor Vehicle, Collision With",2
 Damage Accident,0:00,05/06/2014,Tuesday,N,Unknown,AMHERST,OTHER,ERIE,Unknown,Unknown,Unknown,Unknown,Not Applicable,"Other*, Non-Collision",1
 Damage Accident,7:48,04/01/2014,Tuesday,N,Daylight,COLONIE,OVERTAKING,ALBANY,Straight and Level,Clear,None,Dry,Not Applicable,"Other Motor Vehicle, Collision With",2
 Damage Accident,7:45,06/13/2014,Friday,N,Unknown,DANSVILLE,OTHER,STEUBEN,Unknown,Unknown,Unknown,Unknown,Not Applicable,Deer,1
 Damage Accident,15:34,09/11/2014,Thursday,Y,Daylight,MANCHESTER,OTHER,ONTARIO,Straight and Level,Cloudy,None,Dry,Not Applicable,"Light Support/Utility Pole, Collision With Fixed Object",1
 Damage & Injury Accident,16:06,06/30/2014,Monday,Y,Daylight,CARMEL,Unknown,PUTNAM,Curve and Level,Clear,No Passing Zone,Dry,Not Applicable,"Other Motor Vehicle, Collision With",2
 Damage Accident,19:35,05/03/2014,Saturday,N,Unknown,NEVERSINK,OTHER,SULLIVAN,Unknown,Unknown,Unknown,Unknown,Not Applicable,Deer,1
 Damage Accident,10:30,01/27/2014,Monday,Y,Daylight,PERINTON,OTHER,MONROE,Straight and Level,Clear,No Passing Zone,Snow/Ice,Not Applicable,"Other Fixed Object*, Collision With Fixed Object",1
 Damage Accident,15:23,09/17/2014,Wednesday,Y,Daylight,ALBANY,RIGHT ANGLE,ALBANY,Straight and Level,Clear,None,Dry,Not Applicable,"Other Motor Vehicle, Collision With",2
 Accident,12:10,03/26/2014,Wednesday,Y,Daylight,KINGS,RIGHT ANGLE,KINGS,Straight and Level,Clear,Stop Sign,Dry,Not Applicable,"Other Motor Vehicle, Collision With",2
 Damage Accident,4:30,03/28/2014,Friday,N,Unknown,,OTHER,UNKNOWN,Unknown,Unknown,Unknown,Unknown,Not Applicable,Deer,1
 Damage Accident,21:54,11/10/2014,Monday,Y,Dark-Road Unlighted,PLEASANT VALLEY,OTHER,DUTCHESS,Curve and Level,Clear,None,Dry,Not Applicable,Deer,1
 Damage Accident,13:24,12/07/2014,Sunday,Y,Daylight,WHITE PLAINS,OVERTAKING,WESTCHESTER,Straight and Grade,Clear,Traffic Signal,Dry,Not Applicable,"Other Motor Vehicle, Collision With",2
 Accident,14:50,02/11/2014,Tuesday,Y,Daylight,TUXEDO,REAR END,ORANGE,Curve and Grade,Clear,None,Dry,Not Applicable,"Other Motor Vehicle, Collision With",2
 Damage & Injury Accident,18:19,06/17/2014,Tuesday,Y,Daylight,IRONDEQUOIT,REAR END,MONROE,Straight and Level,Cloudy,None,Dry,Not Applicable,"Other Motor Vehicle, Collision With",2
 Damage & Injury Accident,9:15,01/06/2014,Monday,N,Unknown,KINGS,RIGHT ANGLE,KINGS,Unknown,Unknown,Unknown,Unknown,Not Applicable,"Other Motor Vehicle, Collision With",2
 Accident,20:53,02/22/2014,Saturday,Y,Dark-Road Lighted,POUGHKEEPSIE,LEFT TURN (0),DUTCHESS,Straight at Hill Crest,Clear,Traffic Signal,Wet,Not Applicable,"Other Motor Vehicle, Collision With",2
 Damage Accident,9:00,11/29/2014,Saturday,Y,Daylight,POESTENKILL,OTHER,RENSSELAER,Curve and Grade,Cloudy,No Passing Zone,Dry,Not Applicable,"Tree, Collision With Fixed Object",1
 Damage Accident,16:33,11/10/2014,Monday,Y,Daylight,BEACON,REAR END,DUTCHESS,Straight and Level,Clear,None,Dry,Not Applicable,"Other Motor Vehicle, Collision With",2
 Damage Accident,15:30,06/27/2014,Friday,Y,Daylight,HAMBURG,RIGHT ANGLE,ERIE,Straight and Level,Clear,None,Dry,Not Applicable,"Other Motor Vehicle, Collision With",2
 Damage Accident,0:00,05/15/2014,Thursday,N,Unknown,BRONX,OTHER,BRONX,Unknown,Unknown,Unknown,Unknown,Not Applicable,"Other Fixed Object*, Collision With Fixed Object",1
 Accident,11:05,03/30/2014,Sunday,Y,Daylight,QUEENS,OTHER,QUEENS,Curve and Level,Clear,None,Dry,Unknown,"Bicyclist, Collision With",1
 Damage Accident,21:48,07/22/2014,Tuesday,Y,Dark-Road Lighted,QUEENS,RIGHT ANGLE,QUEENS,Straight and Level,Clear,Traffic Signal,Dry,Not Applicable,"Other Motor Vehicle, Collision With",2
 Damage Accident,20:10,03/09/2014,Sunday,N,Unknown,,OTHER,OSWEGO,Unknown,Unknown,Unknown,Unknown,Not Applicable,Deer,1
 Damage Accident,10:45,11/19/2014,Wednesday,Y,Daylight,OYSTER BAY,REAR END,NASSAU,Straight and Level,Clear,None,Dry,Not Applicable,"Other Motor Vehicle, Collision With",2
 Damage Accident,17:35,05/15/2014,Thursday,Y,Daylight,ISLIP,OVERTAKING,SUFFOLK,Straight and Level,Cloudy,None,Dry,Not Applicable,"Other Motor Vehicle, Collision With",2
 Damage Accident,22:45,02/14/2014,Friday,Y,Dark-Road Lighted,UTICA,HEAD ON,ONEIDA,Straight and Level,Clear,None,Wet,Not Applicable,"Other Motor Vehicle, Collision With",2
 Damage Accident,11:40,06/11/2014,Wednesday,Y,Daylight,BROOKHAVEN,LEFT TURN (3),SUFFOLK,Straight at Hill Crest,Cloudy,None,Dry,Not Applicable,"Other Motor Vehicle, Collision With",2
 Damage Accident,13:41,10/09/2014,Thursday,Y,Daylight,OWEGO,OTHER,TIOGA,Curve and Level,Clear,No Passing Zone,Dry,Not Applicable,"Overturned, Non-Collision",1
 Damage Accident,0:10,09/19/2014,Friday,Y,Dark-Road Lighted,LONG LAKE,OTHER,HAMILTON,Straight and Level,Clear,No Passing Zone,Dry,Not Applicable,Deer,1
 Damage & Injury Accident,2:45,01/05/2014,Sunday,Y,Dark-Road Unlighted,CARLTON,OTHER,ORLEANS,Straight and Level,Cloudy,None,Snow/Ice,Not Applicable,"Culver/Head Wall, Collision With Fixed Object",1
 Accident,17:40,10/07/2014,Tuesday,Y,Daylight,JOHNSON CITY,REAR END,BROOME,Curve and Grade,Clear,Yield Sign,Dry,Not Applicable,"Other Motor Vehicle, Collision With",2
 Damage Accident,8:42,01/02/2014,Thursday,Y,Daylight,ALBANY,OTHER,ALBANY,Straight and Grade,Snow,None,Snow/Ice,Not Applicable,"Curbing, Collision With Fixed Object",1
 Damage & Injury Accident,11:38,07/01/2014,Tuesday,Y,Daylight,MALONE,OTHER,FRANKLIN,Straight and Grade,Clear,None,Dry,Not Applicable,"Other Motor Vehicle, Collision With",3
 Damage Accident,11:37,02/13/2014,Thursday,Y,Daylight,BETHLEHEM,OTHER,ALBANY,Straight and Level,Snow,Stop Sign,Snow/Ice,Not Applicable,"Sign Post, Collision With Fixed Object",1
 Damage Accident,13:37,03/19/2014,Wednesday,N,Unknown,EVANS,REAR END,ERIE,Unknown,Unknown,Unknown,Unknown,Not Applicable,"Other Motor Vehicle, Collision With",2
 Damage Accident,15:43,05/07/2014,Wednesday,Y,Daylight,BETHLEHEM,RIGHT ANGLE,ALBANY,Straight and Level,Clear,Stop Sign,Dry,Not Applicable,"Other Motor Vehicle, Collision With",2
 Damage Accident,18:13,06/23/2014,Monday,Y,Daylight,FARMINGDALE,LEFT TURN (3),NASSAU,Straight and Level,Clear,Traffic Signal,Dry,Not Applicable,"Other Motor Vehicle, Collision With",2
 Damage Accident,11:10,12/09/2014,Tuesday,Y,Daylight,OGDEN,OTHER,MONROE,Straight and Level,Clear,Stop Sign,Dry,Not Applicable,"Other Motor Vehicle, Collision With",3
 Damage Accident,16:00,03/17/2014,Monday,Y,Dark-Road Lighted,HUNTINGTON,LEFT TURN (0),SUFFOLK,Straight and Level,Clear,None,Dry,Not Applicable,"Other Motor Vehicle, Collision With",2
 Damage Accident,21:10,08/03/2014,Sunday,Y,Dark-Road Lighted,UTICA,OTHER,ONEIDA,Straight and Level,Rain,Police/Fire Emergency,Wet,Not Applicable,"Other Object (Not Fixed)*, Collision With",1
 Damage Accident,20:54,08/02/2014,Saturday,Y,Dark-Road Lighted,ROCHESTER,REAR END,MONROE,Straight and Level,Rain,Traffic Signal,Wet,Not Applicable,"Other Motor Vehicle, Collision With",2
 Accident,16:11,10/08/2014,Wednesday,Y,Daylight,NEW YORK,OVERTAKING,NEW YORK,Straight and Level,Clear,None,Dry,Not Applicable,"Other Motor Vehicle, Collision With",2
 Damage Accident,0:00,12/05/2014,Friday,N,Daylight,MORRISVILLE,OTHER,MADISON,Straight and Level,Clear,None,Dry,Not Applicable,Deer,1
 Accident,16:00,07/12/2014,Saturday,Y,Daylight,LOCKPORT,OTHER,NIAGARA,Straight and Level,Cloudy,None,Dry,"Crossing, No Signal or Crosswalk","Pedestrian, Collision With",1
 Damage Accident,18:35,04/07/2014,Monday,Y,Daylight,CAMILLUS,RIGHT ANGLE,ONONDAGA,Straight and Level,Rain,Stop Sign,Wet,Not Applicable,"Other Motor Vehicle, Collision With",2
 Damage Accident,16:58,12/18/2014,Thursday,Y,Dark-Road Lighted,BRIGHTON,OTHER,MONROE,Straight and Level,Clear,None,Wet,Not Applicable,"Other Motor Vehicle, Collision With",4
 Accident,10:35,05/08/2014,Thursday,Y,Daylight,ELLICOTTVILLE,OTHER,CATTARAUGUS,Straight and Level,Clear,Construction Work Area,Dry,Not Applicable,"Other Motor Vehicle, Collision With",3
 Damage Accident,0:07,05/30/2014,Friday,Y,Dark-Road Lighted,CHENANGO,OVERTAKING,BROOME,Straight and Level,Unknown,Traffic Signal,Dry,Not Applicable,"Other Motor Vehicle, Collision With",2
 Damage Accident,10:43,12/13/2014,Saturday,Y,Daylight,BROOKHAVEN,RIGHT ANGLE,SUFFOLK,Straight and Level,Clear,None,Dry,Not Applicable,"Other Motor Vehicle, Collision With",2
 Accident,11:29,05/01/2014,Thursday,Y,Daylight,KINGS,OTHER,KINGS,Straight and Level,Clear,Traffic Signal,Dry,"Crossing, With Signal","Pedestrian, Collision With",1
 Damage & Injury Accident,23:27,05/29/2014,Thursday,Y,Dark-Road Lighted,DICKINSON,RIGHT ANGLE,BROOME,Straight and Level,Cloudy,Traffic Signal,Dry,Not Applicable,"Other Motor Vehicle, Collision With",2
 Damage Accident,11:00,05/30/2014,Friday,N,Unknown,GENESEO,OTHER,LIVINGSTON,Unknown,Unknown,Unknown,Unknown,Not Applicable,"Other Fixed Object*, Collision With Fixed Object",1
 Damage Accident,22:33,10/04/2014,Saturday,Y,Dark-Road Unlighted,OLD BROOKVILLE,RIGHT ANGLE,NASSAU,Straight and Level,Cloudy,Traffic Signal,Dry,Not Applicable,"Other Motor Vehicle, Collision With",2
 Damage & Injury Accident,8:34,12/29/2014,Monday,Y,Daylight,BROOKHAVEN,RIGHT ANGLE,SUFFOLK,Straight and Level,Clear,Stop Sign,Dry,Not Applicable,"Other Motor Vehicle, Collision With",2
 Damage & Injury Accident,12:50,10/19/2014,Sunday,Y,Daylight,BABYLON,HEAD ON,SUFFOLK,Straight and Level,Clear,Stop Sign,Dry,Not Applicable,"Other Motor Vehicle, Collision With",2
 Damage Accident,17:20,03/12/2014,Wednesday,Y,Daylight,NEW HARTFORD,OTHER,ONEIDA,Straight and Grade,Snow,None,Snow/Ice,Not Applicable,"Other Fixed Object*, Collision With Fixed Object",1
 Damage & Injury Accident,10:25,10/07/2014,Tuesday,Y,Dark-Road Lighted,QUEENS,REAR END,QUEENS,Straight and Level,Clear,None,Dry,Not Applicable,"Other Motor Vehicle, Collision With",2
 Accident,2:20,10/26/2014,Sunday,Y,Dark-Road Lighted,NEW YORK,Unknown,NEW YORK,Straight and Level,Cloudy,Traffic Signal,Wet,Not Applicable,"Other Motor Vehicle, Collision With",2
 Accident,9:00,12/15/2014,Monday,Y,Daylight,KINGS,OTHER,KINGS,Straight and Level,Clear,Traffic Signal,Dry,"Crossing, With Signal","Pedestrian, Collision With",1
 Damage Accident,21:00,07/31/2014,Thursday,N,Dark-Road Unlighted,WHEATLAND,OTHER,MONROE,Straight and Level,Clear,None,Dry,Not Applicable,Deer,1
 Damage Accident,15:45,09/04/2014,Thursday,N,Daylight,FREEPORT,Unknown,NASSAU,Straight and Level,Clear,None,Dry,Not Applicable,"Other Motor Vehicle, Collision With",2
 Accident,19:30,09/10/2014,Wednesday,N,Dusk,BROOKHAVEN,OTHER,SUFFOLK,Straight and Grade,Clear,None,Dry,Not Applicable,Deer,1
 Accident,3:15,05/16/2014,Friday,Y,Dark-Road Lighted,LONG BEACH,OTHER,NASSAU,Straight and Level,Rain,None,Wet,Not Applicable,"Other*, Non-Collision",1
 Damage Accident,17:37,03/25/2014,Tuesday,Y,Daylight,YONKERS,REAR END,WESTCHESTER,Curve and Grade,Cloudy,Yield Sign,Dry,Not Applicable,"Other Motor Vehicle, Collision With",2
 Damage Accident,17:26,09/29/2014,Monday,Y,Daylight,FABIUS,REAR END,ONONDAGA,Straight and Level,Clear,None,Dry,Not Applicable,"Other Motor Vehicle, Collision With",2
 Damage Accident,22:45,04/05/2014,Saturday,Y,Dark-Road Lighted,KINGS,REAR END,KINGS,Straight and Level,Clear,Stop Sign,Dry,Not Applicable,"Other Motor Vehicle, Collision With",2
 Damage Accident,14:46,03/29/2014,Saturday,Y,Daylight,SARATOGA SPRINGS,REAR END,SARATOGA,Straight and Level,Cloudy,None,Dry,Not Applicable,"Other Motor Vehicle, Collision With",2
 Damage Accident,14:08,12/11/2014,Thursday,Y,Daylight,NORTH HEMPSTEAD,OVERTAKING,NASSAU,Straight and Level,Cloudy,None,Dry,Not Applicable,"Other Motor Vehicle, Collision With",2
 Damage Accident,20:00,12/20/2014,Saturday,N,Dark-Road Unlighted,HIGHLANDS,Unknown,ORANGE,Curve and Level,Cloudy,Yield Sign,Dry,Not Applicable,"Other Motor Vehicle, Collision With",2
 Damage & Injury Accident,16:36,06/15/2014,Sunday,Y,Daylight,CLARKSTOWN,OVERTAKING,ROCKLAND,Straight and Level,Clear,None,Dry,Not Applicable,"Other Motor Vehicle, Collision With",2
 Damage Accident,17:20,11/03/2014,Monday,N,Unknown,BROCTON,OTHER,CHAUTAUQUA,Unknown,Unknown,Unknown,Unknown,Not Applicable,Deer,1
 Damage Accident,7:21,12/11/2014,Thursday,Y,Daylight,SARATOGA SPRINGS,REAR END,SARATOGA,Straight and Level,Snow,Yield Sign,Snow/Ice,Not Applicable,"Other Motor Vehicle, Collision With",2
 Damage Accident,20:23,12/29/2014,Monday,Y,Dark-Road Unlighted,CONCORD,HEAD ON,ERIE,Curve and Grade,Cloudy,None,Snow/Ice,Not Applicable,"Other Motor Vehicle, Collision With",2
 Damage Accident,9:35,01/10/2014,Friday,Y,Daylight,OYSTER BAY,OTHER,NASSAU,Curve and Grade,Sleet/Hail/Freezing Rain,None,Snow/Ice,Not Applicable,"Sign Post, Collision With Fixed Object",1
 Damage Accident,8:27,05/22/2014,Thursday,Y,Daylight,KINGSTON,RIGHT ANGLE,ULSTER,Straight and Level,Cloudy,Traffic Signal,Dry,Not Applicable,"Other Motor Vehicle, Collision With",2
 Damage Accident,10:05,02/19/2014,Wednesday,Y,Daylight,NANTICOKE,OTHER,BROOME,Straight and Level,Sleet/Hail/Freezing Rain,No Passing Zone,Snow/Ice,Not Applicable,"Snow Embankment, Collision With Fixed Object",1
 Accident,16:40,05/11/2014,Sunday,Y,Daylight,KINGS,OTHER,KINGS,Straight and Level,Clear,Traffic Signal,Dry,"Crossing, With Signal","Pedestrian, Collision With",1
 Accident,16:00,06/09/2014,Monday,Y,Daylight,QUEENS,Unknown,QUEENS,Straight and Level,Cloudy,None,Dry,Not Applicable,"Other Motor Vehicle, Collision With",2
 Accident,16:00,11/19/2014,Wednesday,Y,Daylight,KINGS,OTHER,KINGS,Straight and Level,Clear,Stop Sign,Dry,Riding/Walking/Skating Along Highway With Traffic,"Bicyclist, Collision With",1
 Accident,0:00,01/27/2014,Monday,Y,Dark-Road Lighted,BRONX,OTHER,BRONX,Straight and Grade,Cloudy,Traffic Signal,Dry,"Crossing, With Signal","Pedestrian, Collision With",1
 Damage & Injury Accident,16:13,04/07/2014,Monday,Y,Daylight,BROOKHAVEN,Unknown,SUFFOLK,Straight and Level,Cloudy,Traffic Signal,Dry,Not Applicable,"Other Motor Vehicle, Collision With",2
 Damage Accident,13:10,11/01/2014,Saturday,Y,Daylight,QUEENS,Unknown,QUEENS,Straight and Level,Rain,Stop Sign,Wet,Not Applicable,"Other Motor Vehicle, Collision With",2
 Damage Accident,17:03,10/23/2014,Thursday,Y,Daylight,MIDDLETOWN,REAR END,ORANGE,Straight and Grade,Cloudy,None,Wet,Not Applicable,"Other Motor Vehicle, Collision With",2
 Damage Accident,7:30,08/23/2014,Saturday,N,Daylight,DRYDEN,OTHER,TOMPKINS,Straight and Grade,Clear,None,Dry,Not Applicable,Deer,1
 Accident,12:30,09/20/2014,Saturday,Y,Daylight,KINGS,OVERTAKING,KINGS,Straight and Level,Cloudy,None,Dry,Not Applicable,"Other Motor Vehicle, Collision With",2
 Damage Accident,20:33,05/09/2014,Friday,Y,Daylight,PENFIELD,OVERTAKING,MONROE,Straight and Level,Clear,None,Dry,Not Applicable,"Other Motor Vehicle, Collision With",2
 Accident,19:18,10/06/2014,Monday,Y,Dark-Road Lighted,FREEPORT,REAR END,NASSAU,Straight and Level,Clear,Stop Sign,Dry,Not Applicable,"Other Motor Vehicle, Collision With",2
 Accident,15:15,10/19/2014,Sunday,Y,Daylight,QUEENS,OTHER,QUEENS,Straight and Level,Clear,Traffic Signal,Dry,"Crossing, With Signal","Pedestrian, Collision With",1
 Damage Accident,7:34,03/28/2014,Friday,Y,Daylight,GREENFIELD,OTHER,SARATOGA,Curve and Grade,Sleet/Hail/Freezing Rain,No Passing Zone,Slush,Not Applicable,"Earth Embankment/Rock Cut/Ditch, Collision With Fixed Object",1
 Damage Accident,8:33,01/03/2014,Friday,Y,Daylight,ROCHESTER,REAR END,MONROE,Straight and Level,Snow,Traffic Signal,Snow/Ice,Not Applicable,"Other Motor Vehicle, Collision With",2
 Damage Accident,22:53,08/26/2014,Tuesday,Y,Dark-Road Unlighted,TUXEDO,REAR END,ORANGE,Straight and Level,Cloudy,None,Dry,Not Applicable,"Other Motor Vehicle, Collision With",2
 Damage Accident,22:55,11/29/2014,Saturday,Y,Dark-Road Lighted,HEMPSTEAD,RIGHT ANGLE,NASSAU,Straight and Level,Clear,Flashing Light,Dry,Not Applicable,"Other Motor Vehicle, Collision With",2
 Damage Accident,15:40,06/03/2014,Tuesday,Y,Daylight,GOSHEN,OTHER,ORANGE,Straight and Grade,Cloudy,None,Dry,Not Applicable,"Guide Rail - Not At End, Collision With Fixed Object",1
 Damage & Injury Accident,13:09,06/03/2014,Tuesday,Y,Daylight,LEWISTON,REAR END,NIAGARA,Straight and Level,Cloudy,None,Dry,Not Applicable,"Other Motor Vehicle, Collision With",2
 Damage & Injury Accident,10:58,12/07/2014,Sunday,Y,Daylight,HEMPSTEAD,OVERTAKING,NASSAU,Straight and Level,Clear,Traffic Signal,Dry,Not Applicable,"Other Motor Vehicle, Collision With",2
 Accident,1:17,11/04/2014,Tuesday,Y,Dark-Road Lighted,NEW YORK,REAR END,NEW YORK,Straight and Level,Clear,Traffic Signal,Dry,Not Applicable,"Other Motor Vehicle, Collision With",2
 Accident,12:00,01/14/2014,Tuesday,Y,Daylight,QUEENS,OTHER,QUEENS,Straight and Level,Rain,Traffic Signal,Wet,Unknown,"Bicyclist, Collision With",1
 Damage Accident,15:25,08/09/2014,Saturday,N,Daylight,QUEENS,OTHER,QUEENS,Straight and Level,Clear,None,Dry,Not Applicable,"Other Motor Vehicle, Collision With",3
 Damage Accident,14:23,05/02/2014,Friday,Y,Daylight,BETHLEHEM,HEAD ON,ALBANY,Straight and Level,Cloudy,None,Muddy,Not Applicable,"Other Motor Vehicle, Collision With",2
 Damage Accident,10:50,02/23/2014,Sunday,Y,Daylight,OYSTER BAY,RIGHT ANGLE,NASSAU,Straight and Level,Clear,Stop Sign,Dry,Not Applicable,"Other Motor Vehicle, Collision With",2
 Accident,2:26,08/03/2014,Sunday,Y,Dark-Road Lighted,KINGS,REAR END,KINGS,Straight and Level,Rain,Traffic Signal,Wet,Not Applicable,"Other Motor Vehicle, Collision With",2
 Accident,7:54,08/29/2014,Friday,Y,Daylight,ISLIP,OTHER,SUFFOLK,Straight and Level,Clear,None,Dry,Other Actions in Roadway,"Pedestrian, Collision With",1
 Damage Accident,11:45,01/11/2014,Saturday,Y,Daylight,KINGS,OVERTAKING,KINGS,Straight and Level,Cloudy,None,Wet,Not Applicable,"Other Motor Vehicle, Collision With",2
 Damage Accident,11:27,07/31/2014,Thursday,Y,Daylight,CORTLAND,REAR END,CORTLAND,Straight and Level,Cloudy,No Passing Zone,Dry,Not Applicable,"Other Motor Vehicle, Collision With",2
 Damage Accident,17:25,09/02/2014,Tuesday,Y,Daylight,ALDEN,RIGHT ANGLE,ERIE,Straight and Grade,Rain,None,Wet,Not Applicable,"Other Motor Vehicle, Collision With",2
 Damage Accident,15:26,02/17/2014,Monday,Y,Daylight,BROOKHAVEN,REAR END,SUFFOLK,Straight and Level,Clear,None,Dry,Not Applicable,"Other Motor Vehicle, Collision With",2
 Accident,15:25,09/27/2014,Saturday,Y,Daylight,HAMBURG,OVERTAKING,ERIE,Straight and Grade,Clear,None,Dry,Not Applicable,"Other Motor Vehicle, Collision With",2
 Damage & Injury Accident,15:05,04/04/2014,Friday,Y,Daylight,SCOTTSVILLE,REAR END,MONROE,Straight and Level,Rain,Traffic Signal,Wet,Not Applicable,"Other Motor Vehicle, Collision With",2
 Damage Accident,11:02,12/13/2014,Saturday,Y,Daylight,WOODSTOCK,OTHER,ULSTER,Straight and Level,Clear,No Passing Zone,Dry,Not Applicable,"Animal, Collision With",1
 Damage Accident,10:39,12/12/2014,Friday,Y,Daylight,ALBANY,OVERTAKING,ALBANY,Straight and Level,Clear,None,Wet,Not Applicable,"Other Motor Vehicle, Collision With",2
 Damage Accident,14:22,02/05/2014,Wednesday,Y,Daylight,ITHACA,REAR END,TOMPKINS,Straight and Level,Snow,Stop Sign,Snow/Ice,Not Applicable,"Other Motor Vehicle, Collision With",2
 Damage & Injury Accident,19:30,01/03/2014,Friday,Y,Dark-Road Unlighted,STAFFORD,OVERTAKING,GENESEE,Straight and Level,Clear,None,Dry,Not Applicable,"Other Motor Vehicle, Collision With",2
 Damage & Injury Accident,8:20,05/02/2014,Friday,Y,Daylight,NEW YORK,OTHER,NEW YORK,Straight and Level,Clear,Other,Dry,Not Applicable,"Other Motor Vehicle, Collision With",3
 Accident,12:00,12/16/2014,Tuesday,Y,Daylight,QUEENS,OTHER,QUEENS,Straight and Level,Cloudy,Traffic Signal,Wet,Riding/Walking/Skating Along Highway With Traffic,"Bicyclist, Collision With",1
 Damage Accident,10:52,04/23/2014,Wednesday,Y,Daylight,DUNKIRK,RIGHT ANGLE,CHAUTAUQUA,Straight and Level,Rain,Stop Sign,Wet,Not Applicable,"Other Motor Vehicle, Collision With",2
 Damage Accident,9:00,11/15/2014,Saturday,N,Daylight,UTICA,OTHER,ONEIDA,Straight and Level,Snow,None,Wet,Not Applicable,Deer,1
 Damage Accident,6:47,12/09/2014,Tuesday,Y,Daylight,LLOYD,OTHER,ULSTER,Curve and Grade,Sleet/Hail/Freezing Rain,None,Snow/Ice,Not Applicable,"Earth Embankment/Rock Cut/Ditch, Collision With Fixed Object",1
 Damage & Injury Accident,17:51,05/11/2014,Sunday,Y,Daylight,YORKVILLE,REAR END,ONEIDA,Straight and Level,Clear,Traffic Signal,Dry,Not Applicable,"Other Motor Vehicle, Collision With",2
 Accident,20:15,04/16/2014,Wednesday,Y,Dark-Road Lighted,QUEENS,OTHER,QUEENS,Straight and Level,Clear,Traffic Signal,Dry,"Crossing, With Signal","Pedestrian, Collision With",1
 Damage Accident,9:41,01/03/2014,Friday,Y,Daylight,NORTH GREENBUSH,OTHER,RENSSELAER,Straight and Grade,Snow,None,Snow/Ice,Not Applicable,"Earth Embankment/Rock Cut/Ditch, Collision With Fixed Object",1
 Damage Accident,12:30,05/11/2014,Sunday,N,Daylight,ROCHESTER,Unknown,MONROE,Straight and Grade,Clear,None,Dry,Not Applicable,"Other Motor Vehicle, Collision With",2
 Accident,14:00,11/19/2014,Wednesday,Y,Daylight,NEW YORK,Unknown,NEW YORK,Straight and Level,Clear,Traffic Signal,Dry,Not Applicable,"Other Motor Vehicle, Collision With",2
 Damage Accident,9:30,08/28/2014,Thursday,N,Daylight,NEW HARTFORD,Unknown,ONEIDA,Straight and Level,Clear,Unknown,Dry,Not Applicable,"Other Motor Vehicle, Collision With",2
 Damage Accident,14:00,05/24/2014,Saturday,Y,Daylight,ALBION,OTHER,ORLEANS,Straight and Level,Clear,None,Dry,Not Applicable,"Light Support/Utility Pole, Collision With Fixed Object",1
 Damage Accident,7:35,01/28/2014,Tuesday,Y,Daylight,SCHENECTADY,OVERTAKING,SCHENECTADY,Straight and Level,Clear,None,Dry,Not Applicable,"Other Motor Vehicle, Collision With",2
 Damage Accident,17:20,10/10/2014,Friday,Y,Daylight,NORTH GREENBUSH,REAR END,RENSSELAER,Straight and Grade,Clear,None,Dry,Not Applicable,"Other Motor Vehicle, Collision With",2
 Damage Accident,21:45,11/16/2014,Sunday,N,Unknown,,OTHER,HERKIMER,Unknown,Unknown,Unknown,Unknown,Not Applicable,Deer,1
 Accident,8:02,11/19/2014,Wednesday,Y,Daylight,GRANBY,REAR END,OSWEGO,Straight and Level,Clear,No Passing Zone,Dry,Not Applicable,"Other Motor Vehicle, Collision With",2
 Damage Accident,4:00,01/03/2014,Friday,Y,Dark-Road Lighted,EASTCHESTER,OVERTAKING,WESTCHESTER,Straight and Level,Snow,None,Snow/Ice,Not Applicable,"Other Motor Vehicle, Collision With",2
 Damage Accident,23:58,06/21/2014,Saturday,Y,Dark-Road Unlighted,WAWARSING,OTHER,ULSTER,Curve and Grade,Clear,None,Dry,Not Applicable,"Tree, Collision With Fixed Object",1
 Damage Accident,10:30,07/16/2014,Wednesday,Y,Daylight,QUEENS,REAR END,QUEENS,Straight and Level,Clear,None,Dry,Not Applicable,"Other Motor Vehicle, Collision With",2
 Accident,18:18,12/12/2014,Friday,Y,Dark-Road Lighted,SPRING VALLEY,RIGHT ANGLE,ROCKLAND,Straight and Level,Clear,Flashing Light,Dry,Not Applicable,"Other Motor Vehicle, Collision With",2
 Damage Accident,14:33,06/28/2014,Saturday,Y,Daylight,GLENS FALLS,OVERTAKING,WARREN,Straight and Level,Clear,None,Dry,Not Applicable,"Other Motor Vehicle, Collision With",2
 Damage Accident,17:45,08/28/2014,Thursday,Y,Daylight,CORTLANDT,OVERTAKING,WESTCHESTER,Straight and Grade,Clear,No Passing Zone,Dry,Not Applicable,"Other Motor Vehicle, Collision With",2
 Accident,8:51,01/23/2014,Thursday,Y,Daylight,ONEONTA,OTHER,OTSEGO,Straight and Level,Clear,None,Snow/Ice,Not Applicable,"Other Fixed Object*, Collision With Fixed Object",1
 Accident,18:40,04/22/2014,Tuesday,Y,Daylight,BRONX,OTHER,BRONX,Straight and Level,Rain,Traffic Signal,Wet,Not Applicable,"Other Object (Not Fixed)*, Collision With",1