 Descriptor,Time,Date,Day of Week,Police Report,Lighting Conditions,Municipality,Collision Type Descriptor,County Name,Road Descriptor,Weather Conditions,Traffic Control Device,Road Surface Conditions,Pedestrian Bicyclist Action,Event Descriptor,Number of Vehicles Involved
 Damage & Injury Accident,7:30,07/17/2014,Thursday,N,Unknown,KINGS,REAR END,KINGS,Unknown,Unknown,Traffic Signal,Unknown,Not Applicable,"Other Motor Vehicle, Collision With",2
 Damage Accident,13:20,11/02/2014,Sunday,N,Daylight,BRONX,REAR END,BRONX,Straight and Level,Clear,None,Dry,Not Applicable,"Other Motor Vehicle, Collision With",2
 Damage Accident,9:39,08/26/2014,Tuesday,Y,Daylight,NORTH HEMPSTEAD,REAR END,NASSAU,Straight and Level,Clear,None,Dry,Not Applicable,"Other Motor Vehicle, Collision With",2
 Damage Accident,15:35,10/06/2014,Monday,Y,Daylight,POUGHKEEPSIE,OVERTAKING,DUTCHESS,Curve and Level,Clear,None,Dry,Not Applicable,"Other Motor Vehicle, Collision With",2
 Damage & Injury Accident,15:33,04/23/2014,Wednesday,Y,Daylight,WALLKILL,OTHER,ORANGE,Straight and Grade,Clear,Construction Work Area,Dry,Not Applicable,"Guide Rail - Not At End, Collision With Fixed Object",1
 Damage & Injury Accident,2:20,02/01/2014,Saturday,Y,Dark-Road Unlighted,OLD FIELD,OTHER,SUFFOLK,Curve and Level,Cloudy,None,Dry,Not Applicable,"Light Support/Utility Pole, Collision With Fixed Object",1
 Accident,2:20,03/08/2014,Saturday,Y,Dark-Road Lighted,BUFFALO,OTHER,ERIE,Straight and Level,Cloudy,None,Dry,Not Applicable,"Building/Wall, Collision With Fixed Object",1
 Accident,10:50,04/01/2014,Tuesday,Y,Daylight,QUEENS,OTHER,QUEENS,Straight and Level,Cloudy,Traffic Signal,Dry,"Crossing, With Signal","Pedestrian, Collision With",1
 Damage & Injury Accident,19:00,12/01/2014,Monday,Y,Dark-Road Lighted,BROOKHAVEN,REAR END,SUFFOLK,Straight and Level,Rain,Traffic Signal,Wet,Not Applicable,"Other Motor Vehicle, Collision With",2
 Damage & Injury Accident,14:00,07/07/2014,Monday,Y,Daylight,RICHMOND,RIGHT ANGLE,RICHMOND,Straight and Level,Clear,Stop Sign,Dry,Not Applicable,"Other Motor Vehicle, Collision With",2
 Damage Accident,0:00,05/24/2014,Saturday,N,Unknown,BUFFALO,Unknown,ERIE,Unknown,Unknown,Unknown,Unknown,Not Applicable,"Other Motor Vehicle, Collision With",2
 Damage Accident,6:54,12/09/2014,Tuesday,Y,Daylight,BABYLON,OTHER,SUFFOLK,Curve and Level,Rain,None,Wet,Not Applicable,"Guide Rail - Not At End, Collision With Fixed Object",1
 Damage Accident,12:15,09/27/2014,Saturday,Y,Daylight,HEMPSTEAD,OVERTAKING,NASSAU,Straight and Level,Clear,None,Dry,Not Applicable,"Other Motor Vehicle, Collision With",2
 Damage Accident,13:59,10/11/2014,Saturday,Y,Daylight,ELLENVILLE,RIGHT ANGLE,ULSTER,Straight and Level,Clear,None,Dry,Not Applicable,"Other Motor Vehicle, Collision With",2
 Accident,8:30,08/08/2014,Friday,Y,Daylight,BRONX,OTHER,BRONX,Straight and Level,Clear,None,Dry,Not in Roadway (Indicate),"Pedestrian, Collision With",1
 Damage Accident,14:05,08/09/2014,Saturday,Y,Daylight,OYSTER BAY,REAR END,NASSAU,Straight and Level,Clear,None,Dry,Not Applicable,"Other Motor Vehicle, Collision With",2
 Damage Accident,16:44,05/04/2014,Sunday,Y,Daylight,RAMAPO,OTHER,ROCKLAND,Curve and Grade,Clear,None,Dry,Not Applicable,"Guide Rail - Not At End, Collision With Fixed Object",1
 Damage & Injury Accident,7:26,06/12/2014,Thursday,Y,Daylight,COLONIE,OTHER,ALBANY,Straight and Level,Rain,Traffic Signal,Wet,Not Applicable,"Light Support/Utility Pole, Collision With Fixed Object",1
 Damage Accident,10:40,09/19/2014,Friday,Y,Daylight,HEMPSTEAD,LEFT TURN (0),NASSAU,Straight and Level,Clear,None,Dry,Not Applicable,"Other Motor Vehicle, Collision With",2
 Damage Accident,9:00,12/03/2014,Wednesday,Y,Daylight,OSSINING,REAR END,WESTCHESTER,Straight and Grade,Rain,None,Wet,Not Applicable,"Other Motor Vehicle, Collision With",2
 Damage Accident,16:15,10/14/2014,Tuesday,N,Unknown,MOUNT KISCO,Unknown,WESTCHESTER,Unknown,Unknown,Unknown,Unknown,Not Applicable,"Other Motor Vehicle, Collision With",2
 Accident,14:54,07/23/2014,Wednesday,Y,Daylight,CORTLANDT,OTHER,WESTCHESTER,Curve and Grade,Cloudy,None,Dry,Not Applicable,"Other Fixed Object*, Collision With Fixed Object",1
 Accident,22:50,09/13/2014,Saturday,Y,Dark-Road Lighted,QUEENS,Unknown,QUEENS,Curve and Level,Clear,Stop Sign,Dry,Not Applicable,"Other Motor Vehicle, Collision With",2
 Accident,16:15,08/07/2014,Thursday,Y,Daylight,MOUNT VERNON,REAR END,WESTCHESTER,Straight and Level,Clear,None,Dry,Not Applicable,"Other Motor Vehicle, Collision With",2
 Damage Accident,12:29,03/20/2014,Thursday,Y,Daylight,HORSEHEADS,RIGHT ANGLE,CHEMUNG,Straight and Level,Cloudy,Traffic Signal,Dry,Not Applicable,"Other Motor Vehicle, Collision With",2
 Accident,14:00,08/01/2014,Friday,Y,Daylight,BRONX,REAR END,BRONX,Straight and Level,Clear,None,Dry,Not Applicable,"Other Motor Vehicle, Collision With",2
 Accident,15:55,08/07/2014,Thursday,Y,Daylight,KINGS,OTHER,KINGS,Straight and Level,Clear,Stop Sign,Dry,Not Applicable,"Other Motor Vehicle, Collision With",3
 Damage Accident,23:25,01/15/2014,Wednesday,Y,Dark-Road Lighted,BUFFALO,OTHER,ERIE,Straight and Level,Clear,None,Dry,Not Applicable,"Barrier, Collision With Fixed Object",1
 Damage Accident,18:15,11/27/2014,Thursday,N,Dark-Road Lighted,HEMPSTEAD,OTHER,NASSAU,Curve at Hill Crest,Clear,None,Dry,Not Applicable,"Other*, Non-Collision",1
 Accident,19:30,11/24/2014,Monday,Y,Dusk,KINGS,RIGHT ANGLE,KINGS,Straight and Level,Clear,Stop Sign,Dry,Not Applicable,"Other Motor Vehicle, Collision With",2
 Accident,16:34,11/03/2014,Monday,Y,Daylight,GOWANDA,REAR END,CATTARAUGUS,Straight and Level,Clear,Stop Sign,Dry,Not Applicable,"Other Motor Vehicle, Collision With",2
 Accident,14:30,06/26/2014,Thursday,Y,Daylight,QUEENS,OTHER,QUEENS,Straight and Level,Clear,None,Dry,Not Applicable,"Other Motor Vehicle, Collision With",4
 Accident,10:50,06/26/2014,Thursday,N,Unknown,KINGS,RIGHT ANGLE,KINGS,Unknown,Unknown,Unknown,Unknown,Not Applicable,"Other Motor Vehicle, Collision With",2
 Damage Accident,7:23,07/02/2014,Wednesday,Y,Daylight,WATERTOWN,REAR END,JEFFERSON,Straight and Level,Cloudy,None,Dry,Not Applicable,"Other Motor Vehicle, Collision With",2
 Damage & Injury Accident,16:03,09/03/2014,Wednesday,Y,Daylight,IRONDEQUOIT,REAR END,MONROE,Straight and Level,Clear,None,Dry,Not Applicable,"Other Motor Vehicle, Collision With",2
 Damage Accident,13:15,09/08/2014,Monday,N,Unknown,,Unknown,FRANKLIN,Unknown,Unknown,Unknown,Unknown,Not Applicable,"Other Motor Vehicle, Collision With",2
 Damage Accident,0:00,07/06/2014,Sunday,N,Unknown,NAPLES,OTHER,ONTARIO,Unknown,Unknown,Unknown,Unknown,Not Applicable,Deer,1
 Damage Accident,13:45,04/01/2014,Tuesday,Y,Daylight,BABYLON,SIDESWIPE,SUFFOLK,Straight and Level,Clear,None,Dry,Not Applicable,"Other Motor Vehicle, Collision With",2
 Damage Accident,17:40,12/17/2014,Wednesday,Y,Dark-Road Lighted,FLORAL PARK,RIGHT ANGLE,NASSAU,Straight and Level,Cloudy,None,Dry,Not Applicable,"Other Motor Vehicle, Collision With",2
 Damage Accident,19:10,02/12/2014,Wednesday,Y,Dark-Road Unlighted,PARISHVILLE,OTHER,ST. LAWRENCE,Straight and Level,Clear,No Passing Zone,Dry,Not Applicable,Deer,1
 Damage Accident,7:27,08/13/2014,Wednesday,Y,Daylight,COEYMANS,REAR END,ALBANY,Curve at Hill Crest,Rain,Stop Sign,Wet,Not Applicable,"Other Motor Vehicle, Collision With",2
 Accident,17:59,10/04/2014,Saturday,Y,Daylight,COXSACKIE,OTHER,GREENE,Straight and Level,Cloudy,None,Wet,Not Applicable,"Other*, Non-Collision",1
 Accident,20:15,09/07/2014,Sunday,N,Unknown,QUEENS,REAR END,QUEENS,Unknown,Unknown,Unknown,Unknown,Not Applicable,"Other Motor Vehicle, Collision With",2
 Damage Accident,14:07,03/09/2014,Sunday,N,Unknown,CLARENCE,LEFT TURN (0),ERIE,Unknown,Unknown,Unknown,Unknown,Not Applicable,"Other Motor Vehicle, Collision With",2
 Damage Accident,11:49,08/10/2014,Sunday,Y,Daylight,PHILLIPSTOWN,REAR END,PUTNAM,Straight and Level,Clear,None,Dry,Not Applicable,"Other Motor Vehicle, Collision With",2
 Damage Accident,11:50,02/05/2014,Wednesday,Y,Daylight,HEMPSTEAD,OTHER,NASSAU,Curve and Level,Rain,None,Snow/Ice,Not Applicable,"Median - Not At End, Collision With Fixed Object",1
 Damage Accident,20:19,01/25/2014,Saturday,Y,Dark-Road Unlighted,HOMER,OTHER,CORTLAND,Straight and Level,Snow,None,Snow/Ice,Not Applicable,"Other Motor Vehicle, Collision With",3
 Damage Accident,19:41,05/17/2014,Saturday,Y,Dusk,HUNTINGTON,Unknown,SUFFOLK,Curve and Grade,Clear,None,Dry,Not Applicable,"Other Motor Vehicle, Collision With",2
 Damage Accident,1:40,07/31/2014,Thursday,Y,Dark-Road Unlighted,DANBY,OTHER,TOMPKINS,Straight and Level,Clear,None,Dry,Not Applicable,"Guide Rail - Not At End, Collision With Fixed Object",1
 Accident,18:35,06/18/2014,Wednesday,Y,Daylight,BROOKHAVEN,OVERTAKING,SUFFOLK,Straight and Level,Clear,Traffic Signal,Dry,Not Applicable,"Other Motor Vehicle, Collision With",2
 Damage Accident,14:35,07/25/2014,Friday,Y,Daylight,ROSLYN,REAR END,NASSAU,Curve and Level,Clear,Yield Sign,Dry,Not Applicable,"Other Motor Vehicle, Collision With",2
 Accident,9:22,11/15/2014,Saturday,Y,Daylight,FREEPORT,LEFT TURN (3),NASSAU,Straight and Level,Clear,None,Dry,Not Applicable,"Other Motor Vehicle, Collision With",2
 Accident,17:10,06/02/2014,Monday,Y,Daylight,KINGS,OTHER,KINGS,Straight and Level,Clear,None,Dry,Riding/Walking/Skating Along Highway With Traffic,"Pedestrian, Collision With",1
 Damage Accident,18:33,12/20/2014,Saturday,Y,Dark-Road Unlighted,BETHANY,OTHER,GENESEE,Straight and Level,Cloudy,None,Dry,Not Applicable,Deer,1
 Damage Accident,16:00,05/15/2014,Thursday,Y,Daylight,LOCKPORT,RIGHT ANGLE,NIAGARA,Straight and Level,Cloudy,None,Dry,Not Applicable,"Other Motor Vehicle, Collision With",2
 Damage Accident,14:25,06/26/2014,Thursday,N,Unknown,,REAR END,UNKNOWN,Unknown,Unknown,Unknown,Unknown,Not Applicable,"Other Motor Vehicle, Collision With",2
 Damage Accident,19:14,10/23/2014,Thursday,Y,Dark-Road Lighted,BROOKHAVEN,REAR END,SUFFOLK,Curve and Level,Cloudy,None,Dry,Not Applicable,"Other Motor Vehicle, Collision With",2
 Damage Accident,7:45,11/04/2014,Tuesday,Y,Daylight,PHILLIPSTOWN,OTHER,PUTNAM,Straight and Level,Clear,No Passing Zone,Dry,Not Applicable,"Animal, Collision With",1
 Damage & Injury Accident,12:30,02/20/2014,Thursday,Y,Daylight,EAST SYRACUSE,REAR END,ONONDAGA,Straight and Level,Cloudy,Traffic Signal,Wet,Not Applicable,"Other Motor Vehicle, Collision With",2
 Damage Accident,12:40,12/27/2014,Saturday,Y,Daylight,MAMARONECK,LEFT TURN (3),WESTCHESTER,Straight and Level,Clear,None,Dry,Not Applicable,"Other Motor Vehicle, Collision With",2
 Damage Accident,2:35,02/20/2014,Thursday,Y,Dark-Road Unlighted,STOCKHOLM,OTHER,ST. LAWRENCE,Straight and Grade,Clear,None,Dry,Not Applicable,Deer,1
 Accident,22:40,10/02/2014,Thursday,Y,Dark-Road Lighted,BRONX,REAR END,BRONX,Straight and Level,Clear,None,Dry,Not Applicable,"Other Motor Vehicle, Collision With",2
 Damage Accident,14:56,11/11/2014,Tuesday,Y,Daylight,NORTHPORT,RIGHT ANGLE,SUFFOLK,Straight and Grade,Clear,None,Dry,Not Applicable,"Other Motor Vehicle, Collision With",2
 Damage Accident,22:39,06/23/2014,Monday,Y,Dark-Road Unlighted,QUEENSBURY,OTHER,WARREN,Straight and Level,Cloudy,None,Dry,Not Applicable,"Overturned, Non-Collision",1
 Damage Accident,12:23,06/26/2014,Thursday,Y,Daylight,CANANDAIGUA,REAR END,ONTARIO,Straight and Level,Clear,None,Dry,Not Applicable,"Other Motor Vehicle, Collision With",2
 Accident,21:25,07/14/2014,Monday,Y,Dark-Road Lighted,QUEENS,OTHER,QUEENS,Straight and Level,Rain,Traffic Signal,Wet,Riding/Walking/Skating Along Highway With Traffic,"Bicyclist, Collision With",1
 Damage & Injury Accident,12:43,10/24/2014,Friday,Y,Daylight,KIRKWOOD,OTHER,BROOME,Straight and Level,Clear,None,Dry,Not Applicable,"Other Motor Vehicle, Collision With",3
 Accident,8:00,01/17/2014,Friday,Y,Daylight,QUEENS,Unknown,QUEENS,Straight and Level,Clear,Traffic Signal,Dry,Not Applicable,"Other Motor Vehicle, Collision With",2
 Damage Accident,20:40,09/01/2014,Monday,Y,Dark-Road Lighted,PLATTSBURG,RIGHT ANGLE,CLINTON,Straight and Level,Cloudy,Stop Sign,Dry,Not Applicable,"Other Motor Vehicle, Collision With",2
 Accident,7:07,04/19/2014,Saturday,Y,Dawn,CONSTANTIA,OTHER,OSWEGO,Curve and Grade,Clear,No Passing Zone,Wet,Not Applicable,"Tree, Collision With Fixed Object",1
 Damage Accident,15:03,12/21/2014,Sunday,Y,Daylight,VICTOR,RIGHT ANGLE,ONTARIO,Straight and Grade,Cloudy,Stop Sign,Dry,Not Applicable,"Other Motor Vehicle, Collision With",2
 Damage & Injury Accident,11:15,12/30/2014,Tuesday,Y,Daylight,CLARENCE,RIGHT ANGLE,ERIE,Straight and Level,Snow,Stop Sign,Snow/Ice,Not Applicable,"Other Motor Vehicle, Collision With",2
 Damage Accident,7:00,06/10/2014,Tuesday,Y,Daylight,WESTBURY,REAR END,NASSAU,Straight and Level,Cloudy,Traffic Signal,Dry,Not Applicable,"Other Motor Vehicle, Collision With",2
 Accident,16:38,05/06/2014,Tuesday,Y,Daylight,BATH,OTHER,STEUBEN,Straight and Level,Clear,Stop Sign,Dry,"Crossing, No Signal, Marked Crosswalk","Pedestrian, Collision With",1
 Damage & Injury Accident,16:36,10/11/2014,Saturday,Y,Daylight,SHERIDAN,OTHER,CHAUTAUQUA,Straight and Level,Clear,None,Dry,Not Applicable,"Earth Embankment/Rock Cut/Ditch, Collision With Fixed Object",1
 Damage Accident,18:27,06/17/2014,Tuesday,Y,Daylight,PRATTSBURG,RIGHT ANGLE,STEUBEN,Straight and Grade,Clear,Stop Sign,Dry,Not Applicable,"Other Motor Vehicle, Collision With",2
 Damage Accident,17:29,12/18/2014,Thursday,Y,Dark-Road Unlighted,OWEGO,SIDESWIPE,TIOGA,Straight and Grade,Cloudy,Traffic Signal,Dry,Not Applicable,"Other Motor Vehicle, Collision With",2
 Damage Accident,0:09,03/07/2014,Friday,Y,Dark-Road Unlighted,SCHODACK,OTHER,RENSSELAER,Straight and Grade,Clear,None,Dry,Not Applicable,Deer,1
 Damage Accident,21:13,06/10/2014,Tuesday,Y,Dark-Road Unlighted,HAMILTON,OTHER,MADISON,Straight and Level,Clear,No Passing Zone,Dry,Not Applicable,Deer,1
 Damage Accident,17:00,03/14/2014,Friday,Y,Daylight,KINGS,Unknown,KINGS,Straight and Level,Clear,Traffic Signal,Dry,Not Applicable,"Other Motor Vehicle, Collision With",2
 Damage Accident,6:57,12/09/2014,Tuesday,Y,Dark-Road Lighted,LA GRANGE,OTHER,DUTCHESS,Curve at Hill Crest,Sleet/Hail/Freezing Rain,None,Snow/Ice,Not Applicable,"Earth Embankment/Rock Cut/Ditch, Collision With Fixed Object",1
 Damage Accident,14:37,07/31/2014,Thursday,Y,Daylight,LEWISBORO,SIDESWIPE,WESTCHESTER,Curve and Grade,Clear,None,Dry,Not Applicable,"Other Motor Vehicle, Collision With",2
 Accident,6:15,02/23/2014,Sunday,Y,Dawn,QUEENS,OTHER,QUEENS,Straight and Level,Clear,Traffic Signal,Dry,"Crossing, Against Signal","Pedestrian, Collision With",1
 Damage Accident,17:10,08/05/2014,Tuesday,Y,Daylight,HEMPSTEAD,RIGHT ANGLE,NASSAU,Straight and Level,Clear,None,Dry,Not Applicable,"Other Motor Vehicle, Collision With",2
 Damage Accident,23:25,09/16/2014,Tuesday,Y,Dark-Road Unlighted,LONG LAKE,OTHER,HAMILTON,Straight and Grade,Clear,No Passing Zone,Dry,Not Applicable,Deer,1
 Damage & Injury Accident,10:59,03/13/2014,Thursday,Y,Daylight,AUSABLE,OTHER,CLINTON,Straight and Level,Cloudy,None,Snow/Ice,Not Applicable,"Other Motor Vehicle, Collision With",2
 Damage Accident,20:15,06/26/2014,Thursday,Y,Dusk,WATERTOWN,REAR END,JEFFERSON,Straight and Level,Clear,None,Dry,Not Applicable,"Other Motor Vehicle, Collision With",2
 Damage Accident,18:39,10/13/2014,Monday,Y,Dark-Road Unlighted,WESTERLO,OTHER,ALBANY,Straight and Level,Clear,None,Dry,Not Applicable,Deer,1
 Accident,8:50,08/16/2014,Saturday,Y,Daylight,EASTCHESTER,OTHER,WESTCHESTER,Curve and Grade,Clear,None,Dry,Not Applicable,"Guide Rail - Not At End, Collision With Fixed Object",1
 Damage Accident,5:01,08/22/2014,Friday,Y,Daylight,NIAGARA FALLS,OTHER,NIAGARA,Straight and Level,Clear,None,Dry,Not Applicable,"Other Motor Vehicle, Collision With",3
 Damage Accident,7:40,12/15/2014,Monday,N,Daylight,KINGS,OVERTAKING,KINGS,Straight and Level,Clear,Unknown,Dry,Not Applicable,"Other Motor Vehicle, Collision With",2
 Damage Accident,17:40,12/21/2014,Sunday,N,Dark-Road Lighted,QUEENS,Unknown,QUEENS,Straight and Level,Clear,None,Dry,Not Applicable,"Other Motor Vehicle, Collision With",2
 Damage Accident,14:55,08/16/2014,Saturday,N,Daylight,ENDICOTT,LEFT TURN (3),BROOME,Straight and Grade,Clear,Traffic Signal,Dry,Not Applicable,"Other Motor Vehicle, Collision With",2
 Damage Accident,0:00,08/06/2014,Wednesday,Y,Dark-Road Lighted,CLARKSTOWN,RIGHT ANGLE,ROCKLAND,Straight and Level,Clear,None,Dry,Not Applicable,"Other Motor Vehicle, Collision With",2
 Damage Accident,17:20,08/21/2014,Thursday,N,Daylight,KINGS,RIGHT ANGLE,KINGS,Straight and Level,Clear,Traffic Signal,Dry,Not Applicable,"Other Motor Vehicle, Collision With",2
 Damage & Injury Accident,11:12,09/12/2014,Friday,Y,Daylight,FREEPORT,LEFT TURN (0),NASSAU,Straight and Level,Clear,Traffic Signal,Dry,Not Applicable,"Other Motor Vehicle, Collision With",2
 Damage Accident,9:34,10/04/2014,Saturday,Y,Daylight,ALBANY,LEFT TURN (3),ALBANY,Straight and Level,Cloudy,Traffic Signal,Wet,Not Applicable,"Other Motor Vehicle, Collision With",2
 Damage Accident,10:20,11/15/2014,Saturday,Y,Daylight,NEWPORT,OTHER,HERKIMER,Straight and Level,Clear,No Passing Zone,Dry,Not Applicable,Deer,1
 Accident,14:47,10/21/2014,Tuesday,Y,Daylight,KINGS,Unknown,KINGS,Straight and Level,Rain,Traffic Signal,Wet,Not Applicable,"Other Motor Vehicle, Collision With",2
 Damage Accident,11:27,01/16/2014,Thursday,Y,Daylight,WHITEHALL,REAR END,WASHINGTON,Straight and Grade,Cloudy,No Passing Zone,Wet,Not Applicable,"Other Motor Vehicle, Collision With",2
 Accident,10:30,05/06/2014,Tuesday,Y,Daylight,BRONX,OTHER,BRONX,Straight and Level,Clear,Stop Sign,Dry,Not Applicable,"Other Motor Vehicle, Collision With",3
 Damage & Injury Accident,11:22,07/22/2014,Tuesday,Y,Daylight,LONG BEACH,RIGHT ANGLE,NASSAU,Straight and Level,Clear,Stop Sign,Dry,Not Applicable,"Other Motor Vehicle, Collision With",2
 Damage Accident,15:15,11/03/2014,Monday,Y,Daylight,BROOKHAVEN,RIGHT ANGLE,SUFFOLK,Straight and Level,Clear,None,Dry,Not Applicable,"Other Motor Vehicle, Collision With",2
 Damage Accident,16:37,12/11/2014,Thursday,Y,Dusk,ORCHARD PARK,OVERTAKING,ERIE,Straight and Level,Snow,None,Snow/Ice,Not Applicable,"Other Motor Vehicle, Collision With",2
 Damage & Injury Accident,15:00,01/25/2014,Saturday,Y,Daylight,HEMPSTEAD,REAR END,NASSAU,Straight and Level,Snow,Traffic Signal,Wet,Not Applicable,"Other Motor Vehicle, Collision With",2
 Damage Accident,15:47,01/09/2014,Thursday,Y,Daylight,HEMPSTEAD,REAR END,NASSAU,Straight and Level,Clear,None,Dry,Not Applicable,"Other Motor Vehicle, Collision With",2
 Accident,22:08,05/24/2014,Saturday,Y,Dark-Road Lighted,KINGS,REAR END,KINGS,Straight and Level,Clear,None,Dry,Not Applicable,"Other Motor Vehicle, Collision With",2
 Damage & Injury Accident,10:15,09/28/2014,Sunday,Y,Dark-Road Lighted,,OTHER,UNKNOWN,Curve and Level,Clear,None,Dry,Not Applicable,"Light Support/Utility Pole, Collision With Fixed Object",1
 Damage Accident,12:22,01/05/2014,Sunday,Y,Daylight,WHITE PLAINS,OTHER,WESTCHESTER,Straight and Grade,Sleet/Hail/Freezing Rain,Traffic Signal,Snow/Ice,Not Applicable,"Other Motor Vehicle, Collision With",3
 Damage Accident,17:10,06/14/2014,Saturday,Y,Daylight,BROOKHAVEN,OVERTAKING,SUFFOLK,Straight and Level,Clear,None,Dry,Not Applicable,"Other Motor Vehicle, Collision With",2
 Damage & Injury Accident,15:48,05/11/2014,Sunday,Y,Daylight,EAST FISHKILL,REAR END,DUTCHESS,Straight and Level,Clear,None,Dry,Not Applicable,"Other Motor Vehicle, Collision With",2
 Damage Accident,3:05,01/25/2014,Saturday,Y,Dark-Road Unlighted,BENNINGTON,OTHER,WYOMING,Curve and Level,Snow,None,Snow/Ice,Not Applicable,"Earth Embankment/Rock Cut/Ditch, Collision With Fixed Object",1
 Accident,13:35,03/25/2014,Tuesday,Y,Daylight,,OTHER,UNKNOWN,Straight and Level,Clear,None,Dry,Not in Roadway (Indicate),"Pedestrian, Collision With",1
 Damage Accident,12:22,10/15/2014,Wednesday,Y,Daylight,DICKINSON,OTHER,BROOME,Straight and Level,Rain,None,Wet,Not Applicable,"Tree, Collision With Fixed Object",1
 Damage Accident,5:36,08/01/2014,Friday,Y,Dawn,PROVIDENCE,OTHER,SARATOGA,Straight and Grade,Clear,None,Dry,Not Applicable,"Fence, Collision With Fixed Object",1
 Accident,11:00,03/26/2014,Wednesday,Y,Daylight,KINGS,RIGHT ANGLE,KINGS,Straight and Level,Clear,None,Dry,Not Applicable,"Other Motor Vehicle, Collision With",2
 Damage Accident,16:03,06/14/2014,Saturday,Y,Daylight,AMHERST,RIGHT TURN (6),ERIE,Straight and Level,Cloudy,Traffic Signal,Dry,Not Applicable,"Other Motor Vehicle, Collision With",2
 Damage Accident,14:53,08/18/2014,Monday,Y,Daylight,COLONIE,OTHER,ALBANY,Straight and Level,Clear,None,Dry,Not Applicable,"Other Motor Vehicle, Collision With",3
 Damage Accident,19:45,11/11/2014,Tuesday,Y,Dark-Road Unlighted,ROCKLAND,RIGHT ANGLE,SULLIVAN,Straight and Level,Cloudy,No Passing Zone,Dry,Not Applicable,"Other Fixed Object*, Collision With Fixed Object",2
 Damage Accident,13:30,08/08/2014,Friday,N,Unknown,HEMPSTEAD,RIGHT ANGLE,NASSAU,Unknown,Unknown,Unknown,Unknown,Not Applicable,"Other Motor Vehicle, Collision With",2
 Damage Accident,12:50,12/31/2014,Wednesday,Y,Daylight,OYSTER BAY,RIGHT TURN (5),NASSAU,Straight and Level,Clear,None,Dry,Not Applicable,"Other Motor Vehicle, Collision With",2
 Damage Accident,17:10,01/01/2014,Wednesday,Y,Dark-Road Unlighted,MORRIS,OTHER,OTSEGO,Straight and Grade,Cloudy,No Passing Zone,Dry,Not Applicable,Deer,1
 Accident,13:03,10/25/2014,Saturday,Y,Daylight,QUEENS,LEFT TURN (0),QUEENS,Straight and Level,Clear,Traffic Signal,Dry,Not Applicable,"Other Motor Vehicle, Collision With",2
 Damage Accident,12:43,07/03/2014,Thursday,Y,Daylight,ISLIP,RIGHT ANGLE,SUFFOLK,Straight and Level,Clear,None,Dry,Not Applicable,"Other Motor Vehicle, Collision With",2
 Damage Accident,14:16,02/09/2014,Sunday,Y,Daylight,VETERAN,OTHER,CHEMUNG,Curve at Hill Crest,Snow,None,Snow/Ice,Not Applicable,"Earth Embankment/Rock Cut/Ditch, Collision With Fixed Object",1
 Damage Accident,1:58,10/19/2014,Sunday,Y,Dark-Road Lighted,ROCHESTER,REAR END,MONROE,Straight and Level,Rain,Traffic Signal,Wet,Not Applicable,"Other Motor Vehicle, Collision With",2
 Damage Accident,13:53,05/08/2014,Thursday,Y,Daylight,HALFMOON,OTHER,SARATOGA,Straight and Level,Clear,None,Dry,Not Applicable,"Other Motor Vehicle, Collision With",4
 Damage Accident,23:21,12/13/2014,Saturday,Y,Dark-Road Lighted,ROCHESTER,OTHER,MONROE,Straight and Level,Clear,None,Wet,Not Applicable,"Light Support/Utility Pole, Collision With Fixed Object",1
 Accident,17:41,05/05/2014,Monday,Y,Daylight,BRONX,SIDESWIPE,BRONX,Straight and Grade,Clear,Traffic Signal,Dry,Not Applicable,"Other Motor Vehicle, Collision With",2
 Damage Accident,8:50,08/19/2014,Tuesday,Y,Daylight,OYSTER BAY,OTHER,NASSAU,Straight and Level,Clear,None,Dry,Not Applicable,"Other Motor Vehicle, Collision With",3
 Damage & Injury Accident,12:14,10/18/2014,Saturday,Y,Daylight,AMHERST,LEFT TURN (0),ERIE,Straight and Level,Cloudy,Traffic Signal,Dry,Not Applicable,"Other Motor Vehicle, Collision With",2
 Damage Accident,18:20,03/25/2014,Tuesday,Y,Daylight,SARATOGA,REAR END,SARATOGA,Straight and Grade,Clear,No Passing Zone,Dry,Not Applicable,"Other Motor Vehicle, Collision With",2
 Damage Accident,18:42,12/17/2014,Wednesday,Y,Dark-Road Lighted,SOUTHEAST,REAR END,PUTNAM,Straight and Level,Clear,None,Dry,Not Applicable,"Other Motor Vehicle, Collision With",2
 Damage & Injury Accident,7:50,06/09/2014,Monday,Y,Daylight,SYRACUSE,REAR END,ONONDAGA,Straight and Level,Cloudy,None,Dry,Not Applicable,"Other Motor Vehicle, Collision With",2
 Damage Accident,22:53,03/01/2014,Saturday,Y,Dark-Road Unlighted,JOHNSTOWN,OTHER,FULTON,Curve and Grade,Cloudy,None,Dry,Not Applicable,"Animal, Collision With",1
 Damage Accident,11:35,06/27/2014,Friday,Y,Daylight,LYNBROOK,REAR END,NASSAU,Straight and Level,Clear,Traffic Signal,Dry,Not Applicable,"Other Motor Vehicle, Collision With",2
 Damage Accident,11:30,11/26/2014,Wednesday,Y,Daylight,HEMPSTEAD,REAR END,NASSAU,Straight and Level,Sleet/Hail/Freezing Rain,Traffic Signal,Wet,Not Applicable,"Other Motor Vehicle, Collision With",2