 Descriptor,Time,Date,Day of Week,Police Report,Lighting Conditions,Municipality,Collision Type Descriptor,County Name,Road Descriptor,Weather Conditions,Traffic Control Device,Road Surface Conditions,Pedestrian Bicyclist Action,Event Descriptor,Number of Vehicles Involved
 Damage Accident,0:00,10/17/2014,Friday,N,Dusk,BROOKHAVEN,OTHER,SUFFOLK,Straight and Level,Clear,Traffic Signal,Dry,Not Applicable,"Other Motor Vehicle, Collision With",3
 Damage Accident,15:50,07/02/2014,Wednesday,Y,Daylight,ISLIP,REAR END,SUFFOLK,Straight and Level,Clear,None,Dry,Not Applicable,"Other Motor Vehicle, Collision With",2
 Damage Accident,15:50,09/26/2014,Friday,Y,Daylight,UTICA,OVERTAKING,ONEIDA,Straight and Level,Clear,None,Dry,Not Applicable,"Other Motor Vehicle, Collision With",2
 Damage Accident,17:21,06/18/2014,Wednesday,Y,Daylight,WATERLOO,REAR END,SENECA,Straight and Level,Cloudy,None,Dry,Not Applicable,"Other Motor Vehicle, Collision With",2
 Damage Accident,16:35,07/08/2014,Tuesday,Y,Daylight,CHEEKTOWAGA,REAR END,ERIE,Straight and Level,Rain,None,Wet,Not Applicable,"Other Motor Vehicle, Collision With",2
 Accident,7:00,10/21/2014,Tuesday,Y,Daylight,BRONX,OTHER,BRONX,Straight and Level,Clear,Traffic Signal,Dry,"Crossing, With Signal","Pedestrian, Collision With",1
 Damage & Injury Accident,10:33,07/07/2014,Monday,Y,Daylight,EVANS,RIGHT ANGLE,ERIE,Straight and Level,Rain,None,Wet,Not Applicable,"Earth Embankment/Rock Cut/Ditch, Collision With Fixed Object",2
 Damage Accident,17:00,09/14/2014,Sunday,N,Daylight,SOUTHAMPTON,Unknown,SUFFOLK,Straight and Level,Clear,Stop Sign,Dry,Not Applicable,"Other Motor Vehicle, Collision With",2
 Damage Accident,0:00,04/21/2014,Monday,N,Dark-Road Lighted,BUFFALO,OTHER,ERIE,Straight and Level,Clear,None,Dry,Not Applicable,"Tree, Collision With Fixed Object",1
 Accident,11:58,01/30/2014,Thursday,Y,Daylight,ISLIP,REAR END,SUFFOLK,Curve and Level,Clear,Traffic Signal,Snow/Ice,Not Applicable,"Other Motor Vehicle, Collision With",2
 Damage & Injury Accident,13:00,07/15/2014,Tuesday,Y,Daylight,OYSTER BAY,REAR END,NASSAU,Straight and Level,Cloudy,None,Dry,Not Applicable,"Other Motor Vehicle, Collision With",2
 Damage Accident,22:15,12/31/2014,Wednesday,Y,Dark-Road Lighted,MT. MORRIS,REAR END,LIVINGSTON,Straight and Level,Cloudy,Traffic Signal,Dry,Not Applicable,"Other Motor Vehicle, Collision With",2
 Damage Accident,3:30,03/16/2014,Sunday,N,Daylight,QUEENS,REAR END,QUEENS,Straight and Level,Unknown,None,Dry,Not Applicable,"Other Motor Vehicle, Collision With",2
 Damage Accident,21:30,05/27/2014,Tuesday,N,Unknown,QUEENS,OTHER,QUEENS,Unknown,Unknown,Unknown,Unknown,Not Applicable,"Other Motor Vehicle, Collision With",3
 Damage Accident,16:41,01/29/2014,Wednesday,Y,Daylight,ALBANY,REAR END,ALBANY,Straight and Level,Cloudy,Yield Sign,Dry,Not Applicable,"Other Motor Vehicle, Collision With",2
 Damage Accident,17:20,01/11/2014,Saturday,Y,Dark-Road Unlighted,NEW PALTZ,OTHER,ULSTER,Straight and Level,Rain,No Passing Zone,Wet,Not Applicable,"Animal, Collision With",1
 Damage Accident,0:14,06/14/2014,Saturday,Y,Dark-Road Lighted,BRONX,OTHER,BRONX,Curve and Level,Clear,None,Wet,Not Applicable,"Tree, Collision With Fixed Object",1
 Damage Accident,8:45,03/04/2014,Tuesday,Y,Daylight,NORTH HEMPSTEAD,REAR END,NASSAU,Curve at Hill Crest,Cloudy,Stop Sign,Dry,Not Applicable,"Other Motor Vehicle, Collision With",2
 Damage Accident,19:10,10/12/2014,Sunday,Y,Dark-Road Unlighted,ORCHARD PARK,OTHER,ERIE,Straight and Level,Clear,None,Dry,Not Applicable,Deer,1
 Damage Accident,8:58,11/23/2014,Sunday,Y,Daylight,HUNTINGTON,RIGHT ANGLE,SUFFOLK,Straight and Level,Clear,Stop Sign,Dry,Not Applicable,"Other Motor Vehicle, Collision With",2
 Damage Accident,14:39,09/08/2014,Monday,Y,Daylight,ISLIP,REAR END,SUFFOLK,Straight and Level,Clear,None,Dry,Not Applicable,"Other Motor Vehicle, Collision With",2
 Damage Accident,20:30,07/21/2014,Monday,Y,Dusk,BABYLON,Unknown,SUFFOLK,Straight and Level,Clear,None,Dry,Not Applicable,"Other Motor Vehicle, Collision With",2
 Damage Accident,6:55,09/29/2014,Monday,Y,Daylight,WATKINS GLEN,OVERTAKING,SCHUYLER,Straight and Level,Clear,None,Dry,Not Applicable,"Other Motor Vehicle, Collision With",2
 Damage & Injury Accident,15:10,04/10/2014,Thursday,Y,Daylight,LEICESTER,OTHER,LIVINGSTON,Straight and Level,Clear,Stop Sign,Dry,Not Applicable,"Earth Embankment/Rock Cut/Ditch, Collision With Fixed Object",1
 Damage Accident,16:00,09/10/2014,Wednesday,Y,Daylight,HEMPSTEAD,REAR END,NASSAU,Curve and Grade,Cloudy,Yield Sign,Dry,Not Applicable,"Other Motor Vehicle, Collision With",2
 Damage Accident,15:30,05/28/2014,Wednesday,Y,Daylight,WALLKILL,OVERTAKING,ORANGE,Straight and Level,Cloudy,None,Dry,Not Applicable,"Other Motor Vehicle, Collision With",2
 Damage Accident,7:55,01/09/2014,Thursday,Y,Daylight,PAWLING,REAR END,DUTCHESS,Straight and Level,Clear,No Passing Zone,Dry,Not Applicable,"Other Motor Vehicle, Collision With",2
 Damage Accident,18:14,07/29/2014,Tuesday,Y,Daylight,POUGHKEEPSIE,REAR END,DUTCHESS,Straight and Grade,Cloudy,Yield Sign,Dry,Not Applicable,"Other Motor Vehicle, Collision With",2
 Damage Accident,4:25,07/22/2014,Tuesday,Y,Dark-Road Unlighted,HENRIETTA,HEAD ON,MONROE,Straight and Level,Clear,None,Dry,Not Applicable,"Other Motor Vehicle, Collision With",2
 Damage Accident,0:00,01/05/2014,Sunday,N,Unknown,KINGS,OTHER,KINGS,Unknown,Unknown,Unknown,Unknown,Not Applicable,"Other Fixed Object*, Collision With Fixed Object",1
 Damage Accident,15:32,07/27/2014,Sunday,Y,Daylight,KENMORE,RIGHT ANGLE,ERIE,Straight and Level,Clear,Traffic Signal,Dry,Not Applicable,"Other Motor Vehicle, Collision With",2
 Damage Accident,20:40,01/22/2014,Wednesday,Y,Unknown,BRONX,OTHER,BRONX,Straight and Level,Snow,None,Snow/Ice,Not Applicable,"Other Motor Vehicle, Collision With",3
 Accident,12:14,12/20/2014,Saturday,Y,Daylight,WESTBURY,RIGHT ANGLE,NASSAU,Straight at Hill Crest,Clear,Stop Sign,Dry,Not Applicable,"Other Motor Vehicle, Collision With",2
 Damage Accident,6:14,08/18/2014,Monday,N,Unknown,HARTLAND,OTHER,NIAGARA,Unknown,Unknown,Unknown,Unknown,Not Applicable,Deer,1
 Damage Accident,11:25,02/02/2014,Sunday,Y,Daylight,HEMPSTEAD,OVERTAKING,NASSAU,Straight and Level,Cloudy,Traffic Signal,Dry,Not Applicable,"Other Motor Vehicle, Collision With",2
 Damage & Injury Accident,15:10,10/15/2014,Wednesday,Y,Daylight,BRONX,OTHER,BRONX,Straight and Grade,Clear,None,Dry,Not Applicable,"Other Fixed Object*, Collision With Fixed Object",1
 Damage Accident,12:58,03/11/2014,Tuesday,Y,Daylight,SCHENECTADY,OVERTAKING,SCHENECTADY,Straight and Level,Clear,None,Wet,Not Applicable,"Other Motor Vehicle, Collision With",2
 Damage & Injury Accident,18:43,10/13/2014,Monday,Y,Dark-Road Unlighted,ELLENBURG,OTHER,CLINTON,Straight and Level,Clear,None,Dry,Not Applicable,"Other Motor Vehicle, Collision With",3
 Damage Accident,10:04,04/16/2014,Wednesday,Y,Daylight,MOREAU,OTHER,SARATOGA,Curve and Grade,Clear,None,Dry,Not Applicable,"Earth Embankment/Rock Cut/Ditch, Collision With Fixed Object",1
 Accident,12:00,05/26/2014,Monday,Y,Daylight,BUFFALO,REAR END,ERIE,Straight and Level,Clear,None,Dry,Not Applicable,"Other Motor Vehicle, Collision With",2
 Accident,16:50,06/05/2014,Thursday,Y,Daylight,NEW YORK,Unknown,NEW YORK,Straight and Level,Clear,None,Dry,Not Applicable,"Other Motor Vehicle, Collision With",2
 Accident,16:02,09/28/2014,Sunday,Y,Daylight,VESTAL,OTHER,BROOME,Curve and Grade,Cloudy,None,Dry,Not Applicable,"Earth Embankment/Rock Cut/Ditch, Collision With Fixed Object",1
 Damage Accident,6:15,09/15/2014,Monday,Y,Dark-Road Lighted,BRONX,Unknown,BRONX,Straight and Grade,Unknown,None,Dry,Not Applicable,"Other Motor Vehicle, Collision With",2
 Damage Accident,11:32,01/04/2014,Saturday,Y,Daylight,GREECE,RIGHT ANGLE,MONROE,Straight and Level,Clear,Stop Sign,Snow/Ice,Not Applicable,"Other Motor Vehicle, Collision With",2
 Damage Accident,11:00,08/09/2014,Saturday,Y,Daylight,CLARKSTOWN,REAR END,ROCKLAND,Straight and Level,Clear,None,Dry,Not Applicable,"Other Motor Vehicle, Collision With",2
 Damage Accident,22:27,09/29/2014,Monday,Y,Dark-Road Unlighted,BROOKHAVEN,REAR END,SUFFOLK,Straight and Level,Cloudy,None,Dry,Not Applicable,"Other Motor Vehicle, Collision With",2
 Damage & Injury Accident,14:25,03/19/2014,Wednesday,Y,Daylight,KINGS,RIGHT ANGLE,KINGS,Straight and Level,Cloudy,Traffic Signal,Dry,Not Applicable,"Other Motor Vehicle, Collision With",2
 Damage Accident,22:29,11/01/2014,Saturday,Y,Dark-Road Lighted,SOLVAY,OVERTAKING,ONONDAGA,Straight and Grade,Cloudy,None,Dry,Not Applicable,"Other Motor Vehicle, Collision With",2
 Damage Accident,7:10,10/10/2014,Friday,Y,Dusk,CANISTEO,OTHER,STEUBEN,Straight and Level,Cloudy,No Passing Zone,Dry,Not Applicable,Deer,1
 Damage Accident,16:53,11/15/2014,Saturday,Y,Dark-Road Unlighted,OPPENHEIM,OTHER,FULTON,Straight and Grade,Clear,No Passing Zone,Dry,Not Applicable,Deer,1
 Damage Accident,11:00,01/10/2014,Friday,Y,Daylight,MINEOLA,OTHER,NASSAU,Straight and Level,Sleet/Hail/Freezing Rain,None,Snow/Ice,Not Applicable,"Other Motor Vehicle, Collision With",3
 Accident,19:40,01/23/2014,Thursday,N,Unknown,QUEENS,OTHER,QUEENS,Unknown,Unknown,Unknown,Unknown,Unknown,"Pedestrian, Collision With",1
 Damage Accident,16:39,02/13/2014,Thursday,Y,Dusk,MOUNT PLEASANT,OTHER,WESTCHESTER,Straight and Level,Sleet/Hail/Freezing Rain,Unknown,Snow/Ice,Not Applicable,"Snow Embankment, Collision With Fixed Object",1
 Damage Accident,6:50,08/12/2014,Tuesday,Y,Dawn,ONTARIO,REAR END,WAYNE,Straight and Level,Rain,None,Wet,Not Applicable,"Other Motor Vehicle, Collision With",2
 Damage & Injury Accident,14:25,08/15/2014,Friday,Y,Daylight,PRESTON,OTHER,CHENANGO,Straight and Level,Clear,None,Dry,Not Applicable,"Earth Embankment/Rock Cut/Ditch, Collision With Fixed Object",1
 Damage Accident,1:28,12/06/2014,Saturday,Y,Dark-Road Lighted,ISLIP,OVERTAKING,SUFFOLK,Straight and Level,Rain,None,Wet,Not Applicable,"Other Motor Vehicle, Collision With",2
 Damage & Injury Accident,18:07,03/07/2014,Friday,Y,Dark-Road Lighted,BROOKHAVEN,REAR END,SUFFOLK,Straight and Level,Cloudy,None,Dry,Not Applicable,"Other Motor Vehicle, Collision With",2
 Damage & Injury Accident,15:09,04/08/2014,Tuesday,Y,Daylight,BUFFALO,RIGHT ANGLE,ERIE,Straight and Level,Clear,None,Dry,Not Applicable,"Other Motor Vehicle, Collision With",2
 Damage Accident,19:10,11/22/2014,Saturday,Y,Dark-Road Lighted,ROCHESTER,OTHER,MONROE,Curve and Level,Snow,None,Snow/Ice,Not Applicable,"Guide Rail - Not At End, Collision With Fixed Object",1
 Damage Accident,11:52,02/26/2014,Wednesday,Y,Daylight,ALDEN,OTHER,ERIE,Curve and Level,Cloudy,None,Snow/Ice,Not Applicable,"Earth Embankment/Rock Cut/Ditch, Collision With Fixed Object",1
 Damage Accident,16:35,07/28/2014,Monday,Y,Daylight,HIGHLANDS,OVERTAKING,ORANGE,Straight and Level,Cloudy,None,Dry,Not Applicable,"Other Motor Vehicle, Collision With",2
 Damage & Injury Accident,12:30,08/22/2014,Friday,Y,Daylight,NEW YORK,OVERTAKING,NEW YORK,Straight and Level,Cloudy,Traffic Signal,Dry,Not Applicable,"Other Motor Vehicle, Collision With",2
 Damage Accident,16:45,09/27/2014,Saturday,Y,Daylight,CANTON,OVERTAKING,ST. LAWRENCE,Straight and Grade,Clear,None,Dry,Not Applicable,"Other Motor Vehicle, Collision With",2
 Damage Accident,16:30,05/28/2014,Wednesday,Y,Daylight,BRONX,REAR END,BRONX,Straight and Level,Clear,None,Dry,Not Applicable,"Other Motor Vehicle, Collision With",2
 Damage Accident,14:10,07/21/2014,Monday,Y,Daylight,ALBANY,REAR END,ALBANY,Straight and Level,Clear,None,Dry,Not Applicable,"Other Motor Vehicle, Collision With",2
 Accident,11:51,07/19/2014,Saturday,Y,Daylight,QUEENS,REAR END,QUEENS,Straight and Level,Clear,Traffic Signal,Dry,Not Applicable,"Other Motor Vehicle, Collision With",2
 Damage & Injury Accident,16:27,08/13/2014,Wednesday,Y,Daylight,ALBANY,OTHER,ALBANY,Straight and Level,Rain,None,Wet,Not Applicable,"Ran Off Roadway Only, Non-Collision",1
 Damage & Injury Accident,20:10,11/28/2014,Friday,Y,Dark-Road Lighted,OYSTER BAY,OVERTAKING,NASSAU,Straight and Level,Clear,None,Dry,Not Applicable,"Other Motor Vehicle, Collision With",2
 Damage Accident,7:55,01/18/2014,Saturday,Y,Daylight,CHENANGO,OTHER,BROOME,Straight and Level,Snow,No Passing Zone,Snow/Ice,Not Applicable,"Curbing, Collision With Fixed Object",1
 Damage Accident,7:50,10/15/2014,Wednesday,Y,Daylight,GREENFIELD,RIGHT ANGLE,SARATOGA,Straight and Grade,Cloudy,No Passing Zone,Dry,Not Applicable,"Other Motor Vehicle, Collision With",2
 Damage & Injury Accident,10:07,12/11/2014,Thursday,Y,Daylight,HUNTINGTON,Unknown,SUFFOLK,Straight and Level,Cloudy,None,Wet,Not Applicable,"Other Motor Vehicle, Collision With",2
 Damage Accident,10:00,08/11/2014,Monday,Y,Daylight,HEMPSTEAD,RIGHT ANGLE,NASSAU,Straight and Level,Clear,None,Dry,Not Applicable,"Other Motor Vehicle, Collision With",2
 Damage & Injury Accident,8:00,01/02/2014,Thursday,Y,Daylight,HEMPSTEAD,REAR END,NASSAU,Straight and Level,Snow,Traffic Signal,Snow/Ice,Not Applicable,"Other Motor Vehicle, Collision With",2
 Accident,18:47,01/06/2014,Monday,Y,Dark-Road Lighted,WHITE PLAINS,RIGHT ANGLE,WESTCHESTER,Straight and Level,Clear,Traffic Signal,Wet,Not Applicable,"Other Motor Vehicle, Collision With",2
 Damage Accident,15:45,02/07/2014,Friday,Y,Daylight,ALBANY,REAR END,ALBANY,Straight and Level,Clear,Traffic Signal,Wet,Not Applicable,"Other Motor Vehicle, Collision With",2
 Damage Accident,9:00,04/27/2014,Sunday,Y,Daylight,BRONX,REAR END,BRONX,Straight and Level,Clear,None,Dry,Not Applicable,"Other Motor Vehicle, Collision With",2
 Damage & Injury Accident,16:50,10/25/2014,Saturday,Y,Daylight,YONKERS,REAR END,WESTCHESTER,Straight and Grade,Clear,None,Dry,Not Applicable,"Other Motor Vehicle, Collision With",2
 Damage Accident,12:53,07/01/2014,Tuesday,Y,Daylight,UTICA,OVERTAKING,ONEIDA,Straight and Level,Clear,None,Dry,Not Applicable,"Other Motor Vehicle, Collision With",2
 Damage Accident,18:30,02/14/2014,Friday,N,Dark-Road Unlighted,HAMPTONBURGH,OTHER,ORANGE,Curve and Grade,Snow,Unknown,Snow/Ice,Not Applicable,Deer,1
 Damage Accident,13:04,09/08/2014,Monday,Y,Daylight,EVANS,REAR END,ERIE,Straight and Level,Clear,None,Dry,Not Applicable,"Other Motor Vehicle, Collision With",2
 Accident,15:50,01/13/2014,Monday,Y,Daylight,BRONX,OTHER,BRONX,Straight and Level,Clear,Traffic Signal,Dry,Other Actions in Roadway,"Bicyclist, Collision With",1
 Damage & Injury Accident,17:30,08/31/2014,Sunday,N,Dusk,BRONX,REAR END,BRONX,Straight and Level,Rain,None,Wet,Not Applicable,"Other Motor Vehicle, Collision With",2
 Damage & Injury Accident,22:48,11/22/2014,Saturday,Y,Dark-Road Unlighted,CLIFTON PARK,OTHER,SARATOGA,Curve and Level,Sleet/Hail/Freezing Rain,None,Snow/Ice,Not Applicable,"Overturned, Non-Collision",1
 Damage Accident,12:38,07/25/2014,Friday,Y,Daylight,COLONIE,LEFT TURN (3),ALBANY,Straight and Level,Clear,None,Dry,Not Applicable,"Other Motor Vehicle, Collision With",2
 Damage & Injury Accident,10:50,06/09/2014,Monday,Y,Daylight,BRONX,RIGHT ANGLE,BRONX,Straight and Level,Rain,Stop Sign,Wet,Not Applicable,"Other Motor Vehicle, Collision With",2
 Damage Accident,22:20,11/27/2014,Thursday,Y,Dark-Road Unlighted,NEW BERLIN,OTHER,CHENANGO,Straight and Level,Cloudy,None,Wet,Not Applicable,Deer,1
 Accident,10:10,07/15/2014,Tuesday,Y,Daylight,BRONX,OTHER,BRONX,Curve and Level,Clear,Traffic Signal,Dry,Not Applicable,"Other Motor Vehicle, Collision With",3
 Damage Accident,8:35,10/10/2014,Friday,Y,Daylight,KINGS,Unknown,KINGS,Straight and Level,Clear,None,Dry,Not Applicable,"Other Motor Vehicle, Collision With",2
 Damage & Injury Accident,11:43,05/19/2014,Monday,Y,Daylight,BRONX,RIGHT ANGLE,BRONX,Straight and Level,Clear,None,Dry,Not Applicable,"Other Motor Vehicle, Collision With",2
 Accident,14:54,11/11/2014,Tuesday,Y,Daylight,SOUTHAMPTON,OTHER,SUFFOLK,Straight and Level,Clear,None,Dry,"Crossing, Against Signal","Bicyclist, Collision With",1
 Damage & Injury Accident,13:15,04/25/2014,Friday,N,Unknown,BABYLON,REAR END,SUFFOLK,Unknown,Unknown,Unknown,Unknown,Not Applicable,"Other Motor Vehicle, Collision With",2
 Damage Accident,18:01,07/23/2014,Wednesday,Y,Daylight,MORAVIA,OTHER,CAYUGA,Curve and Grade,Cloudy,No Passing Zone,Wet,Not Applicable,"Ran Off Roadway Only, Non-Collision",1
 Damage Accident,20:00,10/14/2014,Tuesday,Y,Dark-Road Lighted,KINGS,Unknown,KINGS,Straight and Level,Clear,None,Dry,Not Applicable,"Other Motor Vehicle, Collision With",2
 Damage Accident,16:51,12/29/2014,Monday,Y,Dark-Road Lighted,HEMPSTEAD,REAR END,NASSAU,Straight and Level,Clear,None,Dry,Not Applicable,"Other Motor Vehicle, Collision With",2
 Damage & Injury Accident,17:00,05/25/2014,Sunday,N,Unknown,,REAR END,NASSAU,Unknown,Unknown,Unknown,Unknown,Not Applicable,"Other Motor Vehicle, Collision With",2
 Damage Accident,0:40,02/05/2014,Wednesday,Y,Dark-Road Unlighted,WARWICK,OTHER,ORANGE,Straight and Level,Clear,No Passing Zone,Slush,Not Applicable,"Tree, Collision With Fixed Object",1
 Damage & Injury Accident,10:15,01/23/2014,Thursday,Y,Daylight,ISLIP,RIGHT ANGLE,SUFFOLK,Straight and Level,Clear,None,Snow/Ice,Not Applicable,"Other Motor Vehicle, Collision With",2
 Damage Accident,16:54,04/10/2014,Thursday,Y,Daylight,DANSVILLE,RIGHT ANGLE,LIVINGSTON,Straight and Level,Cloudy,Traffic Signal,Dry,Not Applicable,"Other Motor Vehicle, Collision With",2
 Damage Accident,9:31,07/17/2014,Thursday,Y,Daylight,COLONIE,RIGHT TURN (6),ALBANY,Straight and Level,Clear,None,Dry,Not Applicable,"Other Motor Vehicle, Collision With",2
 Damage & Injury Accident,6:44,02/14/2014,Friday,Y,Dawn,YONKERS,OTHER,WESTCHESTER,Curve and Level,Cloudy,None,Slush,Not Applicable,"Other Motor Vehicle, Collision With",3
 Damage Accident,16:33,04/03/2014,Thursday,Y,Daylight,CLAY,OTHER,ONONDAGA,Curve and Level,Clear,None,Dry,Not Applicable,"Tree, Collision With Fixed Object",1
 Damage & Injury Accident,12:55,03/22/2014,Saturday,Y,Daylight,KINGS,OTHER,KINGS,Straight and Level,Clear,Traffic Signal,Dry,Not Applicable,"Other Motor Vehicle, Collision With",3
 Damage Accident,18:53,03/29/2014,Saturday,Y,Dusk,AMHERST,OTHER,ERIE,Straight and Level,Sleet/Hail/Freezing Rain,None,Snow/Ice,Not Applicable,"Guide Rail - Not At End, Collision With Fixed Object",1
 Damage Accident,14:04,01/25/2014,Saturday,Y,Daylight,EAST BLOOMFIELD,OTHER,ONTARIO,Straight and Grade,Cloudy,No Passing Zone,Snow/Ice,Not Applicable,"Sign Post, Collision With Fixed Object",1
 Damage Accident,18:00,11/17/2014,Monday,N,Dark-Road Lighted,NEW YORK,REAR END,NEW YORK,Straight and Level,Rain,Other,Wet,Not Applicable,"Other Motor Vehicle, Collision With",2
 Damage Accident,16:45,12/24/2014,Wednesday,Y,Dusk,LEON,OTHER,CATTARAUGUS,Straight and Level,Clear,None,Dry,Not Applicable,Deer,1
 Damage Accident,0:00,03/08/2014,Saturday,N,Unknown,QUEENS,Unknown,QUEENS,Unknown,Unknown,Unknown,Unknown,Not Applicable,"Other Motor Vehicle, Collision With",2
 Damage Accident,0:00,05/23/2014,Friday,N,Unknown,VICTOR,REAR END,ONTARIO,Unknown,Unknown,Unknown,Unknown,Not Applicable,"Other Motor Vehicle, Collision With",2
 Damage Accident,12:05,02/03/2014,Monday,Y,Daylight,HEMPSTEAD,OTHER,NASSAU,Straight and Level,Snow,None,Snow/Ice,Not Applicable,"Tree, Collision With Fixed Object",1
 Damage Accident,1:00,10/15/2014,Wednesday,Y,Dark-Road Lighted,HUNTINGTON,OTHER,SUFFOLK,Curve and Level,Clear,None,Dry,Not Applicable,"Guide Rail - Not At End, Collision With Fixed Object",1
 Damage Accident,19:09,02/27/2014,Thursday,Y,Dark-Road Lighted,OYSTER BAY,OTHER,NASSAU,Curve and Grade,Snow,None,Snow/Ice,Not Applicable,"Tree, Collision With Fixed Object",1
 Damage Accident,2:30,03/11/2014,Tuesday,Y,Dark-Road Lighted,QUEENS,RIGHT ANGLE,QUEENS,Straight and Level,Clear,Stop Sign,Dry,Not Applicable,"Other Motor Vehicle, Collision With",2
 Accident,8:30,04/07/2014,Monday,Y,Daylight,BRONX,OVERTAKING,BRONX,Straight and Level,Clear,Traffic Signal,Dry,Not Applicable,"Other Motor Vehicle, Collision With",2
 Accident,11:04,11/03/2014,Monday,Y,Daylight,OYSTER BAY,OTHER,NASSAU,Straight and Level,Clear,None,Dry,"Crossing, No Signal or Crosswalk","Pedestrian, Collision With",1
 Damage Accident,6:17,01/15/2014,Wednesday,Y,Dark-Road Unlighted,GUILFORD,OTHER,CHENANGO,Straight and Level,Clear,None,Dry,Not Applicable,Deer,1
 Damage Accident,13:04,02/26/2014,Wednesday,Y,Daylight,NEWBURGH,RIGHT ANGLE,ORANGE,Straight and Level,Clear,None,Dry,Not Applicable,"Other Motor Vehicle, Collision With",2
 Damage Accident,13:10,02/16/2014,Sunday,Y,Daylight,SMITHTOWN,Unknown,SUFFOLK,Straight and Level,Clear,Stop Sign,Dry,Not Applicable,"Other Motor Vehicle, Collision With",2
 Damage & Injury Accident,10:20,12/14/2014,Sunday,Y,Daylight,KINGS,OTHER,KINGS,Straight and Level,Clear,Traffic Signal,Dry,Not Applicable,"Other Motor Vehicle, Collision With",3
 Damage & Injury Accident,16:03,01/06/2014,Monday,Y,Daylight,BIG FLATS,LEFT TURN (3),CHEMUNG,Straight and Level,Cloudy,Stop Sign,Dry,Not Applicable,"Other Motor Vehicle, Collision With",2
 Damage Accident,15:00,11/06/2014,Thursday,Y,Daylight,KINGS,OVERTAKING,KINGS,Straight and Level,Rain,None,Wet,Not Applicable,"Other Motor Vehicle, Collision With",2
 Damage Accident,17:17,10/07/2014,Tuesday,Y,Daylight,GATES,REAR END,MONROE,Straight and Level,Cloudy,None,Dry,Not Applicable,"Other Motor Vehicle, Collision With",2
 Damage Accident,14:40,08/16/2014,Saturday,Y,Daylight,NEW PALTZ,REAR END,ULSTER,Straight and Level,Cloudy,None,Dry,Not Applicable,"Other Motor Vehicle, Collision With",2
 Damage Accident,10:05,09/26/2014,Friday,Y,Daylight,BUFFALO,OTHER,ERIE,Straight and Grade,Clear,None,Dry,Not Applicable,"Curbing, Collision With Fixed Object",1
 Damage Accident,19:45,06/05/2014,Thursday,Y,Daylight,BATAVIA,OTHER,GENESEE,Straight and Level,Clear,None,Dry,Not Applicable,Deer,1
 Accident,10:01,12/07/2014,Sunday,Y,Daylight,HIGHLANDS,REAR END,ORANGE,Straight and Level,Clear,Yield Sign,Dry,Not Applicable,"Other Motor Vehicle, Collision With",2
 Damage Accident,6:35,11/10/2014,Monday,Y,Dawn,PERINTON,OTHER,MONROE,Straight and Level,Cloudy,None,Dry,Not Applicable,Deer,1
 Damage Accident,7:56,10/15/2014,Wednesday,Y,Daylight,MILTON,OTHER,SARATOGA,Curve and Grade,Cloudy,No Passing Zone,Dry,Not Applicable,Deer,1
 Damage Accident,15:30,01/29/2014,Wednesday,Y,Daylight,ISLIP,LEFT TURN (3),SUFFOLK,Curve and Level,Clear,None,Dry,Not Applicable,"Other Motor Vehicle, Collision With",2
 Damage Accident,13:55,08/15/2014,Friday,Y,Daylight,KINGS,LEFT TURN (3),KINGS,Straight and Level,Clear,Stop Sign,Dry,Not Applicable,"Other Motor Vehicle, Collision With",2
 Damage Accident,17:21,06/03/2014,Tuesday,Y,Daylight,BABYLON,RIGHT ANGLE,SUFFOLK,Straight and Level,Clear,Unknown,Dry,Not Applicable,"Other Motor Vehicle, Collision With",2
 Damage & Injury Accident,11:35,01/10/2014,Friday,Y,Daylight,LYSANDER,OTHER,ONONDAGA,Straight and Level,Cloudy,No Passing Zone,Slush,Not Applicable,"Earth Embankment/Rock Cut/Ditch, Collision With Fixed Object",1
 Damage Accident,0:00,10/12/2014,Sunday,N,Unknown,,REAR END,ORANGE,Unknown,Unknown,Unknown,Unknown,Not Applicable,"Other Motor Vehicle, Collision With",2
 Accident,12:30,05/10/2014,Saturday,Y,Daylight,RICHMOND,RIGHT ANGLE,RICHMOND,Straight and Level,Clear,None,Dry,Not Applicable,"Other Motor Vehicle, Collision With",2
 Accident,20:07,06/24/2014,Tuesday,Y,Daylight,BRONX,OTHER,BRONX,Straight and Level,Clear,Traffic Signal,Dry,"Crossing, With Signal","Pedestrian, Collision With",1
 Damage Accident,17:30,03/13/2014,Thursday,N,Daylight,QUEENS,REAR END,QUEENS,Straight and Level,Clear,None,Dry,Not Applicable,"Other Motor Vehicle, Collision With",2
 Damage Accident,17:40,12/08/2014,Monday,Y,Dark-Road Lighted,ULSTER,OVERTAKING,ULSTER,Straight and Level,Cloudy,None,Dry,Not Applicable,"Other Motor Vehicle, Collision With",2
 Accident,8:50,05/07/2014,Wednesday,Y,Daylight,HEMPSTEAD,OTHER,NASSAU,Straight and Level,Clear,Traffic Signal,Dry,Not Applicable,"Other Motor Vehicle, Collision With",3