 Descriptor,Time,Date,Day of Week,Police Report,Lighting Conditions,Municipality,Collision Type Descriptor,County Name,Road Descriptor,Weather Conditions,Traffic Control Device,Road Surface Conditions,Pedestrian Bicyclist Action,Event Descriptor,Number of Vehicles Involved
 Damage Accident,15:43,11/20/2014,Thursday,Y,Daylight,NIAGARA FALLS,RIGHT ANGLE,NIAGARA,Straight and Level,Clear,Stop Sign,Snow/Ice,Not Applicable,"Other Motor Vehicle, Collision With",2
 Accident,22:45,09/27/2014,Saturday,Y,Dark-Road Lighted,NEW YORK,OVERTAKING,NEW YORK,Straight and Level,Clear,None,Dry,Not Applicable,"Other Motor Vehicle, Collision With",2
 Damage Accident,22:59,04/01/2014,Tuesday,Y,Dark-Road Lighted,GREECE,OTHER,MONROE,Straight and Level,Clear,Stop Sign,Dry,Not Applicable,"Earth Embankment/Rock Cut/Ditch, Collision With Fixed Object",1
 Damage Accident,11:50,10/24/2014,Friday,Y,Daylight,ALBANY,LEFT TURN (0),ALBANY,Straight and Level,Rain,Traffic Signal,Wet,Not Applicable,"Other Motor Vehicle, Collision With",2
 Accident,16:30,04/27/2014,Sunday,Y,Daylight,KINGS,RIGHT ANGLE,KINGS,Straight and Level,Clear,Traffic Signal,Dry,Not Applicable,"Other Motor Vehicle, Collision With",2
 Damage & Injury Accident,15:42,09/03/2014,Wednesday,Y,Daylight,POUGHKEEPSIE,RIGHT ANGLE,DUTCHESS,Straight and Level,Clear,Stop Sign,Dry,Not Applicable,"Other Motor Vehicle, Collision With",2
 Damage Accident,14:45,06/27/2014,Friday,Y,Daylight,SPRINGVILLE,OTHER,ERIE,Straight and Level,Clear,None,Dry,Not Applicable,"Other Motor Vehicle, Collision With",4
 Damage Accident,11:05,05/06/2014,Tuesday,Y,Daylight,POUND RIDGE,OTHER,WESTCHESTER,Curve and Grade,Clear,None,Dry,Not Applicable,"Earth Embankment/Rock Cut/Ditch, Collision With Fixed Object",1
 Damage Accident,8:38,02/26/2014,Wednesday,Y,Daylight,SCHENECTADY,OVERTAKING,SCHENECTADY,Straight and Grade,Clear,None,Dry,Not Applicable,"Other Motor Vehicle, Collision With",2
 Accident,6:50,09/06/2014,Saturday,Y,Daylight,KINGS,OTHER,KINGS,Straight and Level,Clear,Stop Sign,Dry,Not Applicable,"Other Motor Vehicle, Collision With",3
 Damage Accident,6:42,02/13/2014,Thursday,Y,Dawn,GAINES,OTHER,ORLEANS,Straight and Level,Cloudy,None,Dry,Not Applicable,"Animal, Collision With",1
 Damage Accident,17:30,12/23/2014,Tuesday,N,Dark-Road Lighted,KINGS,Unknown,KINGS,Straight and Level,Clear,Stop Sign,Dry,Not Applicable,"Other Motor Vehicle, Collision With",2
 Damage & Injury Accident,5:30,06/30/2014,Monday,N,Dawn,BROOKHAVEN,OTHER,SUFFOLK,Straight and Level,Clear,None,Dry,Not Applicable,"Light Support/Utility Pole, Collision With Fixed Object",1
 Damage Accident,5:00,01/18/2014,Saturday,N,Dark-Road Unlighted,WHITE PLAINS,OTHER,WESTCHESTER,Curve and Level,Other*,None,Dry,Not Applicable,"Animal, Collision With",1
 Damage Accident,14:58,02/01/2014,Saturday,Y,Daylight,,RIGHT ANGLE,UNKNOWN,Straight and Level,Snow,None,Wet,Not Applicable,"Other Motor Vehicle, Collision With",2
 Damage Accident,15:14,05/13/2014,Tuesday,Y,Daylight,HEMPSTEAD,REAR END,NASSAU,Curve and Level,Clear,None,Dry,Not Applicable,"Other Motor Vehicle, Collision With",2
 Damage Accident,20:05,11/06/2014,Thursday,Y,Dark-Road Unlighted,ODESSA,OTHER,SCHUYLER,Straight and Grade,Rain,None,Wet,Not Applicable,"Guide Rail - Not At End, Collision With Fixed Object",1
 Damage Accident,10:00,04/21/2014,Monday,N,Daylight,,OTHER,ROCKLAND,Straight and Grade,Clear,Unknown,Dry,Not Applicable,"Other*, Non-Collision",1
 Damage & Injury Accident,12:00,09/04/2014,Thursday,N,Unknown,QUEENS,OVERTAKING,QUEENS,Unknown,Unknown,Unknown,Unknown,Not Applicable,"Other Motor Vehicle, Collision With",2
 Damage Accident,11:19,12/24/2014,Wednesday,Y,Daylight,HEMPSTEAD,OVERTAKING,NASSAU,Straight and Level,Rain,None,Wet,Not Applicable,"Light Support/Utility Pole, Collision With Fixed Object",2
 Damage Accident,17:25,10/17/2014,Friday,Y,Daylight,ISLANDIA,REAR END,SUFFOLK,Straight and Level,Clear,None,Dry,Not Applicable,"Other Motor Vehicle, Collision With",2
 Damage Accident,18:15,11/26/2014,Wednesday,Y,Dark-Road Unlighted,BIG FLATS,OTHER,CHEMUNG,Straight and Level,Snow,No Passing Zone,Snow/Ice,Not Applicable,"Light Support/Utility Pole, Collision With Fixed Object",1
 Damage & Injury Accident,16:39,08/25/2014,Monday,Y,Daylight,DOVER,RIGHT ANGLE,DUTCHESS,Straight and Grade,Clear,Stop Sign,Dry,Not Applicable,"Other Motor Vehicle, Collision With",2
 Damage Accident,15:58,09/04/2014,Thursday,Y,Daylight,BUFFALO,OTHER,ERIE,Straight and Level,Clear,None,Dry,Not Applicable,"Other Motor Vehicle, Collision With",4
 Damage Accident,20:26,06/01/2014,Sunday,Y,Dark-Road Unlighted,KENT,OTHER,PUTNAM,Curve and Grade,Clear,No Passing Zone,Dry,Not Applicable,"Light Support/Utility Pole, Collision With Fixed Object",1
 Damage Accident,11:06,01/29/2014,Wednesday,Y,Daylight,OLD BROOKVILLE,REAR END,NASSAU,Straight and Level,Clear,Traffic Signal,Wet,Not Applicable,"Other Motor Vehicle, Collision With",2
 Damage & Injury Accident,15:17,03/13/2014,Thursday,Y,Daylight,NEW HEMPSTEAD,OTHER,ROCKLAND,Straight and Level,Clear,None,Dry,Not Applicable,"Other Motor Vehicle, Collision With",3
 Damage & Injury Accident,15:34,04/24/2014,Thursday,Y,Daylight,POESTENKILL,OTHER,RENSSELAER,Curve and Grade,Clear,No Passing Zone,Dry,Not Applicable,"Earth Embankment/Rock Cut/Ditch, Collision With Fixed Object",1
 Damage Accident,20:30,12/17/2014,Wednesday,Y,Dark-Road Lighted,NEW YORK,OVERTAKING,NEW YORK,Straight and Level,Cloudy,Traffic Signal,Dry,Not Applicable,"Other Motor Vehicle, Collision With",2
 Damage Accident,21:00,07/25/2014,Friday,Y,Dark-Road Lighted,NEW YORK,OVERTAKING,NEW YORK,Straight and Level,Clear,Traffic Signal,Dry,Not Applicable,"Other Motor Vehicle, Collision With",2
 Accident,18:40,02/23/2014,Sunday,Y,Dark-Road Lighted,RICHMOND,OTHER,RICHMOND,Straight and Level,Clear,None,Dry,Riding/Walking/Skating Along Highway With Traffic,"Bicyclist, Collision With",1
 Damage Accident,20:03,06/24/2014,Tuesday,Y,Dusk,NISKAYUNA,OTHER,SCHENECTADY,Straight at Hill Crest,Cloudy,None,Dry,Not Applicable,Deer,1
 Damage & Injury Accident,10:00,12/09/2014,Tuesday,Y,Daylight,BRONX,Unknown,BRONX,Straight and Level,Rain,None,Wet,Not Applicable,"Other Motor Vehicle, Collision With",2
 Damage Accident,18:00,06/24/2014,Tuesday,N,Daylight,CLARKSTOWN,Unknown,ROCKLAND,Straight and Level,Clear,None,Dry,Not Applicable,"Other Motor Vehicle, Collision With",2
 Damage Accident,9:20,07/13/2014,Sunday,Y,Daylight,BAXTER ESTATES,Unknown,NASSAU,Curve and Grade,Clear,Stop Sign,Dry,Not Applicable,"Other Motor Vehicle, Collision With",2
 Accident,13:47,09/03/2014,Wednesday,Y,Daylight,GREECE,OTHER,MONROE,Straight and Level,Clear,None,Dry,Not Applicable,"Building/Wall, Collision With Fixed Object",1
 Damage Accident,14:26,02/22/2014,Saturday,Y,Daylight,ELMIRA,REAR END,CHEMUNG,Straight and Level,Clear,None,Dry,Not Applicable,"Other Motor Vehicle, Collision With",2
 Damage Accident,15:46,07/06/2014,Sunday,Y,Daylight,ALBANY,OVERTAKING,ALBANY,Straight and Grade,Clear,None,Dry,Not Applicable,"Other Motor Vehicle, Collision With",2
 Damage Accident,13:56,07/28/2014,Monday,Y,Daylight,WEST SENECA,OVERTAKING,ERIE,Straight and Level,Rain,None,Wet,Not Applicable,"Other Motor Vehicle, Collision With",2
 Damage Accident,22:23,02/09/2014,Sunday,Y,Dark-Road Unlighted,UNADILLA,OTHER,OTSEGO,Curve and Grade,Snow,Stop Sign,Snow/Ice,Not Applicable,"Sign Post, Collision With Fixed Object",1
 Damage Accident,1:21,08/01/2014,Friday,Y,Dark-Road Lighted,RHINEBECK,OTHER,DUTCHESS,Straight and Level,Clear,Stop Sign,Dry,Not Applicable,"Light Support/Utility Pole, Collision With Fixed Object",1
 Damage Accident,5:00,01/03/2014,Friday,Y,Dark-Road Lighted,BUFFALO,HEAD ON,ERIE,Straight and Grade,Snow,None,Snow/Ice,Not Applicable,"Other Motor Vehicle, Collision With",2
 Damage Accident,21:00,01/14/2014,Tuesday,Y,Dark-Road Unlighted,WALLKILL,OTHER,ORANGE,Straight and Level,Rain,No Passing Zone,Wet,Not Applicable,Deer,1
 Damage Accident,6:05,04/06/2014,Sunday,Y,Dawn,NORTH HEMPSTEAD,OTHER,NASSAU,Curve and Level,Cloudy,None,Dry,Not Applicable,"Median - Not At End, Collision With Fixed Object",1
 Damage & Injury Accident,18:52,03/21/2014,Friday,Y,Dusk,LA GRANGE,REAR END,DUTCHESS,Straight and Level,Clear,None,Dry,Not Applicable,"Other Motor Vehicle, Collision With",2
 Damage Accident,15:09,12/01/2014,Monday,Y,Daylight,OSWEGO,OVERTAKING,OSWEGO,Straight and Level,Cloudy,None,Dry,Not Applicable,"Other Motor Vehicle, Collision With",2
 Damage & Injury Accident,15:20,04/17/2014,Thursday,Y,Daylight,BABYLON,RIGHT ANGLE,SUFFOLK,Straight and Level,Clear,Stop Sign,Dry,Not Applicable,"Other Motor Vehicle, Collision With",2
 Damage Accident,14:53,11/21/2014,Friday,Y,Daylight,PHILADELPHIA,RIGHT ANGLE,JEFFERSON,Straight and Level,Clear,None,Dry,Not Applicable,"Other Motor Vehicle, Collision With",2
 Damage & Injury Accident,13:50,01/27/2014,Monday,Y,Daylight,OLD WESTBURY,REAR END,NASSAU,Straight and Level,Cloudy,Traffic Signal,Wet,Not Applicable,"Other Motor Vehicle, Collision With",2
 Damage Accident,9:37,08/11/2014,Monday,Y,Daylight,FARMINGTON,OTHER,ONTARIO,Straight and Level,Clear,None,Dry,Not Applicable,"Fire/Explosion, Non-Collision",1
 Damage Accident,20:58,11/19/2014,Wednesday,Y,Dark-Road Lighted,RIVERHEAD,OTHER,SUFFOLK,Straight and Level,Clear,None,Dry,Not Applicable,"Light Support/Utility Pole, Collision With Fixed Object",1
 Damage Accident,9:15,07/11/2014,Friday,Y,Daylight,WAWAYANDA,RIGHT ANGLE,ORANGE,Straight and Level,Clear,None,Dry,Not Applicable,"Other Motor Vehicle, Collision With",2
 Damage Accident,17:30,07/01/2014,Tuesday,Y,Daylight,HUNTINGTON,Unknown,SUFFOLK,Straight and Level,Clear,None,Dry,Not Applicable,"Other Motor Vehicle, Collision With",2
 Damage Accident,12:09,08/20/2014,Wednesday,Y,Daylight,WATERTOWN,OVERTAKING,JEFFERSON,Curve and Level,Clear,Traffic Signal,Dry,Not Applicable,"Other Motor Vehicle, Collision With",2
 Damage Accident,0:00,07/27/2014,Sunday,N,Unknown,WELLSVILLE,OTHER,ALLEGANY,Unknown,Unknown,Unknown,Unknown,Not Applicable,Deer,1
 Damage & Injury Accident,15:45,08/06/2014,Wednesday,Y,Daylight,BROOKHAVEN,OVERTAKING,SUFFOLK,Straight and Level,Clear,Traffic Signal,Dry,Not Applicable,"Other Motor Vehicle, Collision With",2
 Accident,11:30,06/07/2014,Saturday,Y,Daylight,KENT,OTHER,PUTNAM,Straight and Grade,Clear,Stop Sign,Dry,Riding/Walking/Skating Along Highway With Traffic,"Bicyclist, Collision With",1
 Damage & Injury Accident,11:13,04/14/2014,Monday,Y,Daylight,OSWEGO,OTHER,OSWEGO,Straight and Level,Clear,None,Dry,Not Applicable,"Other Motor Vehicle, Collision With",3
 Damage & Injury Accident,17:56,11/01/2014,Saturday,Y,Dark-Road Lighted,POTSDAM,RIGHT ANGLE,ST. LAWRENCE,Straight at Hill Crest,Rain,No Passing Zone,Wet,Not Applicable,"Other Motor Vehicle, Collision With",2
 Damage Accident,1:04,12/23/2014,Tuesday,Y,Dark-Road Lighted,SCHENECTADY,OTHER,SCHENECTADY,Curve and Level,Rain,None,Wet,Not Applicable,"Light Support/Utility Pole, Collision With Fixed Object",1
 Accident,15:30,07/29/2014,Tuesday,Y,Daylight,QUEENS,REAR END,QUEENS,Straight and Level,Clear,Traffic Signal,Dry,Not Applicable,"Other Motor Vehicle, Collision With",2
 Damage Accident,6:34,03/24/2014,Monday,Y,Dawn,CAZENOVIA,OTHER,MADISON,Straight and Level,Clear,None,Dry,Not Applicable,Deer,1
 Damage Accident,20:30,10/01/2014,Wednesday,N,Dusk,VESTAL,OTHER,BROOME,Straight and Level,Clear,None,Dry,Not Applicable,Deer,1
 Accident,15:47,08/27/2014,Wednesday,Y,Daylight,KINGS,Unknown,KINGS,Straight and Level,Clear,Traffic Signal,Dry,Not Applicable,"Other Motor Vehicle, Collision With",2
 Damage Accident,7:50,06/13/2014,Friday,Y,Daylight,NORTH HEMPSTEAD,REAR END,NASSAU,Straight and Grade,Cloudy,None,Wet,Not Applicable,"Other Motor Vehicle, Collision With",2
 Accident,3:20,03/09/2014,Sunday,Y,Dark-Road Lighted,QUEENS,Unknown,QUEENS,Straight and Level,Clear,Traffic Signal,Dry,Not Applicable,"Other Motor Vehicle, Collision With",2
 Accident,16:30,09/13/2014,Saturday,Y,Daylight,QUEENS,REAR END,QUEENS,Straight and Level,Rain,Unknown,Wet,Not Applicable,"Other Motor Vehicle, Collision With",2
 Damage Accident,5:30,01/08/2014,Wednesday,N,Unknown,BRONX,OTHER,BRONX,Unknown,Unknown,Unknown,Unknown,Not Applicable,"Other*, Non-Collision",1
 Accident,9:49,07/26/2014,Saturday,Y,Daylight,IRONDEQUOIT,LEFT TURN (3),MONROE,Straight and Level,Cloudy,Traffic Signal,Dry,Not Applicable,"Other Motor Vehicle, Collision With",2
 Damage Accident,6:09,02/28/2014,Friday,Y,Daylight,ALLEGANY,OTHER,CATTARAUGUS,Curve and Level,Clear,None,Dry,Not Applicable,"Guide Rail - Not At End, Collision With Fixed Object",1
 Damage & Injury Accident,23:05,03/29/2014,Saturday,Y,Dark-Road Lighted,HEMPSTEAD,OTHER,NASSAU,Straight and Level,Rain,None,Wet,Not Applicable,"Light Support/Utility Pole, Collision With Fixed Object",1
 Damage Accident,17:37,09/12/2014,Friday,Y,Daylight,PERINTON,OTHER,MONROE,Straight and Level,Clear,Stop Sign,Dry,Not Applicable,"Tree, Collision With Fixed Object",1
 Damage Accident,15:55,02/19/2014,Wednesday,Y,Daylight,JOHNSON CITY,RIGHT ANGLE,BROOME,Straight and Level,Cloudy,Yield Sign,Wet,Not Applicable,"Other Motor Vehicle, Collision With",2
 Damage & Injury Accident,14:11,01/04/2014,Saturday,Y,Daylight,ALBANY,OTHER,ALBANY,Curve and Grade,Clear,None,Snow/Ice,Not Applicable,"Guide Rail - Not At End, Collision With Fixed Object",1
 Accident,9:00,06/04/2014,Wednesday,Y,Daylight,OTISCO,OTHER,ONONDAGA,Straight and Grade,Clear,None,Dry,Not Applicable,"Earth Embankment/Rock Cut/Ditch, Collision With Fixed Object",2
 Damage Accident,17:13,01/13/2014,Monday,Y,Dark-Road Unlighted,ONONDAGA,OTHER,ONONDAGA,Straight and Level,Cloudy,No Passing Zone,Dry,Not Applicable,Deer,1
 Damage & Injury Accident,16:00,09/17/2014,Wednesday,Y,Daylight,KINGS,REAR END,KINGS,Straight and Level,Clear,Traffic Signal,Dry,Not Applicable,"Other Motor Vehicle, Collision With",2
 Damage Accident,20:07,07/17/2014,Thursday,Y,Dusk,CARMEL,OTHER,PUTNAM,Curve at Hill Crest,Clear,None,Dry,Not Applicable,"Guide Rail - Not At End, Collision With Fixed Object",1
 Damage Accident,10:00,09/06/2014,Saturday,Y,Daylight,HEMPSTEAD,Unknown,NASSAU,Straight and Level,Clear,None,Dry,Not Applicable,"Other Motor Vehicle, Collision With",2
 Damage Accident,11:27,05/19/2014,Monday,Y,Daylight,HEMPSTEAD,REAR END,NASSAU,Curve and Grade,Clear,Stop Sign,Dry,Not Applicable,"Other Motor Vehicle, Collision With",2
 Accident,12:35,05/26/2014,Monday,Y,Daylight,MAMARONECK,HEAD ON,WESTCHESTER,Straight and Level,Clear,None,Dry,Not Applicable,"Other Motor Vehicle, Collision With",2
 Damage Accident,9:21,11/12/2014,Wednesday,Y,Daylight,HARRISON,REAR END,WESTCHESTER,Straight and Level,Cloudy,None,Wet,Not Applicable,"Other Motor Vehicle, Collision With",2
 Damage Accident,10:00,01/04/2014,Saturday,Y,Daylight,NORTH HEMPSTEAD,RIGHT ANGLE,NASSAU,Straight and Level,Clear,None,Snow/Ice,Not Applicable,"Other Motor Vehicle, Collision With",2
 Damage Accident,16:00,02/20/2014,Thursday,N,Unknown,,OVERTAKING,UNKNOWN,Unknown,Unknown,Unknown,Unknown,Not Applicable,"Other Motor Vehicle, Collision With",2
 Damage Accident,12:25,01/09/2014,Thursday,Y,Daylight,QUEENS,OVERTAKING,QUEENS,Straight and Level,Clear,Unknown,Dry,Not Applicable,"Other Motor Vehicle, Collision With",2
 Damage Accident,7:15,05/25/2014,Sunday,Y,Daylight,LEROY,OTHER,GENESEE,Curve and Level,Clear,None,Dry,Not Applicable,"Light Support/Utility Pole, Collision With Fixed Object",1
 Damage Accident,0:00,09/17/2014,Wednesday,N,Unknown,CANTON,OTHER,ST. LAWRENCE,Unknown,Unknown,Unknown,Unknown,Not Applicable,Deer,1
 Damage & Injury Accident,18:10,05/27/2014,Tuesday,Y,Daylight,ALABAMA,OTHER,GENESEE,Curve and Level,Cloudy,None,Wet,Not Applicable,"Overturned, Non-Collision",1
 Accident,8:30,08/11/2014,Monday,Y,Daylight,KINGS,OTHER,KINGS,Straight and Level,Clear,Traffic Signal,Dry,Unknown,"Pedestrian, Collision With",1
 Damage Accident,17:02,10/21/2014,Tuesday,Y,Daylight,GATES,LEFT TURN (0),MONROE,Straight and Level,Rain,Yield Sign,Wet,Not Applicable,"Other Motor Vehicle, Collision With",2
 Damage Accident,18:22,11/13/2014,Thursday,Y,Dark-Road Lighted,NIAGARA,OTHER,NIAGARA,Curve and Level,Snow,None,Snow/Ice,Not Applicable,"Other Motor Vehicle, Collision With",3
 Damage Accident,15:00,05/08/2014,Thursday,N,Daylight,BROOKHAVEN,OTHER,SUFFOLK,Straight and Level,Rain,None,Wet,Not Applicable,"Sign Post, Collision With Fixed Object",1
 Damage & Injury Accident,1:42,05/23/2014,Friday,Y,Daylight,BRONX,OTHER,BRONX,Straight and Level,Cloudy,None,Dry,Not Applicable,"Other Motor Vehicle, Collision With",4
 Damage Accident,8:45,04/08/2014,Tuesday,N,Daylight,SYRACUSE,Unknown,ONONDAGA,Straight and Grade,Clear,None,Wet,Not Applicable,"Other Motor Vehicle, Collision With",2
 Damage Accident,15:20,01/23/2014,Thursday,Y,Daylight,WEBSTER,OTHER,MONROE,Curve and Grade,Cloudy,None,Snow/Ice,Not Applicable,"Guide Rail - Not At End, Collision With Fixed Object",1
 Damage Accident,22:00,11/05/2014,Wednesday,N,Unknown,NEW YORK,REAR END,NEW YORK,Unknown,Unknown,Unknown,Unknown,Not Applicable,"Other Motor Vehicle, Collision With",2
 Damage & Injury Accident,15:10,07/17/2014,Thursday,Y,Daylight,NEWBURGH,REAR END,ORANGE,Straight and Level,Cloudy,None,Dry,Not Applicable,"Other Motor Vehicle, Collision With",2
 Damage Accident,0:55,02/08/2014,Saturday,Y,Dark-Road Lighted,OYSTER BAY,REAR END,NASSAU,Straight and Level,Clear,None,Dry,Not Applicable,"Other Motor Vehicle, Collision With",2
 Damage & Injury Accident,12:38,01/15/2014,Wednesday,Y,Daylight,LLOYD,REAR END,ULSTER,Curve and Grade,Clear,None,Wet,Not Applicable,"Other Motor Vehicle, Collision With",2
 Damage Accident,17:57,02/25/2014,Tuesday,Y,Dusk,CLARKSTOWN,REAR END,ROCKLAND,Curve and Level,Cloudy,Stop Sign,Dry,Not Applicable,"Other Motor Vehicle, Collision With",2
 Damage & Injury Accident,14:46,01/24/2014,Friday,Y,Daylight,RHINEBECK,REAR END,DUTCHESS,Curve and Level,Clear,No Passing Zone,Dry,Not Applicable,"Other Motor Vehicle, Collision With",2
 Damage Accident,16:00,07/25/2014,Friday,Y,Daylight,HEMPSTEAD,REAR END,NASSAU,Straight and Level,Clear,None,Dry,Not Applicable,"Other Motor Vehicle, Collision With",2
 Damage & Injury Accident,22:25,10/21/2014,Tuesday,Y,Dark-Road Unlighted,SCHROON,OTHER,ESSEX,Straight and Grade,Clear,None,Wet,Not Applicable,"Tree, Collision With Fixed Object",1
 Damage & Injury Accident,6:57,02/14/2014,Friday,Y,Daylight,OLD WESTBURY,OTHER,NASSAU,Curve and Level,Cloudy,None,Slush,Not Applicable,"Other Motor Vehicle, Collision With",2
 Damage Accident,7:00,02/16/2014,Sunday,N,Unknown,CEDARHURST,Unknown,NASSAU,Unknown,Unknown,Unknown,Unknown,Not Applicable,"Other Motor Vehicle, Collision With",2
 Damage Accident,18:00,11/25/2014,Tuesday,N,Unknown,NEW ROCHELLE,Unknown,WESTCHESTER,Unknown,Unknown,Unknown,Unknown,Not Applicable,"Other Motor Vehicle, Collision With",2
 Damage & Injury Accident,10:38,02/07/2014,Friday,Y,Daylight,CANANDAIGUA,RIGHT ANGLE,ONTARIO,Straight and Grade,Clear,Traffic Signal,Wet,Not Applicable,"Other Motor Vehicle, Collision With",2
 Damage Accident,7:50,09/16/2014,Tuesday,Y,Daylight,BABYLON,REAR END,SUFFOLK,Curve and Grade,Cloudy,Stop Sign,Dry,Not Applicable,"Other Motor Vehicle, Collision With",2
 Damage Accident,7:50,04/01/2014,Tuesday,Y,Daylight,SCHROEPPEL,OTHER,OSWEGO,Straight and Level,Clear,No Passing Zone,Dry,Not Applicable,Deer,1
 Accident,13:30,10/10/2014,Friday,Y,Daylight,BAYVILLE,REAR END,NASSAU,Straight and Level,Clear,Traffic Signal,Dry,Not Applicable,"Other Motor Vehicle, Collision With",2
 Damage & Injury Accident,19:05,04/24/2014,Thursday,Y,Daylight,SMITHTOWN,Unknown,SUFFOLK,Straight and Level,Clear,None,Dry,Not Applicable,"Other Motor Vehicle, Collision With",2
 Damage & Injury Accident,12:45,06/07/2014,Saturday,Y,Daylight,HENRIETTA,REAR END,MONROE,Straight and Level,Clear,Traffic Signal,Dry,Not Applicable,"Other Motor Vehicle, Collision With",2
 Damage Accident,1:00,10/16/2014,Thursday,Y,Dark-Road Lighted,VALLEY STREAM,REAR END,NASSAU,Straight and Level,Rain,Stop Sign,Wet,Not Applicable,"Other Motor Vehicle, Collision With",2
 Damage & Injury Accident,8:51,04/05/2014,Saturday,Y,Daylight,BABYLON,REAR END,SUFFOLK,Straight and Level,Clear,Traffic Signal,Dry,Not Applicable,"Other Motor Vehicle, Collision With",2
 Damage Accident,11:18,09/10/2014,Wednesday,Y,Daylight,BEDFORD,OTHER,WESTCHESTER,Straight and Level,Clear,None,Dry,Not Applicable,"Building/Wall, Collision With Fixed Object",1
 Damage Accident,13:07,07/06/2014,Sunday,Y,Daylight,NORTH HARMONY,OTHER,CHAUTAUQUA,Straight and Level,Clear,None,Dry,Not Applicable,Deer,1
 Damage Accident,9:50,05/02/2014,Friday,Y,Daylight,SYRACUSE,REAR END,ONONDAGA,Curve and Grade,Cloudy,Stop Sign,Dry,Not Applicable,"Other Motor Vehicle, Collision With",2
 Damage Accident,20:54,05/06/2014,Tuesday,Y,Dark-Road Lighted,PENDLETON,LEFT TURN (0),NIAGARA,Straight and Level,Clear,None,Dry,Not Applicable,"Other Motor Vehicle, Collision With",2
 Damage Accident,17:14,08/19/2014,Tuesday,Y,Daylight,SYRACUSE,REAR END,ONONDAGA,Straight and Grade,Clear,None,Dry,Not Applicable,"Other Motor Vehicle, Collision With",2
 Damage & Injury Accident,0:39,12/21/2014,Sunday,Y,Dark-Road Unlighted,MOUNT PLEASANT,REAR END,WESTCHESTER,Straight and Level,Clear,None,Dry,Not Applicable,"Other Motor Vehicle, Collision With",2
 Accident,12:50,06/02/2014,Monday,Y,Daylight,BRONX,RIGHT ANGLE,BRONX,Straight and Grade,Clear,None,Dry,Not Applicable,"Other Motor Vehicle, Collision With",2
 Damage & Injury Accident,13:50,01/26/2014,Sunday,Y,Daylight,HOPEWELL,OTHER,ONTARIO,Straight and Level,Snow,None,Snow/Ice,Not Applicable,"Light Support/Utility Pole, Collision With Fixed Object",1
 Damage Accident,7:25,10/06/2014,Monday,Y,Daylight,GREAT NECK,REAR END,NASSAU,Straight and Level,Clear,None,Dry,Not Applicable,"Other Motor Vehicle, Collision With",2
 Damage Accident,15:30,03/16/2014,Sunday,Y,Daylight,QUEENS,OVERTAKING,QUEENS,Straight and Level,Clear,Traffic Signal,Dry,Not Applicable,"Other Motor Vehicle, Collision With",2
 Damage Accident,17:15,07/10/2014,Thursday,Y,Daylight,MIDDLETOWN,REAR END,DELAWARE,Straight and Grade,Cloudy,No Passing Zone,Dry,Not Applicable,"Other Motor Vehicle, Collision With",2
 Damage Accident,8:14,08/19/2014,Tuesday,Y,Daylight,GREENPORT,RIGHT ANGLE,COLUMBIA,Straight and Level,Clear,Stop Sign,Dry,Not Applicable,"Other Motor Vehicle, Collision With",2
 Damage Accident,11:30,09/12/2014,Friday,Y,Daylight,NEWBURGH,OVERTAKING,ORANGE,Straight and Level,Clear,None,Dry,Not Applicable,"Other Motor Vehicle, Collision With",2
 Damage Accident,19:30,12/24/2014,Wednesday,Y,Dark-Road Lighted,SALINA,OTHER,ONONDAGA,Straight and Level,Cloudy,Traffic Signal,Wet,Not Applicable,"Other Motor Vehicle, Collision With",2
 Damage Accident,17:35,02/15/2014,Saturday,Y,Dusk,,RIGHT TURN (6),ORANGE,Curve and Grade,Snow,Stop Sign,Snow/Ice,Not Applicable,"Other Motor Vehicle, Collision With",2
 Damage Accident,4:10,07/14/2014,Monday,Y,Dark-Road Unlighted,CINCINNATUS,OTHER,CORTLAND,Straight and Level,Clear,No Passing Zone,Dry,Not Applicable,Deer,1
 Damage Accident,8:17,07/25/2014,Friday,Y,Daylight,ALLEGANY,OTHER,CATTARAUGUS,Straight and Level,Clear,Unknown,Dry,Not Applicable,"Animal, Collision With",1
 Accident,7:00,10/23/2014,Thursday,Y,Daylight,HEMPSTEAD,OTHER,NASSAU,Straight and Level,Cloudy,Traffic Signal,Wet,Working in Roadway,"Pedestrian, Collision With",1
 Damage Accident,13:30,07/09/2014,Wednesday,N,Daylight,GLEN COVE,LEFT TURN (0),NASSAU,Straight and Level,Clear,Traffic Signal,Dry,Not Applicable,"Other Motor Vehicle, Collision With",2
 Damage Accident,11:45,08/11/2014,Monday,N,Unknown,NEW YORK,Unknown,NEW YORK,Unknown,Unknown,Unknown,Unknown,Not Applicable,"Other Motor Vehicle, Collision With",2
 Damage Accident,20:39,11/20/2014,Thursday,Y,Dark-Road Lighted,ROCHESTER,REAR END,MONROE,Straight and Level,Clear,None,Snow/Ice,Not Applicable,"Other Motor Vehicle, Collision With",2
 Damage Accident,16:32,11/16/2014,Sunday,Y,Dusk,HURLEY,OTHER,ULSTER,Straight and Level,Cloudy,No Passing Zone,Dry,Not Applicable,Deer,1