 Descriptor,Time,Date,Day of Week,Police Report,Lighting Conditions,Municipality,Collision Type Descriptor,County Name,Road Descriptor,Weather Conditions,Traffic Control Device,Road Surface Conditions,Pedestrian Bicyclist Action,Event Descriptor,Number of Vehicles Involved
 Accident,21:15,09/18/2014,Thursday,Y,Dark-Road Lighted,QUEENS,REAR END,QUEENS,Straight and Level,Clear,None,Dry,Not Applicable,"Other Motor Vehicle, Collision With",2
 Damage & Injury Accident,18:48,08/10/2014,Sunday,Y,Daylight,SOUTHAMPTON,OVERTAKING,SUFFOLK,Curve and Level,Clear,No Passing Zone,Dry,Not Applicable,"Other Motor Vehicle, Collision With",2
 Damage Accident,17:13,04/21/2014,Monday,Y,Daylight,GREENBURGH,RIGHT ANGLE,WESTCHESTER,Straight and Level,Clear,None,Dry,Not Applicable,"Other Motor Vehicle, Collision With",2
 Damage & Injury Accident,19:21,07/24/2014,Thursday,Y,Daylight,CLARENCE,OTHER,ERIE,Straight and Grade,Clear,None,Dry,Not Applicable,"Light Support/Utility Pole, Collision With Fixed Object",1
 Damage Accident,21:08,07/09/2014,Wednesday,Y,Dark-Road Unlighted,CANISTEO,OTHER,STEUBEN,Straight and Level,Clear,None,Dry,Not Applicable,Deer,1
 Damage Accident,14:33,04/23/2014,Wednesday,Y,Daylight,HEMPSTEAD,OVERTAKING,NASSAU,Straight and Level,Cloudy,None,Dry,Not Applicable,"Other Motor Vehicle, Collision With",2
 Damage Accident,20:30,06/19/2014,Thursday,N,Unknown,CORNING,OTHER,STEUBEN,Unknown,Unknown,Unknown,Unknown,Not Applicable,Deer,1
 Damage Accident,12:25,04/18/2014,Friday,Y,Daylight,DANSVILLE,REAR END,LIVINGSTON,Straight and Level,Cloudy,None,Dry,Not Applicable,"Other Motor Vehicle, Collision With",2
 Damage Accident,17:25,12/02/2014,Tuesday,Y,Dark-Road Unlighted,TRUXTON,OTHER,CORTLAND,Straight and Level,Snow,None,Snow/Ice,Not Applicable,Deer,1
 Damage Accident,10:30,09/02/2014,Tuesday,N,Unknown,TAYLOR,OTHER,CORTLAND,Unknown,Unknown,Unknown,Unknown,Not Applicable,Deer,1
 Damage Accident,0:00,12/04/2014,Thursday,N,Daylight,QUEENS,OVERTAKING,QUEENS,Straight and Level,Cloudy,None,Dry,Not Applicable,"Other Motor Vehicle, Collision With",2
 Damage & Injury Accident,16:42,10/10/2014,Friday,Y,Daylight,AMITYVILLE,OTHER,SUFFOLK,Curve and Level,Cloudy,None,Dry,Not Applicable,"Light Support/Utility Pole, Collision With Fixed Object",1
 Damage Accident,16:45,12/22/2014,Monday,Y,Dark-Road Unlighted,SOUTHEAST,OVERTAKING,PUTNAM,Straight and Grade,Cloudy,Traffic Signal,Dry,Not Applicable,"Other Motor Vehicle, Collision With",2
 Damage Accident,9:30,02/11/2014,Tuesday,Y,Daylight,RED HOOK,RIGHT ANGLE,DUTCHESS,Straight and Level,Clear,Stop Sign,Dry,Not Applicable,"Other Motor Vehicle, Collision With",2
 Damage Accident,17:20,12/03/2014,Wednesday,Y,Dark-Road Lighted,SENECA FALLS,LEFT TURN (0),SENECA,Straight and Level,Cloudy,No Passing Zone,Dry,Not Applicable,"Other Motor Vehicle, Collision With",2
 Damage Accident,17:03,02/07/2014,Friday,Y,Daylight,WATERTOWN,REAR END,JEFFERSON,Straight and Level,Snow,Traffic Signal,Snow/Ice,Not Applicable,"Other Motor Vehicle, Collision With",2
 Damage & Injury Accident,18:15,05/14/2014,Wednesday,Y,Daylight,BRONX,OVERTAKING,BRONX,Straight and Level,Clear,None,Dry,Not Applicable,"Other Motor Vehicle, Collision With",2
 Damage Accident,12:33,10/09/2014,Thursday,Y,Daylight,AFTON,OTHER,CHENANGO,Straight and Level,Clear,None,Dry,Not Applicable,"Fire/Explosion, Non-Collision",1
 Accident,18:56,06/13/2014,Friday,Y,Daylight,SYRACUSE,REAR END,ONONDAGA,Straight and Level,Rain,Traffic Signal,Wet,Not Applicable,"Other Motor Vehicle, Collision With",2
 Damage Accident,17:05,09/23/2014,Tuesday,N,Unknown,PEEKSKILL,LEFT TURN (0),WESTCHESTER,Unknown,Unknown,Unknown,Unknown,Not Applicable,"Other Motor Vehicle, Collision With",2
 Damage & Injury Accident,11:42,01/29/2014,Wednesday,Y,Daylight,TUSCARORA,REAR END,NIAGARA,Straight and Grade,Snow,None,Snow/Ice,Not Applicable,"Other Motor Vehicle, Collision With",2
 Damage Accident,0:00,06/20/2014,Friday,N,Unknown,QUEENS,Unknown,QUEENS,Unknown,Unknown,Unknown,Unknown,Not Applicable,"Other Motor Vehicle, Collision With",2
 Damage Accident,0:00,06/20/2014,Friday,N,Unknown,QUEENS,Unknown,QUEENS,Unknown,Unknown,Unknown,Unknown,Not Applicable,"Other Motor Vehicle, Collision With",2
 Damage Accident,22:34,01/28/2014,Tuesday,Y,Dark-Road Lighted,,OTHER,ROCKLAND,Straight and Level,Cloudy,None,Dry,Not Applicable,"Other Motor Vehicle, Collision With",3
 Damage Accident,13:50,03/16/2014,Sunday,N,Unknown,LONG BEACH,OVERTAKING,NASSAU,Unknown,Unknown,Unknown,Unknown,Not Applicable,"Other Motor Vehicle, Collision With",2
 Accident,17:30,08/12/2014,Tuesday,Y,Daylight,BRONX,REAR END,BRONX,Straight and Level,Cloudy,Unknown,Dry,Not Applicable,"Other Motor Vehicle, Collision With",2
 Accident,2:28,09/05/2014,Friday,Y,Dark-Road Lighted,NEW YORK,OTHER,NEW YORK,Straight and Level,Clear,Traffic Signal,Dry,Not Applicable,"Other Object (Not Fixed)*, Collision With",1
 Damage & Injury Accident,19:02,06/29/2014,Sunday,Y,Daylight,NEW WINDSOR,HEAD ON,ORANGE,Straight and Level,Clear,Traffic Signal,Dry,Not Applicable,"Other Motor Vehicle, Collision With",2
 Damage Accident,14:51,05/24/2014,Saturday,Y,Daylight,GATES,REAR END,MONROE,Straight and Level,Clear,None,Dry,Not Applicable,"Other Motor Vehicle, Collision With",2
 Accident,14:00,03/10/2014,Monday,Y,Daylight,NEW YORK,OTHER,NEW YORK,Straight and Level,Clear,None,Dry,"Crossing, No Signal or Crosswalk","Pedestrian, Collision With",1
 Damage & Injury Accident,4:25,11/07/2014,Friday,Y,Dark-Road Lighted,BRONX,RIGHT ANGLE,BRONX,Straight and Level,Clear,Traffic Signal,Dry,Not Applicable,"Other Motor Vehicle, Collision With",2
 Damage Accident,8:00,08/06/2014,Wednesday,N,Daylight,ROCHESTER,REAR END,MONROE,Straight and Level,Clear,Yield Sign,Dry,Not Applicable,"Other Motor Vehicle, Collision With",2
 Accident,17:28,05/08/2014,Thursday,Y,Daylight,BUFFALO,OTHER,ERIE,Straight and Level,Clear,None,Dry,Riding/Walking/Skating Along Highway With Traffic,"Bicyclist, Collision With",1
 Damage Accident,13:40,08/01/2014,Friday,Y,Daylight,UNION,RIGHT ANGLE,BROOME,Straight and Grade,Cloudy,None,Dry,Not Applicable,"Other Motor Vehicle, Collision With",2
 Damage Accident,13:23,02/17/2014,Monday,Y,Daylight,WARWICK,RIGHT ANGLE,ORANGE,Straight and Level,Clear,Stop Sign,Wet,Not Applicable,"Other Motor Vehicle, Collision With",2
 Damage Accident,13:45,09/16/2014,Tuesday,Y,Daylight,HEMPSTEAD,OTHER,NASSAU,Straight and Level,Cloudy,Traffic Signal,Wet,Not Applicable,"Other Motor Vehicle, Collision With",3
 Accident,19:03,03/08/2014,Saturday,Y,Dark-Road Lighted,BRONX,OTHER,BRONX,Straight and Level,Clear,Stop Sign,Dry,"Crossing, No Signal, Marked Crosswalk","Pedestrian, Collision With",1
 Damage Accident,13:27,02/13/2014,Thursday,Y,Daylight,SYRACUSE,LEFT TURN (3),ONONDAGA,Straight and Level,Snow,None,Wet,Not Applicable,"Other Motor Vehicle, Collision With",2
 Accident,13:25,03/25/2014,Tuesday,Y,Daylight,ALBANY,OTHER,ALBANY,Straight and Level,Cloudy,None,Dry,Getting On/Off Vehicle Other than School Bus,"Pedestrian, Collision With",1
 Damage & Injury Accident,16:40,12/24/2014,Wednesday,Y,Dusk,CHILI,OTHER,MONROE,Straight and Level,Clear,None,Dry,Not Applicable,"Tree, Collision With Fixed Object",1
 Damage Accident,16:05,02/28/2014,Friday,Y,Daylight,BUFFALO,REAR END,ERIE,Straight and Level,Clear,None,Snow/Ice,Not Applicable,"Other Motor Vehicle, Collision With",2
 Damage Accident,16:45,03/21/2014,Friday,N,Unknown,KINGS,OVERTAKING,KINGS,Unknown,Unknown,Unknown,Unknown,Not Applicable,"Other Motor Vehicle, Collision With",2
 Damage & Injury Accident,6:15,02/23/2014,Sunday,Y,Daylight,BEDFORD,HEAD ON,WESTCHESTER,Straight and Grade,Clear,No Passing Zone,Dry,Not Applicable,"Other Motor Vehicle, Collision With",2
 Damage Accident,0:00,03/29/2014,Saturday,N,Dark-Road Lighted,QUEENS,Unknown,QUEENS,Straight and Level,Rain,Unknown,Wet,Not Applicable,"Other Motor Vehicle, Collision With",2
 Accident,15:40,10/11/2014,Saturday,Y,Daylight,BRONX,OTHER,BRONX,Straight and Level,Clear,None,Dry,Not in Roadway (Indicate),"Pedestrian, Collision With",1
 Damage Accident,16:03,08/26/2014,Tuesday,Y,Daylight,CLARKSTOWN,REAR END,ROCKLAND,Straight and Level,Cloudy,None,Dry,Not Applicable,"Other Motor Vehicle, Collision With",2
 Damage Accident,17:10,05/29/2014,Thursday,Y,Daylight,BROOKHAVEN,REAR END,SUFFOLK,Straight and Level,Clear,None,Dry,Not Applicable,"Other Motor Vehicle, Collision With",2
 Damage Accident,9:25,01/27/2014,Monday,Y,Daylight,BROOKHAVEN,REAR END,SUFFOLK,Straight and Level,Cloudy,None,Wet,Not Applicable,"Other Motor Vehicle, Collision With",2
 Damage Accident,23:17,07/17/2014,Thursday,Y,Dark-Road Unlighted,HARRISON,REAR END,WESTCHESTER,Straight and Level,Clear,None,Dry,Not Applicable,"Other Motor Vehicle, Collision With",2
 Damage Accident,9:30,09/04/2014,Thursday,Y,Daylight,HEMPSTEAD,REAR END,NASSAU,Straight and Level,Clear,None,Dry,Not Applicable,"Other Motor Vehicle, Collision With",2
 Damage & Injury Accident,11:54,01/19/2014,Sunday,Y,Daylight,CAZENOVIA,OTHER,MADISON,Curve and Level,Cloudy,None,Snow/Ice,Not Applicable,"Guide Rail - Not At End, Collision With Fixed Object",1
 Damage Accident,8:20,08/08/2014,Friday,Y,Daylight,SMITHTOWN,REAR END,SUFFOLK,Straight and Level,Clear,Traffic Signal,Dry,Not Applicable,"Other Motor Vehicle, Collision With",2
 Damage & Injury Accident,0:35,04/24/2014,Thursday,Y,Dark-Road Unlighted,STAFFORD,OVERTAKING,GENESEE,Straight and Level,Clear,None,Dry,Not Applicable,"Other Motor Vehicle, Collision With",2
 Damage Accident,19:33,03/27/2014,Thursday,Y,Unknown,BROOKHAVEN,REAR END,SUFFOLK,Unknown,Unknown,Unknown,Unknown,Not Applicable,"Other Motor Vehicle, Collision With",2
 Damage Accident,13:49,11/07/2014,Friday,Y,Daylight,CORNING,RIGHT TURN (6),STEUBEN,Straight and Level,Clear,Traffic Signal,Dry,Not Applicable,"Other Motor Vehicle, Collision With",2
 Damage & Injury Accident,22:59,04/10/2014,Thursday,Y,Dark-Road Lighted,HEMPSTEAD,REAR END,NASSAU,Straight and Level,Clear,None,Dry,Not Applicable,"Other Motor Vehicle, Collision With",2
 Damage Accident,0:00,09/05/2014,Friday,N,Unknown,BABYLON,REAR END,SUFFOLK,Unknown,Unknown,Unknown,Unknown,Not Applicable,"Other Motor Vehicle, Collision With",2
 Damage Accident,19:05,11/26/2014,Wednesday,Y,Dark-Road Lighted,BROOKHAVEN,RIGHT ANGLE,SUFFOLK,Straight and Level,Rain,Stop Sign,Wet,Not Applicable,"Other Motor Vehicle, Collision With",2
 Accident,6:17,03/31/2014,Monday,Y,Dark-Road Lighted,QUEENS,REAR END,QUEENS,Straight and Level,Rain,Traffic Signal,Wet,Not Applicable,"Other Motor Vehicle, Collision With",2
 Damage Accident,17:30,11/18/2014,Tuesday,Y,Dark-Road Lighted,LA GRANGE,OVERTAKING,DUTCHESS,Straight and Level,Rain,Traffic Signal,Wet,Not Applicable,"Other Motor Vehicle, Collision With",2
 Damage Accident,10:20,11/18/2014,Tuesday,Y,Daylight,BRONX,OVERTAKING,BRONX,Straight and Grade,Clear,None,Dry,Not Applicable,"Other Motor Vehicle, Collision With",2
 Damage Accident,16:14,01/03/2014,Friday,Y,Daylight,BROOKHAVEN,Unknown,SUFFOLK,Curve and Level,Clear,None,Snow/Ice,Not Applicable,"Other Motor Vehicle, Collision With",2
 Damage Accident,22:34,11/25/2014,Tuesday,Y,Dark-Road Unlighted,EAST FISHKILL,OTHER,DUTCHESS,Curve and Grade,Clear,None,Dry,Not Applicable,Deer,1
 Damage Accident,16:58,02/20/2014,Thursday,Y,Dusk,WARWICK,RIGHT ANGLE,ORANGE,Straight and Level,Rain,Stop Sign,Wet,Not Applicable,"Other Motor Vehicle, Collision With",2
 Accident,0:00,09/14/2014,Sunday,N,Unknown,FREEPORT,Unknown,NASSAU,Unknown,Unknown,Unknown,Unknown,Not Applicable,"Other Motor Vehicle, Collision With",2
 Accident,10:45,07/18/2014,Friday,Y,Daylight,HEMPSTEAD,OVERTAKING,NASSAU,Straight and Level,Clear,None,Dry,Not Applicable,"Other Motor Vehicle, Collision With",2
 Damage Accident,14:14,05/15/2014,Thursday,Y,Daylight,OYSTER BAY,REAR END,NASSAU,Curve and Level,Cloudy,None,Dry,Not Applicable,"Other Motor Vehicle, Collision With",2
 Accident,2:12,11/12/2014,Wednesday,Y,Dark-Road Lighted,BRONX,OTHER,BRONX,Straight and Level,Rain,None,Wet,Not Applicable,"Light Support/Utility Pole, Collision With Fixed Object",1
 Accident,19:37,02/15/2014,Saturday,Y,Dark-Road Lighted,KINGS,OTHER,KINGS,Straight and Level,Snow,None,Snow/Ice,Not in Roadway (Indicate),"Pedestrian, Collision With",1
 Accident,8:00,03/24/2014,Monday,Y,Daylight,GATES,REAR END,MONROE,Straight and Level,Clear,Traffic Signal,Dry,Not Applicable,"Other Motor Vehicle, Collision With",2
 Damage Accident,11:50,02/27/2014,Thursday,Y,Daylight,HEMPSTEAD,REAR END,NASSAU,Straight and Level,Cloudy,None,Dry,Not Applicable,"Other Motor Vehicle, Collision With",2
 Damage Accident,10:22,09/09/2014,Tuesday,Y,Daylight,COLUMBUS,OTHER,CHENANGO,Curve and Level,Clear,No Passing Zone,Dry,Not Applicable,"Earth Embankment/Rock Cut/Ditch, Collision With Fixed Object",1
 Damage & Injury Accident,10:02,06/01/2014,Sunday,Y,Daylight,WHITE PLAINS,RIGHT ANGLE,WESTCHESTER,Straight and Grade,Clear,Traffic Signal,Dry,Not Applicable,"Other Motor Vehicle, Collision With",2
 Damage Accident,21:46,11/11/2014,Tuesday,Y,Dark-Road Unlighted,PHELPS,OTHER,ONTARIO,Straight and Level,Clear,None,Dry,Not Applicable,Deer,1
 Accident,19:08,11/16/2014,Sunday,N,Unknown,BRONX,Unknown,BRONX,Unknown,Unknown,Unknown,Unknown,Not Applicable,"Other Motor Vehicle, Collision With",2
 Accident,18:39,06/13/2014,Friday,Y,Dawn,BRONX,REAR END,BRONX,Straight and Level,Rain,Traffic Signal,Wet,Not Applicable,"Other Motor Vehicle, Collision With",2
 Damage Accident,2:45,01/13/2014,Monday,Y,Dark-Road Lighted,NEW YORK,OTHER,NEW YORK,Straight and Grade,Clear,None,Dry,Not Applicable,"Other Motor Vehicle, Collision With",3
 Damage Accident,18:30,09/12/2014,Friday,Y,Daylight,QUEENS,Unknown,QUEENS,Straight and Level,Clear,None,Dry,Not Applicable,"Other Motor Vehicle, Collision With",2
 Damage Accident,17:45,01/13/2014,Monday,Y,Dark-Road Unlighted,ONONDAGA,OTHER,ONONDAGA,Straight and Level,Clear,None,Dry,Not Applicable,Deer,1
 Damage Accident,0:00,08/10/2014,Sunday,N,Unknown,FREEPORT,Unknown,NASSAU,Unknown,Unknown,Unknown,Unknown,Not Applicable,"Other Motor Vehicle, Collision With",2
 Damage Accident,12:00,08/06/2014,Wednesday,Y,Daylight,SMITHTOWN,OTHER,SUFFOLK,Straight and Level,Clear,None,Dry,Not Applicable,"Other Motor Vehicle, Collision With",3
 Accident,10:09,08/10/2014,Sunday,Y,Daylight,OWASCO,OTHER,CAYUGA,Curve and Grade,Clear,No Passing Zone,Dry,Not Applicable,"Earth Embankment/Rock Cut/Ditch, Collision With Fixed Object",1
 Damage Accident,12:30,05/20/2014,Tuesday,N,Unknown,OGDEN,OTHER,MONROE,Unknown,Unknown,Unknown,Unknown,Not Applicable,"Light Support/Utility Pole, Collision With Fixed Object",1
 Damage & Injury Accident,19:00,01/08/2014,Wednesday,Y,Dark-Road Lighted,WEBSTER,OTHER,MONROE,Straight and Level,Clear,None,Wet,Not Applicable,"Other Motor Vehicle, Collision With",3
 Damage Accident,11:15,11/05/2014,Wednesday,Y,Daylight,HEMPSTEAD,OTHER,NASSAU,Straight and Level,Cloudy,Stop Sign,Dry,Not Applicable,"Sign Post, Collision With Fixed Object",1
 Damage & Injury Accident,8:00,10/24/2014,Friday,Y,Daylight,PERINTON,RIGHT ANGLE,MONROE,Straight and Level,Clear,Stop Sign,Dry,Not Applicable,"Other Motor Vehicle, Collision With",2
 Accident,8:15,05/03/2014,Saturday,Y,Daylight,RICHMOND,OTHER,RICHMOND,Straight at Hill Crest,Clear,None,Dry,Not Applicable,"Tree, Collision With Fixed Object",1
 Damage Accident,14:28,04/30/2014,Wednesday,Y,Daylight,NIAGARA,OTHER,NIAGARA,Straight and Level,Rain,None,Wet,Not Applicable,"Sign Post, Collision With Fixed Object",1
 Damage Accident,18:05,04/16/2014,Wednesday,Y,Daylight,SYRACUSE,OVERTAKING,ONONDAGA,Straight and Level,Cloudy,Traffic Signal,Dry,Not Applicable,"Other Motor Vehicle, Collision With",2
 Damage Accident,12:55,09/02/2014,Tuesday,Y,Daylight,GREENBURGH,OTHER,WESTCHESTER,Straight and Level,Clear,None,Dry,Not Applicable,"Other*, Non-Collision",1
 Damage & Injury Accident,0:00,07/28/2014,Monday,N,Unknown,QUEENS,REAR END,QUEENS,Unknown,Unknown,Unknown,Unknown,Not Applicable,"Other Motor Vehicle, Collision With",2
 Damage Accident,15:52,06/14/2014,Saturday,Y,Daylight,ROCHESTER,LEFT TURN (3),MONROE,Straight and Level,Cloudy,Traffic Signal,Dry,Not Applicable,"Other Motor Vehicle, Collision With",2
 Damage Accident,9:04,01/07/2014,Tuesday,Y,Daylight,ISLIP,RIGHT ANGLE,SUFFOLK,Straight and Level,Clear,Stop Sign,Dry,Not Applicable,"Other Motor Vehicle, Collision With",2
 Damage Accident,13:30,07/31/2014,Thursday,Y,Daylight,CHILI,OTHER,MONROE,Straight and Grade,Clear,None,Dry,Not Applicable,"Barrier, Collision With Fixed Object",1
 Damage Accident,21:52,04/27/2014,Sunday,Y,Dark-Road Lighted,CARMEL,REAR END,PUTNAM,Straight and Level,Clear,Traffic Signal,Dry,Not Applicable,"Other Motor Vehicle, Collision With",2
 Damage Accident,16:45,06/26/2014,Thursday,N,Unknown,QUEENS,LEFT TURN (3),QUEENS,Unknown,Unknown,Unknown,Unknown,Not Applicable,"Other Motor Vehicle, Collision With",2
 Accident,9:20,04/30/2014,Wednesday,Y,Daylight,GREAT NECK PLAZA,OTHER,NASSAU,Straight and Level,Rain,None,Wet,Not in Roadway (Indicate),"Pedestrian, Collision With",1
 Damage & Injury Accident,14:29,03/13/2014,Thursday,Y,Daylight,MANCHESTER,OTHER,ONTARIO,Curve and Grade,Clear,No Passing Zone,Snow/Ice,Not Applicable,"Light Support/Utility Pole, Collision With Fixed Object",1
 Damage Accident,22:00,11/17/2014,Monday,Y,Dark-Road Lighted,ALBANY,SIDESWIPE,ALBANY,Straight and Level,Cloudy,None,Dry,Not Applicable,"Other Motor Vehicle, Collision With",2
 Damage Accident,10:30,10/15/2014,Wednesday,Y,Daylight,POMFRET,RIGHT ANGLE,CHAUTAUQUA,Straight and Level,Cloudy,None,Dry,Not Applicable,"Other Motor Vehicle, Collision With",2
 Damage Accident,14:15,09/26/2014,Friday,Y,Unknown,BROOKHAVEN,Unknown,SUFFOLK,Curve and Grade,Clear,No Passing Zone,Dry,Not Applicable,"Other Motor Vehicle, Collision With",2
 Damage Accident,14:05,08/02/2014,Saturday,Y,Daylight,GUILFORD,LEFT TURN (3),CHENANGO,Straight and Level,Clear,Stop Sign,Dry,Not Applicable,"Other Motor Vehicle, Collision With",2
 Damage & Injury Accident,12:35,12/07/2014,Sunday,Y,Daylight,HUNTINGTON,LEFT TURN (3),SUFFOLK,Straight and Level,Clear,Traffic Signal,Dry,Not Applicable,"Other Motor Vehicle, Collision With",2
 Damage Accident,6:15,09/09/2014,Tuesday,Y,Dark-Road Unlighted,CORTLANDVILLE,OTHER,CORTLAND,Straight and Grade,Cloudy,None,Dry,Not Applicable,Deer,1
 Damage Accident,16:38,01/25/2014,Saturday,Y,Daylight,SCRIBA,OTHER,OSWEGO,Curve and Level,Snow,None,Snow/Ice,Not Applicable,"Tree, Collision With Fixed Object",1
 Accident,6:30,12/10/2014,Wednesday,Y,Dawn,QUEENS,OTHER,QUEENS,Straight and Level,Cloudy,None,Wet,Not Applicable,"Other Motor Vehicle, Collision With",3
 Damage Accident,22:00,11/01/2014,Saturday,N,Dark-Road Unlighted,NEWARK VALLEY,OTHER,TIOGA,Curve and Level,Clear,None,Dry,Not Applicable,Deer,1
 Damage & Injury Accident,8:42,07/21/2014,Monday,Y,Daylight,ISLIP,LEFT TURN (3),SUFFOLK,Straight and Level,Clear,Traffic Signal,Dry,Not Applicable,"Other Motor Vehicle, Collision With",2
 Damage Accident,13:40,06/26/2014,Thursday,Y,Daylight,WILLISTON PARK,RIGHT ANGLE,NASSAU,Straight and Level,Clear,None,Dry,Not Applicable,"Other Motor Vehicle, Collision With",2
 Damage Accident,9:00,05/29/2014,Thursday,N,Unknown,GEDDES,OVERTAKING,ONONDAGA,Unknown,Unknown,Unknown,Unknown,Not Applicable,"Other Motor Vehicle, Collision With",2
 Damage Accident,5:19,06/25/2014,Wednesday,Y,Dawn,WARRENSBURG,OTHER,WARREN,Straight and Level,Cloudy,None,Wet,Not Applicable,Deer,1
 Damage Accident,19:00,10/20/2014,Monday,Y,Dark-Road Lighted,NIAGARA FALLS,RIGHT ANGLE,NIAGARA,Straight and Level,Unknown,Stop Sign,Dry,Not Applicable,"Other Motor Vehicle, Collision With",2
 Damage Accident,22:05,01/28/2014,Tuesday,Y,Dark-Road Lighted,NORTH HEMPSTEAD,REAR END,NASSAU,Straight and Level,Cloudy,Traffic Signal,Dry,Not Applicable,"Other Motor Vehicle, Collision With",2
 Damage Accident,19:32,09/25/2014,Thursday,Y,Dark-Road Lighted,CORTLAND,REAR END,CORTLAND,Straight and Level,Clear,None,Dry,Not Applicable,"Other Motor Vehicle, Collision With",2
 Damage Accident,13:27,12/06/2014,Saturday,Y,Daylight,NEWBURGH,RIGHT ANGLE,ORANGE,Straight and Level,Rain,Stop Sign,Wet,Not Applicable,"Other Motor Vehicle, Collision With",2
 Damage Accident,16:01,10/16/2014,Thursday,Y,Daylight,OWASCO,OVERTAKING,CAYUGA,Straight and Level,Clear,No Passing Zone,Dry,Not Applicable,"Other Motor Vehicle, Collision With",2
 Damage & Injury Accident,19:00,09/11/2014,Thursday,Y,Dusk,HEMPSTEAD,RIGHT TURN (5),NASSAU,Straight and Level,Cloudy,Traffic Signal,Dry,Not Applicable,"Other Motor Vehicle, Collision With",2
 Damage Accident,12:20,07/23/2014,Wednesday,Y,Daylight,SYRACUSE,OVERTAKING,ONONDAGA,Straight and Level,Cloudy,None,Dry,Not Applicable,"Other Motor Vehicle, Collision With",2
 Damage Accident,15:13,12/22/2014,Monday,Y,Daylight,OLD BROOKVILLE,SIDESWIPE,NASSAU,Curve and Level,Cloudy,None,Dry,Not Applicable,"Other Motor Vehicle, Collision With",2
 Damage Accident,3:40,12/09/2014,Tuesday,Y,Dark-Road Unlighted,FISHKILL,OTHER,DUTCHESS,Straight and Grade,Sleet/Hail/Freezing Rain,None,Snow/Ice,Not Applicable,"Guide Rail - Not At End, Collision With Fixed Object",1
 Damage & Injury Accident,17:01,02/25/2014,Tuesday,Y,Daylight,BINGHAMTON,OVERTAKING,BROOME,Curve and Grade,Clear,Construction Work Area,Dry,Not Applicable,"Other Motor Vehicle, Collision With",2
 Damage & Injury Accident,14:28,10/21/2014,Tuesday,Y,Daylight,RAMAPO,RIGHT ANGLE,ROCKLAND,Straight and Grade,Cloudy,No Passing Zone,Dry,Not Applicable,"Other Motor Vehicle, Collision With",2
 Damage Accident,12:30,12/10/2014,Wednesday,Y,Daylight,HEMPSTEAD,LEFT TURN (3),NASSAU,Straight and Level,Rain,None,Wet,Not Applicable,"Other Motor Vehicle, Collision With",2
 Damage & Injury Accident,16:13,06/13/2014,Friday,Y,Daylight,GARDEN CITY,RIGHT ANGLE,NASSAU,Straight and Level,Cloudy,Traffic Signal,Dry,Not Applicable,"Other Motor Vehicle, Collision With",2
 Accident,23:03,12/06/2014,Saturday,Y,Dark-Road Lighted,BRONX,OTHER,BRONX,Straight and Level,Rain,Stop Sign,Wet,"Crossing, No Signal, Marked Crosswalk","Pedestrian, Collision With",1
 Damage & Injury Accident,16:27,06/13/2014,Friday,Y,Daylight,LA GRANGE,RIGHT ANGLE,DUTCHESS,Straight and Level,Cloudy,Traffic Signal,Dry,Not Applicable,"Other Motor Vehicle, Collision With",2
 Damage & Injury Accident,8:18,12/02/2014,Tuesday,Y,Daylight,HALFMOON,REAR END,SARATOGA,Straight and Level,Clear,None,Dry,Not Applicable,"Other Motor Vehicle, Collision With",2
 Damage Accident,6:30,11/04/2014,Tuesday,Y,Daylight,MINEOLA,HEAD ON,NASSAU,Straight and Level,Clear,Traffic Signal,Dry,Not Applicable,"Other Motor Vehicle, Collision With",2
 Damage Accident,19:20,11/10/2014,Monday,Y,Dark-Road Unlighted,GREECE,OTHER,MONROE,Straight and Level,Cloudy,None,Dry,Not Applicable,Deer,1
 Damage Accident,9:36,11/12/2014,Wednesday,Y,Daylight,ROCHESTER,RIGHT ANGLE,MONROE,Straight and Grade,Cloudy,None,Dry,Not Applicable,"Other Motor Vehicle, Collision With",2
 Damage & Injury Accident,11:35,01/09/2014,Thursday,Y,Daylight,SYRACUSE,RIGHT ANGLE,ONONDAGA,Straight and Level,Cloudy,Stop Sign,Dry,Not Applicable,"Other Motor Vehicle, Collision With",2
 Damage & Injury Accident,17:20,08/22/2014,Friday,Y,Daylight,ONTARIO,REAR END,WAYNE,Straight and Grade,Clear,Traffic Signal,Dry,Not Applicable,"Other Motor Vehicle, Collision With",2
 Accident,9:16,06/03/2014,Tuesday,Y,Daylight,KINGS,OTHER,KINGS,Straight and Level,Clear,Traffic Signal,Dry,"Crossing, Against Signal","Pedestrian, Collision With",1
 Accident,15:55,07/20/2014,Sunday,Y,Daylight,NEW YORK,OVERTAKING,NEW YORK,Straight and Level,Clear,None,Dry,Not Applicable,"Other Motor Vehicle, Collision With",2
 Accident,5:15,12/19/2014,Friday,Y,Dark-Road Lighted,RICHMOND,OTHER,RICHMOND,Straight and Level,Cloudy,None,Dry,Not Applicable,"Other Motor Vehicle, Collision With",3
 Damage Accident,6:30,10/14/2014,Tuesday,Y,Dark-Road Unlighted,PLAINFIELD,OTHER,OTSEGO,Straight and Level,Cloudy,No Passing Zone,Dry,Not Applicable,Deer,1
 Damage & Injury Accident,18:14,08/28/2014,Thursday,Y,Daylight,BUFFALO,REAR END,ERIE,Straight and Level,Clear,Traffic Signal,Dry,Not Applicable,"Other Motor Vehicle, Collision With",2