 Descriptor,Time,Date,Day of Week,Police Report,Lighting Conditions,Municipality,Collision Type Descriptor,County Name,Road Descriptor,Weather Conditions,Traffic Control Device,Road Surface Conditions,Pedestrian Bicyclist Action,Event Descriptor,Number of Vehicles Involved
 Damage Accident,8:59,12/04/2014,Thursday,Y,Dawn,ALBANY,OVERTAKING,ALBANY,Straight and Level,Cloudy,None,Dry,Not Applicable,"Other Motor Vehicle, Collision With",2
 Damage & Injury Accident,16:53,07/06/2014,Sunday,Y,Daylight,CLAY,OTHER,ONONDAGA,Curve and Grade,Cloudy,None,Dry,Not Applicable,"Earth Embankment/Rock Cut/Ditch, Collision With Fixed Object",1
 Damage Accident,19:10,10/20/2014,Monday,Y,Dark-Road Unlighted,ONONDAGA,OTHER,ONONDAGA,Straight and Grade,Clear,None,Dry,Not Applicable,Deer,1
 Accident,6:46,04/01/2014,Tuesday,Y,Daylight,ROTTERDAM,OTHER,SCHENECTADY,Straight and Level,Clear,None,Dry,"Crossing, No Signal or Crosswalk","Pedestrian, Collision With",1
 Accident,11:28,11/14/2014,Friday,Y,Daylight,NEW HUDSON,OTHER,ALLEGANY,Straight and Grade,Cloudy,No Passing Zone,Slush,Not Applicable,"Earth Embankment/Rock Cut/Ditch, Collision With Fixed Object",1
 Damage Accident,17:25,06/11/2014,Wednesday,Y,Daylight,LISBON,OTHER,ST. LAWRENCE,Straight and Level,Rain,None,Wet,Not Applicable,Deer,1
 Accident,16:47,06/30/2014,Monday,Y,Daylight,MAMAKATING,OTHER,SULLIVAN,Straight and Level,Clear,None,Dry,"Crossing, No Signal or Crosswalk","Pedestrian, Collision With",1
 Damage Accident,10:55,08/03/2014,Sunday,Y,Daylight,BROOKHAVEN,SIDESWIPE,SUFFOLK,Curve and Level,Cloudy,None,Dry,Not Applicable,"Other Motor Vehicle, Collision With",2
 Damage & Injury Accident,23:58,06/09/2014,Monday,Y,Dark-Road Unlighted,SOUTHAMPTON,HEAD ON,SUFFOLK,Curve and Level,Rain,No Passing Zone,Wet,Not Applicable,"Other Motor Vehicle, Collision With",2
 Damage Accident,18:40,01/15/2014,Wednesday,Y,Dark-Road Unlighted,VILLENOVA,LEFT TURN (3),CHAUTAUQUA,Straight and Level,Snow,Stop Sign,Wet,Not Applicable,"Other Motor Vehicle, Collision With",2
 Accident,15:45,08/07/2014,Thursday,Y,Daylight,NEWBURGH,OTHER,ORANGE,Straight at Hill Crest,Clear,None,Dry,Not Applicable,"Other Fixed Object*, Collision With Fixed Object",1
 Damage & Injury Accident,8:00,09/17/2014,Wednesday,Y,Daylight,QUEENS,REAR END,QUEENS,Straight and Level,Clear,None,Dry,Not Applicable,"Other Motor Vehicle, Collision With",2
 Accident,11:15,03/19/2014,Wednesday,Y,Daylight,PLATTSBURG,OTHER,CLINTON,Straight and Level,Cloudy,None,Dry,Not Applicable,"Snow Embankment, Collision With Fixed Object",1
 Damage Accident,13:55,02/27/2014,Thursday,Y,Daylight,NORTH HILLS,OTHER,NASSAU,Straight and Level,Cloudy,Construction Work Area,Dry,Not Applicable,"Other Motor Vehicle, Collision With",3
 Damage & Injury Accident,17:40,03/29/2014,Saturday,Y,Daylight,MONTGOMERY,REAR END,ORANGE,Straight and Level,Rain,None,Wet,Not Applicable,"Other Motor Vehicle, Collision With",2
 Damage Accident,10:20,07/27/2014,Sunday,Y,Daylight,NEW YORK,OVERTAKING,NEW YORK,Straight and Level,Clear,None,Dry,Not Applicable,"Other Motor Vehicle, Collision With",2
 Damage Accident,19:54,12/31/2014,Wednesday,Y,Dark-Road Lighted,HEMPSTEAD,REAR END,NASSAU,Straight and Level,Clear,None,Dry,Not Applicable,"Other Motor Vehicle, Collision With",2
 Damage Accident,13:36,05/29/2014,Thursday,Y,Daylight,ROCHESTER,OTHER,MONROE,Straight and Level,Cloudy,None,Dry,Not Applicable,"Other Motor Vehicle, Collision With",3
 Accident,23:30,10/20/2014,Monday,Y,Dark-Road Lighted,KINGS,OTHER,KINGS,Straight and Level,Clear,None,Dry,"Crossing, No Signal, Marked Crosswalk","Pedestrian, Collision With",1
 Damage Accident,15:39,10/06/2014,Monday,Y,Daylight,NEWBURGH,REAR END,ORANGE,Straight and Level,Clear,None,Dry,Not Applicable,"Other Motor Vehicle, Collision With",2
 Accident,9:50,07/17/2014,Thursday,Y,Daylight,KINGS,OTHER,KINGS,Straight and Level,Clear,Unknown,Dry,"Crossing, With Signal","Bicyclist, Collision With",1
 Damage Accident,9:51,07/12/2014,Saturday,Y,Daylight,ROSLYN,REAR END,NASSAU,Straight and Level,Clear,Traffic Signal,Dry,Not Applicable,"Other Motor Vehicle, Collision With",2
 Damage & Injury Accident,16:30,05/07/2014,Wednesday,Y,Daylight,ALBANY,OVERTAKING,ALBANY,Straight and Level,Clear,None,Dry,Not Applicable,"Other Motor Vehicle, Collision With",2
 Damage Accident,16:46,12/03/2014,Wednesday,Y,Dusk,NEWBURGH,REAR END,ORANGE,Curve and Grade,Rain,None,Wet,Not Applicable,"Other Motor Vehicle, Collision With",2
 Damage Accident,13:15,08/15/2014,Friday,Y,Daylight,OYSTER BAY,RIGHT ANGLE,NASSAU,Straight and Level,Cloudy,None,Dry,Not Applicable,"Other Motor Vehicle, Collision With",2
 Damage Accident,9:30,05/07/2014,Wednesday,Y,Daylight,WOLCOTT,OVERTAKING,WAYNE,Straight and Level,Clear,Stop Sign,Dry,Not Applicable,"Other Motor Vehicle, Collision With",2
 Accident,20:00,03/26/2014,Wednesday,Y,Dark-Road Lighted,QUEENS,OVERTAKING,QUEENS,Straight and Level,Clear,None,Dry,Not Applicable,"Other Motor Vehicle, Collision With",2
 Damage Accident,11:58,02/23/2014,Sunday,Y,Daylight,FLORENCE,OTHER,ONEIDA,Straight and Level,Clear,None,Dry,Not Applicable,Deer,1
 Damage & Injury Accident,16:30,11/17/2014,Monday,Y,Dusk,CORTLANDT,HEAD ON,WESTCHESTER,Curve and Grade,Rain,None,Wet,Not Applicable,"Other Motor Vehicle, Collision With",2
 Damage Accident,16:56,11/16/2014,Sunday,Y,Dark-Road Unlighted,SCHUYLER,OTHER,HERKIMER,Straight and Grade,Cloudy,No Passing Zone,Dry,Not Applicable,Deer,1
 Damage Accident,11:52,02/09/2014,Sunday,Y,Daylight,VICTOR,OTHER,ONTARIO,Straight and Level,Cloudy,None,Snow/Ice,Not Applicable,"Other Motor Vehicle, Collision With",3
 Accident,15:10,06/04/2014,Wednesday,Y,Daylight,BRONX,OTHER,BRONX,Straight and Level,Clear,None,Dry,Unknown,"Bicyclist, Collision With",1
 Damage Accident,8:01,02/11/2014,Tuesday,Y,Daylight,ROYALTON,OTHER,NIAGARA,Straight and Level,Snow,None,Snow/Ice,Not Applicable,"Snow Embankment, Collision With Fixed Object",1
 Damage & Injury Accident,20:55,10/14/2014,Tuesday,Y,Dark-Road Lighted,ROCHESTER,OTHER,MONROE,Straight and Level,Clear,None,Dry,Not Applicable,"Other Motor Vehicle, Collision With",3
 Damage Accident,12:30,02/02/2014,Sunday,N,Unknown,ISLIP,REAR END,SUFFOLK,Unknown,Unknown,Traffic Signal,Unknown,Not Applicable,"Other Motor Vehicle, Collision With",2
 Damage & Injury Accident,9:50,07/25/2014,Friday,Y,Daylight,CEDARHURST,HEAD ON,NASSAU,Straight and Level,Clear,Stop Sign,Dry,Not Applicable,"Other Motor Vehicle, Collision With",2
 Damage & Injury Accident,13:29,11/24/2014,Monday,Y,Daylight,CANTON,LEFT TURN (0),ST. LAWRENCE,Straight and Level,Cloudy,Traffic Signal,Dry,Not Applicable,"Other Motor Vehicle, Collision With",2
 Damage Accident,13:57,07/18/2014,Friday,Y,Daylight,SOUTHAMPTON,OVERTAKING,SUFFOLK,Straight and Level,Clear,No Passing Zone,Dry,Not Applicable,"Other Motor Vehicle, Collision With",2
 Damage Accident,8:50,08/30/2014,Saturday,N,Daylight,BINGHAMTON,OVERTAKING,BROOME,Straight and Level,Clear,None,Dry,Not Applicable,"Other Motor Vehicle, Collision With",2
 Damage Accident,16:54,12/16/2014,Tuesday,Y,Dark-Road Unlighted,SCARSDALE,REAR END,WESTCHESTER,Curve and Grade,Cloudy,Construction Work Area,Wet,Not Applicable,"Other Motor Vehicle, Collision With",2
 Accident,13:41,01/26/2014,Sunday,Y,Daylight,BRONX,OVERTAKING,BRONX,Straight and Level,Cloudy,None,Dry,Not Applicable,"Other Motor Vehicle, Collision With",2
 Damage Accident,13:45,03/23/2014,Sunday,Y,Daylight,UTICA,LEFT TURN (0),ONEIDA,Straight and Level,Cloudy,None,Dry,Not Applicable,"Other Motor Vehicle, Collision With",2
 Accident,17:05,11/20/2014,Thursday,Y,Dark-Road Unlighted,KINGS,OTHER,KINGS,Straight and Level,Clear,Traffic Signal,Dry,"Crossing, With Signal","Pedestrian, Collision With",1
 Damage Accident,3:45,10/26/2014,Sunday,Y,Dark-Road Unlighted,NORWICH,OTHER,CHENANGO,Straight and Grade,Cloudy,None,Wet,Not Applicable,"Earth Embankment/Rock Cut/Ditch, Collision With Fixed Object",1
 Damage Accident,3:13,05/15/2014,Thursday,Y,Dark-Road Lighted,PORTER,OTHER,NIAGARA,Straight and Level,Cloudy,None,Dry,Not Applicable,"Other Fixed Object*, Collision With Fixed Object",1
 Damage & Injury Accident,11:10,01/16/2014,Thursday,Y,Daylight,HEMPSTEAD,LEFT TURN (0),NASSAU,Straight and Level,Cloudy,Traffic Signal,Dry,Not Applicable,"Other Motor Vehicle, Collision With",2
 Damage & Injury Accident,13:06,05/26/2014,Monday,Y,Daylight,RICHMOND,REAR END,RICHMOND,Straight and Grade,Clear,Other,Dry,Not Applicable,"Other Motor Vehicle, Collision With",2
 Damage Accident,21:13,11/04/2014,Tuesday,Y,Dark-Road Lighted,AMHERST,LEFT TURN (0),ERIE,Straight and Level,Rain,Stop Sign,Wet,Not Applicable,"Other Motor Vehicle, Collision With",2
 Accident,8:55,11/18/2014,Tuesday,Y,Daylight,HEMPSTEAD,REAR END,NASSAU,Straight and Level,Clear,None,Dry,Not Applicable,"Other Motor Vehicle, Collision With",2
 Damage Accident,18:48,07/19/2014,Saturday,Y,Daylight,RAMAPO,LEFT TURN (3),ROCKLAND,Straight and Grade,Clear,None,Dry,Not Applicable,"Other Motor Vehicle, Collision With",2
 Damage Accident,20:46,10/29/2014,Wednesday,Y,Dark-Road Lighted,BABYLON,REAR END,SUFFOLK,Straight and Grade,Rain,None,Wet,Not Applicable,"Other Motor Vehicle, Collision With",2
 Damage Accident,23:48,08/10/2014,Sunday,Y,Dark-Road Unlighted,PITCAIRN,OTHER,ST. LAWRENCE,Straight and Level,Clear,No Passing Zone,Dry,Not Applicable,Deer,1
 Damage & Injury Accident,15:25,04/17/2014,Thursday,N,Daylight,QUEENS,Unknown,QUEENS,Straight and Level,Clear,Traffic Signal,Dry,Not Applicable,"Other Motor Vehicle, Collision With",2
 Damage Accident,6:00,11/19/2014,Wednesday,Y,Dark-Road Lighted,PALATINE BRIDGE,LEFT TURN (0),MONTGOMERY,Straight and Level,Cloudy,None,Dry,Not Applicable,"Other Motor Vehicle, Collision With",2
 Damage & Injury Accident,11:27,06/21/2014,Saturday,Y,Daylight,ISLIP,RIGHT ANGLE,SUFFOLK,Straight and Level,Clear,Traffic Signal,Dry,Not Applicable,"Other Motor Vehicle, Collision With",2
 Damage Accident,0:00,11/02/2014,Sunday,N,Unknown,YONKERS,OVERTAKING,WESTCHESTER,Unknown,Unknown,Unknown,Unknown,Not Applicable,"Other Motor Vehicle, Collision With",2
 Damage & Injury Accident,7:30,12/11/2014,Thursday,N,Daylight,GREENE,OTHER,CHENANGO,Curve and Grade,Snow,None,Slush,Not Applicable,"Other Object (Not Fixed)*, Collision With",1
 Damage Accident,20:15,02/07/2014,Friday,Y,Dark-Road Lighted,SOUTHEAST,RIGHT ANGLE,PUTNAM,Straight and Grade,Clear,Stop Sign,Dry,Not Applicable,"Other Motor Vehicle, Collision With",2
 Damage & Injury Accident,14:10,02/12/2014,Wednesday,Y,Daylight,HEMPSTEAD,RIGHT TURN (6),NASSAU,Straight and Level,Clear,Stop Sign,Snow/Ice,Not Applicable,"Other Motor Vehicle, Collision With",2
 Damage & Injury Accident,8:38,10/09/2014,Thursday,Y,Daylight,WOODSTOCK,RIGHT ANGLE,ULSTER,Straight and Level,Clear,Stop Sign,Dry,Not Applicable,"Other Motor Vehicle, Collision With",2
 Accident,21:06,06/06/2014,Friday,Y,Dark-Road Lighted,BRONX,RIGHT ANGLE,BRONX,Straight and Level,Clear,Stop Sign,Dry,Not Applicable,"Other Motor Vehicle, Collision With",2
 Damage Accident,14:58,05/01/2014,Thursday,Y,Daylight,ELBRIDGE,OTHER,ONONDAGA,Straight and Grade,Cloudy,RR Crossing Gates,Wet,Not Applicable,"Other Fixed Object*, Collision With Fixed Object",1
 Accident,6:25,09/30/2014,Tuesday,Y,Dawn,QUEENS,Unknown,QUEENS,Straight and Level,Cloudy,Traffic Signal,Dry,Not Applicable,"Other Motor Vehicle, Collision With",2
 Damage Accident,14:13,10/29/2014,Wednesday,Y,Daylight,BINGHAMTON,OTHER,BROOME,Curve and Grade,Cloudy,None,Dry,Not Applicable,"Barrier, Collision With Fixed Object",1
 Accident,17:00,06/01/2014,Sunday,Y,Daylight,QUEENS,OTHER,QUEENS,Straight and Level,Clear,Traffic Signal,Dry,Riding/Walking/Skating Along Highway With Traffic,"Bicyclist, Collision With",1
 Damage & Injury Accident,17:12,01/03/2014,Friday,Y,Daylight,WHITESTOWN,OTHER,ONEIDA,Straight and Level,Clear,None,Wet,Not Applicable,"Other Motor Vehicle, Collision With",3
 Damage Accident,1:45,06/07/2014,Saturday,Y,Dark-Road Lighted,NEW HYDE PARK,OTHER,NASSAU,Straight and Level,Clear,None,Dry,Not Applicable,"Other Motor Vehicle, Collision With",3
 Accident,22:45,08/14/2014,Thursday,Y,Dark-Road Lighted,QUEENS,OTHER,QUEENS,Straight and Level,Clear,Traffic Signal,Dry,"Crossing, With Signal","Pedestrian, Collision With",1
 Damage Accident,13:38,06/13/2014,Friday,Y,Daylight,SHELDON,REAR END,WYOMING,Straight and Level,Rain,None,Wet,Not Applicable,"Other Motor Vehicle, Collision With",2
 Damage & Injury Accident,4:07,09/13/2014,Saturday,Y,Dark-Road Lighted,BABYLON,REAR END,SUFFOLK,Straight and Level,Clear,Traffic Signal,Dry,Not Applicable,"Other Motor Vehicle, Collision With",2
 Accident,12:25,05/21/2014,Wednesday,Y,Daylight,KINGS,OTHER,KINGS,Straight and Level,Cloudy,None,Dry,Other Actions in Roadway,"Pedestrian, Collision With",1
 Damage Accident,9:40,03/03/2014,Monday,Y,Daylight,TUPPER LAKE,RIGHT ANGLE,FRANKLIN,Straight and Level,Clear,Stop Sign,Snow/Ice,Not Applicable,"Other Motor Vehicle, Collision With",2
 Damage Accident,23:08,05/20/2014,Tuesday,Y,Daylight,BABYLON,OTHER,SUFFOLK,Straight and Level,Clear,None,Dry,Not Applicable,"Fence, Collision With Fixed Object",1
 Damage Accident,7:55,01/28/2014,Tuesday,Y,Daylight,CLIFTON PARK,REAR END,SARATOGA,Curve and Grade,Clear,None,Dry,Not Applicable,"Other Motor Vehicle, Collision With",2
 Damage Accident,18:35,10/04/2014,Saturday,N,Unknown,QUEENS,OTHER,QUEENS,Unknown,Unknown,Unknown,Unknown,Not Applicable,"Other Object (Not Fixed)*, Collision With",1
 Damage & Injury Accident,13:21,12/13/2014,Saturday,Y,Daylight,GAINES,RIGHT ANGLE,ORLEANS,Straight and Level,Clear,Traffic Signal,Wet,Not Applicable,"Other Motor Vehicle, Collision With",2
 Damage Accident,11:14,01/26/2014,Sunday,Y,Daylight,SARATOGA SPRINGS,REAR END,SARATOGA,Curve and Level,Clear,Traffic Signal,Wet,Not Applicable,"Other Motor Vehicle, Collision With",2
 Damage Accident,14:30,08/12/2014,Tuesday,N,Daylight,ROTTERDAM,Unknown,SCHENECTADY,Straight and Level,Cloudy,Unknown,Wet,Not Applicable,"Other Motor Vehicle, Collision With",2
 Accident,22:41,03/17/2014,Monday,Y,Dark-Road Lighted,QUEENS,OVERTAKING,QUEENS,Straight and Level,Clear,None,Dry,Not Applicable,"Other Motor Vehicle, Collision With",2
 Damage Accident,7:02,03/11/2014,Tuesday,Y,Dawn,GENESEO,OTHER,LIVINGSTON,Curve and Grade,Cloudy,None,Dry,Not Applicable,Deer,1
 Damage Accident,0:00,04/16/2014,Wednesday,N,Unknown,LIVERPOOL,OTHER,ONONDAGA,Unknown,Unknown,Unknown,Unknown,Not Applicable,"Building/Wall, Collision With Fixed Object",1
 Damage & Injury Accident,14:20,08/29/2014,Friday,Y,Daylight,KINGS,REAR END,KINGS,Straight and Level,Clear,Stop Sign,Dry,Not Applicable,"Other Motor Vehicle, Collision With",2
 Damage Accident,12:00,10/10/2014,Friday,Y,Daylight,SYRACUSE,OTHER,ONONDAGA,Straight and Level,Clear,None,Dry,Not Applicable,"Other Object (Not Fixed)*, Collision With",1
 Damage Accident,15:45,02/21/2014,Friday,Y,Daylight,HEMPSTEAD,LEFT TURN (0),NASSAU,Straight and Level,Rain,Traffic Signal,Wet,Not Applicable,"Other Motor Vehicle, Collision With",2
 Accident,10:00,07/11/2014,Friday,N,Unknown,BRONX,Unknown,BRONX,Unknown,Unknown,Unknown,Unknown,Not Applicable,"Other Motor Vehicle, Collision With",2
 Damage & Injury Accident,9:07,02/06/2014,Thursday,Y,Daylight,NORTH GREENBUSH,OTHER,RENSSELAER,Curve and Level,Clear,None,Snow/Ice,Not Applicable,"Tree, Collision With Fixed Object",1
 Damage Accident,19:30,01/28/2014,Tuesday,N,Dark-Road Unlighted,CUBA,Unknown,ALLEGANY,Straight and Level,Other*,None,Snow/Ice,Not Applicable,"Other Motor Vehicle, Collision With",2
 Accident,14:55,03/06/2014,Thursday,Y,Daylight,BUFFALO,REAR END,ERIE,Straight and Level,Clear,Traffic Signal,Dry,Not Applicable,"Other Motor Vehicle, Collision With",2
 Accident,22:25,02/03/2014,Monday,Y,Dark-Road Lighted,BROOKHAVEN,HEAD ON,SUFFOLK,Straight and Level,Cloudy,None,Snow/Ice,Not Applicable,"Other Motor Vehicle, Collision With",2
 Damage Accident,16:50,06/04/2014,Wednesday,Y,Daylight,BABYLON,RIGHT ANGLE,SUFFOLK,Straight and Level,Cloudy,None,Dry,Not Applicable,"Other Motor Vehicle, Collision With",2
 Damage & Injury Accident,13:06,04/10/2014,Thursday,Y,Daylight,MOHAWK,OTHER,MONTGOMERY,Curve and Level,Clear,None,Dry,Not Applicable,"Earth Embankment/Rock Cut/Ditch, Collision With Fixed Object",1
 Damage Accident,20:50,07/29/2014,Tuesday,Y,Dark-Road Lighted,KINGS,OVERTAKING,KINGS,Straight and Level,Clear,None,Dry,Not Applicable,"Other Motor Vehicle, Collision With",2
 Damage & Injury Accident,7:29,09/23/2014,Tuesday,Y,Daylight,PERINTON,OTHER,MONROE,Straight and Level,Clear,Traffic Signal,Dry,Not Applicable,"Other Motor Vehicle, Collision With",4
 Damage Accident,16:40,08/05/2014,Tuesday,Y,Daylight,NEW YORK,REAR END,NEW YORK,Straight and Level,Clear,None,Dry,Not Applicable,"Other Motor Vehicle, Collision With",2
 Damage Accident,17:41,03/24/2014,Monday,Y,Daylight,TONAWANDA,REAR END,ERIE,Straight and Level,Clear,None,Dry,Not Applicable,"Other Motor Vehicle, Collision With",2
 Damage Accident,20:30,03/15/2014,Saturday,Y,Dark-Road Unlighted,SAUGERTIES,OTHER,ULSTER,Straight and Level,Clear,None,Dry,Not Applicable,Deer,1
 Damage & Injury Accident,22:30,12/11/2014,Thursday,Y,Dark-Road Lighted,QUEENS,OTHER,QUEENS,Straight and Level,Clear,Traffic Signal,Dry,Not Applicable,"Other Motor Vehicle, Collision With",3
 Damage & Injury Accident,17:20,05/07/2014,Wednesday,Y,Daylight,QUEENS,OTHER,QUEENS,Straight and Level,Clear,None,Dry,Not Applicable,"Other Motor Vehicle, Collision With",3
 Damage Accident,7:53,09/11/2014,Thursday,Y,Daylight,AMHERST,LEFT TURN (3),ERIE,Straight and Level,Cloudy,Stop Sign,Wet,Not Applicable,"Other Motor Vehicle, Collision With",2
 Damage Accident,9:55,12/10/2014,Wednesday,Y,Daylight,SOLVAY,REAR END,ONONDAGA,Straight and Grade,Snow,None,Snow/Ice,Not Applicable,"Other Motor Vehicle, Collision With",2
 Damage Accident,19:28,01/05/2014,Sunday,Y,Dark-Road Lighted,ALBANY,RIGHT ANGLE,ALBANY,Straight and Grade,Sleet/Hail/Freezing Rain,None,Snow/Ice,Not Applicable,"Other Motor Vehicle, Collision With",2
 Accident,20:45,07/12/2014,Saturday,Y,Dark-Road Lighted,QUEENS,LEFT TURN (0),QUEENS,Straight and Level,Clear,Traffic Signal,Dry,Not Applicable,"Other Motor Vehicle, Collision With",2
 Damage & Injury Accident,17:00,05/10/2014,Saturday,Y,Daylight,QUEENS,OTHER,QUEENS,Straight and Level,Cloudy,None,Dry,"Crossing, No Signal or Crosswalk","Pedestrian, Collision With",2
 Accident,17:41,08/19/2014,Tuesday,Y,Daylight,HEMPSTEAD,OTHER,NASSAU,Straight and Level,Clear,None,Dry,"Crossing, No Signal or Crosswalk","Pedestrian, Collision With",1
 Accident,14:30,05/04/2014,Sunday,Y,Daylight,QUEENS,OTHER,QUEENS,Straight and Level,Clear,None,Dry,Playing in Roadway,"Bicyclist, Collision With",1
 Damage & Injury Accident,7:15,09/27/2014,Saturday,Y,Daylight,SOMERS,OVERTAKING,WESTCHESTER,Straight and Grade,Clear,None,Dry,Not Applicable,"Other Motor Vehicle, Collision With",2
 Damage & Injury Accident,15:30,08/03/2014,Sunday,Y,Daylight,NORTH HEMPSTEAD,OTHER,NASSAU,Straight and Level,Cloudy,None,Dry,Not Applicable,"Other Motor Vehicle, Collision With",3
 Damage Accident,12:26,07/13/2014,Sunday,Y,Daylight,BALDWINSVILLE,REAR END,ONONDAGA,Straight and Level,Rain,Stop Sign,Wet,Not Applicable,"Other Motor Vehicle, Collision With",2
 Damage & Injury Accident,13:54,01/17/2014,Friday,Y,Daylight,LEWISTON,OTHER,NIAGARA,Straight and Level,Clear,Traffic Signal,Dry,Not Applicable,"Other Motor Vehicle, Collision With",3
 Damage Accident,7:30,01/17/2014,Friday,Y,Dawn,BAINBRIDGE,OVERTAKING,CHENANGO,Curve and Grade,Cloudy,Maintenance Work Area,Dry,Not Applicable,"Other Motor Vehicle, Collision With",2
 Accident,13:33,06/08/2014,Sunday,Y,Daylight,BRONX,OTHER,BRONX,Straight and Level,Clear,None,Dry,Riding/Walking/Skating Along Highway Against Traffic,"Bicyclist, Collision With",1
 Damage Accident,15:45,07/10/2014,Thursday,Y,Daylight,NEW CASTLE,REAR END,WESTCHESTER,Straight and Level,Clear,None,Dry,Not Applicable,"Other Motor Vehicle, Collision With",2
 Damage Accident,6:00,04/10/2014,Thursday,N,Unknown,REDFIELD,OTHER,OSWEGO,Unknown,Unknown,Unknown,Unknown,Not Applicable,Deer,1
 Damage Accident,18:04,06/24/2014,Tuesday,Y,Daylight,GUILDERLAND,REAR END,ALBANY,Straight and Level,Clear,None,Dry,Not Applicable,"Other Motor Vehicle, Collision With",2
 Accident,9:24,07/11/2014,Friday,Y,Daylight,MUTTONTOWN,OTHER,NASSAU,Straight and Level,Clear,None,Dry,Other Actions in Roadway,"Pedestrian, Collision With",1
 Accident,19:20,03/06/2014,Thursday,Y,Dark-Road Lighted,NEW YORK,OTHER,NEW YORK,Straight and Level,Clear,Unknown,Dry,"Crossing, No Signal or Crosswalk","Pedestrian, Collision With",1
 Damage Accident,16:15,01/04/2014,Saturday,N,Dusk,SARANAC,OTHER,CLINTON,Straight and Grade,Clear,None,Snow/Ice,Not Applicable,"Snow Embankment, Collision With Fixed Object",1
 Damage & Injury Accident,6:02,03/04/2014,Tuesday,Y,Daylight,HEMPSTEAD,HEAD ON,NASSAU,Straight and Level,Clear,Traffic Signal,Dry,Not Applicable,"Other Motor Vehicle, Collision With",2
 Damage Accident,22:18,11/03/2014,Monday,Y,Dark-Road Unlighted,LAFAYETTE,OTHER,ONONDAGA,Straight and Grade,Clear,None,Dry,Not Applicable,Deer,1
 Accident,13:50,12/24/2014,Wednesday,Y,Daylight,KINGS,OTHER,KINGS,Straight and Level,Rain,Traffic Signal,Wet,"Crossing, With Signal","Pedestrian, Collision With",1
 Damage Accident,19:42,12/22/2014,Monday,Y,Dark-Road Unlighted,CORTLANDT,OVERTAKING,WESTCHESTER,Straight and Level,Clear,Stop Sign,Dry,Not Applicable,"Other Motor Vehicle, Collision With",2
 Damage Accident,16:00,01/18/2014,Saturday,Y,Daylight,SAND LAKE,OTHER,RENSSELAER,Straight and Grade,Snow,No Passing Zone,Snow/Ice,Not Applicable,"Guide Rail - Not At End, Collision With Fixed Object",1
 Damage & Injury Accident,14:05,01/02/2014,Thursday,Y,Daylight,KINGS,RIGHT ANGLE,KINGS,Straight and Level,Cloudy,Traffic Signal,Dry,Not Applicable,"Other Motor Vehicle, Collision With",2
 Damage Accident,17:30,06/18/2014,Wednesday,N,Daylight,EAST FISHKILL,REAR END,DUTCHESS,Straight and Level,Clear,None,Dry,Not Applicable,"Other Motor Vehicle, Collision With",2
 Damage Accident,15:45,05/07/2014,Wednesday,Y,Daylight,LAKE SUCCESS,RIGHT TURN (6),NASSAU,Straight and Level,Cloudy,None,Dry,Not Applicable,"Other Motor Vehicle, Collision With",2
 Damage Accident,9:15,07/09/2014,Wednesday,N,Dusk,PARISHVILLE,OTHER,ST. LAWRENCE,Curve and Level,Cloudy,Unknown,Dry,Not Applicable,Deer,1
 Accident,9:10,10/16/2014,Thursday,Y,Daylight,BRONX,RIGHT ANGLE,BRONX,Straight and Level,Rain,Traffic Signal,Wet,Not Applicable,"Other Motor Vehicle, Collision With",2
 Accident,16:34,07/07/2014,Monday,Y,Daylight,BRONX,OTHER,BRONX,Straight and Level,Clear,Unknown,Dry,Riding/Walking/Skating Along Highway With Traffic,"Bicyclist, Collision With",1
 Damage Accident,21:15,11/02/2014,Sunday,Y,Dark-Road Unlighted,NEW ALBION,OTHER,CATTARAUGUS,Straight and Level,Clear,None,Dry,Not Applicable,Deer,1
 Accident,8:01,07/31/2014,Thursday,Y,Dawn,ISLIP,REAR END,SUFFOLK,Straight and Level,Clear,Traffic Signal,Dry,Not Applicable,"Other Motor Vehicle, Collision With",2
 Damage Accident,10:00,03/13/2014,Thursday,Y,Daylight,ROCHESTER,OVERTAKING,MONROE,Straight and Level,Clear,None,Snow/Ice,Not Applicable,"Other Motor Vehicle, Collision With",2
 Damage Accident,17:20,04/03/2014,Thursday,Y,Daylight,WILLISTON PARK,REAR END,NASSAU,Straight and Level,Clear,Traffic Signal,Dry,Not Applicable,"Other Motor Vehicle, Collision With",2
 Damage Accident,16:05,03/15/2014,Saturday,Y,Daylight,KINGS,REAR END,KINGS,Straight and Level,Clear,None,Dry,Not Applicable,"Other Motor Vehicle, Collision With",2
 Damage Accident,18:02,05/16/2014,Friday,Y,Daylight,POUGHKEEPSIE,RIGHT ANGLE,DUTCHESS,Straight and Level,Rain,None,Wet,Not Applicable,"Other Motor Vehicle, Collision With",2
 Damage Accident,23:00,10/12/2014,Sunday,N,Dark-Road Unlighted,CONCORD,OTHER,ERIE,Straight and Grade,Clear,None,Dry,Not Applicable,Deer,1
 Accident,10:45,08/27/2014,Wednesday,Y,Daylight,QUEENS,REAR END,QUEENS,Straight and Level,Clear,None,Dry,Not Applicable,"Other Motor Vehicle, Collision With",2