 Descriptor,Time,Date,Day of Week,Police Report,Lighting Conditions,Municipality,Collision Type Descriptor,County Name,Road Descriptor,Weather Conditions,Traffic Control Device,Road Surface Conditions,Pedestrian Bicyclist Action,Event Descriptor,Number of Vehicles Involved
 Damage Accident,14:50,01/25/2014,Saturday,Y,Daylight,AMHERST,RIGHT ANGLE,ERIE,Straight and Level,Snow,None,Snow/Ice,Not Applicable,"Other Motor Vehicle, Collision With",2
 Damage Accident,0:55,01/26/2014,Sunday,Y,Dark-Road Lighted,KINGS,RIGHT ANGLE,KINGS,Straight and Level,Clear,Stop Sign,Slush,Not Applicable,"Other Motor Vehicle, Collision With",2
 Damage & Injury Accident,10:22,03/29/2014,Saturday,Y,Daylight,LE RAY,HEAD ON,JEFFERSON,Straight and Level,Cloudy,Traffic Signal,Dry,Not Applicable,"Other Motor Vehicle, Collision With",2
 Damage Accident,8:30,05/17/2014,Saturday,N,Unknown,PARMA,OTHER,MONROE,Unknown,Unknown,Unknown,Unknown,Not Applicable,Deer,1
 Damage Accident,12:30,04/02/2014,Wednesday,Y,Daylight,NEW YORK,REAR END,NEW YORK,Straight and Level,Cloudy,None,Dry,Not Applicable,"Other Motor Vehicle, Collision With",2
 Damage & Injury Accident,14:47,12/23/2014,Tuesday,Y,Daylight,HEMPSTEAD,RIGHT ANGLE,NASSAU,Straight and Level,Rain,Stop Sign,Wet,Not Applicable,"Other Motor Vehicle, Collision With",2
 Accident,18:20,11/02/2014,Sunday,Y,Dawn,RICHMOND,OTHER,RICHMOND,Straight and Level,Clear,None,Dry,Not Applicable,"Sign Post, Collision With Fixed Object",1
 Damage Accident,12:33,02/02/2014,Sunday,Y,Daylight,CHILI,OTHER,MONROE,Straight and Level,Cloudy,None,Snow/Ice,Not Applicable,Deer,1
 Damage & Injury Accident,6:40,09/22/2014,Monday,Y,Dawn,CORTLANDT,OTHER,WESTCHESTER,Curve and Grade,Clear,None,Dry,Not Applicable,"Other Fixed Object*, Collision With Fixed Object",1
 Damage Accident,5:38,06/02/2014,Monday,Y,Daylight,BATAVIA,REAR END,GENESEE,Straight and Grade,Clear,No Passing Zone,Dry,Not Applicable,"Other Motor Vehicle, Collision With",2
 Damage Accident,7:15,04/08/2014,Tuesday,N,Daylight,QUEENS,Unknown,QUEENS,Straight and Level,Rain,None,Wet,Not Applicable,"Other Motor Vehicle, Collision With",2
 Damage Accident,18:40,11/13/2014,Thursday,Y,Dark-Road Lighted,NIAGARA,OTHER,NIAGARA,Straight and Level,Snow,None,Snow/Ice,Not Applicable,"Guide Rail - Not At End, Collision With Fixed Object",1
 Damage Accident,11:45,08/05/2014,Tuesday,Y,Daylight,EAST FISHKILL,OTHER,DUTCHESS,Curve and Level,Clear,No Passing Zone,Dry,Not Applicable,"Other Fixed Object*, Collision With Fixed Object",1
 Accident,20:45,07/04/2014,Friday,Y,Dusk,KINGS,RIGHT ANGLE,KINGS,Straight and Level,Clear,Traffic Signal,Dry,Not Applicable,"Other Motor Vehicle, Collision With",2
 Damage & Injury Accident,10:50,05/21/2014,Wednesday,Y,Daylight,ORANGETOWN,RIGHT ANGLE,ROCKLAND,Curve and Grade,Clear,None,Dry,Not Applicable,"Other Motor Vehicle, Collision With",2
 Accident,14:49,03/29/2014,Saturday,Y,Daylight,HEMPSTEAD,RIGHT TURN (5),NASSAU,Curve and Level,Rain,Traffic Signal,Wet,Not Applicable,"Other Motor Vehicle, Collision With",2
 Damage & Injury Accident,14:25,08/04/2014,Monday,Y,Daylight,HAMBURG,OTHER,ERIE,Straight and Level,Clear,None,Dry,Not Applicable,"Other Motor Vehicle, Collision With",3
 Damage Accident,8:31,11/07/2014,Friday,Y,Daylight,WEBSTER,OTHER,MONROE,Straight and Grade,Rain,None,Wet,Not Applicable,"Ran Off Roadway Only, Non-Collision",1
 Damage & Injury Accident,14:41,01/25/2014,Saturday,Y,Unknown,BROOKHAVEN,REAR END,SUFFOLK,Unknown,Unknown,Unknown,Unknown,Not Applicable,"Other Motor Vehicle, Collision With",2
 Accident,11:54,10/06/2014,Monday,N,Unknown,KINGS,Unknown,KINGS,Unknown,Unknown,Unknown,Unknown,Not Applicable,"Other Motor Vehicle, Collision With",2
 Damage & Injury Accident,11:01,06/04/2014,Wednesday,Y,Daylight,PATCHOGUE,OTHER,SUFFOLK,Straight and Level,Cloudy,None,Wet,Not Applicable,"Other Motor Vehicle, Collision With",4
 Accident,6:34,06/21/2014,Saturday,Y,Daylight,RICHMOND,OTHER,ONTARIO,Straight and Level,Clear,None,Dry,Not Applicable,"Guide Rail - Not At End, Collision With Fixed Object",1
 Damage Accident,0:00,01/26/2014,Sunday,N,Dark-Road Unlighted,SOUTHAMPTON,OTHER,SUFFOLK,Straight and Level,Fog/Smog/Smoke,None,Dry,Not Applicable,Deer,1
 Damage Accident,7:40,06/13/2014,Friday,Y,Daylight,HEMPSTEAD,REAR END,NASSAU,Straight and Level,Rain,None,Wet,Not Applicable,"Other Motor Vehicle, Collision With",2
 Damage Accident,7:54,11/03/2014,Monday,Y,Daylight,WESTBURY,REAR END,NASSAU,Straight and Level,Clear,None,Dry,Not Applicable,"Other Motor Vehicle, Collision With",2
 Accident,5:00,07/11/2014,Friday,Y,Dark-Road Lighted,NEW YORK,OTHER,NEW YORK,Straight and Level,Clear,Traffic Signal,Dry,"Crossing, With Signal","Pedestrian, Collision With",1
 Damage & Injury Accident,15:40,10/05/2014,Sunday,Y,Daylight,MASSAPEQUA PARK,RIGHT ANGLE,NASSAU,Straight and Level,Clear,Stop Sign,Dry,Not Applicable,"Other Motor Vehicle, Collision With",2
 Accident,19:20,05/03/2014,Saturday,Y,Daylight,KINGS,OTHER,KINGS,Straight and Level,Rain,None,Wet,"Crossing, Against Signal","Pedestrian, Collision With",1
 Damage Accident,20:00,01/13/2014,Monday,Y,Dark-Road Lighted,CEDARHURST,RIGHT ANGLE,NASSAU,Curve and Level,Cloudy,Traffic Signal,Dry,Not Applicable,"Other Motor Vehicle, Collision With",2
 Damage Accident,18:20,06/21/2014,Saturday,Y,Daylight,BROOKHAVEN,REAR END,SUFFOLK,Straight and Level,Cloudy,None,Dry,Not Applicable,"Other Motor Vehicle, Collision With",2
 Damage Accident,17:47,02/13/2014,Thursday,Y,Dark-Road Lighted,SCOTT,HEAD ON,CORTLAND,Straight and Level,Snow,Stop Sign,Snow/Ice,Not Applicable,"Other Motor Vehicle, Collision With",2
 Accident,12:37,04/16/2014,Wednesday,Y,Daylight,HERKIMER,OTHER,HERKIMER,Straight and Level,Clear,Traffic Signal,Dry,"Crossing, No Signal, Marked Crosswalk","Pedestrian, Collision With",1
 Damage & Injury Accident,15:06,01/28/2014,Tuesday,Y,Daylight,BRUNSWICK,Unknown,RENSSELAER,Straight and Level,Clear,None,Dry,Not Applicable,"Other Motor Vehicle, Collision With",2
 Damage Accident,18:18,06/09/2014,Monday,Y,Daylight,SENNETT,OTHER,CAYUGA,Straight and Grade,Cloudy,No Passing Zone,Dry,Not Applicable,Deer,1
 Damage & Injury Accident,17:27,11/05/2014,Wednesday,Y,Dark-Road Lighted,BROADALBIN,OTHER,FULTON,Straight and Level,Clear,Stop Sign,Dry,Not Applicable,"Other Motor Vehicle, Collision With",3
 Damage Accident,7:40,01/24/2014,Friday,Y,Daylight,ISLIP,OTHER,SUFFOLK,Straight and Level,Clear,Traffic Signal,Snow/Ice,Not Applicable,"Other Motor Vehicle, Collision With",3
 Damage & Injury Accident,14:45,07/17/2014,Thursday,Y,Daylight,ALBANY,LEFT TURN (0),ALBANY,Straight and Level,Cloudy,Traffic Signal,Dry,Not Applicable,"Other Motor Vehicle, Collision With",2
 Damage Accident,8:00,03/15/2014,Saturday,N,Unknown,STARK,OTHER,HERKIMER,Unknown,Unknown,Unknown,Unknown,Not Applicable,"Other Fixed Object*, Collision With Fixed Object",1
 Damage Accident,13:08,11/30/2014,Sunday,Y,Daylight,ALBANY,OTHER,ALBANY,Straight and Grade,Cloudy,None,Dry,Not Applicable,"Other Motor Vehicle, Collision With",3
 Damage Accident,8:57,12/19/2014,Friday,Y,Daylight,CRAWFORD,OVERTAKING,ORANGE,Straight and Level,Clear,None,Dry,Not Applicable,"Other Motor Vehicle, Collision With",2
 Damage Accident,19:23,10/23/2014,Thursday,Y,Dark-Road Unlighted,NORFOLK,OTHER,ST. LAWRENCE,Straight and Level,Rain,None,Wet,Not Applicable,Deer,1
 Damage & Injury Accident,11:00,07/07/2014,Monday,Y,Daylight,KINGS,RIGHT ANGLE,KINGS,Straight and Level,Unknown,Traffic Signal,Dry,Not Applicable,"Other Motor Vehicle, Collision With",2
 Accident,12:42,09/22/2014,Monday,Y,Daylight,QUEENS,OTHER,QUEENS,Straight and Level,Clear,None,Dry,"Crossing, With Signal","Pedestrian, Collision With",1
 Damage & Injury Accident,10:03,07/29/2014,Tuesday,Y,Daylight,AMHERST,OTHER,ERIE,Straight and Level,Cloudy,RR Crossing Gates,Dry,Not Applicable,"Curbing, Collision With Fixed Object",1
 Damage Accident,13:42,07/04/2014,Friday,Y,Daylight,GREENVILLE,REAR END,ORANGE,Straight and Grade,Cloudy,Construction Work Area,Dry,Not Applicable,"Other Motor Vehicle, Collision With",2
 Damage Accident,18:17,06/27/2014,Friday,Y,Daylight,OYSTER BAY,OVERTAKING,NASSAU,Straight and Level,Clear,Traffic Signal,Dry,Not Applicable,"Other Motor Vehicle, Collision With",2
 Damage & Injury Accident,7:45,06/05/2014,Thursday,Y,Daylight,BRONX,REAR END,BRONX,Straight and Level,Rain,None,Wet,Not Applicable,"Other Motor Vehicle, Collision With",2
 Damage Accident,20:30,09/13/2014,Saturday,Y,Dark-Road Lighted,BROOKHAVEN,OTHER,SUFFOLK,Straight and Level,Rain,None,Wet,Not Applicable,"Other Motor Vehicle, Collision With",5
 Damage Accident,13:00,10/11/2014,Saturday,Y,Daylight,QUEENS,REAR END,QUEENS,Straight and Level,Cloudy,None,Wet,Not Applicable,"Other Motor Vehicle, Collision With",2
 Damage Accident,14:45,10/04/2014,Saturday,N,Unknown,SMITHTOWN,Unknown,SUFFOLK,Unknown,Unknown,Unknown,Unknown,Not Applicable,"Other Motor Vehicle, Collision With",2
 Damage Accident,17:15,11/07/2014,Friday,Y,Dark-Road Unlighted,GREENVILLE,OTHER,ORANGE,Straight and Grade,Cloudy,No Passing Zone,Wet,Not Applicable,"Earth Embankment/Rock Cut/Ditch, Collision With Fixed Object",1
 Damage & Injury Accident,14:59,10/23/2014,Thursday,Y,Daylight,MALONE,LEFT TURN (3),FRANKLIN,Straight and Level,Rain,Traffic Signal,Wet,Not Applicable,"Other Motor Vehicle, Collision With",2
 Damage Accident,0:35,02/15/2014,Saturday,Y,Dark-Road Lighted,WESTBURY,RIGHT ANGLE,NASSAU,Straight and Level,Clear,None,Dry,Not Applicable,"Other Motor Vehicle, Collision With",2
 Damage & Injury Accident,9:00,02/10/2014,Monday,Y,Daylight,BABYLON,RIGHT ANGLE,SUFFOLK,Straight and Level,Clear,Stop Sign,Snow/Ice,Not Applicable,"Other Motor Vehicle, Collision With",2
 Damage Accident,18:42,12/17/2014,Wednesday,Y,Dark-Road Lighted,NEW YORK,OTHER,NEW YORK,Straight and Level,Cloudy,None,Dry,Not Applicable,"Other Motor Vehicle, Collision With",3
 Damage Accident,6:18,02/04/2014,Tuesday,Y,Dawn,BROOKHAVEN,REAR END,SUFFOLK,Straight and Level,Cloudy,None,Wet,Not Applicable,"Other Motor Vehicle, Collision With",2
 Damage & Injury Accident,2:06,11/01/2014,Saturday,Y,Dark-Road Lighted,BRONX,OVERTAKING,BRONX,Straight and Grade,Cloudy,Traffic Signal,Wet,Not Applicable,"Other Motor Vehicle, Collision With",2
 Accident,19:10,08/14/2014,Thursday,Y,Daylight,QUEENS,RIGHT ANGLE,QUEENS,Straight and Level,Clear,Stop Sign,Dry,Not Applicable,"Other Motor Vehicle, Collision With",2
 Damage Accident,23:45,10/16/2014,Thursday,Y,Dark-Road Unlighted,NEWBURGH,OTHER,ORANGE,Straight and Level,Clear,None,Dry,Not Applicable,Deer,1
 Damage Accident,6:40,11/14/2014,Friday,Y,Dawn,MARSHALL,OTHER,ONEIDA,Straight and Level,Snow,None,Snow/Ice,Not Applicable,Deer,1
 Damage Accident,9:55,11/17/2014,Monday,Y,Daylight,BOSTON,RIGHT ANGLE,ERIE,Straight and Level,Snow,None,Slush,Not Applicable,"Other Motor Vehicle, Collision With",2
 Damage Accident,10:22,01/08/2014,Wednesday,Y,Daylight,WATERTOWN,RIGHT ANGLE,JEFFERSON,Straight and Level,Snow,Traffic Signal,Snow/Ice,Not Applicable,"Other Motor Vehicle, Collision With",2
 Accident,13:00,03/24/2014,Monday,N,Unknown,QUEENS,Unknown,QUEENS,Unknown,Unknown,Unknown,Unknown,Not Applicable,"Other Motor Vehicle, Collision With",2
 Accident,11:38,08/05/2014,Tuesday,Y,Daylight,ROCHESTER,REAR END,MONROE,Straight and Level,Cloudy,Traffic Signal,Dry,Not Applicable,"Other Motor Vehicle, Collision With",2
 Damage Accident,9:21,08/01/2014,Friday,Y,Daylight,GREECE,REAR END,MONROE,Straight and Level,Clear,None,Dry,Not Applicable,"Other Motor Vehicle, Collision With",2
 Damage Accident,14:22,11/01/2014,Saturday,Y,Daylight,COLONIE,RIGHT ANGLE,ALBANY,Straight and Level,Cloudy,None,Dry,Not Applicable,"Other Motor Vehicle, Collision With",2
 Accident,17:30,10/26/2014,Sunday,N,Unknown,QUEENS,Unknown,QUEENS,Unknown,Unknown,Unknown,Unknown,Not Applicable,"Other Motor Vehicle, Collision With",2
 Accident,19:20,02/17/2014,Monday,Y,Dark-Road Lighted,KINGS,Unknown,KINGS,Straight and Level,Clear,None,Dry,Not Applicable,"Other Motor Vehicle, Collision With",2
 Damage & Injury Accident,14:20,06/14/2014,Saturday,Y,Daylight,MONROE,RIGHT ANGLE,ORANGE,Straight and Level,Clear,Stop Sign,Dry,Not Applicable,"Other Motor Vehicle, Collision With",2
 Damage Accident,15:04,10/13/2014,Monday,Y,Daylight,WESTBURY,OVERTAKING,NASSAU,Straight and Grade,Clear,None,Dry,Not Applicable,"Other Motor Vehicle, Collision With",2
 Damage Accident,0:00,05/28/2014,Wednesday,N,Unknown,NEW YORK,OTHER,NEW YORK,Unknown,Unknown,Unknown,Unknown,Not Applicable,"Light Support/Utility Pole, Collision With Fixed Object",1
 Damage Accident,17:45,02/07/2014,Friday,Y,Dark-Road Unlighted,PORT CHESTER,OVERTAKING,WESTCHESTER,Straight and Level,Clear,None,Dry,Not Applicable,"Other Motor Vehicle, Collision With",2
 Damage & Injury Accident,7:00,11/10/2014,Monday,Y,Daylight,SMITHTOWN,RIGHT TURN (6),SUFFOLK,Curve and Level,Clear,Stop Sign,Dry,Not Applicable,"Other Motor Vehicle, Collision With",2
 Damage & Injury Accident,13:50,02/14/2014,Friday,N,Daylight,QUEENS,REAR END,QUEENS,Straight and Level,Clear,None,Wet,Not Applicable,"Other Motor Vehicle, Collision With",2
 Damage Accident,8:58,08/18/2014,Monday,Y,Daylight,IRONDEQUOIT,REAR END,MONROE,Straight and Level,Clear,Traffic Signal,Dry,Not Applicable,"Other Motor Vehicle, Collision With",2
 Damage & Injury Accident,11:40,02/26/2014,Wednesday,Y,Daylight,DE RUYTER,OTHER,MADISON,Straight and Grade,Cloudy,No Passing Zone,Snow/Ice,Not Applicable,"Snow Embankment, Collision With Fixed Object",1
 Damage & Injury Accident,20:24,09/10/2014,Wednesday,Y,Dusk,NORTH SYRACUSE,LEFT TURN (0),ONONDAGA,Straight and Level,Clear,Traffic Signal,Dry,Not Applicable,"Other Motor Vehicle, Collision With",2
 Damage Accident,10:48,09/12/2014,Friday,Y,Daylight,BRONX,OTHER,BRONX,Straight and Level,Clear,None,Dry,Not Applicable,"Bridge Structure, Collision With Fixed Object",1
 Accident,14:00,08/01/2014,Friday,Y,Daylight,KINGS,REAR END,KINGS,Straight and Level,Clear,Traffic Signal,Dry,Not Applicable,"Other Motor Vehicle, Collision With",2
 Damage Accident,17:44,01/09/2014,Thursday,Y,Dark-Road Lighted,NEW WINDSOR,OTHER,ORANGE,Straight and Level,Clear,None,Dry,Not Applicable,"Building/Wall, Collision With Fixed Object",1
 Damage Accident,23:50,10/10/2014,Friday,Y,Dark-Road Lighted,DEWITT,OTHER,ONONDAGA,Curve and Level,Cloudy,None,Dry,Not Applicable,"Animal, Collision With",1
 Damage Accident,5:14,10/24/2014,Friday,Y,Dark-Road Unlighted,GREENWICH,OTHER,WASHINGTON,Straight and Level,Rain,No Passing Zone,Wet,Not Applicable,"Tree, Collision With Fixed Object",1
 Damage & Injury Accident,9:22,09/03/2014,Wednesday,Y,Daylight,CLARKSTOWN,RIGHT ANGLE,ROCKLAND,Straight and Grade,Clear,Stop Sign,Dry,Not Applicable,"Other Motor Vehicle, Collision With",2
 Accident,20:51,10/11/2014,Saturday,Y,Dark-Road Lighted,NISKAYUNA,RIGHT ANGLE,SCHENECTADY,Straight and Grade,Clear,None,Dry,Not Applicable,"Other Motor Vehicle, Collision With",2
 Damage Accident,23:00,02/12/2014,Wednesday,N,Unknown,KINGS,Unknown,KINGS,Unknown,Unknown,Unknown,Unknown,Not Applicable,"Other Motor Vehicle, Collision With",2
 Damage & Injury Accident,13:50,06/20/2014,Friday,Y,Daylight,BRONX,REAR END,BRONX,Straight and Level,Clear,Stop Sign,Dry,Not Applicable,"Other Motor Vehicle, Collision With",2
 Damage Accident,15:20,03/07/2014,Friday,Y,Daylight,SCARSDALE,REAR END,WESTCHESTER,Straight and Grade,Clear,None,Dry,Not Applicable,"Other Motor Vehicle, Collision With",2
 Damage Accident,6:05,11/11/2014,Tuesday,Y,Dawn,YORKTOWN,REAR END,WESTCHESTER,Straight and Grade,Clear,None,Dry,Not Applicable,"Other Motor Vehicle, Collision With",2
 Accident,15:04,03/14/2014,Friday,Y,Daylight,ALBANY,OTHER,ALBANY,Straight and Level,Clear,Traffic Signal,Wet,"Crossing, With Signal","Pedestrian, Collision With",1
 Damage & Injury Accident,8:38,02/06/2014,Thursday,Y,Daylight,CANANDAIGUA,OTHER,ONTARIO,Straight and Grade,Clear,No Passing Zone,Snow/Ice,Not Applicable,"Earth Embankment/Rock Cut/Ditch, Collision With Fixed Object",1
 Damage Accident,18:15,02/04/2014,Tuesday,Y,Dark-Road Lighted,OYSTER BAY,OVERTAKING,NASSAU,Straight and Level,Cloudy,None,Dry,Not Applicable,"Other Motor Vehicle, Collision With",2
 Accident,21:12,10/15/2014,Wednesday,Y,Dark-Road Lighted,GLEN COVE,OTHER,NASSAU,Straight and Level,Rain,Traffic Signal,Wet,"Crossing, With Signal","Pedestrian, Collision With",1
 Accident,9:58,10/07/2014,Tuesday,Y,Daylight,QUEENS,OTHER,QUEENS,Straight and Level,Clear,None,Dry,"Crossing, No Signal, Marked Crosswalk","Bicyclist, Collision With",1
 Damage & Injury Accident,9:45,01/06/2014,Monday,Y,Daylight,HEMPSTEAD,RIGHT ANGLE,NASSAU,Straight and Level,Rain,Stop Sign,Wet,Not Applicable,"Other Motor Vehicle, Collision With",2
 Damage & Injury Accident,15:55,02/06/2014,Thursday,Y,Daylight,FALLSBURGH,LEFT TURN (3),SULLIVAN,Straight and Grade,Clear,Flashing Light,Dry,Not Applicable,"Other Motor Vehicle, Collision With",2
 Damage Accident,13:07,07/14/2014,Monday,Y,Daylight,HEMPSTEAD,RIGHT ANGLE,NASSAU,Straight and Level,Cloudy,None,Dry,Not Applicable,"Other Motor Vehicle, Collision With",2
 Accident,9:50,01/15/2014,Wednesday,Y,Daylight,HEMPSTEAD,Unknown,NASSAU,Straight and Level,Cloudy,Stop Sign,Wet,Not Applicable,"Other Motor Vehicle, Collision With",2
 Damage & Injury Accident,16:49,04/28/2014,Monday,Y,Daylight,ONONDAGA,OTHER,ONONDAGA,Straight and Level,Clear,None,Dry,Not Applicable,"Tree, Collision With Fixed Object",1
 Damage Accident,17:15,08/07/2014,Thursday,Y,Daylight,BRONX,REAR END,BRONX,Straight and Level,Clear,None,Dry,Not Applicable,"Other Motor Vehicle, Collision With",2
 Accident,8:20,02/24/2014,Monday,Y,Daylight,ISLANDIA,OTHER,SUFFOLK,Straight and Level,Clear,Unknown,Dry,Not Applicable,"Other Motor Vehicle, Collision With",3
 Damage Accident,16:38,07/31/2014,Thursday,Y,Daylight,STOCKTON,OTHER,CHAUTAUQUA,Straight and Level,Clear,None,Dry,Not Applicable,Deer,1
 Damage Accident,11:37,05/26/2014,Monday,N,Daylight,CLARENCE,Unknown,ERIE,Straight and Level,Cloudy,Traffic Signal,Dry,Not Applicable,"Other Motor Vehicle, Collision With",2
 Damage Accident,12:20,04/07/2014,Monday,N,Daylight,NEW YORK,SIDESWIPE,NEW YORK,Straight and Level,Cloudy,Other,Dry,Not Applicable,"Other Motor Vehicle, Collision With",2
 Damage Accident,17:25,01/18/2014,Saturday,Y,Dark-Road Lighted,EAST GREENBUSH,RIGHT ANGLE,RENSSELAER,Straight and Level,Snow,None,Snow/Ice,Not Applicable,"Other Motor Vehicle, Collision With",2
 Damage Accident,7:40,02/16/2014,Sunday,Y,Daylight,BROOKHAVEN,HEAD ON,SUFFOLK,Curve and Level,Clear,None,Snow/Ice,Not Applicable,"Other Motor Vehicle, Collision With",2
 Accident,10:00,11/21/2014,Friday,Y,Daylight,KINGS,RIGHT TURN (5),KINGS,Straight and Level,Clear,Traffic Signal,Dry,Not Applicable,"Other Motor Vehicle, Collision With",2
 Damage Accident,14:33,07/27/2014,Sunday,Y,Daylight,NORTH HEMPSTEAD,REAR END,NASSAU,Straight and Level,Cloudy,None,Dry,Not Applicable,"Other Motor Vehicle, Collision With",2
 Accident,23:40,12/10/2014,Wednesday,Y,Dark-Road Lighted,BUFFALO,OTHER,ERIE,Straight and Level,Snow,Traffic Signal,Snow/Ice,Not Applicable,"Light Support/Utility Pole, Collision With Fixed Object",1
 Damage Accident,19:20,06/16/2014,Monday,Y,Daylight,SOMERS,REAR END,WESTCHESTER,Straight and Level,Clear,No Passing Zone,Dry,Not Applicable,"Other Motor Vehicle, Collision With",2
 Damage Accident,8:21,12/23/2014,Tuesday,Y,Daylight,CARMEL,OTHER,PUTNAM,Straight and Level,Rain,No Passing Zone,Wet,Not Applicable,Deer,1
 Damage Accident,10:25,06/24/2014,Tuesday,Y,Daylight,ROCHESTER,OTHER,MONROE,Straight and Grade,Cloudy,None,Dry,Not Applicable,"Bridge Structure, Collision With Fixed Object",1
 Damage & Injury Accident,10:30,03/30/2014,Sunday,Y,Daylight,KINGS,OTHER,KINGS,Straight and Level,Rain,Traffic Signal,Wet,Riding/Walking/Skating Along Highway Against Traffic,"Bicyclist, Collision With",1
 Damage Accident,15:25,06/18/2014,Wednesday,Y,Daylight,GOSHEN,REAR END,ORANGE,Straight and Level,Clear,Traffic Signal,Dry,Not Applicable,"Other Motor Vehicle, Collision With",2
 Damage Accident,17:15,12/17/2014,Wednesday,Y,Dark-Road Lighted,HUNTINGTON,LEFT TURN (3),SUFFOLK,Straight and Grade,Clear,Stop Sign,Dry,Not Applicable,"Other Motor Vehicle, Collision With",2
 Damage Accident,18:41,10/10/2014,Friday,Y,Dark-Road Unlighted,SOUTHOLD,OTHER,SUFFOLK,Straight and Level,Clear,None,Dry,Not Applicable,Deer,1
 Damage Accident,20:45,08/03/2014,Sunday,Y,Dark-Road Lighted,BABYLON,OTHER,SUFFOLK,Straight and Level,Clear,None,Dry,Not Applicable,"Light Support/Utility Pole, Collision With Fixed Object",1
 Damage Accident,23:20,02/14/2014,Friday,Y,Dark-Road Unlighted,HANOVER,OTHER,CHAUTAUQUA,Straight and Level,Cloudy,None,Snow/Ice,Not Applicable,Deer,1
 Accident,13:30,03/24/2014,Monday,Y,Daylight,NEW YORK,OTHER,NEW YORK,Straight and Level,Clear,Traffic Signal,Dry,"Crossing, With Signal","Pedestrian, Collision With",1
 Damage & Injury Accident,14:12,05/02/2014,Friday,Y,Daylight,WEST SENECA,OTHER,ERIE,Curve at Hill Crest,Cloudy,None,Dry,Not Applicable,"Guide Rail - Not At End, Collision With Fixed Object",1
 Damage Accident,11:30,10/04/2014,Saturday,Y,Daylight,MT. MORRIS,OTHER,LIVINGSTON,Straight and Level,Clear,None,Dry,Not Applicable,"Other Fixed Object*, Collision With Fixed Object",1
 Accident,12:22,06/20/2014,Friday,Y,Daylight,KINGS,REAR END,KINGS,Straight and Level,Clear,Stop Sign,Dry,Not Applicable,"Other Motor Vehicle, Collision With",2
 Damage Accident,0:42,10/17/2014,Friday,Y,Dark-Road Lighted,HUNTINGTON,OVERTAKING,SUFFOLK,Straight and Level,Cloudy,None,Dry,Not Applicable,"Other Motor Vehicle, Collision With",2
 Damage Accident,5:05,05/06/2014,Tuesday,Y,Dark-Road Unlighted,BROOKHAVEN,OTHER,SUFFOLK,Straight and Level,Clear,None,Dry,Not Applicable,Deer,1
 Damage Accident,0:00,01/12/2014,Sunday,N,Unknown,HARRISVILLE,OTHER,LEWIS,Unknown,Unknown,Unknown,Unknown,Not Applicable,"Tree, Collision With Fixed Object",1
 Damage Accident,17:27,08/21/2014,Thursday,Y,Daylight,JOHNSON CITY,REAR END,BROOME,Straight and Level,Cloudy,None,Wet,Not Applicable,"Other Motor Vehicle, Collision With",2
 Damage & Injury Accident,6:10,06/18/2014,Wednesday,Y,Daylight,HEMPSTEAD,OTHER,NASSAU,Straight and Level,Cloudy,Traffic Signal,Dry,Riding/Walking/Skating Along Highway Against Traffic,Other Pedestrian,1
 Damage Accident,15:42,09/28/2014,Sunday,Y,Daylight,RIVERHEAD,REAR END,SUFFOLK,Straight and Level,Clear,None,Dry,Not Applicable,"Other Motor Vehicle, Collision With",2
 Damage Accident,8:50,08/15/2014,Friday,N,Daylight,QUEENS,OVERTAKING,QUEENS,Straight and Level,Clear,Unknown,Dry,Not Applicable,"Other Motor Vehicle, Collision With",2
 Damage Accident,0:00,03/21/2014,Friday,N,Unknown,CARMEL,LEFT TURN (3),PUTNAM,Unknown,Unknown,Unknown,Unknown,Not Applicable,"Other Motor Vehicle, Collision With",2
 Damage & Injury Accident,18:06,10/22/2014,Wednesday,Y,Dark-Road Lighted,HEMPSTEAD,OTHER,NASSAU,Straight and Level,Rain,None,Wet,Not Applicable,"Other Motor Vehicle, Collision With",2
 Damage Accident,12:47,11/13/2014,Thursday,Y,Daylight,GARDEN CITY,REAR END,NASSAU,Straight and Level,Clear,None,Dry,Not Applicable,"Other Motor Vehicle, Collision With",2
 Damage Accident,15:35,10/03/2014,Friday,Y,Daylight,BUFFALO,Unknown,ERIE,Straight and Level,Rain,None,Wet,Not Applicable,"Other Motor Vehicle, Collision With",2
 Damage & Injury Accident,5:30,06/29/2014,Sunday,Y,Daylight,QUEENS,REAR END,QUEENS,Straight and Level,Clear,Traffic Signal,Dry,Not Applicable,"Other Motor Vehicle, Collision With",2
 Damage & Injury Accident,17:50,06/27/2014,Friday,Y,Daylight,OYSTER BAY,RIGHT ANGLE,NASSAU,Straight and Level,Clear,Stop Sign,Dry,Not Applicable,"Other Motor Vehicle, Collision With",2
 Damage Accident,12:36,01/01/2014,Wednesday,Y,Daylight,LAKE GEORGE,LEFT TURN (3),WARREN,Straight and Level,Cloudy,Traffic Signal,Dry,Not Applicable,"Other Motor Vehicle, Collision With",2
 Damage Accident,16:00,11/21/2014,Friday,N,Daylight,BRIGHTON,REAR END,MONROE,Straight and Level,Cloudy,Traffic Signal,Dry,Not Applicable,"Other Motor Vehicle, Collision With",2